t,x,y,z,yaw,u,v,w,r
0.0,-7.653877531765829e-12,4.999999999982345,-0.2000000000006681,-4.899192163065891e-12,1.9098472803236177e-12,-6.314393452555578e-15,-1.473265953677583e-13,-2.2074009287109677e-13
0.01,4.819391960101435e-06,5.000003715101715,-0.20000100829998493,0.00022674367427223777,0.0009646140888464991,0.0007418789141339561,-0.00020158315501159153,0.045233284831872084
0.02,1.9300050869590656e-05,5.000014824543981,-0.20000403012924037,0.0009019905863688029,0.0019335673610632149,0.001477234394336496,-0.0004027059517518263,0.08966447362273804
0.030000000000000006,4.3474858356404005e-05,5.0000332795215705,-0.20000906088378298,0.0020166591167399307,0.0029077110186130767,0.0022054571940458762,-0.0006033681776784683,0.1330840914612495
0.04,7.737561729013701e-05,5.000059037956582,-0.20001609595687372,0.0035596573811558993,0.0038878457765590176,0.002925958445919362,-0.0008035696278049966,0.17529986352145777
0.05,0.00012103300818428508,5.000092064360616,-0.20002513073976133,0.005518067529630431,0.004874714119422176,0.003638173969046949,-0.0010033101048216575,0.2161396742744805
0.06000000000000001,0.00017447653511412187,5.000132329673021,-0.20003616062175997,0.007877362397012604,0.005868993799671272,0.00434156817346249,-0.0012025894190680535,0.2554538482578449
0.07,0.00023773444911547332,5.000179811077304,-0.20004918099032587,0.010621637065531785,0.006871293103816832,0.005035637241569015,-0.00140140738850631,0.29311656562491095
0.08,0.00031083367468097217,5.000234491779509,-0.20006418723113167,0.013733848181536395,0.007882147608159005,0.005719911715349325,-0.001599763838694011,0.3290265384798557
0.09000000000000001,0.0003937997106925912,5.000296360765564,-0.20008117472814518,0.017196066585297477,0.008902018528176365,0.006393958431129799,-0.0017976586027560716,0.36310691731543804
0.1,0.00048665654695699274,5.000365412545545,-0.20010013886370093,0.02098970799114555,0.009931292488294928,0.007057381747919723,-0.0019950915213583454,0.3953046110070054
0.11,0.0005894265614621011,5.0004416468618675,-0.20012107501858054,0.025095778405457417,0.01097028274275529,0.007709824201420149,-0.0021920624426781652,0.42558892623049915
0.12000000000000002,0.0007021304439049761,5.000525068413647,-0.20014397857208163,0.029495073769815375,0.012019231276413992,0.008350966563848804,-0.002388571222378464,0.4539499815739307
0.13000000000000003,0.0008247870966746746,5.000615686542449,-0.20016884490209894,0.034168394411982606,0.013078312268137571,0.008980527342025403,-0.002584617723577584,0.4803965402643677
0.14,0.0009574135745975196,5.000713514941865,-0.20019566938519268,0.03909670629398938,0.014147635811271169,0.009598261932652482,-0.0027802018168229864,0.5049539331513277
0.15000000000000002,0.0011000250081215923,5.000818571339741,-0.20022444739666784,0.04426130583497292,0.015227252718553625,0.010203961262709036,-0.0029753233800611694,0.5276616076161148
0.16,0.0012526345532599449,5.000930877207464,-0.20025517431064427,0.04964394322182646,0.01631715922377733,0.010797450271170895,-0.003169982298610515,0.5485709116519305
0.17,0.0014152533515388874,5.0010504574492085,-0.20028784550013237,0.05522693160879587,0.017417302262736117,0.011378586060230159,-0.0033641784651315463,0.567742767510701
0.18000000000000002,0.0015878904893854972,5.001177340120571,-0.20032245633710594,0.06099323457331848,0.018527584596767725,0.011947255928336991,-0.003557911779598723,0.5852455810623561
0.19,0.0017705529919211452,5.001311556137917,-0.20035900219257416,0.06692652587939034,0.019647869920349892,0.012503375338903921,-0.0037511821492712543,0.6011532872756223
0.2,0.001963245801055607,5.001453139009207,-0.20039747843665628,0.0730112417694046,0.020777987923511685,0.013046885743600743,-0.0039439894886637685,0.6155435596037884
0.21000000000000002,0.002165971788826746,5.001602124573095,-0.20043788043865154,0.0792326054730248,0.021917738886407568,0.013577752552433767,-0.004136333719517615,0.6284963027134938
0.22,0.0023787317647724496,5.001758550745121,-0.20048020356711377,0.08557664508631992,0.0230668982658903,0.01409596298753802,-0.004328214770770622,0.6400922686494999
0.23000000000000004,0.002601524495989712,5.00192245728756,-0.20052444318992127,0.09203019690772421,0.024225220702692403,0.01460152412638366,-0.004519632578528476,0.6504119546802601
0.24000000000000005,0.0028343467442015296,5.00209388557947,-0.2005705946743493,0.09858089446987749,0.025392443821953922,0.015094460988498877,-0.004710587086034302,0.6595346624457011
0.25,0.0030771932907875423,5.00227287841072,-0.20061865338714155,0.10521715827664686,0.02656829168686331,0.015574814684285504,-0.004901078243639263,0.6675377257644428
0.26000000000000006,0.0033300569930565654,5.002459479782345,-0.20066861469457964,0.11192816666883837,0.0277524777416417,0.016042640815883257,-0.0050911060087726395,0.6744959569882718
0.27,0.003592928819505642,5.002653734721262,-0.20072047396255624,0.11870383421807931,0.028944707671734907,0.016498007809212508,-0.005280670345911393,0.6804811594369666
0.28,0.0038657979124237353,5.002855689110455,-0.20077422655664207,0.1255347753572134,0.03014468162732588,0.016940995594042142,-0.005469771226550753,0.6855618501889673
0.29000000000000004,0.004148651637141863,5.003065389523593,-0.20082986784215975,0.13241227310362408,0.0313520964561694,0.017371694190972828,-0.0056584086291728095,0.689803016222188
0.30000000000000004,0.004441475643413982,5.0032828830815745,-0.2008873931842495,0.13932824231248822,0.032566647370468174,0.01779020261703831,-0.005846582539217524,0.693266015763898
0.31,0.004744253926975912,5.003508217307426,-0.2009467979479426,0.14627519214396592,0.03378802958379737,0.01819662775366642,-0.006034292949050561,0.6960085237091642
0.32,0.005056968888062421,5.003741440004261,-0.20100807749822658,0.15324619162116557,0.03501593955421382,0.018591083435991793,-0.00622153985793444,0.6980845435949878
0.33000000000000007,0.005379601400691231,5.003982599130127,-0.20107122720011777,0.16023482980934786,0.03625007611407772,0.018973689583079573,-0.006408323271995913,0.6995444826621374
0.34,0.0057121308690183175,5.00423174269374,-0.20113624241872619,0.16723518436733137,0.03749014137530492,0.01934457145107591,-0.006594643204197084,0.7004352317826958
0.35000000000000003,0.0060545352997729155,5.004488918647158,-0.20120311851932732,0.17424178263961834,0.0387358414716774,0.01970385897645412,-0.0067804996743023255,0.7008003166518386
0.36000000000000004,0.0064067913576875595,5.004754174797225,-0.20127185086742616,0.18124957307464698,0.0399868871788649,0.020051686188846205,-0.0069658927088495515,0.700680019124623
0.37000000000000005,0.006768874437153122,5.005027558712936,-0.20134243482882933,0.18825388958456016,0.04124299439239944,0.02038819070384611,-0.007150822341116468,0.7001115618729555
0.38,0.00714075871849389,5.005309117651332,-0.20141486576970663,0.19525042504854417,0.04250388449281905,0.020713513301952077,-0.007335288611092179,0.6991292566217794
0.39,0.0075224172348933305,5.005598898476444,-0.20148913905666505,0.20223520096921946,0.043769284674719494,0.0210277975022157,-0.007519291565442711,0.697764688088251
0.4,0.007913821932435845,5.0058969475982495,-0.20156525005680698,0.20920454152012627,0.045038928070811515,0.0213311893201131,-0.007702831257482814,0.6960468856803316
0.41000000000000003,0.008314943727851947,5.006203310901191,-0.20164319413780596,0.21615505043607014,0.046312554030410576,0.021623836859759278,-0.007885907747141319,0.6940024784134691
0.42000000000000004,0.008725752575652574,5.006518033693769,-0.201722966667963,0.2230835839816834,0.04758990801963145,0.02190589025159947,-0.008068521100932037,0.6916558919185014
0.43000000000000005,0.009146217514114992,5.006841160646526,-0.20180456301628094,0.22998723565468973,0.048870741895424445,0.02217750124196937,-0.00825067139192058,0.6890294598660558
0.44,0.009576306738479836,5.007172735747907,-0.20188797855252366,0.23686330883805537,0.050154813665651055,0.022438823244234192,-0.008432358699692548,0.68614363387929
0.45000000000000007,0.010015987640465365,5.007512802254411,-0.20197320864728296,0.2437093058543812,0.05144188767938501,0.022690011012761562,-0.008613583110323507,0.6830170705623313
0.4600000000000001,0.010465226877980911,5.007861402646395,-0.20206024867204753,0.2505229051364319,0.05273173443907378,0.022931220637238268,-0.008794344716343163,0.6796668133242938
0.47000000000000003,0.01092399042071579,5.008218578593513,-0.20214909399925696,0.2573019481819918,0.054024130547210496,0.023162609456791602,-0.008974643616708428,0.6761083994349916
0.4800000000000001,0.011392243602580867,5.008584370908729,-0.20223974000237957,0.264044426658904,0.05531885873664778,0.023384335856885277,-0.009154479916766727,0.6723559689744222
0.49000000000000005,0.011869951183425993,5.008958819522853,-0.20233218205596373,0.27074846405993425,0.05661570756195443,0.023596559422109503,-0.009333853728226064,0.6684224146789163
0.5,0.012357077384806283,5.009341963445933,-0.20242641553570706,0.277412310013929,0.05791447152018869,0.023799440678097097,-0.009512765169124106,0.664319435539176
0.51,0.012853585954926978,5.0097338407373915,-0.20252243581852486,0.2840343240668114,0.05921495079628706,0.023993141177781632,-0.009691214363790793,0.6600576722733954
0.5200000000000001,0.013359440210900578,5.010134488484737,-0.2026202382825975,0.29061296630934924,0.06051695112474444,0.024177823526754013,-0.00986920144282247,0.655646787063194
0.53,0.013874603081222963,5.010543942767434,-0.20271981830744967,0.297146791759591,0.06182028384834233,0.024353651176610196,-0.010046726543045725,0.6510955176708768
0.54,0.014399037168757105,5.010962238639279,-0.20282117127400595,0.3036344357348402,0.06312476557473326,0.024520788637566796,-0.010223789807482706,0.6464117978089842
0.55,0.014932704782764835,5.011389410106429,-0.20292429256464356,0.31007460983840673,0.06443021816905996,0.024679401387475878,-0.010400391385325395,0.6416027949781686
0.56,0.015475567988105048,5.0118254900981745,-0.20302917756327246,0.3164660955935154,0.06573646870639455,0.024829655779992407,-0.010576531431896508,0.6366749687554984
0.5700000000000001,0.016027588660651064,5.01227051045565,-0.20313582165538283,0.3228077331375226,0.06704334915770122,0.02497171926424556,-0.010752210108617632,0.6316341623466735
0.5800000000000001,0.016588728516742892,5.012724501910388,-0.20324422022810276,0.32909841937110745,0.06835069642330699,0.02510576025821414,-0.010927427582982284,0.6264856229950928
0.5900000000000001,0.017158949163910822,5.013187494060819,-0.20335436867027684,0.3353371022193793,0.06965835224113644,0.025231948119687837,-0.011102184028515647,0.6212340528439699
0.6000000000000001,0.017738212151647958,5.013659515364553,-0.20346626237251006,0.34152277164492,0.07096616290397555,0.025350453360099685,-0.01127647962474362,0.6158836799267449
0.6100000000000001,0.018326478999699313,5.014140593119588,-0.20357989672722518,0.3476544586524776,0.0722739792903764,0.025461447530699996,-0.011450314557165905,0.6104382705442658
0.62,0.018923711246057958,5.01463075344351,-0.20369526712874164,0.3537312313198655,0.07358165679398763,0.02556510318800168,-0.01162368901721559,0.6049011644161184
0.6300000000000001,0.01952987049834845,5.015130021268047,-0.2038123689733207,0.35975218686147714,0.07488905504454932,0.025661594120861816,-0.011796603202225977,0.5992753350930601
0.64,0.020144918459864995,5.015638420325209,-0.20393119765921436,0.3657164507278528,0.07619603790981186,0.02575109528561765,-0.011969057315406354,0.5935633994768535
0.65,0.020768816972072276,5.016155973126014,-0.2040517485867479,0.3716231750614988,0.07750247349271279,0.02583378270905458,-0.012141051565801985,0.587767633521483
0.6600000000000001,0.021401528070419326,5.01668270095629,-0.20417401715837116,0.3774715312602739,0.0788082338433064,0.025909833737226495,-0.012312586168255762,0.5818900261317749
0.67,0.02204301400690547,5.017218623869408,-0.20429799877869184,0.38326070852402744,0.08011319491220632,0.02597942704712934,-0.012483661343389092,0.5759322904730695
0.68,0.022693237289332736,5.017763760663226,-0.20442368885456397,0.3889899141814557,0.08141723660500161,0.02604274249026059,-0.012654277317561064,0.5698958650274456
0.6900000000000001,0.023352160734712902,5.018318128875645,-0.20455108279514386,0.394658367911983,0.08272024254064846,0.026099961305041386,-0.012824434322828438,0.5637819530803369
0.7000000000000001,0.024019747498865766,5.018881744781445,-0.20468017601192093,0.40026529876570127,0.0840220999243263,0.026151266227389187,-0.012994132596923306,0.5575915428325021
0.7100000000000001,0.024695961107863103,5.019454623374408,-0.20481096391878853,0.40580994582057134,0.08532269959084098,0.026196841371673378,-0.013163372383219548,0.5513254039913449
0.7200000000000001,0.025380765502369635,5.020036778355372,-0.20494344193211583,0.41129155606476614,0.08662193591665743,0.026236872267142844,-0.013332153930692599,0.5449841015123957
0.7300000000000001,0.02607412508551403,5.020628222131397,-0.20507760547079049,0.4167093793577895,0.08791970658120926,0.026271546098040572,-0.013500477493883549,0.538568026380902
0.7400000000000001,0.026776004741154075,5.021228965809048,-0.20521344995625096,0.4220626680998046,0.08921591254960454,0.02630105169604988,-0.01366834333288142,0.5320773971012717
0.7500000000000001,0.027486369874083677,5.021839019172577,-0.2053509708125796,0.4273506782218613,0.09051045812005439,0.02632557940454119,-0.013835751713279224,0.5255122526627735
0.76,0.028205186459950387,5.022458390682554,-0.20549016346655305,0.4325726646353577,0.091803250691429,0.026345321323253585,-0.014002702906133934,0.5188724771935626
0.7700000000000001,0.028932421073846155,5.023087087474038,-0.20563102334767108,0.43772787885931774,0.09309420063909374,0.0263604714369093,-0.014169197187943279,0.5121578124325904
0.78,0.029668040918095336,5.023725115342524,-0.2057735458882168,0.4428155695325461,0.09438322132772389,0.026371225554787887,-0.014335234840615614,0.5053678523128213
0.79,0.030412013860197196,5.024372478727813,-0.20591772652333512,0.4478349824680484,0.09567022910048964,0.026377781268092867,-0.014500816151429785,0.498502039591818
0.8,0.0311643084859716,5.025029180714102,-0.2060635606910796,0.45278535576333756,0.09695514300692433,0.02638033826634175,-0.014665941412992182,0.4915596881472968
0.81,0.03192489411487729,5.025695223027442,-0.20621104383243155,0.4576659189355306,0.09823788475029564,0.02637909839192433,-0.014830610923223027,0.4845399860971647
0.8200000000000001,0.032693740835851304,5.026370606015315,-0.20636017139138219,0.46247589389072385,0.09951837871089722,0.026374265556931387,-0.014994824985315796,0.4774419854292159
0.8300000000000001,0.033470819545641545,5.0270553286360276,-0.2065109388149955,0.4672144936301046,0.10079655185532342,0.026366045826553542,-0.01515858390769923,0.4702646036024214
0.8400000000000001,0.034256101997079465,5.027749388457308,-0.2066633415534506,0.4718809180835684,0.1020723334859006,0.02635464772948162,-0.015321888003996947,0.46300663829436367
0.8500000000000001,0.03504956081079927,5.028452781652452,-0.20681737506005993,0.47647435375747715,0.10334565521171299,0.02634028228687245,-0.015484737593015826,0.4556667670636118
0.8600000000000001,0.03585116951484013,5.029165502975086,-0.20697303479136248,0.4809939748314876,0.10461645096747339,0.026323162935830677,-0.015647132998699832,0.4482435337239873
0.87,0.03666090258300336,5.029887545750992,-0.20713031620717545,0.48543894098827023,0.1058846568663272,0.02630350570968065,-0.01580907455009338,0.4407353514305534
0.88,0.03747873547890823,5.030618901874136,-0.2072892147706336,0.4898083938081638,0.10715021096660221,0.026281529544000225,-0.01597056258130324,0.433140511102865
0.8900000000000001,0.038304644666812625,5.031359561801581,-0.2074497259482077,0.4941014565443651,0.10841305324691464,0.026257456303547547,-0.016131597431487194,0.42545717961473983
0.9000000000000001,0.039138607652515436,5.032109514523762,-0.20761184520980192,0.4983172350761556,0.10967312560846429,0.026231510735621955,-0.016292179444805252,0.417683384053901
0.9100000000000001,0.03998060302071374,5.03286874755526,-0.20777556802879946,0.5024548153976183,0.11093037169972392,0.026203920707738845,-0.016452308970384116,0.40981701298508966
0.9200000000000002,0.040830610478257534,5.033637246927287,-0.20794088988210088,0.5065132600990974,0.11218473667408776,0.026174917543834626,-0.01661198636227896,0.4018558200572949
0.93,0.041688610863649334,5.034414997182202,-0.2081078062501402,0.5104916081099159,0.11343616716221366,0.026144736059302297,-0.01677121197946335,0.3937974217560046
0.9400000000000001,0.04255458618830407,5.035201981338652,-0.20827631261698246,0.5143888752577439,0.11468461124462975,0.02611361456787291,-0.01692998618577937,0.38563927999534
0.9500000000000001,0.043428519671183295,5.035998180878085,-0.20844640447036827,0.518204051937025,0.11593001827896818,0.0260817951303178,-0.01708830934990355,0.3773786992158424
0.9600000000000002,0.044310395785615624,5.036803575731538,-0.2086180773017532,0.5219360990941034,0.11717233860969234,0.026049523978436216,-0.01724618184530532,0.36901282520944106
0.9700000000000002,0.04520020026677312,5.037618144274885,-0.20879132660631883,0.5255839478861015,0.11841152353679138,0.026017051559435074,-0.01740360405023932,0.3605386431517529
0.9800000000000001,0.046097920152158245,5.038441863289037,-0.20896614788306447,0.5291464995023537,0.11964752523921782,0.025984632630810755,-0.01756057634769671,0.35195295895734624
0.9900000000000001,0.04700354381153002,5.03927470793873,-0.2091425366348581,0.53262262361869,0.1208802966444123,0.025952526455699218,-0.01771709912537257,0.3432523908472594
1.0,0.047917061001230166,5.040116651749471,-0.20932048836847705,0.5360111532309004,0.12210979104086539,0.02592099739389597,-0.017873172775618434,0.3344333611835064
1.01,0.04883846287178468,5.040967666602933,-0.20949999859461677,0.5393108841223542,0.12333596203416394,0.025890314967734977,-0.01802879769543504,0.32549209450825445
1.02,0.049767742003087236,5.041827722697241,-0.20968106282796098,0.5425205736726703,0.12455876340970976,0.025860754067636313,-0.018183974286431814,0.3164245993196692
1.03,0.050704892431239476,5.04269678851195,-0.209863676587254,0.5456389404345242,0.12577814906788123,0.02583259505255961,-0.018338702954791144,0.3072266533756593
1.0400000000000003,0.05164990970759565,5.043574830771672,-0.2100478353953377,0.548664657657285,0.12699407252432632,0.025806124538201036,-0.018492984111218712,0.29789378512775294
1.05,0.052602790917917634,5.044461814431667,-0.2102335347791694,0.5515963516054447,0.1282064867714292,0.025781635612449675,-0.018646818170926092,0.28842126649304084
1.06,0.053563534697743165,5.045357702657373,-0.21042077026984748,0.5544326004956515,0.1294153441786894,0.025759427993110918,-0.01880020555361433,0.27880410283235074
1.07,0.05453214127592993,5.046262456754559,-0.21060953740272081,0.5571719326897986,0.13062059630016065,0.02573980834088944,-0.01895314668341765,0.2690370030805192
1.08,0.055508612508295946,5.0471760361379285,-0.21079983171741196,0.5598128222839148,0.1318221935330632,0.025723090818253483,-0.01910564198887464,0.2591143614110809
1.09,0.0564929519330416,5.048098398275694,-0.21099164875785784,0.5623536829938645,0.13302008460720222,0.025709597901259144,-0.01925769190288154,0.24903022449597262
1.1,0.05748516477262212,5.0490294986873465,-0.21118498407231176,0.5647928679825326,0.13421421656986254,0.02569966040351446,-0.01940929686269046,0.23877829031231215
1.11,0.05848525796477978,5.049969290879594,-0.21137983321341608,0.567128667097735,0.13540453453886628,0.025693617888975975,-0.01956045730987067,0.22835187839209425
1.12,0.05949324022043247,5.050917726255177,-0.21157619173828587,0.5693593003205811,0.13659098114930074,0.025691819583913953,-0.019711173690249287,0.2177438804129989
1.122326442561091,0.05972887375022168,5.051139608222347,-0.21162208936871046,0.5698629690252155,0.13686643969280848,0.025692047899380503,-0.019746173366399375,0.21524915782559612
1.132326442561091,0.06074626726986437,5.052098478452507,-0.21181995347286708,0.5719643141707558,0.13804670847046038,0.025698426825561144,-0.019895726905292732,0.2047133053674369
1.142326442561091,0.0617718449358544,5.053066068442542,-0.21201965971355444,0.573960463299493,0.13922187132332758,0.025715468160782205,-0.020045446493447087,0.19458234436301675
1.152326442561091,0.06280525718498672,5.054042213121687,-0.21222086090872136,0.5758572358621474,0.14039162660434618,0.02574255373704407,-0.020194717878687825,0.1848345596532221
1.162326442561091,0.06384647173351966,5.055026899245986,-0.21242355257871642,0.5776583658833563,0.14155612512348453,0.025779449989110866,-0.020343541537970668,0.17545028671829058
1.172326442561091,0.06489545726773824,5.056020113362008,-0.21262773024866782,0.5793673948327099,0.14271550639272276,0.02582593285977872,-0.020491917952396285,0.16641149255434987
1.182326442561091,0.06595218340006367,5.057021841800705,-0.2128333894485561,0.5809876916961145,0.1438698998297595,0.025881786682432715,-0.020639847607167642,0.15770157786627648
1.192326442561091,0.06701662058333809,5.0580320706811035,-0.21304052571324017,0.5825224699249861,0.14501942594061995,0.025946803255752042,-0.020787330991548263,0.1493052066968203
1.2023264425610911,0.06808874008296807,5.059050785912778,-0.21324913458247194,0.5839747939766061,0.1461641967475897,0.026020781488205972,-0.020934368598846283,0.14120824160234097
1.2123264425610911,0.06916851394814025,5.060077973197926,-0.21345921160095177,0.58534759058443,0.14730431645418532,0.02610352675522722,-0.021080960926379504,0.13339764264892917
1.222326442561091,0.07025591498386596,5.061113618028936,-0.21367075231839197,0.5866436608429205,0.14843988216948736,0.026194850201309367,-0.021227108475438176,0.12586135905387894
1.2323264425610911,0.07135091667066794,5.062157705704518,-0.2138837522895453,0.5878656933400629,0.14957098482663284,0.026294568014393074,-0.021372811751238223,0.11858820625677081
1.2423264425610911,0.07245349314630822,5.063210221333582,-0.2140982070742148,0.5890162676719054,0.15069770941607638,0.026402501230869152,-0.021518071262909055,0.11156783346845624
1.2523264425610912,0.07356361918330061,5.06427114984012,-0.21431411223730384,0.5900978619000532,0.15182013542917744,0.026518475294449555,-0.021662887523460746,0.10479066274249413
1.2623264425610912,0.0746812701707539,5.065340475962192,-0.21453146334888917,0.5911128619533816,0.15293833740809032,0.02664231949132268,-0.021807261049743846,0.09824781262429054
1.2723264425610912,0.07580642204551988,5.066418184275441,-0.21475025598424377,0.5920635703437503,0.15405238557690165,0.026773866459007912,-0.021951192362404538,0.09193102171795797
1.282326442561091,0.0769390512668534,5.067504259201879,-0.21497048572385227,0.5929522101722698,0.15516234611122842,0.02691295195759624,-0.022094681985864985,0.08583261449757676
1.292326442561091,0.07807913480577641,5.068598685014186,-0.21519214815343504,0.5937809278963614,0.1562682813070566,0.027059414699711456,-0.022237730448306122,0.07994548057874103
1.3023264425610912,0.07922665012629304,5.069701445839681,-0.21541523886404257,0.5945518023081207,0.15737025010494457,0.027213095789873607,-0.022380338281614034,0.07426300861935438
1.3123264425610912,0.08038157514387116,5.070812525679256,-0.21563975345207212,0.5952668488606122,0.15846830841655832,0.027373838472437666,-0.022522506021348622,0.06877905065995733
1.3223264425610912,0.08154388817920945,5.071931908429872,-0.21586568751929322,0.5959280252419471,0.15956250951530396,0.027541487802951202,-0.022664234206704974,0.06348787779377328
1.332326442561091,0.08271356795548618,5.0730595778861085,-0.2160930366728521,0.5965372318544323,0.16065290406727878,0.02771589061806339,-0.02280552338050947,0.05838417672870519
1.342326442561091,0.08389059357810999,5.074195517751603,-0.2163217965253517,0.5970963179573373,0.16173954050492775,0.02789689513722385,-0.02294637408916827,0.05346300812265243
1.352326442561091,0.08507494452521634,5.07533971164325,-0.216551962694898,0.5976070849483472,0.16282246523425029,0.028084350750595597,-0.023086786882639397,0.04871978381026463
1.362326442561091,0.0862666005848703,5.076492143130041,-0.21678353080512175,0.5980712915619586,0.16390172303046627,0.02827810770282805,-0.023226762314381495,0.044150227369318555
1.3723264425610913,0.08746554184407423,5.077652795739871,-0.21701649648518767,0.5984906551246677,0.16497735712545827,0.028478017014689584,-0.023366300941342216,0.03975036503433111
1.3823264425610913,0.08867174868091818,5.07882165296586,-0.21725085536981614,0.598866852974897,0.16604940930021544,0.028683930387165324,-0.023505403323941684,0.035516516647048295
1.392326442561091,0.08988520175250586,5.079998698277486,-0.21748660309938458,0.5992015277633932,0.16711792020958144,0.028895699839030838,-0.023644070026013094,0.03144526288694251
1.402326442561091,0.09110588196752492,5.0811839151403895,-0.21772373531993555,0.5994962891200856,0.16818292952465386,0.029113177602121676,-0.023782301614779434,0.02753343272447728
1.412326442561091,0.09233377043876861,5.082377287051853,-0.21796224768320294,0.5997527173129993,0.1692444762106052,0.029336215883125547,-0.02392009866080639,0.023778077989030543
1.422326442561091,0.09356884848164278,5.083578797541956,-0.21820213584661374,0.599972363410141,0.17030259853805008,0.029564666852833557,-0.024057461738000368,0.020176472293655892
1.432326442561091,0.0948110976009134,5.084788430187667,-0.2184433954733348,0.6001567515046505,0.17135733423287705,0.0297983824878158,-0.024194391423573908,0.016726097715827996
1.442326442561091,0.09606049948933569,5.086006168619698,-0.2186860222323606,0.6003073818562378,0.17240872067199786,0.030037214345127575,-0.02433088829799864,0.013424626818466623
1.4523264425610911,0.09731703598346855,5.087231996558969,-0.21893001179851304,0.6004257326568979,0.17345679504716308,0.030281013445195366,-0.024466952944971865,0.010269909465716029
1.4623264425610911,0.09858068903271305,5.0884658978437916,-0.21917535985246359,0.600513262137133,0.17450159452862005,0.03052963012564166,-0.02460258595138099,0.0072599589794520684
1.4723264425610911,0.09985144069930145,5.089707856429925,-0.2194220620807339,0.6005714085759515,0.17554315626575956,0.030782914040530334,-0.02473778790730334,0.004392952084276777
1.4823264425610911,0.10112927315293946,5.09095785640362,-0.21967011417576648,0.6006015923563673,0.17658151752420745,0.031040714005803664,-0.02487255940596305,0.0016672173669096098
1.4923264425610911,0.10241416863977466,5.092215882015263,-0.21991951183598296,0.6006052187021849,0.1776167158936588,0.031302877800003785,-0.02500690104367491,-0.0009187709324149466
1.5023264425610912,0.10370610946431036,5.093481917694029,-0.2201702507657679,0.6005836798044357,0.17864878940283696,0.031569251902301185,-0.025140813419838606,-0.003365870175742222
1.5123264425610912,0.10500507796969642,5.09475594807381,-0.22042232667551365,0.6005383639443453,0.17967777697411605,0.031839680393291304,-0.02527429713689904,-0.005674167568348142
1.522326442561091,0.10631105653018091,5.096037958007069,-0.22067573528164955,0.6004706587368794,0.1807037186002505,0.03211400456072301,-0.025407352800324884,-0.007843791463438615
1.5323264425610912,0.10762402752880047,5.097327932598096,-0.2209304723066909,0.6003819498077905,0.1817266553576682,0.03239206312181739,-0.02553998101856492,-0.009874967493975515
1.5423264425610912,0.10894397332081905,5.098625857241551,-0.22118653347924808,0.6002736198720359,0.18274662943389106,0.032673692390135706,-0.02567218240301487,-0.01176800928474668
1.5523264425610912,0.11027087623024594,5.09993171762713,-0.22144391453403212,0.6001470485750058,0.18376368412832209,0.03295872630466276,-0.025803957568011394,-0.013523317041337832
1.562326442561091,0.11160471853923443,5.101245499766082,-0.22170261121192775,0.6000036110192176,0.18477786384187583,0.03324699668128576,-0.02593530713078326,-0.015141367332164342
1.572326442561091,0.11294548247537983,5.102567190011389,-0.22196261926002353,0.599844677082168,0.185789214079102,0.0335383333409352,-0.026066231711423957,-0.01662270675893869
1.5823264425610912,0.1142931501662087,5.103896775104241,-0.222223934431624,0.5996716106784253,0.18679778147082635,0.033832564282466365,-0.026196731932847533,-0.017967939910195678
1.592326442561091,0.11564770363475874,5.105234242179043,-0.22248655248625318,0.5994857696417036,0.18780361377571805,0.03412951570684991,-0.026326808420782968,-0.01917772793832409
1.6023264425610912,0.1170091247893277,5.10657957878212,-0.22275046918969477,0.5992885051374385,0.18880675987154955,0.03442901214249046,-0.026456461803742132,-0.02025278166259412
1.612326442561091,0.1183773954246387,5.107932772888132,-0.22301568031406357,0.5990811607078228,0.1898072697355422,0.034730876625944596,-0.026585692712979482,-0.02119385374871913
1.622326442561091,0.1197524971795494,5.109293812939762,-0.2232821816378063,0.5988650721684637,0.1908051944595742,0.0350349307862021,-0.026714501782454825,-0.022001728775776393
1.632326442561091,0.12113441151532969,5.110662687870362,-0.2235499689457135,0.5986415673785773,0.19180058625352284,0.03534099491965314,-0.02684288964880751,-0.022677216854349105
1.642326442561091,0.1225231197140146,5.112039387106286,-0.2238190380289232,0.5984119662188125,0.192793498444065,0.03564888799891703,-0.026970856951352682,-0.023221152848611985
1.6523264425610913,0.12391860286831652,5.113423900593704,-0.224089384684996,0.5981775800343003,0.1937839854493675,0.03595842782850942,-0.027098404332027225,-0.023634385881845188
1.662326442561091,0.1253208418803468,5.114816218808784,-0.2243610047179485,0.5979397114135784,0.19477210277064674,0.03626943110711351,-0.027225532435368415,-0.0239177753007803
1.672326442561091,0.12672981741095224,5.116216332803493,-0.22463389393825825,0.5976996544682167,0.1957579069975463,0.03658171347375751,-0.027352241908465143,-0.02407217913443184
1.682326442561091,0.12814550987190534,5.117624234213808,-0.22490804816286925,0.5974586948297428,0.19674145580688504,0.03689508952548713,-0.027478533400947292,-0.024098451748545253
1.692326442561091,0.12956789942230026,5.119039915265116,-0.22518346321520233,0.5972181096758694,0.19772280795860597,0.03720937282705718,-0.027604407564976334,-0.02399744211416736
1.7023264425610911,0.13099696596189875,5.120463368799487,-0.22546013492524386,0.5969791676132283,0.19870202326160138,0.03752437601322032,-0.02772986505518425,-0.023769983313429253
1.7123264425610911,0.13243268912238887,5.121894588286242,-0.22573805912955602,0.5967431288364274,0.19967916257369536,0.03783991078830084,-0.02785490652865925,-0.023416889786753704
1.7223264425610911,0.1338750482181445,5.123333567865297,-0.22601723167128443,0.5965112458350303,0.2006542877979796,0.03815578790092541,-0.02797953264489549,-0.022938946809717822
1.732326442561091,0.13532402224242976,5.124780302351147,-0.22629764840016142,0.5962847634396167,0.20162746188135103,0.03847181714557995,-0.028103744065787473,-0.022336909398867684
1.7423264425610911,0.13677958986274505,5.126234787239439,-0.22657930517251806,0.5960649189588594,0.2025987488095064,0.038787807356646095,-0.02822754145561854,-0.02161150039700147
1.7523264425610914,0.13824172941452972,5.127697018734493,-0.22686219785137662,0.5958529426104999,0.2035682135717753,0.03910356642598284,-0.028350925480997248,-0.02076340079001542
1.7623264425610912,0.13971041889271985,5.12916699375744,-0.22714632230645382,0.5956500577821453,0.20453592216366406,0.03941890127738835,-0.02847389681084767,-0.019793247946834985
1.772326442561091,0.14118563589833089,5.1306447099911585,-0.22743167441416728,0.5954574822503567,0.2055019415803239,0.03973361774894319,-0.028596456116356576,-0.018701625452092363
1.7823264425610912,0.14266735763482408,5.132130165883919,-0.22771825005763846,0.5952764282696165,0.20646633981505882,0.04004752058606596,-0.028718604070968268,-0.01748906218472536
1.7923264425610912,0.14415556090484427,5.1336233606533614,-0.22800604512669848,0.5951081027129435,0.20742918585707423,0.040360413426140176,-0.028840341350378048,-0.01615603127667719
1.802326442561091,0.14565022209667025,5.135124294318143,-0.22829505551797694,0.5949537081754857,0.20839054966170176,0.0406720986996091,-0.028961668632465725,-0.014702940560797028
1.8123264425610912,0.1471513171900357,5.1366329676977704,-0.2285852771349192,0.5948144430127624,0.2093505021497256,0.04098237763425092,-0.029082586597289618,-0.013130132176223898
1.8223264425610914,0.14865882169017935,5.138149382464019,-0.2288767058877831,0.5946915032361265,0.21030911520563567,0.04129105000471404,-0.02920309592703121,-0.01143787168965334
1.8323264425610912,0.1501727106188712,5.139673541149228,-0.22916933769364434,0.5945860828113314,0.211266461675271,0.04159791409597856,-0.029323197305984195,-0.00962634615485444
1.842326442561091,0.1516929585143895,5.141205447146373,-0.22946316847639642,0.5944993736622292,0.21222261536576878,0.041902766702879166,-0.02944289142055435,-0.007695664091742686
1.852326442561091,0.15321953942368574,5.142745104730903,-0.22975819416681936,0.5944325668211449,0.21317765103061084,0.04220540298319465,-0.029562178959212457,-0.00564584894908995
1.8623264425610913,0.15475242687329877,5.144292519094148,-0.2300544107026267,0.5943868539973999,0.21413164436212473,0.042505616245567805,-0.029681060612441922,-0.003476830592122779
1.872326442561091,0.15629159383974595,5.145847696357817,-0.23035181402842667,0.5943634280773764,0.21508467200089038,0.04280319785963387,-0.02979953707273798,-0.0011884432194752494
1.8823264425610913,0.15783701274049486,5.147410643588494,-0.23065040009575524,0.5943634839334452,0.2160368115314973,0.04309793714090345,-0.029917609034581318,0.0012195509545634702
1.8923264425610913,0.15938865541358846,5.1489813688205075,-0.23095016486311132,0.5943882168406257,0.21698814130984534,0.04338962160679429,-0.030035277194402035,0.003746842696029471
1.902326442561091,0.16094649309588574,5.150559881072001,-0.2312511042959643,0.5944388152045372,0.21793873996752772,0.0436780381272745,-0.030152542250557825,0.006392463862670909
1.9123264425610909,0.16251049639875642,5.152146190359765,-0.23155321436677287,0.594516456846081,0.21888868609012252,0.043962973541479204,-0.030269404903302856,0.009155332942183101
1.922326442561091,0.16408063529633168,5.153740307707574,-0.23185649105499637,0.5946223086075133,0.2198380581438995,0.04424421473696864,-0.03038586585477143,0.012034281617755108
1.9323264425610913,0.16565687914492433,5.155342245140565,-0.23216093034715948,0.5947575255613394,0.2207869343922424,0.04452154878817059,-0.030501925808954684,0.015028052577268698
1.942326442561091,0.16723919659763983,5.156952015720799,-0.23246652823684064,0.594923248776965,0.22173539248439636,0.04479476341004061,-0.03061758547163838,0.018135293524227478
1.9523264425610911,0.16882755559744253,5.158569633550115,-0.2327732807246691,0.5951206051754874,0.22268350942709755,0.04506364698812873,-0.030732845550398867,0.02135455675984419
1.9623264425610913,0.17042192337715523,5.160195113770128,-0.23308118381832504,0.5953507075296953,0.22363136158457295,0.045327988578579496,-0.03084770675460308,0.02468429918303999
1.9723264425610911,0.1720222664408966,5.161828472564905,-0.23339023353257043,0.5956146532045232,0.22457902447244998,0.04558757815944965,-0.030962169795374667,0.028122881137510037
1.982326442561091,0.17362855056539717,5.16346972716274,-0.2337004258893527,0.5959135219501853,0.22552657245579524,0.04584220704095192,-0.03107623538553403,0.03166856247921178
1.9923264425610911,0.17524074077519505,5.165118895840215,-0.23401175691776474,0.5962483759636151,0.22647407872419964,0.04609166787184961,-0.03118990423960267,0.03531950409166641
2.0023264425610914,0.17685880127331677,5.1667759979311265,-0.23432422265404954,0.5966202575852414,0.22742161485803772,0.04633575512839237,-0.031303177073743034,0.039073767779911436
2.012326442561091,0.17848269544022694,5.168441053826621,-0.2346378191416005,0.5970301892522835,0.22836925082022963,0.046574265123941735,-0.03141605460575726,0.042929316248232374
2.0223264425610914,0.18011238583382844,5.170114084975195,-0.23495254243096161,0.5974791734987513,0.22931705495624102,0.04680699600897122,-0.031528537555087215,0.046884013100163276
2.032326442561091,0.18174783417383103,5.171795113875829,-0.23526838857986032,0.5979681917004016,0.23026509378346993,0.047033748034461816,-0.03164062664278176,0.05093562448035223
2.042326442561091,0.18338900132925498,5.173484164066501,-0.2355853536533175,0.5984982011649531,0.23121343155692003,0.047254324126761386,-0.031752322591424555,0.055081819972727764
2.0523264425610908,0.18503584729666292,5.175181260128008,-0.23590343372358868,0.5990701358500992,0.23216213033793984,0.04746852977056154,-0.03186362612515101,0.05932017421331526
2.062326442561091,0.18668833113989217,5.176886427669177,-0.23622262487017198,0.5996849042822465,0.23311124957648727,0.04767617349076803,-0.03197453796959055,0.06364817317679307
2.072326442561091,0.18834641098875118,5.17859969332643,-0.23654292317980935,0.6003433894888675,0.23406084609882805,0.047877066867324125,-0.03208505885186483,0.06806321431486072
2.082326442561091,0.19001004403899244,5.18032108476377,-0.23686432474648642,0.6010464489971565,0.23501097410727648,0.04807102453553703,-0.03219518950058768,0.07256260656326192
2.0923264425610912,0.19167918652815122,5.182050630647415,-0.2371868256714857,0.6017949130380975,0.2359616848640026,0.048257864596284145,-0.03230493064581369,0.07714357745586284
2.1023264425610915,0.19335379373474926,5.183788360635913,-0.23751042206345593,0.602589583082484,0.23691302648666868,0.04843740890407471,-0.03241428301900377,0.08180327481167579
2.1123264425610913,0.19503381993267252,5.18553430536257,-0.2378351100383638,0.6034312317279684,0.23786504382919732,0.04860948317577913,-0.032523247353009,0.08653877429872169
2.122326442561091,0.19671921835836864,5.187288496412887,-0.23816088571950092,0.6043206016665472,0.23881777825428485,0.04877391726511882,-0.03263182438203491,0.0913470868803896
2.1323264425610913,0.19840994121084693,5.189050966324556,-0.238487745237484,0.605258405684561,0.2397712676334013,0.048930545162666275,-0.03274001484164148,0.09622515881543645
2.1423264425610915,0.2001059396474384,5.190821748581072,-0.23881568473026063,0.6062453264802358,0.2407255463087384,0.049079205047717345,-0.0328478194687355,0.10116987347509926
2.1523264425610913,0.20180716375583174,5.192600877560494,-0.2391447003431943,0.6072820146760717,0.24168064473262368,0.04921973979070784,-0.03295523900150031,0.10617806537193136
2.162326442561091,0.203513562553663,5.194388388540486,-0.23947478822906515,0.6083690889083901,0.24263658948837113,0.04935199692176188,-0.03306227417940012,0.11124651865233313
2.1723264425610913,0.20522508393563887,5.1961843176438025,-0.23980594454804702,0.6095071353725925,0.24359340307918484,0.04947582889178602,-0.033168925743132405,0.11637198369552695
2.182326442561091,0.20694167466611615,5.197988701828941,-0.24013816546771027,0.6106967076442398,0.24455110388165377,0.04959109313384449,-0.03327519443461814,0.1215511798593859
2.192326442561091,0.20866328037910226,5.199801578890139,-0.24047144716302182,0.611938326679053,0.2455097061457521,0.04969765206315919,-0.033381080997001815,0.12678079548043408
2.202326442561091,0.21038984556307772,5.201622987420699,-0.24080578581638015,0.6132324803522284,0.24646921988324585,0.04979537325470015,-0.03348658617461649,0.13205749727581853
2.2123264425610913,0.2121213135434305,5.203452966768951,-0.2411411776176879,0.6145796225541067,0.24742965069257467,0.04988412971116012,-0.033591710712935846,0.13737794117225915
2.222326442561091,0.21385762646165726,5.205291557016523,-0.24147761876430468,0.6159801738680895,0.2483909997935197,0.04996379980929244,-0.0336964553585681,0.14273877807705654
2.2323264425610914,0.21559872525220147,5.207138798934062,-0.24181510546104984,0.6174345215326752,0.24935326394909021,0.05003426742941638,-0.033800820859222175,0.1481366655040041
2.2423264425610916,0.21734454964240027,5.208994733981107,-0.24215363392020256,0.6189430194406275,0.25031643546524013,0.05009542195587657,-0.03390480796370757,0.1535682676034867
2.244652885122182,0.21775137669771136,5.209427757546971,-0.2422325395900716,0.6193017619697487,0.2505406406815466,0.05010830252944577,-0.033928945790392934,0.15483637738071016
2.2546528851221823,0.2195030340126726,5.211294084730875,-0.24257199452875916,0.6208755170600319,0.25150378707447646,0.05015682019384116,-0.03403186485772277,0.16018595323836307
2.264652885122182,0.22125918420892796,5.2131695475598585,-0.24291282945978368,0.6225032549404739,0.25246648452935566,0.050194820427761626,-0.03413506449480343,0.16532712172711345
2.2746528851221823,0.22301985308580735,5.215053793897434,-0.24325469468268793,0.6241813712963354,0.25342821381999475,0.05022239251489814,-0.03423792334166242,0.17026190327773616
2.284652885122182,0.2247849744348509,5.216946841557051,-0.243597586792843,0.6259078131454205,0.2543888023713247,0.050239878400683266,-0.034340442054500396,0.17499259262749128
2.2946528851221824,0.22655448162121608,5.218848707362635,-0.243941502392187,0.6276805514366557,0.2553480790713596,0.05024761915451699,-0.03444262129047822,0.17952175206680002
2.304652885122182,0.2283283076152626,5.220759407108813,-0.24428643808925066,0.6294975852545193,0.2563058749001141,0.05024595412247984,-0.03454446170769193,0.18385218062224015
2.3146528851221824,0.2301063850688877,5.222678955572411,-0.24463239049914434,0.6313569427108858,0.25726202325269554,0.05023522067466655,-0.0346459639651529,0.18798688473059402
2.324652885122182,0.23188864633365225,5.22460736650945,-0.24497935624355938,0.6332566816406276,0.2582163600765675,0.050215754046702935,-0.034747128722780345,0.19192906865454348
2.334652885122182,0.23367502348575053,5.22654465261705,-0.2453273319507994,0.6351948933788489,0.25916872441120936,0.050187886530715466,-0.03484795664137563,0.19568210540442021
2.344652885122182,0.23546544837016284,5.2284908255249745,-0.2456763142557912,0.6371697046145328,0.26011895873524843,0.05015194702750372,-0.034948448382600854,0.1992495112685861
2.354652885122182,0.2372598526633939,5.230445895816321,-0.24602629980007334,0.6391792772880242,0.26106690910997965,0.05010826096286694,-0.03504860460896124,0.20263492400124394
2.364652885122182,0.23905816788661097,5.232409873023543,-0.24637728523180186,0.6412218092210821,0.26201242528729823,0.05005715012749541,-0.03514842598379725,0.20584209451703245
2.374652885122182,0.24086032543477887,5.234382765595183,-0.24672926720578567,0.6432955374273688,0.26295536118195467,0.04999893190735644,-0.035247913171255536,0.20887485767864775
2.384652885122182,0.24266625662952132,5.236364580916016,-0.24708224238348317,0.6453987378716075,0.26389557495944244,0.04993391921160818,-0.03534706683627057,0.21173711389985306
2.3946528851221824,0.24447589276282386,5.238355325327104,-0.24743620743299471,0.6475297249689934,0.2648329290686361,0.04986242047438944,-0.035445887644550526,0.214432815507431
2.4046528851221822,0.24628916511245041,5.240355004119638,-0.24779115902907414,0.6496868523647343,0.2657672903622807,0.0497847394359608,-0.03554437626256518,0.2169659565720471
2.4146528851221825,0.24810600497163318,5.242363621513483,-0.24814709385316247,0.6518685151692889,0.26669853041901614,0.04970117456084078,-0.03564253335751822,0.21934054930904479
2.4246528851221822,0.2499263437057444,5.244381180696682,-0.24850400859337415,0.6540731483298904,0.267626525449745,0.04961201921883985,-0.03574035959732934,0.22156061153637738
2.434652885122182,0.2517501127781933,5.246407683839948,-0.24886189994449368,0.656299226125438,0.2685511562816977,0.049517561713649384,-0.035837855650624355,0.22363015960661492
2.444652885122182,0.25357724377065394,5.248443132089545,-0.24922076460799447,0.6585452630078797,0.2694723084813921,0.04941808501346324,-0.03593502218671726,0.2255531963964958
2.454652885122182,0.2554076684119516,5.250487525561617,-0.24958059929206391,0.6608098145479837,0.2703898725043246,0.04931386642713801,-0.03603185987558644,0.2273336955311308
2.4646528851221823,0.2572413186318226,5.252540863389591,-0.2499414007115865,0.6630914751690097,0.2713037435003022,0.049205177906112875,-0.03612836938785628,0.22897559355054586
2.474652885122182,0.2590781265752156,5.25460314373328,-0.25030316558814264,0.6653888777681553,0.2722138212861525,0.04909228607235391,-0.03622455139479044,0.23048278666116698
2.4846528851221823,0.26091802462529234,5.256674363772714,-0.2506658906500339,0.6677006944259098,0.2731200104424638,0.04897545194815146,-0.036320406568269376,0.2318591191317023
2.494652885122182,0.2627609454322052,5.258754519717091,-0.2510295726322984,0.6700256362709753,0.2740222203227991,0.04885493085661708,-0.03641593558076956,0.2331083739342982
2.5046528851221823,0.264606821958384,5.260843606852029,-0.25139420827669356,0.6723624510628216,0.2749203648134368,0.04873097276890028,-0.03651113910534584,0.23423426924143548
2.514652885122182,0.2664555874876495,5.262941619545601,-0.25175979433169676,0.674709922914854,0.27581436230694917,0.04860382232389182,-0.03660601781562597,0.23524045674033067
2.5246528851221823,0.26830717564878354,5.265048551244651,-0.25212632755253395,0.6770668727472715,0.2767041357564819,0.04847371859849238,-0.03670057238578543,0.2361305120915674
2.5346528851221826,0.2701615204422645,5.267164394492888,-0.25249380470118815,0.6794321574851024,0.27758961259542303,0.04834089515677641,-0.036794803490528896,0.23690793030147408
2.5446528851221824,0.27201855627756066,5.269289140975686,-0.2528622225463823,0.6818046676778808,0.2784707244808956,0.0482055804094357,-0.03688871180507328,0.237576125318969
2.554652885122182,0.2738782179797594,5.271422781524828,-0.2532315778635806,0.6841833272623605,0.27934740726703433,0.04806799763278543,-0.036982298005142904,0.2381384291840485
2.564652885122182,0.2757404408120949,5.273565306117921,-0.2536018674350182,0.686567093733712,0.28021960101583027,0.04792836479891181,-0.037075562766943224,0.23859808515618636
2.574652885122182,0.277605160498889,5.275716703898965,-0.2539730880497072,0.6889549571219578,0.28108724988124495,0.04778689468659414,-0.03716850676714366,0.2389582459411244
2.584652885122182,0.2794723132572261,5.277876963221961,-0.2543452365034183,0.6913459376237067,0.28195030184058884,0.04764379525555331,-0.03726113068286074,0.23922197553094104
2.594652885122182,0.2813418358019775,5.2800460716552875,-0.2547183095986817,0.6937390853683486,0.2828087086661968,0.04749926967164753,-0.037353435191653996,0.23939224894691122
2.6046528851221824,0.2832136653661273,5.282224015984334,-0.2550923041448155,0.6961334803291278,0.28366242589899754,0.04735351620381638,-0.03744542097150023,0.23947194801828056
2.614652885122182,0.28508773971910595,5.28441078222823,-0.2554672169579346,0.6985282314713321,0.2845114127448246,0.047206728314939585,-0.037537088700776405,0.23946386067467368
2.6246528851221824,0.2869639971949308,5.286606355684617,-0.2558430448609297,0.7009224742929301,0.28535563178631185,0.0470590950691846,-0.03762843905824247,0.23937068466523484
2.634652885122182,0.2888423766963838,5.288810720934463,-0.2562197846834664,0.7033153705597506,0.2861950489504008,0.04691080116856097,-0.03771947272303777,0.23919502772897597
2.6446528851221824,0.2907228177117319,5.291023861847795,-0.25659743326200857,0.705706107994299,0.28702963345395355,0.04676202692077767,-0.03781019037465812,0.23893940578202272
2.6546528851221822,0.29260526032923956,5.2932457615919795,-0.2569759874398373,0.7080938998657589,0.2878593577446215,0.046612948246160885,-0.037900592692937066,0.23860624182247478
2.664652885122182,0.29448964526201793,5.2954764026781005,-0.2573554440670252,0.7104779824349613,0.28868419719606614,0.046463737121917044,-0.03799068035802837,0.23819787122374445
2.6746528851221822,0.2963759138534181,5.297715766968772,-0.25773580000043395,0.7128576145199194,0.2895041300543465,0.04631456165011605,-0.03808045405040118,0.23771654243061013
2.684652885122182,0.2982640080873002,5.299963835684538,-0.2581170521037263,0.7152320771290542,0.2903191373819542,0.0461655860784122,-0.03816991445082485,0.23716441687516973
2.6946528851221823,0.30015387060291004,5.302220589406278,-0.25849919724740056,0.7176006733429724,0.29112920302372597,0.04601697073486422,-0.0382590622403438,0.23654356732466011
2.704652885122182,0.3020454447125499,5.3044860081149485,-0.25888223230876384,0.7199627261361046,0.2919343133456949,0.04586887242659659,-0.03834789810026324,0.2358559832813748
2.7146528851221823,0.3039386744119018,5.306760071209407,-0.2592661541719243,0.7223175773812781,0.2927344571111289,0.045721444607127015,-0.03843642271213882,0.23510357315965993
2.724652885122182,0.30583350438289303,5.309042757509026,-0.25965095972779323,0.7246645876975583,0.29352962545867073,0.04557483739393015,-0.03852463675777185,0.23428816452073295
2.7346528851221823,0.307729880010205,5.3113340452599385,-0.2600366458741206,0.7270031360800897,0.29431981183278305,0.04542919755239626,-0.038612540919178893,0.23341150367006927
2.7446528851221825,0.3096277473901307,5.313633912152544,-0.26042320951549097,0.7293326189628503,0.2951050118683404,0.04528466866032916,-0.038700135878580746,0.2324752579434819
2.7546528851221823,0.31152705334620473,5.315942335355609,-0.2608106475632994,0.7316524483119349,0.2958852231546612,0.045141391454647524,-0.03878742231838496,0.2314810206773606
2.7646528851221825,0.31342774543044155,5.318259291518239,-0.2611989569357511,0.733962051513304,0.2966604452209829,0.04499950384979336,-0.03887440092118417,0.23043031147011112
2.7746528851221823,0.3153297719324639,5.320584756777385,-0.2615881345578743,0.7362608709253299,0.2974306794691832,0.044859140987037735,-0.038961072369738205,0.22932457699844733
2.784652885122182,0.31723308189021393,5.322918706759848,-0.26197817736155626,0.7385483637677678,0.29819592914252685,0.044720435197014345,-0.03904743734695031,0.22816519059371063
2.794652885122182,0.31913762510085786,5.325261116614811,-0.2623690822855112,0.7408240003113553,0.2989561991062382,0.04458351635539293,-0.039133496535854344,0.22695345739483716
2.804652885122182,0.32104335212822627,5.327611961029093,-0.26276084627526974,0.7430872630051644,0.2997114957365725,0.04444851204094223,-0.0392192506196037,0.22569061668440296
2.8146528851221824,0.3229502143034007,5.329971214227875,-0.2631534662831791,0.7453376464316845,0.3004618269146044,0.04431554754266914,-0.03930470028147004,0.22437784199947053
2.824652885122182,0.3248581637369509,5.332338849983399,-0.26354693926842837,0.7475746567626868,0.3012072019410676,0.044184745917538605,-0.0393898462048151,0.2230162422086329
2.8346528851221824,0.32676715332426864,5.334714841617857,-0.26394126219707,0.7497978116212757,0.3019476315124763,0.04405622799292184,-0.0394746890730775,0.22160686166265953
2.844652885122182,0.32867713675679294,5.337099162035912,-0.2643364320419806,0.7520066381990783,0.30268312748903964,0.043930112741410954,-0.039559229569755376,0.22015068552770364
2.8546528851221824,0.33058806852518297,5.339491783731007,-0.26473244578285704,0.7542006728816362,0.30341370284638225,0.04380651735007409,-0.03964346837840053,0.21864864079864976
2.864652885122182,0.33249990392027096,5.341892678786495,-0.26512930040621646,0.7563794611744403,0.3041393716652948,0.04368555723285921,-0.03972740618261611,0.21710159647886607
2.8746528851221824,0.3344125990452903,5.344301818883696,-0.2655269929054267,0.7585425571535627,0.30486014904589764,0.04356734609590765,-0.03981104366602458,0.21551036470794666
2.884652885122182,0.33632611081892444,5.346719175304771,-0.2659255202807208,0.7606895233328441,0.30557605108862484,0.04345199595251827,-0.039894381512259096,0.21387570104557696
2.894652885122182,0.338240396985192,5.34914471896061,-0.2663248795391556,0.7628199289498824,0.30628709468170845,0.04333961747386084,-0.039977420404945105,0.21219830914449375
2.9046528851221822,0.3401554161156303,5.351578420394957,-0.2667250676946082,0.7649333497044665,0.3069932974672963,0.04323032003900891,-0.0400601610276956,0.2104788414349907
2.914652885122182,0.3420711276097963,5.35402024978497,-0.26712608176777597,0.7670293677168782,0.3076946778357696,0.04312421174254641,-0.04014260406410979,0.20871789921746772
2.9246528851221822,0.34398749170632076,5.356470176948602,-0.26752791878620225,0.7691075709448256,0.3083912548390457,0.043021399481609754,-0.04022475019774166,0.20691603380195855
2.934652885122182,0.3459044694855456,5.358928171344377,-0.26793057578430185,0.7711675532376014,0.30908304819346416,0.04292198892932824,-0.04030660011209017,0.20507374629744995
2.9446528851221823,0.347822022877921,5.361394202094611,-0.26833404980331327,0.7732089127644212,0.30977007808597834,0.04282608487025073,-0.040388154490582515,0.2031914915412448
2.9546528851221825,0.3497401146669656,5.363868237990544,-0.268738337891292,0.7752312516497251,0.3104523651271246,0.042733791273536034,-0.04046941401656713,0.20126967896584075
2.9646528851221823,0.3516587084892668,5.366350247492333,-0.2691434371031106,0.777234175973178,0.31112993035102215,0.04264521129295288,-0.040550379373313704,0.19930867259893
2.9746528851221825,0.3535777688416512,5.368840198733563,-0.26954934450046975,0.7792172953094368,0.31180279515074577,0.042560447349583565,-0.04063105124399242,0.19730879179733027
2.9846528851221823,0.35549726108821394,5.371338059521148,-0.26995605715194515,0.7811802226747607,0.31247098126146844,0.042479601113599816,-0.04071143031164858,0.19527031108561713
2.9946528851221825,0.3574171514637856,5.373843797348273,-0.2703635721329432,0.7831225735524171,0.3131345106442165,0.04240277372751124,-0.04079151725919828,0.19319346231871296
3.0046528851221823,0.35933740708073064,5.3763573794040544,-0.2707718865256808,0.785043965050294,0.3137934053781474,0.04233006598437061,-0.0408713127694125,0.19107843632649135
3.014652885122182,0.3612579959289497,5.378878772573539,-0.27118099741918483,0.7869440159007348,0.3144476876605285,0.04226157832780693,-0.04095081752491711,0.18892538291407637
3.0246528851221823,0.363178886877409,5.381407943438349,-0.2715909019092932,0.7888223463501189,0.3150973797918179,0.042197410874375035,-0.04103003220818877,0.18673441096948026
3.034652885122182,0.3651000496867501,5.383944858279141,-0.2720015970986909,0.7906785775488532,0.3157425040876059,0.04213766352030884,-0.041108957501515726,0.18450558881843984
3.044652885122182,0.3670214550075776,5.386489483075955,-0.2724130800969208,0.7925123316728803,0.31638308289636935,0.042082435913896155,-0.04118759408699937,0.18223894419697714
3.054652885122182,0.36894307439128593,5.38904178352005,-0.2728253480203295,0.7943232304932698,0.31701913841964063,0.04203182777824877,-0.04126594264653438,0.17993446624786968
3.0646528851221824,0.37086488029205783,5.391601725015271,-0.2732383979920628,0.7961108951818351,0.31765069268675067,0.04198593895329042,-0.04134400386180414,0.17759210575445533
3.074652885122182,0.3727868460668647,5.394169272678055,-0.2736522271420662,0.7978749463111332,0.3182777675548286,0.04194486939575671,-0.04142177841428068,0.17521177514063227
3.0846528851221824,0.374708945980188,5.396744391337379,-0.27406683260708775,0.7996150035597421,0.3189003846688666,0.041908719241105306,-0.0414992669852129,0.17279334845414654
3.0946528851221826,0.37663115521562207,5.399327045532821,-0.27448221153072877,0.8013306852726721,0.3195185653975573,0.04187758887769036,-0.041576470255587514,0.17033666099877734
3.1046528851221824,0.3785534498737764,5.401917199517667,-0.27489836106342025,0.803021608307581,0.3201323308191047,0.04185157899136008,-0.0416533889061377,0.16784150980313647
3.114652885122182,0.3804758069855989,5.40451481726235,-0.2753152783623786,0.8046873867618681,0.3207417015571006,0.04183079085746146,-0.041730023617320866,0.16530765416078025
3.124652885122182,0.38239820451298906,5.407119862454512,-0.2757329605916045,0.8063276319246218,0.3213466977741909,0.04181532635149976,-0.04180637506931733,0.16273481564057568
3.134652885122182,0.38432062134879774,5.409732298499004,-0.2761514049218832,0.8079419522766176,0.32194733917207574,0.04180528794913849,-0.04188244394203035,0.16012267808670075
3.144652885122182,0.3862430373237596,5.412352088515229,-0.2765706085307883,0.8095299530927617,0.32254364493755927,0.041800778813446404,-0.04195823091507111,0.1574708871518581
3.1546528851221822,0.38816543321762087,5.414979195331785,-0.27699056860273596,0.8110912360243078,0.32313563368392584,0.04180190287004617,-0.04203373666772093,0.1547790494205702
3.1646528851221825,0.39008779075717714,5.41761358148941,-0.2774112823289523,0.8126253989250365,0.32372332343312515,0.04180876485815331,-0.042108961878942384,0.15204673283250852
3.1746528851221822,0.39201009263320225,5.420255209236513,-0.27783274690742893,0.8141320345563962,0.3243067314446454,0.04182147063444063,-0.04218390722735691,0.14927346579742629
3.184652885122182,0.3939323225009277,5.422904040529019,-0.2782549595429225,0.8156107305554638,0.32488587421122417,0.04184012718036047,-0.04225857339124403,0.14645873716620503
3.1946528851221823,0.3958544649800425,5.42556003703037,-0.27867791744695486,0.8170610694349443,0.3254607674588483,0.04186484260214475,-0.04233296104854129,0.1436019962308549
3.2046528851221825,0.397776505660917,5.428223160107206,-0.27910161783781423,0.8184826282429414,0.32603142610003655,0.04189572620825465,-0.04240707087683365,0.1407026519558113
3.2146528851221823,0.39969843112083697,5.430893370816866,-0.27952605794060603,0.8198749778124541,0.3265978641319393,0.041932888666694944,-0.042480903553310315,0.13776007093451947
3.224652885122182,0.40162022891679905,5.433570629913278,-0.27995123498723584,0.8212376829895497,0.32716009467156676,0.04197644195821723,-0.04255445975477971,0.13477357837271087
3.2346528851221823,0.40354188761024606,5.436254897831878,-0.2803771462163526,0.8225703010095333,0.32771812973410286,0.04202649976521549,-0.04262774015764694,0.13174245514032712
3.244652885122182,0.40546339676869647,5.438946134688541,-0.28080378887334656,0.8238723813994479,0.3282719802195301,0.042083177494576164,-0.0427007454379117,0.1286659375733613
3.254652885122182,0.40738474696574467,5.441644300279591,-0.28123116021034916,0.825143465978073,0.3288216559126295,0.04214659227767818,-0.042773476271168245,0.12554321747385744
3.264652885122182,0.40930592978393115,5.444349354079126,-0.28165925748623305,0.8263830887022244,0.3293671654613043,0.04221686300624367,-0.042845933332601845,0.12237344161236054
3.2746528851221823,0.41122693783993225,5.4470612552138205,-0.282088077966645,0.8275907743694648,0.3299085161971856,0.0422941106254569,-0.04291811729694412,0.11915570731817382
3.284652885122182,0.41314776476961723,5.44977996247548,-0.28251761892402827,0.8287660393492808,0.3304457142447047,0.04237845795814221,-0.04299002883848216,0.11588906502094559
3.2946528851221824,0.41506840526040195,5.452505434294315,-0.28294787763754814,0.8299083896464298,0.3309787642447988,0.04247003017570099,-0.04306166863104279,0.11257251270640269
3.3046528851221826,0.41698885505857475,5.455237628732473,-0.28337885139308316,0.831017320491946,0.33150766929674885,0.04256895489545103,-0.04313303734798599,0.10920499465382315
3.3146528851221824,0.41890911096929667,5.457976503484044,-0.2838105374832253,0.8320923163431407,0.3320324309581802,0.04267536218062659,-0.043204135662204934,0.10578540143603593
3.324652885122182,0.42082917085664356,5.4607220158750085,-0.28424293320728033,0.8331328508814051,0.33255304924474904,0.04278938454087988,-0.0432749642461259,0.1023125699098601
3.3346528851221824,0.4227490336633334,5.463474122837796,-0.2846760358712983,0.8341383859474713,0.333069522480641,0.042911157173998675,-0.04334552377167716,0.09878527864153248
3.344652885122182,0.42466869942548435,5.4662327808933515,-0.2851098427880798,0.8351083706127553,0.3335818471707284,0.04304081818285458,-0.04341581491026882,0.09520224454825625
3.354652885122182,0.42658816928105975,5.468997946147205,-0.2855443512771167,0.836042240686965,0.334090017921885,0.04317850870527361,-0.04348583833280545,0.09156212145691031
3.364652885122182,0.42850744548183034,5.471769574275775,-0.2859795586645944,0.8369394180962492,0.3345940273522451,0.04332437305884787,-0.0435555947096739,0.08786349746310525
3.366979327683273,0.42895392663519877,5.472415299544811,-0.2860809070894826,0.8371428172508051,0.3347106846260312,0.04335949523198019,-0.04357178491154707,0.08699448942308798
3.3769793276832734,0.4308730240095371,5.475194605049001,-0.2865166307333571,0.8379944045736222,0.3352089553905669,0.043515304044378283,-0.04364060761519651,0.083306086975778
3.386979327683273,0.4327918751730746,5.477980493391121,-0.2869533829935652,0.8388094678102909,0.3357029827667287,0.043679780511733234,-0.043709803741350174,0.07972390670057497
3.396979327683273,0.43471053578036345,5.480772695898048,-0.28739082599541704,0.8395892245292179,0.3361925002828005,0.04385230525152213,-0.04377875604193753,0.07624440073568264
3.4069793276832727,0.43662900553127426,5.483571166909509,-0.28782895730368074,0.8403346864967124,0.3366775946925762,0.04403263393527723,-0.04384746512180064,0.07286441836228769
3.416979327683273,0.43854728430046525,5.486375861508174,-0.2882677744891583,0.8410468344341828,0.33715834961882124,0.044220529023073496,-0.04391593158529808,0.0695809760871696
3.4269793276832727,0.4404653721332259,5.48918673551123,-0.28870727512868627,0.8417266189370772,0.33763484566161395,0.044415759573571904,-0.04398415603629891,0.0663912520718132
3.436979327683273,0.4423832692402442,5.492003745451903,-0.2891474568051656,0.8423749635632223,0.3381071607482578,0.04461810062416162,-0.04405213907815652,0.06329256678776957
3.4469793276832728,0.44430097598924834,5.494826848561326,-0.289588317107541,0.8429927652688123,0.3385753702146154,0.04482733307387209,-0.044119881313711654,0.06028238083695243
3.4569793276832734,0.44621849287838344,5.497656002722042,-0.290029853630765,0.8435808973746486,0.339039547188719,0.045043243033650655,-0.044187383345283,0.05735827791581101
3.466979327683273,0.44813582053513673,5.500491166466073,-0.29047206397579706,0.8441402097239391,0.3394997626102043,0.045265621792810684,-0.044254645774666375,0.05451796388448826
3.476979327683273,0.45005295971475084,5.503332298972272,-0.29091494574960314,0.8446715289419451,0.3399560852603155,0.04549426576440176,-0.04432166920313281,0.05175926532807956
3.486979327683273,0.4519699112939246,5.50617936005044,-0.29135849656517454,0.8451756607733981,0.34040858201921903,0.04572897600888727,-0.04438845423140464,0.04908011617117029
3.4969793276832735,0.4538866762735085,5.50903231014052,-0.29180271404153607,0.8456533901708622,0.34085731787941187,0.0459695582159097,-0.04445500145965303,0.046478557011160326
3.5069793276832733,0.4558032557477209,5.511891110268793,-0.2922475958036953,0.8461054838144427,0.3413023562695813,0.04621582213868009,-0.044521311487490854,0.04395272198862544
3.516979327683273,0.4577196509000682,5.514755722041844,-0.29269313948263714,0.8465326905565693,0.34174375910862465,0.04646758149744834,-0.044587384913970345,0.04150083639643893
3.5269793276832733,0.4596358630033395,5.517626107646562,-0.29313934271532444,0.8469357414225906,0.3421815868057163,0.046724653979375856,-0.04465322233758308,0.03912121667677187
3.536979327683273,0.46155189341318736,5.520502229840311,-0.2935862031447012,0.8473153508819788,0.342615898396851,0.046986860974467644,-0.04471882435624538,0.03681226380551068
3.546979327683273,0.463467743574715,5.523384051952343,-0.2940337184197264,0.8476722176070455,0.343046751615262,0.047254027433079666,-0.04478419156728159,0.03457245886265461
3.5569793276832726,0.4653834149999011,5.526271537858163,-0.294481886195326,0.8480070255881839,0.34347420304324505,0.04752598159990744,-0.0448493245674255,0.032400357957109875
3.5669793276832733,0.4672989092531434,5.529164651962798,-0.2949307041323719,0.8483204453286042,0.34389830825383966,0.047802554750520775,-0.04491422395281345,0.030294586381322
3.576979327683273,0.46921422795125767,5.532063359200801,-0.2953801698976814,0.848613133844334,0.34431912181082863,0.04808358119136371,-0.04497889031898431,0.028253838611276456
3.586979327683273,0.4711293727615938,5.5349676250343744,-0.29583028116401744,0.848885734909924,0.34473669729425077,0.04836889820802344,-0.0450433242608763,0.02627687713660827
3.5969793276832736,0.4730443453996927,5.537877415448216,-0.2962810356101112,0.8491388804601739,0.3451510874362737,0.04865834578203544,-0.045107526372801375,0.024362525457816867
3.6069793276832733,0.4749591476284332,5.540792696946664,-0.2967324309206579,0.8493731905574451,0.3455623441252054,0.04895176659188916,-0.04517149724844733,0.022509668247849265
3.616979327683273,0.4768737812307819,5.543713436529851,-0.2971844647862679,0.8495892749371579,0.34597051858875283,0.049249005662242946,-0.04523523748087091,0.02071724456415929
3.626979327683273,0.4787882480074766,5.546639601691638,-0.29763713490346383,0.8497877331904679,0.3463756614142431,0.04954991032402501,-0.04529874766249623,0.0189842470134203
3.636979327683273,0.48070254977699217,5.549571160419585,-0.29809043897468007,0.8499691547671417,0.34677782254891465,0.049854330213816904,-0.04536202838511472,0.017309721739000895
3.646979327683273,0.48261668837032073,5.55250808119164,-0.29854437470826806,0.8501341197803881,0.3471770513762426,0.05016211710732057,-0.04542508023986973,0.015692764760913032
3.6569793276832727,0.484530665637403,5.555450332978733,-0.2989989398185245,0.8502831993551397,0.34757339674185206,0.05047312485687314,-0.045487903817242464,0.014132520075623158
3.6669793276832734,0.4864444834240942,5.558397885228863,-0.2994541320256408,0.850416956421092,0.34796690705379096,0.050787209200155434,-0.04555049970705386,0.012628176628740032
3.676979327683273,0.48835814356084334,5.561350707859891,-0.2999099490556854,0.8505359463522988,0.3483576303519849,0.05110422761784157,-0.04561286849845906,0.011178965647227
3.686979327683273,0.4902716478626941,5.564308771259549,-0.30036638864060383,0.8506407169671714,0.34874561430823703,0.05142403933359913,-0.04567501077994739,0.009784160639401303
3.6969793276832728,0.4921849981269738,5.567272046284844,-0.30082344851821863,0.8507318087553687,0.3491309062466689,0.05174650526674907,-0.045736927139337503,0.00844307642527285
3.7069793276832734,0.49409819613341677,5.570240504263724,-0.3012811264322535,0.850809755615093,0.34951355320297295,0.05207148788699573,-0.04579861816375408,0.007155065737442455
3.716979327683273,0.49601124363634524,5.573214116989444,-0.30173942013231275,0.8508750849913108,0.34989360194787983,0.052398851174737644,-0.04586008443963197,0.005919518806352913
3.726979327683273,0.49792414234328336,5.576192856710916,-0.30219832737384267,0.8509283187435251,0.3502710990803862,0.052728460423539514,-0.045921326552710105,0.0047358600385683704
3.7369793276832732,0.49983689391410585,5.579176696132377,-0.3026578459181308,0.8509699731934196,0.35064609103245914,0.05306018222973019,-0.04598234508803082,0.003603547824588894
3.746979327683273,0.5017494999611251,5.582165608413778,-0.30311797353230774,0.8510005591652451,0.35101862407156725,0.05339388448480293,-0.046043140629938015,0.0025220743504700332
3.756979327683273,0.5036619620471331,5.58515956717374,-0.30357870798936554,0.8510205825745379,0.3513887443434949,0.05372943625931941,-0.04610371376205556,0.001490962953647268
3.7669793276832726,0.505574281671341,5.588158546482766,-0.3040400470681262,0.8510305448007455,0.35175649791807356,0.05406670771154876,-0.04616406506728933,0.0005097668483633306
3.7769793276832733,0.5074864602626085,5.591162520861345,-0.30450198855322946,0.8510309428986239,0.35212193081074056,0.0544055700391795,-0.046224195127825725,-0.00042192975305013606
3.786979327683273,0.509398499177458,5.594171465280979,-0.3049645302351379,0.8510222701936361,0.35248508902695447,0.05474589534033132,-0.04628410452512269,-0.0013044296603670065
3.796979327683273,0.511310399690415,5.597185355163276,-0.30542766991012427,0.851005017600251,0.35284601866866266,0.055087556288100796,-0.04634379383990442,-0.002137939919171395
3.8069793276832726,0.5132221629840611,5.600204166378984,-0.30589140538025505,0.850979674052539,0.3532047659744591,0.05543042602792446,-0.046403263652158966,-0.0029226625397459124
3.8169793276832733,0.5151337901529567,5.6032278752517755,-0.30635573445340886,0.8509467263783257,0.3535613773054394,0.05577437821785737,-0.04646251454112977,-0.0036588016957336076
3.826979327683273,0.5170452821890289,5.606256458558092,-0.30682065494325667,0.8509066593234537,0.35391589915454824,0.05611928703673895,-0.04652154708530834,-0.004346561904845694
3.836979327683273,0.5189566399674693,5.60928989352493,-0.30728616466923586,0.8508599556643187,0.3542683781646003,0.0564650271625314,-0.04658036186243333,-0.004986147173298132
3.846979327683273,0.5208678642464335,5.612328157829882,-0.30775226145655,0.8508070962082718,0.3546188611282861,0.0568114737726074,-0.04663895944949021,-0.005577760962779862
3.856979327683273,0.5227789556625216,5.6153712296046745,-0.3082189431361735,0.8507485597060788,0.35496739497618446,0.0571585025811339,-0.046697340422699546,-0.006121604915056403
3.8669793276832727,0.5246899147309543,5.618419087437941,-0.30868620754486253,0.8506848227568695,0.3553140267653018,0.05750598987291977,-0.046755505357508206,-0.006617878093075068
3.8769793276832734,0.5266007418237819,5.621471710371591,-0.3091540525251121,0.8506163600579106,0.35565880370583886,0.05785381244782752,-0.04681345482858895,-0.007066775821689178
3.886979327683273,0.5285114371644903,5.6245290779005925,-0.30962247592514797,0.8505436444449633,0.3560017731650516,0.05820184761445186,-0.046871189409838636,-0.007468489251402002
3.896979327683273,0.5304220008264338,5.627591169973374,-0.3100914755989253,0.8504671469001023,0.35634298266637354,0.05854997319041145,-0.0469287096743765,-0.007823205135534915
3.9069793276832727,0.5323324327302869,5.630657966996667,-0.3105610494061408,0.850387336475873,0.3566824798699322,0.0588980675384574,-0.046986016194528954,-0.008131104424988883
3.9169793276832734,0.5342427326395208,5.633729449835271,-0.3110311952122266,0.850304680351242,0.35702031257557193,0.059246009555773575,-0.04704310954182709,-0.008392361843437281
3.926979327683273,0.5361529001387044,5.636805599809802,-0.3115019108883095,0.8502196441086444,0.3573565287441364,0.059593678611582046,-0.047099990287004574,-0.00860714465244738
3.936979327683273,0.5380629346319077,5.639886398696686,-0.31197319431120907,0.8501326917508665,0.3576911764983569,0.05994095454390708,-0.0471566589999971,-0.00877561252442054
3.9469793276832728,0.5399728353401494,5.642971828729022,-0.312445043363436,0.8500442857292835,0.358024304120793,0.06028771765583451,-0.04721311624993935,-0.008897917176982788
3.9569793276832734,0.5418826013003377,5.6460618726019725,-0.31291745593320824,0.8499548869122298,0.3583559600310371,0.060633848739415803,-0.04726936260514844,-0.00897420101143907
3.966979327683273,0.5437922313571587,5.649156513471248,-0.3133904299144345,0.8498649547247025,0.3586861927967589,0.06097922904055934,-0.04732539863312446,-0.009004596794521577
3.976979327683273,0.545701724142132,5.652255734952073,-0.31386396320667664,0.8497749474581839,0.3590150511513983,0.061323740186401327,-0.04738122490054819,-0.008989226484232948
3.9869793276832732,0.5476110780728078,5.6553595211192285,-0.31433805371514867,0.8496853222816144,0.3593425839944773,0.06166726418298,-0.04743684197328072,-0.008928201166141545
3.996979327683273,0.5495202913500945,5.658467856508,-0.3148126993507149,0.8495965352876176,0.3596688403899252,0.06200968340607952,-0.047492250416360585,-0.008821620715461656
4.006979327683273,0.5514293619564086,5.661580726119817,-0.31528789802990576,0.8495090415426239,0.35999386954410534,0.06235088060240595,-0.04754745079398682,-0.008669572442904533
4.0169793276832735,0.5533382876491852,5.664698115420945,-0.3157636476749042,0.8494232952100638,0.3603177208156408,0.06269073885727704,-0.04760244366952003,-0.008472130899526444
4.026979327683273,0.5552470659371178,5.667820010342464,-0.316239946213504,0.849339749947307,0.36064044373470777,0.0630291414974232,-0.04765722960548045,-0.008229356628784663
4.036979327683273,0.5571556940790245,5.670946397280383,-0.31671679157910826,0.8492588589246467,0.36096208800347823,0.06336597208660436,-0.04771180916354752,-0.00794129608321962
4.046979327683273,0.559064169081969,5.674077263096243,-0.3171941817107278,0.8491810748650458,0.36128270349578484,0.06370111441644807,-0.04776618290455846,-0.007607981432380588
4.0569793276832735,0.5609724876959057,5.6772125951230015,-0.31767211455299144,0.8491068502171981,0.36160234024034277,0.06403445247305242,-0.04782035138849199,-0.007229429150405264
4.066979327683273,0.5628806464144736,5.680352381164679,-0.31815058805614815,0.8490366371662512,0.3619210484204457,0.06436587043447094,-0.04787431517446681,-0.0068056399733147895
4.076979327683273,0.5647886414449718,5.683496609497515,-0.31862960017601594,0.848970888173685,0.36223887839987584,0.06469525253323395,-0.04792807482074127,-0.006336597450828955
4.086979327683273,0.5666964687051104,5.686645268870397,-0.31910914887397673,0.8489100560385882,0.36255588072457084,0.06502248304129268,-0.047981630884712585,-0.005822267733062662
4.0969793276832736,0.5686041238227544,5.689798348504943,-0.3195892321169766,0.8488545939034392,0.36287210612268556,0.0653474462685809,-0.04803498392291668,-0.005262599548984504
4.106979327683273,0.5705116021260859,5.692955838100865,-0.3200698478775245,0.8488049555336284,0.363187605498678,0.06567002649652834,-0.04808813449101656,-0.004657522894189706
4.116979327683273,0.5724188986517171,5.696117727837751,-0.3205509941337173,0.8487615952569557,0.3635024299173093,0.0659901079982452,-0.048141083143792805,-0.004006948809072294
4.126979327683274,0.5743260081137369,5.699284008376769,-0.32103266886918536,0.8487249685295526,0.36381663063446845,0.0663075748890381,-0.04819383043514704,-0.0033107680483201213
4.136979327683274,0.5762329248916024,5.702454670862698,-0.32151487007307566,0.8486955321782106,0.3641302591048874,0.06662231106434405,-0.048246376918100124,-0.002568850336079125
4.1469793276832725,0.5781396430301408,5.705629706923933,-0.3219975957400523,0.8486737444003802,0.3644433669821411,0.06693420019973059,-0.048298723144792166,-0.0017810443659530104
4.156979327683273,0.5800461562381809,5.708809108674408,-0.32248084387030007,0.8486600648129852,0.3647560061126471,0.06724312573968869,-0.048350869666478266,-0.0009471810216353436
4.166979327683273,0.5819524578766478,5.7119928687220805,-0.3229646124695326,0.8486549550315413,0.3650682285396188,0.06754897075129944,-0.04840281703351032,-6.705298208334928e-05
4.176979327683273,0.5838585409420705,5.7151809801672,-0.3234488995489538,0.8486588786178485,0.36538008650239606,0.06785161793441058,-0.04845456579534686,0.0008595246965175255
4.1869793276832725,0.5857643980588156,5.718373436605288,-0.3239337031252514,0.848672300625927,0.3656916323770429,0.06815094974360428,-0.048506116500549375,0.0018326384659801292
4.196979327683273,0.5876700214747157,5.721570232128974,-0.3244190212206004,0.8486956866631443,0.36600291856828243,0.06844684863768374,-0.04855746969677556,0.002852335542463998
4.206979327683273,0.5895754030483964,5.724771361329558,-0.324904851862647,0.8487295027533192,0.366313997472701,0.0687391971163179,-0.04860862593077662,0.003918657738103377
4.216979327683273,0.5914805342309334,5.727976819298236,-0.32539119308448017,0.8487742153714245,0.36662492145785597,0.06902787771024785,-0.04865958574839837,0.005031640980937839
4.226979327683273,0.5933854060703899,5.731186601626638,-0.3258780429246445,0.8488302913736541,0.3669357428520423,0.06931277300083724,-0.04871034969457646,0.0061913155778544875
4.236979327683273,0.5952900092354073,5.7344007044071725,-0.32636539942719445,0.8488981977609127,0.36724651391808905,0.06959376568476941,-0.04876091831332126,0.007397706431772716
4.246979327683273,0.5971943339503868,5.737619124235235,-0.32685326064159254,0.848978401657407,0.3675572867623846,0.0698707385743643,-0.04881129214772311,0.008650829916999895
4.256979327683273,0.5990983699917846,5.740841858209326,-0.32734162462270333,0.8490713703129571,0.3678681133305214,0.07014357459666899,-0.04886147173995284,0.00995069371249961
4.2669793276832735,0.6010021066881109,5.744068903931048,-0.3278304894307935,0.8491775711029956,0.3681790454072965,0.07041215679345776,-0.048911457631261736,0.011297296801891402
4.276979327683273,0.6029055329199302,5.747300259505103,-0.3283198531315315,0.8492974715285683,0.368490134616711,0.07067636832123189,-0.048961250361981554,0.012690629473450447
4.286979327683273,0.6048086371098002,5.750535923539411,-0.3288097137959789,0.8494315390831213,0.3688014323785515,0.0709360924848991,-0.04901085047152074,0.014130672574355034
4.296979327683274,0.6067114072098044,5.753775895146862,-0.3293000695006092,0.8495802406369103,0.3691129897483567,0.07119121289864039,-0.04906025849833745,0.015617395065909732
4.3069793276832735,0.6086138307366178,5.757020173943847,-0.32979091832734375,0.8497440428188829,0.369424857551035,0.07144161338890644,-0.04910947497994888,0.01715075633001418
4.316979327683273,0.6105158946974186,5.76026876004791,-0.33028225836344444,0.8499234116320225,0.369737086203051,0.0716871780836705,-0.04915850045293328,0.018730702679250616
4.326979327683274,0.6124175855835519,5.76352165407767,-0.3307740877015059,0.8501188124002116,0.3700497256923756,0.07192779142547022,-0.04920733545292914,0.020357166990664574
4.336979327683274,0.6143188893705281,5.766778857152821,-0.3312664044394552,0.8503307097682327,0.3703628255784859,0.07216333817140758,-0.04925598051463514,0.022030068705764492
4.3469793276832736,0.6162197915180249,5.770040370894135,-0.3317592066805523,0.8505595677017675,0.37067643499236536,0.07239370339314899,-0.04930443617181017,0.023749313830522457
4.356979327683273,0.6181202769698678,5.773306197423454,-0.3322524925333897,0.8508058494870827,0.3709906026364136,0.07261877247700332,-0.049352702957273335,0.025514794934373138
4.366979327683273,0.6200203301274996,5.77657633935757,-0.33274626011188,0.8510700170100418,0.3713053765943891,0.07283843130478419,-0.049400781402886396,0.02732638907524395
4.376979327683273,0.6219199348790555,5.779850799809396,-0.3332405075353187,0.8513525306223813,0.37162080433735367,0.07305256629228948,-0.04944867203953779,0.029183957908185544
4.386979327683273,0.6238190745684241,5.783129582384626,-0.333735232928314,0.8516538493418784,0.3719369327331183,0.07326106433104167,-0.0494963753971614,0.031087347579480933
4.3969793276832725,0.6257177319544586,5.786412691175153,-0.3342304344207358,0.8519744303466457,0.3722538078870326,0.07346381291114736,-0.04954389200473244,0.033036386909852236
4.406979327683273,0.6276158892109767,5.789700130759072,-0.3347261101477159,0.8523147289751319,0.37257147514198485,0.07366070012129725,-0.04959122239026739,0.03503088739446028
4.416979327683273,0.6295135279267601,5.792991906200679,-0.3352222582496476,0.8526751987261211,0.3728899790784016,0.0738516146487661,-0.049638367080824024,0.03707064320290413
4.426979327683273,0.6314106291055552,5.7962880230504705,-0.3357188768721859,0.8530562912587331,0.37320936351424805,0.07403644577941282,-0.049685326602501426,0.039155431179221975
4.436979327683273,0.6333071731616509,5.7995884873413335,-0.33621596416624855,0.8534584561663529,0.373529671452382,0.0742150834540729,-0.0497321014804348,0.04128501053641263
4.446979327683273,0.6352031399057553,5.802893305570029,-0.3367135182880376,0.85388213985269,0.37385094482949344,0.07438741854946303,-0.049778692238766034,0.043459121278832134
4.456979327683273,0.6370985085425108,5.80620248470615,-0.337211537399004,0.8543277862468794,0.3741732246643129,0.07455334269598324,-0.04982509940066612,0.045677484909693776
4.466979327683273,0.6389932576360949,5.8095160321803245,-0.33771001966580205,0.8547958362834875,0.3744965509067224,0.07471274840370702,-0.04987132348833307,0.04793980361754187
4.4769793276832734,0.640887365107524,5.812833955882652,-0.33820896326028715,0.8552867278158794,0.37482096241632334,0.0748655290838553,-0.04991736502299034,0.05024576015706603
4.486979327683273,0.6427808082346534,5.816156264162689,-0.33870836635951607,0.8558008956162179,0.37514649696243674,0.07501157904879634,-0.04996322452488682,0.05259501784910038
4.489305770244364,0.6432212091661303,5.816929809709082,-0.33882461531349767,0.855923897369562,0.37522239566627963,0.0750445804586623,-0.049973867429472414,0.053147730238790845
4.499305770244364,0.6451140040725716,5.8202572031596995,-0.3393242467868924,0.8564666834865065,0.37554756526669714,0.07518131614353989,-0.050018897302697506,0.055493779780385964
4.509305770244365,0.6470058692714014,5.823589291973655,-0.3398246632895665,0.8570330531421132,0.3758712046562924,0.07531051310680134,-0.05006437548931138,0.0577684822899694
4.519305770244364,0.6488969735633082,5.82692573330263,-0.34032553374259655,0.857621820513613,0.3761929474266156,0.07543206014769771,-0.050109687451216106,0.05997343185333823
4.529305770244364,0.6507872833922241,5.8302665051539915,-0.3408268564860874,0.8582322922232443,0.3765127386688506,0.07554616402714641,-0.0501548336597301,0.06210946199257451
4.539305770244364,0.652676765420363,5.833611585191783,-0.3413286298648503,0.858863783038872,0.37683052398886824,0.07565302918883317,-0.050199814585276434,0.06417743287683698
4.549305770244365,0.6545653865352093,5.8369609507217675,-0.3418308522284079,0.8595156168247475,0.37714624973911265,0.07575285747124846,-0.050244630697374885,0.06617822665431046
4.5593057702443645,0.6564531138608108,5.840314578703142,-0.3423335219309784,0.8601871265084419,0.37745986305917656,0.07584584811861175,-0.05028928246464257,0.06811274552586633
4.569305770244364,0.658339914774234,5.843672445766738,-0.34283663733144987,0.8608776539825846,0.37777131192523267,0.07593219781168788,-0.05033377035479567,0.06998190903524694
4.579305770244365,0.6602257569069216,5.847034528215671,-0.3433401967933785,0.8615865501348231,0.37808054516208345,0.07601210065855302,-0.050378094834649174,0.0717866536944854
4.589305770244365,0.6621106081512871,5.850400802018927,-0.3438441986849893,0.8623131754160558,0.3783875125888254,0.07608574801843619,-0.05042225637011122,0.07352792951034656
4.5993057702443645,0.6639944366660742,5.853771242809225,-0.3443486413791757,0.8630569001704268,0.3786921651089408,0.07615332839928728,-0.05046625542617949,0.07520669770912618
4.609305770244364,0.6658772108949306,5.857145825910608,-0.34485352325346563,0.863817104267108,0.37899445471036475,0.07621502756711113,-0.05051009246694453,0.07682392829898814
4.619305770244365,0.6677588995695074,5.860524526341895,-0.34535884269001577,0.8645931770885753,0.37929433447592126,0.07627102854890412,-0.050553767955589815,0.0783805994732007
4.629305770244365,0.669639471713322,5.863907318816642,-0.3458645980756097,0.8653845177058805,0.37959175863432415,0.07632151157574621,-0.05059728235438937,0.07987769606388027
4.6393057702443645,0.6715188966466318,5.867294177733444,-0.3463707878016658,0.8661905355068601,0.3798866827066256,0.07636665388432562,-0.050640636124700183,0.08131620608896838
4.649305770244364,0.6733971439992553,5.870685077200286,-0.3468774102642088,0.8670106497504944,0.3801790634657464,0.0764066298488232,-0.050683829726965536,0.08269711960731614
4.659305770244364,0.6752741837198247,5.874079991048657,-0.34738446386385186,0.8678442893898893,0.38046885893723764,0.0764416110307563,-0.050726863620715976,0.0840214272963246
4.669305770244364,0.6771499860765045,5.87747889283412,-0.3478919470057954,0.8686908930812327,0.38075602840374995,0.07647176617540184,-0.05076973826456908,0.08529012024008707
4.679305770244364,0.6790245216631164,5.880881755833442,-0.3483998580998284,0.8695499095756224,0.38104053250523473,0.07649726108162234,-0.05081245411622306,0.086504186933642
4.689305770244364,0.680897761403339,5.884288553047075,-0.3489081955603267,0.8704207978086096,0.38132233327126713,0.07651825856984296,-0.050855011632454324,0.08766461199691428
4.699305770244364,0.6827696765648076,5.887699257228753,-0.3494169578062165,0.8713030263282189,0.3816013940602743,0.07653491864826566,-0.050897411269121284,0.08877237490504698
4.709305770244364,0.6846402387610908,5.891113840888728,-0.3499261432609704,0.87219607325165,0.3818776795583648,0.0765473985244746,-0.05093965348116447,0.08982844966463975
4.719305770244365,0.6865094199540118,5.894532276295377,-0.3504357503526046,0.8730994263033837,0.3821511557945988,0.07655585258942117,-0.050981738722605,0.0908338040506858
4.729305770244364,0.6883771924585507,5.897954535470013,-0.3509457775136864,0.8740125832354688,0.38242179023787215,0.07656043227541093,-0.05102366744653645,0.09178939677794451
4.739305770244364,0.690243528949728,5.901380590205424,-0.3514562231813126,0.8749350514041837,0.3826895517382912,0.07656128618113303,-0.05106544010512769,0.09269617734656073
4.749305770244364,0.6921084024714492,5.904810412086059,-0.3519670857970835,0.8758663473635853,0.3829544104794094,0.07655856018722174,-0.05110705714962502,0.09355508521151043
4.759305770244365,0.6939717864367079,5.9082439724883775,-0.35247836380710246,0.8768059968607069,0.3832163379779986,0.07655239745744975,-0.051148519030352134,0.09436704974605979
4.769305770244364,0.6958336546314325,5.91168124258375,-0.3529900556619718,0.8777535348861897,0.3834753071050826,0.0765429384132244,-0.051189826196706686,0.0951329889626318
4.779305770244364,0.6976939812170757,5.915122193333294,-0.35350215981680394,0.8787085059839589,0.38373129215051127,0.0765303206284771,-0.051230979097153406,0.09585380775317673
4.789305770244365,0.6995527407390333,5.918566795515385,-0.3540146747311852,0.8796704635634217,0.38398426871995445,0.07651467903257422,-0.05127197817922922,0.09653039802963356
4.799305770244365,0.7014099081309327,5.922015019736794,-0.35452759886916013,0.8806389696565958,0.3842342137027469,0.07649614597851573,-0.05131282388954423,0.09716363837062687
4.8093057702443645,0.7032654587147673,5.925466836432947,-0.35504093069923154,0.881613594913185,0.3844811052713403,0.07647485124408929,-0.051353516673781664,0.0977543939973088
4.819305770244364,0.7051193682048831,5.928922215871188,-0.35555466869435737,0.8825939186380162,0.3847249228980623,0.07645092200663309,-0.051394056976692984,0.09830351544295697
4.829305770244365,0.7069716127096336,5.932381128147904,-0.3560688113319598,0.8835795289697621,0.38496564739062605,0.07642448278115334,-0.05143444524209288,0.09881183756296631
4.839305770244365,0.7088221687386831,5.935843543217064,-0.35658335709388383,0.8845700221216787,0.38520326077348543,0.07639565564348694,-0.05147468191286491,0.09928017992901952
4.8493057702443645,0.7106710132052103,5.939309430897026,-0.3570983044663873,0.885565002216981,0.3854377462637837,0.07636456027643299,-0.051514767430962075,0.09970934671175352
4.859305770244364,0.7125181234260584,5.942778760870927,-0.35761365194014016,0.8865640812802401,0.3856690882701415,0.07633131397186275,-0.051554702237406776,0.10010012665809782
4.869305770244364,0.7143634771251497,5.946251502690375,-0.3581293980102215,0.8875668792277944,0.38589727239746247,0.07629603161875974,-0.05159448677228552,0.10045329203012679
4.879305770244364,0.7162070524347219,5.949727625773373,-0.358645541176129,0.8885730239992898,0.3861222854715591,0.07625882565711257,-0.05163412147474445,0.10076959792550558
4.889305770244364,0.7180488279006907,5.953207099431085,-0.3591620799417355,0.8895821507906246,0.38634411541507907,0.07621980630382467,-0.05167360678299541,0.10104978296346773
4.899305770244364,0.7198887824841256,5.95668989287356,-0.3596790128152794,0.8905939019002211,0.3865627512234842,0.07617908159597585,-0.05171294313431652,0.10129456927987056
4.909305770244364,0.7217268955613019,5.960175975209925,-0.3601963383093644,0.8916079267239159,0.3867781829642433,0.07613675739214552,-0.05175213096505217,0.10150466252268547
4.919305770244364,0.7235631469262119,5.963665315452775,-0.360714054940955,0.892623881677815,0.3869904017666034,0.07609293738247687,-0.051791170710608514,0.10168075120961559
4.929305770244365,0.7253975167916892,5.96715788251495,-0.3612321612313897,0.8936414303649703,0.38719939985080154,0.07604772303080477,-0.051830062805447684,0.1018235060079305
4.939305770244364,0.7272299857927269,5.970653645233269,-0.3617506557063371,0.8946602428385393,0.387405170406108,0.07600121379345696,-0.051868807683094466,0.10193358067850546
4.949305770244364,0.7290605349878022,5.974152572375537,-0.36226953689578323,0.8956799953919882,0.3876077075566387,0.07595350717886244,-0.05190740577613733,0.10201161219303559
4.959305770244364,0.730889145858876,5.977654632640553,-0.3627888033340312,0.8967003705590917,0.3878070063613556,0.0759046987475515,-0.051945857516228384,0.10205822073403571
4.969305770244365,0.732715800312643,5.981159794661842,-0.363308453559696,0.8977210570100436,0.3880030627970146,0.07585488213516682,-0.05198416333408087,0.10207400947975255
4.979305770244364,0.7345404806821928,5.9846680270054105,-0.36382848611571805,0.8987417496926015,0.3881958737820187,0.07580414899721022,-0.05202232365946087,0.10205956376191024
4.989305770244364,0.7363631697281493,5.988179298185711,-0.3643488995493306,0.8997621492961829,0.388385437086734,0.07575258917163626,-0.05206033892119373,0.10201545199832585
4.999305770244364,0.7381838506400529,5.991693576677197,-0.36486969241203393,0.9007819618660142,0.38857175126925747,0.07570029078979855,-0.05209820954716637,0.10194222608680681
5.009305770244365,0.7400025070363617,5.995210830914331,-0.36539086325959597,0.9018008988028687,0.38875481567537346,0.07564734027652097,-0.052135935964327314,0.1018404214052252
5.019305770244364,0.7418191229647229,5.998731029293139,-0.36591241065204866,0.9028186768074945,0.3889346304290992,0.07559382236420231,-0.05217351859868604,0.10171055680699342
5.029305770244364,0.7436336829036644,6.002254140173182,-0.3664343331536922,0.903835017844154,0.3891111964252339,0.07553982008783276,-0.05221095787530474,0.10155313406528464
5.039305770244365,0.7454461717627914,6.00578013188122,-0.3669566293330908,0.9048496490336965,0.3892845153112934,0.07548541481925324,-0.052248254218299775,0.10136863812808392
5.049305770244365,0.7472565748835531,6.009308972728367,-0.36747929776302707,0.905862302009548,0.38945458937979827,0.07543068645604448,-0.05228540805084746,0.10115753804373309
5.0593057702443645,0.7490648780393301,6.0128406310111675,-0.3680023370204998,0.9068727128775326,0.3896214215615247,0.0753757134328471,-0.052322419795184226,0.10092028700093869
5.069305770244365,0.7508710674354361,6.016375075011635,-0.3685257456867236,0.9078806222142518,0.3897850154252305,0.07532057272180609,-0.05235928987260661,0.10065732233025396
5.079305770244365,0.7526751297097112,6.019912273001136,-0.369049522347121,0.9088857749009398,0.3899453751487096,0.07526533987274714,-0.052396018703467745,0.10036906548016124
5.089305770244365,0.7544770519334644,6.023452193237618,-0.369573665591343,0.909887920281661,0.39010250554329773,0.07521008895821998,-0.05243260670716972,0.1000559214927036
5.0993057702443645,0.7562768216110555,6.026994803979445,-0.37009817401322426,0.9108868115883674,0.3902564119587348,0.07515489274743616,-0.05246905430217178,0.0997182800533673
5.109305770244364,0.7580744266798956,6.030540073491867,-0.37062304621076253,0.9118822056601845,0.3904071002362979,0.07509982278728249,-0.05250536190599243,0.09935651587796486
5.119305770244364,0.7598698555104464,6.034087970047016,-0.3711482807861185,0.912873862943411,0.3905545767088013,0.07504494940232112,-0.05254152993520939,0.09897098871263535
5.129305770244364,0.7616630969062191,6.037638461924464,-0.3716738763456139,0.913861547460761,0.3906988481954131,0.07499034170306969,-0.0525775588054595,0.09856204336074187
5.139305770244364,0.7634541401042999,6.041191517414125,-0.372199831499728,0.9148450266495594,0.39083992197260115,0.07493606762132668,-0.052613448931431994,0.09813000959111132
5.149305770244364,0.7652429747757379,6.044747104815129,-0.37272614486311223,0.9158240714752282,0.3909778057919338,0.07488219387662097,-0.052649200726865686,0.097675201954935
5.159305770244364,0.7670295910245332,6.04830519244874,-0.3732528150545341,0.9167984557766388,0.39111250777300227,0.0748287861705964,-0.052684814604557734,0.09719792087364244
5.169305770244364,0.7688139793875302,6.0518657486603,-0.3737798406968698,0.9177679561623604,0.3912440363862742,0.07477590921669942,-0.05272029097636432,0.09669845277948462
5.179305770244365,0.7705961308344176,6.055428741819238,-0.3743072204171036,0.9187323520106602,0.39137240045309374,0.07472362674017903,-0.052755630253200625,0.09617707011553414
5.189305770244364,0.7723760367676858,6.058994140319762,-0.3748349528463245,0.9196914254145971,0.39149760913659154,0.07467200149280744,-0.052790832845040526,0.09563403138266606
5.199305770244364,0.7741536890229764,6.062561912582494,-0.37536303661972675,0.9206449610382622,0.3916196719157322,0.07462109528276048,-0.05282589916090856,0.0950695810398364
5.209305770244365,0.7759290798691748,6.066132027054784,-0.3758914703766184,0.9215927461830495,0.39173859859566107,0.07457096895802721,-0.052860829608879736,0.09448394948545102
5.219305770244365,0.777702202007182,6.069704452219947,-0.37642025276036417,0.9225345701738267,0.3918543992093198,0.07452168258713304,-0.052895624596088126,0.09387735400428779
5.229305770244364,0.779473048569822,6.073279156598093,-0.3769493824183807,0.9234702242990112,0.3919670840077369,0.0744732954761829,-0.05293028452872727,0.09324999884415579
5.239305770244364,0.781241613121841,6.076856108746128,-0.3774788580021365,0.9243995018105706,0.39207666346002773,0.07442586616886125,-0.052964809812050186,0.09260207521589546
5.249305770244365,0.7830078896598721,6.0804352772580845,-0.3780086781671484,0.9253221978777879,0.39218314824598394,0.07437945245890415,-0.05299920085036917,0.09193376132966267
5.259305770244365,0.7847718726125998,6.0840166307660795,-0.3785388415729793,0.9262381094005963,0.39228654922431555,0.07433411143322098,-0.053033458047048294,0.09124522236279503
5.269305770244364,0.7865335568408709,6.087600137940362,-0.3790693468832546,0.9271470351491866,0.3923868774538796,0.0742898994334348,-0.053067581804501614,0.09053661034378731
5.279305770244364,0.7882929376365868,6.0911857674953405,-0.3796001927656004,0.9280487751592708,0.39248414409955307,0.07424687223343121,-0.053101572524203104,0.0898080649951355
5.289305770244365,0.7900500107225951,6.094773488190257,-0.38013137789163637,0.928943130652648,0.3925783604197377,0.07420508506188624,-0.053135430606687385,0.08905971382344803
5.299305770244365,0.7918047722526885,6.098363268829188,-0.38066290093697563,0.9298299040372047,0.3926695377663604,0.07416459260226627,-0.05316915645154969,0.08829167211944597
5.3093057702443645,0.7935572188116081,6.101955078261056,-0.381194760581224,0.9307088988965109,0.3927576875832738,0.07412544899566086,-0.05320275045744587,0.0875040429643695
5.319305770244364,0.7953073474152543,6.105548885379532,-0.38172695550796765,0.931579919738153,0.39284282136650417,0.07408770790478378,-0.05323621302208804,0.08669691727059349
5.329305770244364,0.7970551555107168,6.109144659123078,-0.3822594844048063,0.9324427722156402,0.3929249506962103,0.07405142244755218,-0.053269544542236674,0.08587037350743813
5.339305770244364,0.7988006409757672,6.112742368477629,-0.3827923459632931,0.9332972626117397,0.39300408715917,0.07401664534994595,-0.05330274541371244,0.08502447834606368
5.3493057702443645,0.8005438021188082,6.116341982477105,-0.38332553887891474,0.9341431976377118,0.3930802423183266,0.07398342900278722,-0.05333581603139849,0.08415928683836377
5.359305770244364,0.8022846376788727,6.119943470203414,-0.3838590618510912,0.9349803844333094,0.3931534277127885,0.07395182546174027,-0.053368756789240475,0.08327484241696564
5.369305770244364,0.8040231468256251,6.123546800786447,-0.38439291358317584,0.9358086305667789,0.3932236548578295,0.07392188644731167,-0.05340156808024655,0.08237117689522981
5.379305770244365,0.8057593291597046,6.127151943403261,-0.38492709278244674,0.9366277439073696,0.39329093522581565,0.07389366337825538,-0.05343425029648669,0.08144831046764839
5.3893057702443645,0.8074931847130987,6.130758867276877,-0.3854615981601187,0.9374375325257488,0.39335528022929916,0.07386720738968616,-0.053466803829082386,0.08050625150264885
5.399305770244364,0.8092247139485054,6.134367541678275,-0.385996428431339,0.9382378047205999,0.39341670122514616,0.07384256933190095,-0.053499229068211314,0.07954499672561226
5.409305770244364,0.8109539177603451,6.137977935924509,-0.386531582315128,0.9390283684847964,0.3934752094365795,0.07381979992088386,-0.05353152640311617,0.0785645315160502
5.419305770244364,0.8126807974748048,6.141590019378622,-0.38706705853437756,0.9398090314866238,0.3935308159504137,0.07379894974344897,-0.05356369622210477,0.07756482991373777
5.429305770244365,0.8144053548498373,6.1452037614496415,-0.38760285581585113,0.9405796010697801,0.39358353171705546,0.07378006925724033,-0.05359573891255009,0.07654585461871345
5.439305770244364,0.8161275920751685,6.148819131592566,-0.3881389728901833,0.9413398842521797,0.39363336755033135,0.07376320879104897,-0.053627654860890224,0.07550755699087813
5.449305770244364,0.8178475117739858,6.152436099304437,-0.38867540849186344,0.9420896874395672,0.3936803340858171,0.07374841861770612,-0.05365944445262601,0.07444987686548127
5.459305770244365,0.819565117001516,6.156054634126516,-0.3892121613592742,0.9428288166186172,0.3937244418066427,0.07373574889603064,-0.05369110807230992,0.07337274243698158
5.469305770244365,0.8212804112463916,6.159674705642161,-0.3897492302346406,0.9435570770097472,0.3937657009947157,0.07372524977261526,-0.05372264610355836,0.07227607045281817
5.479305770244364,0.8229933984324754,6.163296283473182,-0.39028661386399566,0.9442742727374202,0.3938041216838156,0.07371697147177544,-0.05375405892905625,0.07115976617950591
5.489305770244365,0.8247040829188598,6.166919337279839,-0.3908243109971803,0.9449802068301426,0.3938397136595935,0.07371096429554942,-0.05378534693055709,0.07002372340263568
5.499305770244365,0.8264124694998658,6.170543836760841,-0.3913623203878432,0.9456746812204657,0.39387248645957246,0.0737072786236981,-0.053816510488882925,0.06886782442687467
5.509305770244365,0.8281185634051524,6.174169751653144,-0.39190064079344017,0.946357496734063,0.393902449371606,0.07370596491652058,-0.05384754998392443,0.06769194006470013
5.519305770244364,0.8298223703032347,6.177797051724456,-0.3924392709752159,0.9470284527200008,0.3939296113810842,0.07370707380659926,-0.053878465794637356,0.06649592914524863
5.529305770244365,0.8315238962975967,6.181425706779287,-0.3929782096982498,0.9476873473699222,0.3939539812145674,0.07371065601141163,-0.05390925829903239,0.06527963870789148
5.539305770244365,0.8332231479311137,6.185055686651719,-0.3935174557313902,0.9483339772249952,0.3939755672713014,0.07371676247046312,-0.05393992787418942,0.06404290383390113
5.549305770244365,0.8349201321886682,6.1886869612006565,-0.3940570078472285,0.9489681369089435,0.39399437758580735,0.07372544441596195,-0.0539704748962611,0.06278554743153604
5.5593057702443645,0.8366148564971484,6.192319500309828,-0.39459686482209877,0.9495896191280468,0.3940104198278819,0.07373675337281922,-0.054000899740472834,0.06150738023604111
5.569305770244364,0.8383073287254496,6.1959532738877785,-0.39513702543607776,0.9501982146711406,0.394023701302597,0.07375074115864891,-0.05403120278112279,0.060208200809647484
5.579305770244364,0.8399975571844989,6.1995882518678185,-0.39567748847298506,0.9507937124077429,0.3940342289500282,0.07376745988416995,-0.054061384391581827,0.058887795535666795
5.589305770244364,0.8416855506303351,6.203224404200754,-0.3962182527203894,0.9513758990420258,0.39404200930961203,0.07378696200816724,-0.05409144494428472,0.05754593793893617
5.5993057702443645,0.8433713182663769,6.206861700850693,-0.3967593169695823,0.9519445588606796,0.39404704848463695,0.07380930040539226,-0.05412138481073465,0.056182388480652726
5.609305770244364,0.8450548697444177,6.210500111794866,-0.3973006800155535,0.9524994736742468,0.39404935213477643,0.07383452838742673,-0.05415120436151185,0.05479689470106967
5.6116322128054605,0.8454462216331793,6.211346723771385,-0.39742666773302165,0.9526265771047002,0.39404949640056125,0.07384081758003196,-0.054158124496865405,0.0544713929980847
5.62163221280546,0.8471272858908512,6.214986221426728,-0.39796806635050963,0.9531641708959746,0.39404826229055095,0.07386933102602473,-0.05418718884328252,0.05308723682860934
5.631632212805461,0.8488059297873972,6.218627010444349,-0.39851008615896877,0.9536882690232847,0.39404505471423196,0.07390102932862039,-0.05421675419447213,0.05173811528432088
5.641632212805461,0.850482394691966,6.222268823430584,-0.3990524010618414,0.9541990470494248,0.3940395764206566,0.07393547517005805,-0.05424620778097496,0.050423142082016655
5.651632212805461,0.8521566929492816,6.225911634363017,-0.3995950099431914,0.9546968430954171,0.39403188425858643,0.07397256289715733,-0.05427554994535999,0.04914161883508032
5.66163221280546,0.8538288369049446,6.229555417661744,-0.4001379116904977,0.9551819884763041,0.3940220336783585,0.07401218909107747,-0.05430478102933687,0.047892876728205296
5.671632212805461,0.8554988389046215,6.23320014818757,-0.40068110519465333,0.9556548077671935,0.394010078744437,0.07405425254833788,-0.05433390137375596,0.04667627624593506
5.681632212805461,0.8571667112899051,6.236845801232566,-0.4012245893499612,0.9561156193152593,0.3939960722297048,0.07409865413990883,-0.05436291131860469,0.0454912048487228
5.691632212805461,0.8588324663996344,6.240492352521126,-0.4017683630541398,0.9565647351964897,0.3939800656084761,0.07414529682336643,-0.05439181120300639,0.04433707710987651
5.701632212805461,0.8604961165557313,6.244139778177173,-0.40231242520828087,0.9570024620240197,0.3939621092183725,0.07419408539574024,-0.054420601365228756,0.04321333186746597
5.711632212805461,0.8621576740612037,6.247788054719661,-0.4028567747168436,0.9574291010801342,0.39394225228606794,0.07424492645434133,-0.05444928214268462,0.042119431722632175
5.721632212805461,0.8638171512001461,6.2514371590625775,-0.4034014104876552,0.9578449483162673,0.39392054292728845,0.07429772839676238,-0.05447785387193196,0.04105486303958687
5.731632212805461,0.8654745602348248,6.255087068509316,-0.4039463314319044,0.9582502945781523,0.3938970281876982,0.07435240135668203,-0.05450631688867356,0.04001913505505528
5.741632212805461,0.8671299134059863,6.258737760752623,-0.40449153646415026,0.958645425812007,0.3938717540765752,0.07440885715195229,-0.054534671527751266,0.03901177880955007
5.751632212805461,0.8687832229267641,6.262389213861025,-0.40503702450230133,0.9590306233070699,0.3938447656178612,0.07446700920518749,-0.05456291812315166,0.038032346486782685
5.761632212805461,0.8704345009728014,6.266041406259297,-0.40558279446758594,0.959406164222322,0.39381610695117353,0.07452677238494751,-0.05459105700801132,0.037080409612267926
5.771632212805462,0.8720837596821622,6.2696943167282955,-0.4061288452845522,0.9597723215918755,0.39378582133281487,0.07458806300415038,-0.054619088514616825,0.03615555903371549
5.781632212805461,0.8737310111551599,6.273347924404678,-0.4066751758810673,0.9601293643344704,0.3937539511374652,0.07465079881730578,-0.05464701297440481,0.0352574048877336
5.791632212805461,0.8753762674499,6.277002208773836,-0.4072217851883093,0.9604775575826522,0.3937205379145494,0.07471489892790868,-0.05467483071796046,0.03438557533152537
5.801632212805461,0.8770195405860871,6.2806571496751475,-0.40776867214078283,0.9608171626113188,0.3936856223730725,0.07478028381345585,-0.05470254207501256,0.033539716613862756
5.811632212805462,0.8786608425322849,6.284312727279641,-0.4083158356762772,0.9611484373573294,0.3936492444816413,0.07484687516433534,-0.054730147374442865,0.03271949154502651
5.8216322128054605,0.8803001852013672,6.2879689220824515,-0.4088632747358527,0.9614716366352213,0.39361144350816757,0.07491459581925985,-0.05475764694428842,0.031924578795672995
5.83163221280546,0.8819375804505187,6.291625714902823,-0.40941098826384065,0.9617870121372102,0.3935722580198675,0.07498336976526666,-0.05478504111174153,0.031154672896833772
5.841632212805461,0.8835730400804304,6.295283086883072,-0.40995897520784147,0.9620948124727837,0.3935317258899383,0.07505312212629923,-0.05481233020314992,0.03040948410618714
5.851632212805461,0.8852065758315214,6.298941019484085,-0.4105072345187197,0.9623952834502524,0.3934898843420073,0.07512377908577332,-0.054839514544013625,0.029688737319192058
5.8616322128054605,0.8868381993868143,6.30259949448787,-0.41105576515061365,0.9626886679887987,0.3934467699355783,0.0751952679122385,-0.05486659445898302,0.02899217230955298
5.87163221280546,0.8884679223578295,6.30625849397737,-0.41160456606088985,0.9629752066379398,0.3934024186611048,0.07526751680089733,-0.05489357027186841,0.02831954224783043
5.881632212805461,0.8900957562824923,6.309918000333622,-0.41215363621013684,0.963255137664195,0.39335686595523356,0.07534045484786403,-0.05492044230564101,0.027670613433567595
5.891632212805461,0.8917217126251324,6.31357799623576,-0.4127029745621652,0.963528697051086,0.39331014670080494,0.07541401205016458,-0.05494721088243294,0.027045165295290535
5.901632212805461,0.8933458027750175,6.317238464659572,-0.4132525800840039,0.9637961185606962,0.3932622952366085,0.07548811928814941,-0.054973876323537466,0.026442990189160628
5.911632212805461,0.8949680380436473,6.3208993888755725,-0.4138024517458996,0.9640576339378443,0.39321334538625047,0.07556270827088112,-0.05500043894940481,0.025863892583475993
5.921632212805461,0.8965884296659361,6.324560752448651,-0.4143525885213185,0.9643134728646967,0.3931633304531449,0.07563771154726168,-0.05502689907964262,0.02530768922400434
5.931632212805461,0.8982069887863003,6.328222539222046,-0.4149029893869029,0.9645638634088349,0.39311228329857995,0.07571306237088561,-0.055053257033024994,0.024774207908060692
5.941632212805461,0.8998237264575372,6.331884733316146,-0.4154536533224675,0.9648090320630497,0.3930602363483662,0.0757886946883202,-0.05507951312749297,0.024263287366762
5.951632212805461,0.9014386536408246,6.335547319128483,-0.4160045793109997,0.9650492037453418,0.3930072215928366,0.07586454313910537,-0.055105667680154555,0.02377477726502707
5.961632212805461,0.9030517812038613,6.339210281332392,-0.4165557663386548,0.9652846018629959,0.3929532705963062,0.07594054303760163,-0.055131721007284966,0.02330853799610641
5.971632212805461,0.9046631199186085,6.342873604876504,-0.41710721339475737,0.9655154484628298,0.3928984145154774,0.07601663033382523,-0.05515767342432216,0.022864440049386807
5.9816322128054615,0.9062726804619861,6.346537274983548,-0.41765891947180056,0.9657419642024337,0.39284268409803264,0.07609274161931318,-0.055183525245868094,0.022442364140994025
5.991632212805461,0.9078804734017474,6.35020127713748,-0.41821088356540265,0.9659643687393763,0.392786109747012,0.07616881401083056,-0.0552092767856977,0.022042200187906397
6.001632212805461,0.9094865091955975,6.353865597082756,-0.4187631046743046,0.9661828807575417,0.39272872152496413,0.07624478514267792,-0.05523492835675932,0.021663847232494413
6.011632212805461,0.9110907981911923,6.357530220824324,-0.41931558180037004,0.9663977179671297,0.39267054915394645,0.0763205931666912,-0.05526048027117465,0.021307213442520834
6.021632212805462,0.9126933506244055,6.361195134626741,-0.41986831394858104,0.966609097152094,0.39261162202197275,0.07639617673889193,-0.05528593284023913,0.020972215959018395
6.031632212805461,0.9142941766162159,6.3648603250139315,-0.4204213001270369,0.9668172343027088,0.3925519691971391,0.07647147498508212,-0.05531128637441793,0.020658780323410814
6.041632212805461,0.9158932861752299,6.368525778769198,-0.42097453934695955,0.9670223445561938,0.3924916194214501,0.07654642751619724,-0.05533654118334586,0.020366840674070345
6.051632212805461,0.9174906891821757,6.372191482924143,-0.4215280306226466,0.9672246425561171,0.3924306011670829,0.07662097432168162,-0.05536169757583741,0.020096338823958733
6.061632212805461,0.9190863953886244,6.375857424757864,-0.42208177297146743,0.9674243424838416,0.3923689426410229,0.07669505576037042,-0.05538675585988724,0.019847224171779202
6.0716322128054605,0.9206804144169908,6.379523591796956,-0.4226357654138638,0.9676216580585247,0.3923066717850644,0.07676861256048968,-0.055411716342670274,0.019619453701976337
6.08163221280546,0.9222727557595856,6.383189971815157,-0.4231900069733471,0.9678168025571917,0.39224381627828575,0.07684158581402523,-0.0554365793305419,0.019412991918819917
6.091632212805461,0.9238634287731229,6.386856552832628,-0.4237444966764905,0.9680099889528037,0.39218040355048844,0.07691391694014021,-0.05546134512903591,0.019227810260993215
6.101632212805461,0.9254524426853957,6.390523323118373,-0.42429923355294774,0.9682014297961633,0.3921164607665445,0.07698554771885788,-0.05548601404286037,0.01906388739815282
6.1116322128054605,0.9270398065781262,6.394190271180449,-0.42485421663540185,0.9683913375466586,0.39205201487551466,0.07705642019318619,-0.055510586375909284,0.01892120839843079
6.12163221280546,0.9286255293838148,6.397857385764482,-0.4254094449595565,0.9685799246352427,0.39198709261922904,0.07712647665095637,-0.05553506243126419,0.01879976454827189
6.131632212805461,0.9302096198857394,6.401524655853668,-0.42596491756413607,0.9687674034644332,0.39192172053228713,0.07719565962482292,-0.05555944251119413,0.018699553352433593
6.141632212805461,0.9317920867179433,6.405192070668764,-0.4265206334908855,0.9689539864085073,0.3918559249420793,0.07726391189220885,-0.055583726917155685,0.018620578533317875
6.151632212805461,0.9333729383585897,6.40885961966705,-0.42707659178455687,0.9691398859249317,0.39178973197865774,0.0773311764450714,-0.05560791594979355,0.018562849561304717
6.161632212805461,0.934952183136803,6.412527292545882,-0.427632791492934,0.9693253144575493,0.3917231675582649,0.07739739651963587,-0.05563200990893259,0.01852638174218011
6.171632212805461,0.9365298292214771,6.416195079236463,-0.4281892316667962,0.9695104846182939,0.39165625741120136,0.07746251554141526,-0.05565600909358744,0.018511195821717875
6.181632212805461,0.9381058846109478,6.419862969900185,-0.428745911359891,0.9696956093535574,0.3915890271023182,0.07752647707739024,-0.05567991380196809,0.01851731748580438
6.1916322128054615,0.9396803571329922,6.423530954928631,-0.42930282962893385,0.9698809019441897,0.39152150203101715,0.07758922483600916,-0.055703724331479826,0.01854477736043854
6.201632212805461,0.9412532544448289,6.427199024943565,-0.42985998553360827,0.9700665760054992,0.391453707431251,0.07765070266718799,-0.05572744097872328,0.0185936110117318
6.211632212805461,0.9428245840314069,6.430867170796706,-0.430417378136562,0.9702528455079494,0.3913856683729871,0.07771085455661034,-0.05575106403949492,0.01866385885135802
6.221632212805461,0.9443943531986331,6.434535383570422,-0.4309750065033983,0.9704399248500227,0.3913174097608554,0.07776962460765965,-0.05577459380878489,0.018755565551878017
6.2316322128054615,0.9459625690841865,6.438203654579304,-0.43153286970270244,0.970628028728727,0.3912489563228217,0.07782695707733148,-0.05579803058077165,0.01886878049977074
6.241632212805461,0.9475292386355854,6.441871975363534,-0.43209096680598186,0.970817372426387,0.39118033264288044,0.07788279629305121,-0.05582137464883575,0.019003556913764343
6.251632212805461,0.9490943686067917,6.445540337688123,-0.43264929688765746,0.9710081718533912,0.39111156316512063,0.07793708664056118,-0.05584462630556153,0.01915995168716757
6.261632212805461,0.950657965558212,6.449208733542918,-0.43320785902506387,0.9712006435481921,0.3910426721937257,0.07798977256392053,-0.05586778584273709,0.019338025387869703
6.271632212805461,0.9522200358566967,6.452877155142594,-0.4337666522984493,0.9713950046773064,0.3909736838929736,0.07804079856550537,-0.05589085355135432,0.01953784225834059
6.2816322128054605,0.9537805856724374,6.456545594926414,-0.4343256757909687,0.9715914730605261,0.3909046222875634,0.07809010919907541,-0.055913829721609846,0.0197594700530705
6.29163221280546,0.9553396209724259,6.460214045559615,-0.4348849285886777,0.9717902671906378,0.39083551125069826,0.07813764906639507,-0.055936714642902056,0.020002979433129574
6.301632212805461,0.9568971475346923,6.463882499934348,-0.43544440978056514,0.9719916061109115,0.39076637449980384,0.07818336285074501,-0.05595950860382493,0.020268444591417648
6.311632212805461,0.9584531709213773,6.467550951164102,-0.43600411845848275,0.9721957096856358,0.3906972356186691,0.07822719523887206,-0.05598221189218413,0.0205559421920395
6.3216322128054605,0.9600076964757601,6.471219392583269,-0.4365640537171386,0.9724027986275025,0.3906281180589718,0.0782690909132413,-0.05600482479499839,0.020865551237820565
6.331632212805461,0.9615607293222596,6.4748878177471365,-0.4371242146540967,0.972613094497606,0.3905590451402785,0.07830899455203602,-0.05602734759849955,0.021197353070306842
6.341632212805461,0.9631122743664325,6.478556220431894,-0.43768460036977713,0.9728268197054443,0.3904900400500447,0.07834685082915771,-0.05604978058813254,0.02155143136976484
6.351632212805461,0.9646623362948223,6.48222459463462,-0.43824520996745575,0.9730441975097209,0.3904211258435636,0.07838260441399657,-0.05607212404855546,0.021927872148010154
6.3616322128054605,0.966210919559201,6.485892934572889,-0.43880604255323324,0.9732654520702386,0.39035232542979276,0.07841619995712186,-0.056094378263643566,0.022326762867331373
6.371632212805461,0.9677580284005818,6.489561234688764,-0.4393670972360989,0.9734908082438775,0.39028366155687194,0.07844758214937508,-0.056116543516472245,0.022748193172502592
6.381632212805461,0.969303666830917,6.493229489644214,-0.4399283731278795,0.9737204917510597,0.3902151568269657,0.07847669567217708,-0.05613862008933097,0.02319225431784934
6.391632212805461,0.9708478386146867,6.496897694318824,-0.4404898693431954,0.9739547292919962,0.39014683369593134,0.07850348516384778,-0.056160608263732925,0.023659038391522776
6.401632212805461,0.9723905472688988,6.500565843809797,-0.4410515849994603,0.974193748546687,0.3900787144733187,0.07852789521960625,-0.056182508320414944,0.02414863831549957
6.411632212805461,0.9739317960630893,6.504233933431948,-0.44161351921688163,0.9744377781749207,0.3900108213223702,0.07854987039157066,-0.056204320539337584,0.02466114784558196
6.421632212805461,0.9754715880193212,6.507901958717708,-0.4421756711184601,0.9746870478162745,0.389943176260021,0.07856935518875825,-0.05622604519968506,0.02519666157139759
6.431632212805461,0.9770099259121859,6.511569915417127,-0.4427380398299902,0.9749417880901146,0.3898758011568988,0.07858629407708542,-0.0562476825798653,0.025755274916399777
6.4416322128054615,0.9785468122524201,6.515237799496559,-0.44330062448002516,0.9752022306087184,0.3898087177173819,0.07860063147408163,-0.056269232957516416,0.026337083324427392
6.451632212805461,0.9800822492969968,6.5189056071421065,-0.44386342419991415,0.9754686078017311,0.3897419474497685,0.07861231179964172,-0.05629069660949282,0.026942182174377924
6.461632212805461,0.9816162390740544,6.5225733347602635,-0.444426438123852,0.9757411529094238,0.38967551170079345,0.07862127947890117,-0.056312073811856524,0.027570668026793737
6.471632212805462,0.9831487833315703,6.526240978971183,-0.4449896653887582,0.9760201001525776,0.3896094316259778,0.0786274788884166,-0.05633336483990543,0.028222636506918142
6.4816322128054615,0.9846798835361819,6.529908536608543,-0.44555310513427354,0.9763056847352941,0.38954372818866445,0.07863085435524925,-0.056354569968173895,0.028898182252440167
6.491632212805461,0.9862095408731856,6.533576004719559,-0.44611675650276067,0.976598142844995,0.3894784221600185,0.07863135015696505,-0.056375689470432755,0.029597398913494846
6.501632212805461,0.987737756246538,6.537243380564972,-0.4466806186393039,0.9768977116524221,0.3894135341190273,0.07862891052163462,-0.05639672361968933,0.030320379152663078
6.511632212805461,0.9892645302788546,6.540910661619053,-0.44724469069170897,0.9772046293116373,0.38934908445250016,0.07862347962783321,-0.05641767268818739,0.031067214644971468
6.521632212805461,0.9907898633114108,6.5445778455696075,-0.4478089718105035,0.9775191349600229,0.3892850933550686,0.07861500160464077,-0.056438536947407185,0.03183799607789264
6.5316322128054605,0.9923137554041414,6.548244930317967,-0.44837346114893667,0.9778414687182809,0.38922158082918623,0.0786034205316419,-0.05645931666806544,0.032632813151345016
6.54163221280546,0.9938362063171132,6.55191191397774,-0.4489381578629504,0.9781718714753087,0.3891585666138835,0.0785886804937127,-0.05648001212011744,0.03345175331561792
6.551632212805461,0.9953572155266552,6.555578794876659,-0.44950306111122507,0.9785105847378415,0.38909607017100756,0.07857072562370053,-0.056500623572742,0.03429490193778994
6.561632212805461,0.9968767822281818,6.5592455715537525,-0.45006817005516353,0.9788578509526188,0.38903411076232297,0.0785495000142173,-0.05652115129435283,0.03516234316295298
6.5716322128054605,0.9983949053011472,6.562912242755457,-0.4506334838588192,0.9792139133626524,0.38897270737432393,0.0785249477498825,-0.056541595552612935,0.03605415820251271
6.581632212805461,0.9999115833089406,6.566578807435606,-0.45119900168889554,0.97957901600647,0.38891187871793637,0.07849701290750861,-0.056561956614434604,0.03697042532827996
6.591632212805461,1.0014268144988863,6.570245264755426,-0.45176472271474644,0.9799534037181149,0.3888516432285179,0.07846563955610117,-0.05658223474597947,0.037911219872470536
6.601632212805461,1.002940596802244,6.573911614083542,-0.4523306461083759,0.9803373221271466,0.38879201906585764,0.07843077175685878,-0.05660243021265847,0.03887661422770562
6.611632212805461,1.0044529278342085,6.577577854995974,-0.4528967710444385,0.9807310176586406,0.38873302411417643,0.07839235356317305,-0.05662254327913185,0.03986667784701157
6.621632212805461,1.005963804893909,6.581243987276139,-0.4534630967002385,0.9811347375331877,0.38867467598212674,0.07835032902062865,-0.056642574209309175,0.040881477243819686
6.631632212805461,1.0074732249536782,6.584910010911787,-0.45402962225571136,0.9815487296011283,0.3886169919562076,0.07830464220733614,-0.056662523266352065,0.04192107531337149
6.641632212805461,1.0089811846589114,6.588575926091649,-0.4545963468934359,0.981973241995911,0.3885599889293199,0.07825523732259644,-0.05668239071266506,0.04298553053530072
6.6516322128054615,1.0104876803500433,6.5922417332110985,-0.45516326979866883,0.9824085235782436,0.3885036835185825,0.0782020585758642,-0.056702176809893284,0.04407489853076855
6.661632212805461,1.011992708020782,6.595907432862915,-0.45573039015925215,0.9828548236684749,0.3884480919621959,0.07814505024614582,-0.056721881818943345,0.045189230243260416
6.671632212805461,1.013496263316459,6.599573025836888,-0.45629770716561036,0.9833123920297215,0.3883932301140612,0.0780841566859823,-0.05674150599998396,0.04632857185335616
6.681632212805461,1.0149983415340302,6.603238513119812,-0.45686522001075003,0.9837814788678672,0.38833911344377997,0.0780193223214493,-0.05676104961244601,0.0474929647787297
6.6916322128054615,1.0164989376220757,6.606903895895489,-0.45743292789026024,0.984262334831563,0.3882857570366541,0.07795049165215703,-0.05678051291502248,0.0486824456741492
6.701632212805461,1.0179980461807991,6.610569175544731,-0.45800083000231206,0.9847552110122277,0.38823317559368586,0.07787760925125037,-0.05679989616566849,0.049897046431476716
6.711632212805461,1.0194956614620287,6.614234353645351,-0.45856892554765905,0.9852603589440473,0.38818138343157804,0.0778006197654088,-0.0568191996216013,0.05113679417966874
6.721632212805461,1.0209917773693307,6.617899431969246,-0.4591372137296402,0.985778030454079,0.38813039445429537,0.07771946795190673,-0.056838423539297654,0.052401711041017734
6.731632212805461,1.0224863874499694,6.621564412469277,-0.4597056937541716,0.9863084770811474,0.38808022203291537,0.07763409881999793,-0.056857568174489434,0.05369181292241796
6.7339586553665525,1.0228338832688875,6.622417035329918,-0.4598379747891891,0.9864337410605605,0.38806866817870883,0.07761362762602793,-0.05686201072330127,0.05399556006423945
6.743958655366552,1.0243269634657672,6.626081599948211,-0.4604063618572109,0.9869791194164377,0.3880207525700965,0.0775226099062488,-0.05688045196889377,0.05528440753751911
6.753958655366553,1.0258182155747513,6.629746392429379,-0.46097526133617506,0.9875382539067628,0.3879772232891842,0.07742706174303754,-0.05689943174518707,0.0565362731112619
6.763958655366553,1.0273079835854189,6.633411141790208,-0.4615443502509115,0.9881097208885338,0.38793761314230474,0.07732695588972285,-0.05691833916099181,0.057750973243117655
6.7739586553665525,1.0287962823979617,6.637075873249754,-0.4621136278789738,0.9886931513697496,0.38790183875636547,0.0772224116073191,-0.056937174448562035,0.05892904006989817
6.783958655366552,1.0302831268002175,6.640740611493422,-0.4626830935002335,0.9892881815524712,0.38786981812808136,0.07711354614297315,-0.056955937839484404,0.060071006029170745
6.793958655366552,1.0317685314709968,6.644405380677633,-0.46325274639687547,0.989894452937791,0.3878414706459816,0.0770004747140141,-0.056974629564678546,0.06117740308201304
6.803958655366552,1.033252510981552,6.648070204424676,-0.4638225858534011,0.9905116126415816,0.38781671715438487,0.07688331042707935,-0.05699324985439514,0.06224876146728797
6.813958655366552,1.0347350798042423,6.651735105852573,-0.4643926111566088,0.9911393130426477,0.3877954798860168,0.07676216440845343,-0.05701179893822118,0.06328560974043974
6.823958655366552,1.0362162523189171,6.655400107592908,-0.4649628215955818,0.991777211665026,0.3877776824404007,0.07663714586112165,-0.05703027704508305,0.06428847433952015
6.833958655366552,1.0376960428129194,6.65906523179083,-0.46553321646168755,0.9924249711779857,0.3877632497838576,0.07650836206477712,-0.057048684403246536,0.06525787958495699
6.843958655366552,1.0391744654845034,6.662730500110313,-0.46610379504857363,0.9930822594567622,0.387752108260271,0.07637591837091312,-0.05706702124031737,0.06619434704784209
6.853958655366552,1.0406515344440503,6.666395933728368,-0.4666745566521713,0.9937487498625232,0.38774418564484436,0.07623991812884313,-0.05708528778323907,0.06709839446166112
6.863958655366552,1.042127263722124,6.670061553362764,-0.46724550057067654,0.9944241208942474,0.3877394110751603,0.0761004628118863,-0.05710348425829817,0.06797053584939565
6.873958655366552,1.043601667275899,6.673727379290163,-0.4678166261045363,0.9951080560335155,0.38773771501957816,0.07595765208360468,-0.05712161089112755,0.06881128122696757
6.883958655366553,1.0450747589891647,6.677393431346134,-0.4683879325564488,0.9958002437444909,0.3877390292772298,0.07581158379781594,-0.05713966790670649,0.06962113660303378
6.893958655366552,1.0465465526749036,6.681059728929357,-0.46895941923135914,0.9965003774915706,0.3877432869791749,0.07566235400173177,-0.05715765552936119,0.07040060360956595
6.903958655366552,1.0480170620778648,6.684726290998366,-0.4695310854364624,0.9972081559879813,0.38775042263252113,0.07551005687331035,-0.05717557398276285,0.07115017836783057
6.913958655366553,1.049486300879536,6.688393136090295,-0.470102930481189,0.9979232829226302,0.3877603720659208,0.0753547848152676,-0.057193423489931505,0.07187035176881615
6.923958655366552,1.0509542827063107,6.6920602823442294,-0.4706749536771871,0.9986454667167662,0.3877730723777693,0.07519662855044296,-0.05721120427324066,0.07256160928352849
6.933958655366553,1.0524210211295995,6.695727747501478,-0.471247154338322,0.9993744205221295,0.3877884619357696,0.07503567712268566,-0.057228916554417426,0.0732244309554207
6.9439586553665515,1.0538865296670241,6.69939554890775,-0.47181953178067365,1.0001098622143991,0.387806480374183,0.07487201790206867,-0.05724656055454283,0.0738592912856048
6.953958655366552,1.0553508217868597,6.703063703515038,-0.4723920853225351,1.0008515145467514,0.3878270686155038,0.07470573655272544,-0.05726413649405106,0.07446665822409171
6.963958655366553,1.0568139109088082,6.706732227885542,-0.4729648142844101,1.001599105088736,0.3878501688586364,0.07453691705314684,-0.05728164459272989,0.07504699326080065
6.973958655366552,1.058275810414216,6.710401138222261,-0.473537717988987,1.002352365840757,0.3878757244964158,0.07436564183664562,-0.05729908506972763,0.07560075150257765
6.9839586553665525,1.0597365336469722,6.7140704503712625,-0.474110795761137,1.0031110332117448,0.3879036801104278,0.07419199180032748,-0.05731645814355354,0.0761283816433591
6.993958655366552,1.0611960939135965,6.717740179821866,-0.4746840469279136,1.003874848017445,0.3879339814705508,0.07401604630581395,-0.05733376403207789,0.07663032595985611
7.003958655366552,1.0626545044879687,6.721410341712956,-0.47525747081854586,1.0046435554883104,0.38796657552802305,0.07383788318814173,-0.05735100295253279,0.07710701978283376
7.013958655366552,1.0641117786105019,6.725080950825411,-0.47583106676444714,1.0054169054491027,0.38800141044798514,0.07365757870117438,-0.05736817512150921,0.0775588909952402
7.0239586553665525,1.065567929496818,6.728752021610877,-0.47640483409918816,1.006194651888232,0.38803843551965583,0.07347520766556512,-0.057385280754964234,0.07798636046980763
7.033958655366551,1.06702297034164,6.732423568202081,-0.4769787721584874,1.0069765528296466,0.38807760112730844,0.07329084351580804,-0.05740232006822352,0.07838984206313891
7.043958655366552,1.0684769143187947,6.736095604412824,-0.4775528802802111,1.0077623703328302,0.38811885875027075,0.07310455830023807,-0.05741929327598134,0.07876974261570778
7.053958655366553,1.069929774582561,6.739768143740313,-0.4781271578043704,1.0085518704734024,0.38816216095681083,0.0729164226894876,-0.057436200592301055,0.07912646188037915
7.063958655366552,1.0713815642719242,6.743441199366635,-0.4787016040731193,1.0093448234315607,0.3882074614098893,0.07272650595849502,-0.05745304223061421,0.07946039182096458
7.073958655366552,1.0728322965104957,6.747114784161553,-0.47927621843075435,1.0101410034329803,0.3882547148572155,0.0725348760045324,-0.057469818403720896,0.07977191678384854
7.083958655366553,1.0742819844158418,6.750788910709104,-0.47985100022368593,1.0109401883544165,0.38830387704533703,0.07234159948369297,-0.0574865293237972,0.08006141381698631
7.093958655366552,1.0757306411002199,6.754463591309344,-0.4804259488004366,1.0117421597012217,0.38835490471431383,0.07214674181906297,-0.05750317520239564,0.08032925266847968
7.103958655366553,1.0771782796705784,6.758138837978356,-0.48100106351164146,1.0125467026073471,0.38840775559771884,0.07195036720072163,-0.057519756250445184,0.08057579578657698
7.1139586553665515,1.0786249132316046,6.761814662452713,-0.48157634371004154,1.0133536057936274,0.38846238840856523,0.07175253860313367,-0.057536272678252245,0.08080139817502023
7.123958655366552,1.0800705548872491,6.765491076185306,-0.4821517887504902,1.0141626617071238,0.38851876285798576,0.0715533177455545,-0.057552724695497874,0.08100640681095561
7.133958655366553,1.0815152177439782,6.769168090359358,-0.4827273979899376,1.0149736662659876,0.3885768396057147,0.07135276517488623,-0.05756911251124224,0.08119116112431235
7.143958655366552,1.0829589149175685,6.772845715905737,-0.4833031707874104,1.015786418592098,0.38863658020043407,0.07115094035735758,-0.057585436333929985,0.08135599321466667
7.153958655366552,1.0844016595331547,6.776523963503048,-0.4838791065040117,1.016600721009726,0.3886979470794467,0.07094790167900038,-0.05760169637139027,0.08150122785123814
7.163958655366553,1.0858434647252326,6.780202843577647,-0.48445520450292073,1.017416379045392,0.38876090356864124,0.07074370644569888,-0.057617892830836744,0.0816271824729225
7.173958655366552,1.0872843436417765,6.783882366309042,-0.48503146414938464,1.0182332013640378,0.38882541386185704,0.07053841090755392,-0.05763402591886893,0.0817341670452384
7.183958655366553,1.0887243094435768,6.787562541622905,-0.48560788481072986,1.019050999927695,0.3888914430469172,0.07033207020978215,-0.05765009584146834,0.08182248361114036
7.193958655366553,1.0901633753095898,6.791243379209282,-0.48618446585633857,1.0198695896635521,0.3889589570394025,0.0701247385011106,-0.05766610280400509,0.08189242685316121
7.203958655366552,1.0916015544419766,6.794924888534375,-0.4867612066576326,1.0206887882676632,0.3890279225389165,0.06991646899985411,-0.05768204701124212,0.08194428428095349
7.213958655366553,1.0930388600661034,6.798607078840533,-0.487338106588074,1.0215084162049495,0.3890983070290855,0.06970731399391529,-0.05769792866733516,0.0819783362312893
7.223958655366552,1.0944753054305405,6.8022899591462584,-0.4879151650231641,1.0223282967091871,0.389170078777556,0.06949732484078815,-0.05771374797583276,0.08199485586806636
7.2339586553665525,1.095910903811032,6.805973538251077,-0.48849238134043593,1.0231482557079015,0.38924320681408203,0.06928655199395055,-0.057729505139677756,0.08199410911021178
7.243958655366552,1.0973456685098517,6.809657824729093,-0.48906975491946475,1.0239681219657855,0.3893176609531409,0.06907504495817568,-0.057745200361203196,0.08197635422631801
7.253958655366552,1.0987796128602796,6.813342826944098,-0.489647285141847,1.024787726795055,0.38939341173775516,0.06886285238319437,-0.0577608338421387,0.08194184236257199
7.263958655366552,1.100212750231979,6.817028553061119,-0.49022497139118215,1.025606903845029,0.38947043039346807,0.06865002213316812,-0.057776405783615245,0.08189081777663815
7.2739586553665525,1.1016450940309956,6.820715011046414,-0.4908028130530721,1.02642548910213,0.3895486888283434,0.06843660128668931,-0.05779191638616513,0.08182351783765836
7.283958655366551,1.103076657699758,6.82440220866747,-0.4913808095151215,1.027243320889884,0.38962815963296554,0.06822263613678106,-0.057807365849722014,0.08174017302625197
7.293958655366552,1.104507454719665,6.828090153496066,-0.4919589601669318,1.0280602398092349,0.38970881606498936,0.06800817221068815,-0.05782275437362211,0.0816410069325977
7.303958655366553,1.1059374986129722,6.831778852905715,-0.4925372644001052,1.0288760887993116,0.38979063205224534,0.067793254251768,-0.05783808215660151,0.08152623592390573
7.313958655366552,1.1073668029431585,6.835468314077375,-0.49311572160823797,1.0296907130248298,0.3898735821745515,0.06757792625529267,-0.05785334939679882,0.08139606944242457
7.323958655366552,1.1087953813226263,6.8391585440147455,-0.4936943311868922,1.0305039595690435,0.3899576415990239,0.06736223156799512,-0.05786855629176265,0.0812507103933193
7.333958655366553,1.1102232474128668,6.842849549544523,-0.4942730925335949,1.0313156774283672,0.3900427860788686,0.06714621288982357,-0.05788370303845172,0.081090355149418
7.343958655366552,1.1116504149244595,6.846541337316412,-0.4948520050478383,1.0321257175123761,0.3901289919533816,0.0669299122739414,-0.05789878983323488,0.08091519355121168
7.353958655366553,1.1130768976178085,6.8502339138039785,-0.49543106813107796,1.0329339326237068,0.39021623614334416,0.06671337113315806,-0.05791381687189157,0.0807254089182626
7.363958655366553,1.1145027093081645,6.853927285307402,-0.49601028118672436,1.033740177382552,0.39030449612768636,0.0664966302642699,-0.0579287843496125,0.08052117792988982
7.373958655366552,1.1159278638614314,6.857621457948053,-0.49658964362015856,1.0345443083571597,0.39039374997059934,0.06627972980657894,-0.05794369246099555,0.08030267048851318
7.383958655366553,1.1173523752033097,6.861316437686129,-0.49716915483869506,1.035346183676805,0.3904839762450237,0.06606270936552243,-0.05795854140005621,0.08007005027739347
7.393958655366552,1.1187762573210622,6.865012230323343,-0.4977488142515749,1.0361456629709762,0.3905751540198711,0.06584560803210418,-0.05797333136022913,0.07982347482679261
7.403958655366552,1.1201995242635152,6.868708841502929,-0.49832862126996647,1.0369426073693768,0.3906672628600249,0.06562846438289427,-0.05798806253436814,0.0795630955139734
7.413958655366553,1.121622190141057,6.872406276709637,-0.49890857530696475,1.0377368795019233,0.39076028282633946,0.06541131648002932,-0.05800273511474624,0.07928905756319982
7.423958655366552,1.123044269128622,6.8761045412721185,-0.49948867577758427,1.0385283434253652,0.3908541944592447,0.0651942018940588,-0.05801734929305718,0.07900150006916119
7.433958655366553,1.1244657754669884,6.879803640360029,-0.5000689220987653,1.0393168646635733,0.39094897878007556,0.06497715769062017,-0.0580319052604123,0.0787005557610623
7.443958655366552,1.1258867234623338,6.88350357898793,-0.5006493136893683,1.0401023101426734,0.3910446172823801,0.06476022045159699,-0.05804640320734278,0.07838635121966206
7.453958655366552,1.127307127494753,6.887204362026998,-0.5012298499701423,1.040884547892818,0.39114109187357043,0.06454342636900415,-0.058060843323808134,0.07805900722742264
7.463958655366552,1.1287270020184286,6.890905994205216,-0.5018105303637249,1.041663447043082,0.39123838487387735,0.06432681124658753,-0.0580752257991964,0.07771863877301297
7.473958655366553,1.1301463615616276,6.894608480107369,-0.5023913542946415,1.0424388778214633,0.3913364790163506,0.06411041049982431,-0.05808955082232408,0.077365355051309
7.483958655366552,1.131565220726704,6.898311824175046,-0.5029723211893055,1.043210711554883,0.3914353574468586,0.06389425915592281,-0.05810381858143618,0.0769992594633936
7.493958655366552,1.1329835941950015,6.902016030709247,-0.503553430476007,1.0439788205532474,0.3915350037000652,0.06367839188896371,-0.05811802926420862,0.07662044963408421
7.503958655366551,1.1344014967242593,6.9057211038650275,-0.5041346815849292,1.044743078232169,0.39163540171835104,0.06346284298096877,-0.05813218305774241,0.07622901716699577
7.513958655366552,1.135818943152217,6.909427047659314,-0.5047160739481291,1.0455033589321332,0.3917365358213961,0.06324764637922153,-0.058146280148570074,0.07582504796538228
7.5239586553665525,1.1372359484035994,6.9131338659779145,-0.505297606999512,1.046259537700931,0.39183839066562554,0.06303283576362899,-0.05816032072266221,0.07540862243855048
7.533958655366551,1.1386525274901185,6.91684156257552,-0.5058792801748317,1.047011490293659,0.39194095124420897,0.06281844454672153,-0.05817430496542752,0.07497981550185984
7.543958655366552,1.1400686955104722,6.920550141075704,-0.5064610929116912,1.0477590931727203,0.39204420288706093,0.06260450587365277,-0.05818823306171282,0.07453869657672224
7.553958655366553,1.141484467650345,6.924259604970922,-0.5070430446495415,1.0485022235078243,0.3921481312608408,0.06239105262219981,-0.058202105195803,0.07408532959060243
7.563958655366552,1.1428998591874102,6.927969957624121,-0.5076251348296705,1.0492407590592554,0.39225272234729,0.06217811743741028,-0.0582159215514236,0.07361977297600755
7.573958655366552,1.1443148854891998,6.931681202264378,-0.5082073628952195,1.049974578270512,0.3923579624562346,0.06196573270191342,-0.058229682311735115,0.0731420794700472
7.583958655366553,1.1457295620150492,6.935393341992285,-0.508789728291167,1.0507035601557277,0.3924638382081774,0.06175393057203866,-0.05824338765933807,0.07265229634724983
7.593958655366552,1.1471439043249327,6.9391063797861525,-0.5093722304643004,1.051427584049967,0.3925703364910443,0.06154274305388071,-0.05825703777628093,0.0721504655909164
7.603958655366553,1.1485579280794807,6.942820318502019,-0.5099548688632155,1.052146529608786,0.3926774444601064,0.061332202003432375,-0.05827063284406018,0.07163662389330645
7.6139586553665515,1.1499716490399778,6.9465351608736485,-0.5105376429383168,1.0528602768082322,0.3927851495379796,0.06112233912658472,-0.058284173043620255,0.07111080265563872
7.623958655366552,1.151385083068366,6.950250909512533,-0.5111205521418171,1.0535687059448442,0.392893439414625,0.06091318597912685,-0.05829765855535359,0.07057302798809048
7.633958655366553,1.152798246130041,6.953967566908339,-0.511703595927731,1.0542716975712694,0.3930023020368348,0.060704773985587726,-0.058311089559102164,0.07002332069669225
7.6439586553665535,1.1542111542980205,6.957685135426699,-0.5122867737518734,1.054969132422808,0.3931117255944641,0.06049713445880759,-0.05832446623415618,0.06946169611980234
7.653958655366552,1.1556238237459966,6.961403617309491,-0.5128700850718748,1.0556608915530818,0.3932216985423532,0.06029029856108461,-0.05833778875925077,0.06888816421738525
7.663958655366553,1.1570362707622688,6.9651230146815335,-0.5134535293471361,1.0563468559696518,0.3933322095428335,0.0600842974137599,-0.05835105731257854,0.0683027297214599
7.673958655366552,1.1584485117507022,6.968843329550887,-0.5140371060388256,1.0570269066104252,0.3934432474619553,0.05987916210422945,-0.05836427207179024,0.06770539213948795
7.683958655366553,1.1598605632307304,6.972564563808866,-0.5146208146098795,1.0577009243436557,0.39355480136948817,0.059674923685943855,-0.0583774332139948,0.06709614575437313
7.693958655366552,1.1612724418373535,6.976286719230035,-0.5152046545250016,1.0583687899679426,0.39366686053892064,0.059471613178408524,-0.05839054091575929,0.06647497962446183
7.703958655366551,1.1626841643212134,6.980009797472207,-0.515788625250663,1.059030384210565,0.39377941444722103,0.05926926156766695,-0.05840359535310901,0.06584187758278351
7.713958655366552,1.164095747557566,6.983733800075406,-0.5163727262550851,1.0596855875332674,0.3938924527467075,0.059067899861692474,-0.05841659670153129,0.06519681808186502
7.723958655366553,1.1655072085370772,6.987458728458923,-0.5169569570082695,1.0603342803395273,0.39400596529384807,0.05886755902845906,-0.05842954513596617,0.06453977415741743
7.733958655366552,1.166918564373783,6.991184583925971,-0.5175413169819683,1.0609763427631913,0.3941199421189725,0.05866827006024202,-0.058442440830815706,0.0638707135471626
7.743958655366552,1.168329832314024,6.994911367665023,-0.5181258056496599,1.0616116544628595,0.39423437339685014,0.05847006403395298,-0.05845528395995062,0.06318959864777247
7.753958655366553,1.1697410297364461,6.998639080749804,-0.5187104224865491,1.0622400946218846,0.3943492494466896,0.058272972111140076,-0.05846807469671028,0.06249638651486983
7.763958655366552,1.171152174152,7.002367724139295,-0.5192951669695661,1.062861541948372,0.3944645607321389,0.05807702553798786,-0.058480813213902666,0.06179102886302792
7.7739586553665525,1.1725632832039417,7.006097298677733,-0.5198800385773683,1.063475874675181,0.39458029786128573,0.057882255645317245,-0.05849349968380442,0.06107347206577014
7.783958655366551,1.173974374668462,7.009827805094452,-0.5204650367903372,1.0640829705467751,0.3946964515849967,0.057688693852292645,-0.05850613427816109,0.06034365713989092
7.793958655366552,1.1753854664650842,7.013559243999562,-0.521050161090566,1.0646827066007387,0.39481301276945824,0.05749637172687673,-0.05851871716818958,0.059601519402746016
7.803958655366553,1.1767965766449107,7.01729161588563,-0.5216354109618845,1.0652749593958226,0.39492997242443695,0.05730532092087001,-0.058531248524570825,0.05884698869618765
7.813958655366552,1.1782077234041715,7.021024921129367,-0.522220785889821,1.0658596047150268,0.39504732166465345,0.05711557325714425,-0.05854372851746137,0.05807998928342898
7.823958655366552,1.179618925089865,7.024759159990934,-0.5228062853615905,1.0664365174470372,0.395165051694696,0.05692716076354981,-0.0585561573164966,0.05730043974180293
7.833958655366553,1.1810302001997566,7.02849433261393,-0.5233919088660933,1.0670055715862243,0.39528315380902035,0.05674011567291584,-0.05856853509079075,0.0565082529627629
7.843958655366552,1.182441567382379,7.032230439025405,-0.5239776558939163,1.067566640232644,0.3954016193919498,0.05655447042305018,-0.05858086200893692,0.0557033361518824
7.853958655366553,1.1838530454370335,7.035967479135851,-0.5245635259373324,1.068119595592038,0.39552043991767516,0.05637025765673927,-0.05859313823900707,0.0548855908288547
7.856285097927643,1.1841814356153701,7.036837013910103,-0.5246998428221696,1.0682470604525003,0.39554813282151596,0.05632761051062937,-0.05859598698346019,0.05469349667662736
7.866285097927643,1.1855934394268701,7.040574997396246,-0.5252855386775408,1.0687894783537066,0.39566555044070967,0.056145260755677495,-0.05860759435582058,0.05387274586812169
7.876285097927642,1.1870052118042178,7.044314090280942,-0.525871675512568,1.0693241586617788,0.39578076408747737,0.05596541667136233,-0.058619764801570926,0.0530654584768194
7.886285097927643,1.1884171150712135,7.048054072186294,-0.5264579338168294,1.0698508303547245,0.3958934502221406,0.05578771876903045,-0.058631888227134374,0.052270988065628805
7.8962850979276435,1.1898291477196257,7.051794921286639,-0.5270443131208992,1.0703696198933927,0.3960036481360179,0.05561212544082011,-0.05864396478779589,0.0514889889948594
7.9062850979276424,1.19124130835876,7.055536616020844,-0.5276308129568975,1.070880650391386,0.3961113963193003,0.055438596104311746,-0.05865599463836101,0.05071912465379531
7.916285097927643,1.1926535957154594,7.059279135092306,-0.5282174328584905,1.0713840416150593,0.39621673246105155,0.055267091202527936,-0.05866797793315585,0.04996106746069496
7.926285097927644,1.1940660086322326,7.063022457465152,-0.5288041723608864,1.0718799100599805,0.3963196934694623,0.055097572182722175,-0.058679914826028017,0.04921449857119674
7.936285097927643,1.195478546064407,7.066766562364108,-0.5293910310008362,1.0723683690102281,0.39642031549471535,0.054930001486117395,-0.058691805470345436,0.04847910752213204
7.946285097927643,1.19689120708048,7.070511429269651,-0.5299780083166298,1.0728495285911148,0.3965186339352246,0.05476434252718872,-0.05870365001899804,0.047754592159253
7.956285097927642,1.198303990856645,7.074257037899123,-0.5305651038480739,1.0733234960773792,0.39661468350905826,0.05460055959965747,-0.058715448624403956,0.04704065764103559
7.966285097927643,1.1997168966766212,7.078003368206261,-0.5311523171364916,1.0737903759016374,0.39670849825600857,0.0544386178740037,-0.058727201438509666,0.046337016409451634
7.976285097927643,1.201129923931652,7.0817504003811855,-0.5317396477247225,1.0742502696543823,0.39680011153759115,0.05427848339746635,-0.05873890861278998,0.045643388189969575
7.9862850979276425,1.2025430721197217,7.085498114848488,-0.53232709515712,1.074703276117324,0.3968895560456269,0.05412012308440309,-0.05875057029824867,0.04495949987232659
7.996285097927642,1.2039563408421818,7.0892464922633875,-0.5329146589795477,1.0751494913623512,0.39697686383294534,0.05396350469186671,-0.05876218664541875,0.04428508506898615
8.006285097927643,1.2053697298055164,7.092995513515701,-0.5335023387393859,1.075589008686305,0.3970620662956944,0.05380859683814573,-0.058773757804360754,0.04361988435743887
8.016285097927643,1.2067832388159199,7.096745159708645,-0.5340901339855038,1.076021918926672,0.39714519424485967,0.05365536890400741,-0.05878528392467071,0.04296364430942965
8.026285097927643,1.2081968677786583,7.100495412156791,-0.5346780442682578,1.0764483104938,0.39722627791398174,0.05350379102293574,-0.058796765155480844,0.042316117385179305
8.036285097927644,1.2096106166980674,7.104246252386065,-0.5352660691394909,1.0768682693708957,0.39730534695915604,0.053353834081131486,-0.05880820164545962,0.041677061933385134
8.046285097927642,1.2110244856775092,7.1079976621336165,-0.5358542081525326,1.0772818791159768,0.39738243045952415,0.053205469716927474,-0.05881959354281174,0.041046242184598306
8.056285097927644,1.2124384749163934,7.111749623341499,-0.5364424608621903,1.0776892209702218,0.39745755694718016,0.053058670290212405,-0.05883094099528015,0.04042342784250068
8.066285097927642,1.213852584711382,7.115502118164468,-0.5370308268247619,1.0780903737654233,0.3975307543882977,0.052913408913683825,-0.05884224415014182,0.03980839432601283
8.076285097927643,1.21526681545324,7.119255128954052,-0.5376193055980142,1.0784854141364624,0.3976020502286075,0.052769659383683956,-0.058853503154214705,0.03920092216789626
8.086285097927643,1.2166811676246303,7.12300863825065,-0.5382078967411703,1.0788744166341926,0.39767147142013554,0.052627396145165976,-0.05886471815386094,0.038600796657147766
8.096285097927643,1.218095641800114,7.126762628783537,-0.5387965998149106,1.07925745372544,0.3977390444212029,0.05248659429169396,-0.05887588929498685,0.03800780783899924
8.106285097927643,1.2195102386461512,7.130517083470858,-0.5393854143813721,1.0796345957930038,0.3978047951964259,0.052347229565442806,-0.058887016723042966,0.03742175051491736
8.116285097927642,1.2209249589203555,7.1342719854175725,-0.5399743400041458,1.080005911165159,0.3978687492245651,0.052209278348405316,-0.058898100583024804,0.036842424138303555
8.126285097927642,1.22233980346926,7.138027317913022,-0.5405633762482731,1.080371466168728,0.3979309315171203,0.052072717649604444,-0.05890914101947283,0.03626963256016381
8.136285097927642,1.2237547732297331,7.14178306443393,-0.541152522680253,1.0807313250874773,0.3979913666053904,0.05193752511670569,-0.058920138176471,0.0357031841997185
8.146285097927644,1.2251698692248845,7.145539208626945,-0.5417417788680132,1.0810855503863661,0.39805007859236485,0.05180367896428431,-0.05893109219765493,0.03514289136412764
8.156285097927642,1.226585092563705,7.149295734307361,-0.5423311443809083,1.0814342027287125,0.3981070911569403,0.051671157968484004,-0.05894200322621249,0.03458857019291156
8.166285097927643,1.228000444441066,7.153052625459116,-0.5429206187897202,1.081777340976193,0.3981624275539212,0.05153994146701683,-0.05895287140488381,0.03404004065795058
8.176285097927643,1.2294159261377184,7.1568098662347905,-0.5435102016666576,1.0821150221888427,0.39821611061401957,0.05141000935916334,-0.05896369687596124,0.03349712656348555
8.186285097927643,1.2308315390187374,7.160567440951223,-0.5440998925853487,1.0824473016822498,0.39826816275996196,0.051281342088672494,-0.05897447978129119,0.032959655334346666
8.196285097927642,1.2322472845333705,7.164325334093415,-0.5446896911208501,1.0827742329947545,0.3983186060025503,0.05115392065684649,-0.058985220262271,0.03242745806071781
8.206285097927644,1.2336631642143547,7.168083530307798,-0.5452795968496346,1.083095867962773,0.39836746195462414,0.0510277265962727,-0.058995918459852734,0.03190036931924738
8.216285097927642,1.2350791796753304,7.171842014391181,-0.5458696093495722,1.0834122568522007,0.3984147518629252,0.050902741928642324,-0.059006574514548785,0.031378226759005444
8.226285097927644,1.236495332610834,7.175600771290731,-0.5464597281999303,1.083723448358725,0.39846049660817756,0.05077894916465297,-0.059017188566431934,0.03086087110043982
8.236285097927642,1.2379116247962973,7.179359786103961,-0.5470499529813729,1.084029489607824,0.3985047167050875,0.05065633130400878,-0.05902776075513535,0.030348146135376657
8.246285097927643,1.239328058088018,7.18311904407862,-0.5476402832759615,1.0843304261561177,0.3985474323027101,0.050534871834991266,-0.05903829121985261,0.029839898722248816
8.256285097927643,1.240744634421361,7.186878530607286,-0.5482307186671438,1.0846263020535218,0.3985886632032343,0.050414554715690924,-0.05904878009934008,0.029335978539554046
8.266285097927643,1.2421613558118165,7.190638231234661,-0.5488212587397705,1.084917159772747,0.39862842884584554,0.0502953643981437,-0.05905922753191194,0.028836238291514275
8.276285097927643,1.2435782243530662,7.1943981316454275,-0.5494119030800719,1.0852030403376391,0.39866674833540133,0.05017728578501107,-0.05906963365544741,0.02834053333907638
8.286285097927644,1.2449952422156454,7.198158217658004,-0.550002651275645,1.08548398339001,0.3987036404593213,0.05006030420781242,-0.059079998607394296,0.027848721481073715
8.296285097927642,1.2464124116469435,7.20191847522454,-0.5505935029154538,1.0857600271896355,0.3987391236875869,0.049944405426925007,-0.05909032252476895,0.027360662954225866
8.306285097927644,1.2478297349712049,7.205678890430916,-0.5511844575898303,1.0860312086142572,0.398773216172742,0.04982957563158388,-0.05910060554415631,0.026876220433138427
8.316285097927643,1.2492472145894686,7.209439449496476,-0.5517755148904719,1.0862975631621579,0.39880593575063567,0.04971580143904437,-0.05911084780171,0.026395259020536656
8.326285097927643,1.250664852978085,7.2132001387688645,-0.5523666744104333,1.0865591250023197,0.3988372999569589,0.049603069879089585,-0.059121049433154764,0.025917646027656914
8.336285097927643,1.2520826526897912,7.216960944731519,-0.5529579357441428,1.0868159269093671,0.3988673260106245,0.049491368416350316,-0.05913121057378107,0.02544325118925983
8.346285097927643,1.2535006163518765,7.22072185399112,-0.5535492984873757,1.0870680003827333,0.3988960308420594,0.0493806849096096,-0.05914133135845327,0.024971946297439648
8.356285097927643,1.2549187466653218,7.2244828532729,-0.5541407622372447,1.0873153756907765,0.3989234311049551,0.049271007597119325,-0.05915141192161259,0.024503605048193825
8.366285097927642,1.2563370464047985,7.228243929420638,-0.5547323265922,1.0875580818707797,0.3989495431762681,0.049162325096600366,-0.05916145239727704,0.02403810304142354
8.376285097927642,1.2577555184186693,7.232005069396659,-0.5553239911520281,1.0877961467289514,0.39897438315621936,0.04905462640524253,-0.05917145291904144,0.023575317780933462
8.386285097927642,1.2591741656289608,7.235766260281669,-0.5559157555178537,1.0880295968417417,0.3989979668687058,0.048947900899259905,-0.05918141362007755,0.02311512866889277
8.396285097927644,1.2605929910302975,7.2395274892697445,-0.5565076192921262,1.0882584575948389,0.39902030987531417,0.048842138321228766,-0.059191334633136604,0.02265741681425807
8.406285097927642,1.2620119976906339,7.243288743675416,-0.5570995820786403,1.0884827531302534,0.3990414274610909,0.048737328798871965,-0.05920121609054374,0.02220206522077146
8.416285097927643,1.2634311887500116,7.247050010922868,-0.5576916434825091,1.088702506436927,0.3990613346568995,0.04863346281332676,-0.05921105812420582,0.021748958493394643
8.426285097927643,1.2648505674198376,7.250811278540874,-0.5582838031101535,1.0889177393911669,0.3990800462509735,0.048530531185257686,-0.059220860865614816,0.0212979826840416
8.436285097927643,1.2662701369828828,7.254572534162799,-0.5588760605693011,1.0891284727566466,0.39909757678891594,0.04842852507485656,-0.059230624445847785,0.02084902529157836
8.446285097927642,1.2676899007932845,7.258333765526603,-0.5594684154689876,1.089334726184406,0.3991139405737001,0.04832743598184237,-0.05924034899556689,0.020401975261822802
8.456285097927644,1.2691098622765444,7.262094960474832,-0.560060867419556,1.0895365182128582,0.3991291516656713,0.04822725574545888,-0.05925003464501942,0.019956722987509588
8.466285097927642,1.2705300249289813,7.265856106950341,-0.560653416032646,1.0897338662930873,0.3991432238927345,0.04812797653561075,-0.05925968152404026,0.019513160161702105
8.476285097927644,1.2719503923178894,7.2696171930011095,-0.5612460609212097,1.089926786757823,0.3991561708426901,0.04802959086457911,-0.059269289762047296,0.019071179879584937
8.486285097927643,1.2733709680811,7.273378206774108,-0.5618388016994944,1.0901152948690074,0.399168005874174,0.04793209156979176,-0.05927885948804648,0.018630676494544356
8.496285097927643,1.2747917559262996,7.277139136507985,-0.5624316379830252,1.0902994048654462,0.3991787421317076,0.04783547179668292,-0.0592883908306372,0.018191545408564824
8.506285097927643,1.2762127596310313,7.280899970533069,-0.5630245693886051,1.0904791299628094,0.39918839254569827,0.047739724998693125,-0.05929788391801223,0.017753683072228812
8.516285097927643,1.2776339830426933,7.284660697271364,-0.5636175955343143,1.090654482353631,0.39919696983243896,0.04764484493726935,-0.05930733887795778,0.01731698698471726
8.526285097927643,1.27905543007854,7.288421305236555,-0.5642107160395115,1.0908254732073097,0.39920448649410856,0.04755082568186492,-0.05931675583785345,0.01688135569380903
8.536285097927642,1.2804771047255774,7.292181783031663,-0.5648039305248262,1.0909921126796318,0.39921095482350705,0.047457661606185406,-0.05932613492467382,0.016446688721906463
8.546285097927642,1.2818990110403854,7.295942119348856,-0.5653972386121623,1.0911544099083206,0.3992163869064937,0.047365347389913194,-0.0593354762649871,0.01601288651796956
8.556285097927642,1.2833211531490925,7.299702302970908,-0.5659906399247011,1.0913123730162837,0.39922079461853904,0.04727387801807072,-0.05934477998495452,0.015579850521388055
8.566285097927643,1.2847435352469998,7.303462322760593,-0.5665841340868727,1.091466009164812,0.39922418964402673,0.0471832487604544,-0.05935404621033878,0.015147482875322348
8.576285097927641,1.2861661615985702,7.307222167660329,-0.5671777207243553,1.0916153245552498,0.3992265834769407,0.04709345517098321,-0.05936327506650429,0.01471568641626449
8.586285097927643,1.2875890365374274,7.310981826692176,-0.567771399464076,1.091760324428993,0.39922798742086524,0.04700449308769869,-0.05937246667841717,0.014284364674037995
8.596285097927643,1.2890121644663557,7.314741288957836,-0.5683651699342093,1.0919010130674904,0.399228412588985,0.04691635863276497,-0.059381621170645285,0.013853421871798222
8.606285097927643,1.2904355498573263,7.318500543637998,-0.5689590317641762,1.092037393793728,0.39922786990518794,0.046829048211724365,-0.0593907386673587,0.013422762906674802
8.616285097927642,1.291859197251669,7.322259579988287,-0.5695529845846355,1.0921694689764105,0.39922637011175355,0.04674255851050648,-0.05939981929233171,0.012992293205219201
8.626285097927642,1.2932831112596566,7.326018387345682,-0.570147028027502,1.0922972400166224,0.3992239237593614,0.04665688650250021,-0.05940886316893731,0.01256191889770641
8.636285097927642,1.2947072965607744,7.329776955117769,-0.5707411617259152,1.0924207073876142,0.3992205412241098,0.04657202943144333,-0.059417870420156664,0.012131546544615077
8.646285097927644,1.2961317579038,7.333535272780457,-0.5713353853142343,1.092539870641404,0.399216232711217,0.04648798480837274,-0.05942684116858094,0.011701083074130599
8.656285097927642,1.2975565001068046,7.337293329877989,-0.571929698428037,1.092654728408778,0.39921100825502087,0.04640475041162438,-0.0594357755364113,0.011270435782144912
8.666285097927643,1.2989815280571515,7.341051116022933,-0.5725241007041204,1.0927652783992903,0.3992048777189792,0.04632232428683326,-0.059444673645458905,0.010839512332256308
8.676285097927643,1.3004068467114973,7.34480862089619,-0.5731185917805004,1.0928715174012622,0.39919785079566966,0.04624070474693347,-0.059453535617144906,0.01040822075576982
8.686285097927643,1.3018324610962875,7.348565834243441,-0.5737131712964026,1.0929734412805219,0.39918993701191985,0.04615989037066631,-0.05946236157250287,0.009976469339595017
8.696285097927642,1.303258376307423,7.35232274587812,-0.5743078388922744,1.0930710449720082,0.39918114572549546,0.04607988000667564,-0.05947115163217483,0.009544166677343565
8.706285097927644,1.304684597510271,7.35607934567834,-0.5749025942097733,1.0931643224968373,0.3991714861292935,0.046000672766853344,-0.0594799059164149,0.009111221613836588
8.716285097927642,1.3061111299404737,7.359835623579826,-0.5754974368917476,1.0932532669703077,0.3991609672610987,0.045922268020228973,-0.05948862454509539,0.008677543053838353
8.726285097927644,1.3075379789039485,7.363591569575909,-0.5760923665822357,1.0933378706019068,0.3991495980035956,0.04584466539296419,-0.059497307637706796,0.008243039961820745
8.736285097927642,1.3089651497768866,7.367347173717516,-0.5766873829264664,1.0934181246953094,0.3991373870843682,0.04576786476835284,-0.05950595531335783,0.0078076213619637375
8.746285097927643,1.3103926480057553,7.371102426113182,-0.5772824855708586,1.0934940196483782,0.39912434307589995,0.04569186628682087,-0.0595145676907754,0.007371196338154851
8.756285097927643,1.3118204791075396,7.374857316928012,-0.5778776741630189,1.0935655449508446,0.3991104743967334,0.04561667034600196,-0.05952314488830538,0.0069336740019459685
8.766285097927643,1.3132486486706403,7.3786118363804984,-0.5784729483517352,1.0936326891696726,0.39909578931524387,0.04554227760308092,-0.05953168702391377,0.006494963367432653
8.776285097927643,1.314677162353463,7.382365974747534,-0.5790683077869914,1.0936954399647432,0.3990802959444984,0.04546868897317661,-0.059540194215182536,0.006054973503385557
8.786285097927642,1.3161060258862776,7.386119722354613,-0.5796637521199369,1.0937537840846452,0.3990640022534186,0.04539590562498447,-0.0595486665793189,0.005613613273002532
8.796285097927642,1.3175352450714866,7.389873069574563,-0.5802592810028838,1.0938077073649557,0.3990469160681962,0.045323928980551896,-0.0595571042331563,0.005170791297834653
8.806285097927642,1.318964825783628,7.393626006827552,-0.5808548940893061,1.0938571947282405,0.39902904507229314,0.04525276071527813,-0.059565507293154484,0.004726415957785685
8.816285097927643,1.3203947739693722,7.397378524581084,-0.58145059103384,1.093902230184054,0.39901039680644146,0.045182402757914346,-0.05957387587539945,0.004280395391112557
8.826285097927641,1.3218250956475341,7.401130613349973,-0.5820463714922839,1.0939427968288185,0.39899097866866723,0.04511285729058056,-0.05958221009560351,0.0038326374935190406
8.836285097927643,1.3232557969105232,7.404882263692293,-0.5826422351215885,1.0939788768244934,0.3989707979175875,0.04504412675232664,-0.059590510069107816,0.003383049776807006
8.846285097927643,1.3246868839230175,7.40863346621351,-0.5832381815798714,1.094010451410166,0.39894986166910595,0.0449762138382385,-0.05959877591087767,0.0029315394712065247
8.856285097927643,1.3261183629231355,7.412384211561206,-0.5838342105263987,1.0940375008983079,0.39892817690155663,0.044909121497473614,-0.05960700773550837,0.0024780133988707253
8.866285097927642,1.3275502402238866,7.416134490420397,-0.5844303216215722,1.0940600046589541,0.3989057504597377,0.04484285293495764,-0.05961520565722935,0.002022377835550304
8.876285097927644,1.3289825222131684,7.419884293513525,-0.5850265145269278,1.0940779411197064,0.3988825890549116,0.044777411611384516,-0.0596233697899042,0.001564538510593942
8.886285097927642,1.3304152153537685,7.423633611600465,-0.5856227889051371,1.0940912877657305,0.3988586992648051,0.044712801243216395,-0.05963150024703063,0.0011044006069480966
8.896285097927644,1.331848326183364,7.427382435478521,-0.5862191444200062,1.0941000211397578,0.3988340875336091,0.044649025802683616,-0.059639597141740504,0.0006418687611567928
8.906285097927642,1.3332818613153241,7.431130755980514,-0.5868155807364718,1.0941041168255359,0.3988087601727111,0.0445860895213085,-0.059647660586801134,0.0001768411820909671
8.916285097927643,1.3347158274397795,7.434878563973476,-0.5874120975206016,1.09410354935476,0.3987827233566452,0.044523996915398656,-0.05965569069461432,-0.0002907730109131042
8.926285097927643,1.3361502313223188,7.438625850360019,-0.5880086944395958,1.0940982925395213,0.3987559831423569,0.044462752691137204,-0.059663687577216504,-0.0007610320631587879
8.936285097927643,1.3375850798060018,7.442372606071483,-0.5886053711617638,1.094088319665796,0.3987285454869967,0.04440236168477591,-0.05967165134628565,-0.0012339909900907658
8.946285097927642,1.3390203798114393,7.446118822067726,-0.5892021273565247,1.09407360349544,0.39870041624824226,0.044342828861921625,-0.05967958211314144,-0.001709702529393555
8.956285097927644,1.3404561383367914,7.449864489337106,-0.5897989626944056,1.0940541162661888,0.39867160118429795,0.04428415931753633,-0.059687479988745296,-0.002188217140991071
8.966285097927642,1.3418923624577688,7.453609598896489,-0.590395876847043,1.0940298296916584,0.39864210595389526,0.04422635827593711,-0.05969534508370033,-0.002669583007046845
8.976285097927644,1.3433290593273974,7.457354141791277,-0.5909928694871824,1.0940007149822377,0.39861193611736945,0.04416943108492447,-0.05970317750825121,-0.003153846948398811
8.978611540488735,1.3436633671562517,7.458225205983825,-0.5911317676148615,1.0939932462299604,0.39860482113601586,0.044156313175536255,-0.05970499500416072,-0.0032669290445226985
8.988611540488735,1.3451011679027056,7.461968817526278,-0.591728532053878,1.0939572180290693,0.3985743130597186,0.04410139307455986,-0.0597121806715795,-0.0037416431626872445
8.998611540488735,1.3465389356062587,7.465712087169659,-0.592325692717532,1.0939175322975707,0.3985451790517257,0.044049722789008164,-0.059719947166176394,-0.004191492216216344
9.008611540488735,1.34797717451068,7.469454811961097,-0.5929229308995029,1.0938734678776638,0.39851706721802765,0.04400102953068633,-0.05972768435109316,-0.004617433286424827
9.018611540488735,1.3494158791171003,7.4731970083280945,-0.593520246307185,1.0938252620558586,0.39848998236616645,0.043955235357309566,-0.05973539232480673,-0.005019830995501089
9.028611540488734,1.3508550437498297,7.476938692720396,-0.594117638648956,1.0937731485170283,0.39846392894568144,0.04391226363961032,-0.05974307118547567,-0.005399044262002016
9.038611540488734,1.3522946625564005,7.480679881609479,-0.5947151076341756,1.0937173573175205,0.3984389110613667,0.043872039064900996,-0.059750721030940465,-0.005755425955527145
9.048611540488734,1.3537347295090962,7.484420591486482,-0.5953126529731817,1.0936581149723057,0.39841493248922966,0.0438344876051506,-0.05975834195872458,-0.0060893228803616415
9.058611540488734,1.355175238407932,7.488160838858441,-0.5959102743772833,1.0935956446359796,0.39839199670548386,0.04379953645199397,-0.05976593406603692,-0.0064010758083161545
9.068611540488735,1.3566161828808514,7.491900640248031,-0.5965079715587585,1.0935301661140515,0.39837010688890595,0.04376711401248293,-0.059773497449772006,-0.006691019469336033
9.078611540488733,1.3580575563841608,7.495640012192959,-0.597105744230854,1.0934618958783573,0.39834926593114917,0.04373714990069015,-0.05978103220651049,-0.006959482378253587
9.088611540488735,1.3594993522024668,7.4993789712459,-0.5977035921077845,1.0933910470459258,0.3983294764420541,0.043709574942212816,-0.05978853843251904,-0.007206786649901098
9.098611540488735,1.3609415634521307,7.503117533970413,-0.5983015149047227,1.0933178296059614,0.39831074078021234,0.043684321094489525,-0.0597960162237533,-0.007433248123334385
9.108611540488734,1.3623841830821026,7.50685571693997,-0.5988995123377977,1.0932424504733174,0.3982930610612173,0.043661321427642424,-0.05980346567585866,-0.007639176366995858
9.118611540488734,1.3638272038741355,7.510593536737728,-0.5994975841240939,1.0931651135026323,0.3982764391608378,0.04364051011902025,-0.0598108868841705,-0.007824874649821801
9.128611540488736,1.3652706184428305,7.51433100995651,-0.6000957299816497,1.0930860194792278,0.3982608767232743,0.04362182245283438,-0.059818279943714324,-0.007990639695877825
9.138611540488734,1.366714419237048,7.518068153197179,-0.6006939496294537,1.0930053662146364,0.39824637517335865,0.04360519478681244,-0.059825644949206974,-0.00813676173957114
9.148611540488735,1.368158598542476,7.521804983065801,-0.6012922427874368,1.0929233487323249,0.3982329357399712,0.04359056448742186,-0.059832981995059195,-0.008263524623549576
9.158611540488735,1.3696031484817348,7.52554151617352,-0.6018906091764716,1.092840159275161,0.398220559457131,0.043577869927209766,-0.0598402911753757,-0.008371205798670558
9.168611540488735,1.3710480610147284,7.529277769136262,-0.6024890485183709,1.092755987336725,0.39820924717013473,0.043567050473001155,-0.059847572583955705,-0.00846007625882934
9.178611540488735,1.3724933279383793,7.533013758575137,-0.6030875605358873,1.0926710196350449,0.3981989995385403,0.043558046492618824,-0.05985482631429266,-0.008530400341940815
9.188611540488736,1.3739389408889604,7.536749501113872,-0.6036861449527064,1.0925854402994686,0.39818981705570755,0.04355079929117436,-0.059862052459576716,-0.008582435903822105
9.198611540488734,1.3753848913434503,7.540485013377373,-0.6042848014934407,1.0924994309848273,0.39818170006203474,0.04354525107162937,-0.05986925111269633,-0.008616434376408034
9.208611540488736,1.3768311706195464,7.544220311991726,-0.6048835298836303,1.092413170872675,0.3981746487451042,0.043541344934366455,-0.0598764223662383,-0.008632640767659966
9.218611540488734,1.3782777698759365,7.547955413584029,-0.6054823298497395,1.0923268367148848,0.39816866314656424,0.04353902486137407,-0.05988356631248844,-0.008631293581129226
9.228611540488735,1.3797246801120195,7.5516903347828075,-0.6060812011191593,1.0922406028056184,0.39816374316225067,0.043538235724570155,-0.059890683043431064,-0.008612624684001305
9.238611540488735,1.381171892170203,7.555425092215498,-0.6066801434201963,1.092154641204682,0.3981598885636353,0.04353892321037875,-0.059897772650752155,-0.00857685951222552
9.248611540488735,1.3826193967366,7.559159702507729,-0.6072791564820696,1.0920691218116965,0.39815709900547597,0.04354103379447022,-0.0599048352258404,-0.00852421711151631
9.258611540488735,1.3840671843410393,7.562894182283314,-0.6078782400349111,1.0919842123682304,0.39815537402602547,0.043544514741039826,-0.05991187085978724,-0.008454910137433637
9.268611540488735,1.3855152453571342,7.566628548164281,-0.6084773938097624,1.091900078509198,0.3981547130531151,0.04354931408499024,-0.0599188796433876,-0.008369144785744725
9.278611540488734,1.3869635700020415,7.570362816771227,-0.6090766175385761,1.0918168837358255,0.39815511540330684,0.043555380640309865,-0.059925861667139285,-0.008267120689257782
9.288611540488734,1.3884121483382244,7.5740970047213025,-0.6096759109542065,1.0917347896414051,0.3981565803015706,0.04356266392470994,-0.05993281702124629,-0.008149031126445608
9.298611540488736,1.389860970273882,7.577831128627738,-0.6102752737904049,1.0916539559785683,0.3981591068873943,0.043571114137069,-0.05993974579561979,-0.008015063060761067
9.308611540488734,1.3913100255629527,7.581565205099838,-0.6108747057818207,1.0915745406600261,0.39816269421484424,0.0435806821571882,-0.059946648079878186,-0.007865397140761746
9.318611540488735,1.392759303804964,7.585299250743128,-0.6114742066639981,1.0914966998163398,0.39816734125759284,0.04359131952656907,-0.05995352396334783,-0.007700207656498245
9.328611540488733,1.3942087944447155,7.589033282159798,-0.6120737761733781,1.0914205877653522,0.3981730469073108,0.04360297845812912,-0.05996037353506229,-0.007519662428054166
9.338611540488735,1.3956584867733612,7.592767315947256,-0.6126734140472889,1.091346357219276,0.39817980999005154,0.043615611767885185,-0.05996719688376554,-0.00732392300066557
9.348611540488735,1.3971083699286782,7.596501368697713,-0.6132731200239413,1.0912741593729334,0.39818762927328516,0.04362917284584137,-0.05997399409791324,-0.007113144697092841
9.358611540488734,1.398558432895067,7.60023545699819,-0.6138728938424286,1.0912041439037552,0.3981965034658988,0.04364361565598903,-0.05998076526567278,-0.006887476617620616
9.368611540488734,1.4000086645032652,7.603969597430682,-0.6144727352427253,1.0911364590170047,0.3982064312212479,0.04365889472170098,-0.05998751047492383,-0.006647061621626473
9.378611540488736,1.4014590534297835,7.607703806572755,-0.6150726439656867,1.0910712514469387,0.39821741113712184,0.04367496512542774,-0.059994229813258027,-0.006392036208086157
9.388611540488734,1.402909588197405,7.6114381009966765,-0.6156726197530434,1.091008666585814,0.3982294417652852,0.04369178246650018,-0.0600009233679809,-0.006122530653619902
9.398611540488735,1.4043602571750973,7.615172497269072,-0.6162726623473936,1.090948848633817,0.3982425216220174,0.04370930281243748,-0.060007591226114286,-0.005838669097592645
9.408611540488735,1.4058110485780084,7.618907011950924,-0.6168727714922031,1.0908919405999982,0.3982566491881776,0.04372748269864369,-0.06001423347439629,-0.005540569542353428
9.418611540488735,1.4072619504672648,7.622641661597662,-0.6174729469318041,1.0908380843224668,0.3982718229103249,0.043746279122026756,-0.06002085019928161,-0.005228343848803054
9.428611540488735,1.4087129507488718,7.6263764627598984,-0.6180731884113942,1.0907874205244465,0.3982880412031029,0.0437656495236561,-0.06002744148694186,-0.00490209763900422
9.438611540488736,1.4101640371740791,7.630111431983054,-0.6186734956770351,1.0907400888291003,0.3983053024506855,0.043785551783670947,-0.060034007423265735,-0.004561930327356732
9.448611540488734,1.4116151973384818,7.63384658580722,-0.6192738684756417,1.0906962279791392,0.3983236050206622,0.04380594415093848,-0.060040548093862556,-0.004207935240320086
9.458611540488736,1.4130664186819002,7.637581940767189,-0.6198743065549817,1.0906559758555523,0.39834294726516567,0.04382678523708768,-0.06004706358406254,-0.003840199621414406
9.468611540488736,1.414517688488366,7.6413175133924645,-0.6204748096636745,1.0906194694785285,0.39836332752091597,0.04384803401622231,-0.06005355397891681,-0.003458804631089411
9.478611540488735,1.4159689938847284,7.645053320207913,-0.6210753775511891,1.0905868450862684,0.39838474411244157,0.043869649800726336,-0.06006001936319832,-0.003063825292915147
9.488611540488735,1.4174203218406731,7.648789377733902,-0.6216760099678468,1.0905582381023675,0.39840719534950225,0.04389159225186236,-0.06006645982140078,-0.0026553304197633487
9.498611540488735,1.4188716591674544,7.65252570248631,-0.6222767066648098,1.0905337833283726,0.3984306795386065,0.04391382131863082,-0.06007287543774201,-0.0022333827225254873
9.508611540488735,1.4203229925168943,7.656262310976843,-0.6228774673940785,1.0905136150380874,0.3984551949880602,0.04393629720817704,-0.060079266296165314,-0.0017980388273337545
9.518611540488735,1.4217743083813819,7.659999219713028,-0.6234782919084896,1.0904978669775733,0.3984807400079661,0.04395898038579109,-0.06008563248033957,-0.0013493492755615056
9.528611540488734,1.4232255930934918,7.6637364451983885,-0.624079179961717,1.0904866723626323,0.3985073129095427,0.043981831575593315,-0.06009197407365926,-0.0008873600055306601
9.538611540488734,1.4246768328237578,7.667474003933445,-0.6246801313082694,1.0904801639959485,0.3985349120089779,0.04400481172622149,-0.06009829115924494,-0.00041210748598644097
9.548611540488736,1.4261280135805288,7.67121191241543,-0.6252811457034854,1.0904784743787932,0.398563535634824,0.04402788197584964,-0.06010458381994476,7.638059726700563e-05
9.558611540488734,1.4275791212081868,7.674950187138943,-0.6258822229035282,1.0904817355803447,0.3985931821184612,0.04405100368797214,-0.06011085213833618,0.0005780568888274272
9.568611540488735,1.4290301413868736,7.67868884459606,-0.626483362665386,1.0904900792121528,0.3986238497921883,0.04407413845861104,-0.060117096196726165,0.00109285306957377
9.578611540488735,1.4304810596317061,7.682427901276383,-0.6270845647468687,1.090503636120275,0.3986555369689175,0.044097248204547364,-0.06012331607715146,0.001620694307996487
9.588611540488735,1.431931861292276,7.686167373666983,-0.6276858289066076,1.0905225363540025,0.3986882419392799,0.044120295171152776,-0.06012951186137924,0.0021615085679519462
9.598611540488735,1.4333825315511652,7.689907278252591,-0.6282871549040482,1.0905469092888365,0.3987219629775197,0.04414324189374281,-0.060135683630909244,0.0027152250107014136
9.608611540488734,1.4348330554236666,7.693647631515637,-0.6288885424994483,1.0905768836177792,0.398756698340618,0.04416605119962376,-0.0601418314669741,0.0032817744792202177
9.618611540488734,1.436283417756765,7.697388449936253,-0.629489991453876,1.0906125873674504,0.39879244626752436,0.0441886862018216,-0.06014795545054038,0.003861089409119701
9.628611540488736,1.4377336032302952,7.701129749991801,-0.6300915015292142,1.0906541478146943,0.3988292049741707,0.04421111032502231,-0.06015405566230664,0.004453103918980864
9.638611540488734,1.4391835963539676,7.704871548157166,-0.6306930724881497,1.0907016915984762,0.3988669726567595,0.04423328726813031,-0.060160132182707216,0.005057753548499445
9.648611540488735,1.4406333814663628,7.7086138609048716,-0.6312947040941681,1.0907553447575835,0.39890574749290664,0.0442551809917012,-0.06016618509191354,0.005674975171672485
9.658611540488735,1.4420829427349304,7.712356704705087,-0.6318963961115549,1.0908152327306258,0.3989455276416409,0.044276755717941735,-0.06017221446983412,0.006304706996797775
9.668611540488735,1.4435322641556911,7.716100096025616,-0.6324981483053939,1.0908814803586122,0.3989863112430293,0.04429797592963403,-0.060178220396114764,0.006946888548178038
9.678611540488735,1.4449813295515512,7.719844051331527,-0.6330999604415646,1.09095421185524,0.39902809641203063,0.04431880637692414,-0.060184202950139445,0.007601460563567027
9.688611540488735,1.4464301225738887,7.723588587084705,-0.6337018322867461,1.091033550771629,0.3990708812381446,0.04433921208865779,-0.060190162211028894,0.008268365064963956
9.698611540488734,1.4478786266984889,7.727333719744249,-0.6343037636084032,1.0911196201154878,0.39911466378764127,0.04435915833268658,-0.06019609825764507,0.00894754508313444
9.708611540488734,1.449326825224853,7.731079465766511,-0.6349057541747849,1.0912125423648424,0.3991594421033833,0.044378610611087915,-0.06020201116859184,0.009638944613751758
9.718611540488736,1.4507747012761965,7.734825841605097,-0.6355078037549233,1.0913124394680358,0.3992052142048257,0.044397534660164974,-0.06020790102221496,0.010342508617396226
9.728611540488734,1.4522222377992762,7.738572863710854,-0.6361099121186343,1.091419432844989,0.39925197808778884,0.04441589644991807,-0.06021376789660221,0.011058183010796892
9.738611540488735,1.4536694175619638,7.742320548531217,-0.636712079036512,1.0915336433645433,0.3992997317175037,0.044433662188230055,-0.06021961186958485,0.011785914544705773
9.748611540488735,1.4551162231561836,7.746068912509511,-0.6373143042799366,1.0916551912723012,0.39934847302731735,0.04445079834383252,-0.060225433018734884,0.012525650930243408
9.758611540488735,1.456562636993116,7.749817972085324,-0.6379165876210605,1.0917841963119754,0.39939819992018216,0.04446727160619624,-0.060231231421369935,0.013277340571955782
9.768611540488735,1.4580086413016173,7.753567743694536,-0.6385189288328031,1.0919207777501068,0.39944891026781226,0.044483048876867014,-0.06023700715455462,0.0140409324862571
9.778611540488734,1.45945421812822,7.757318243769308,-0.639121327688851,1.0920650543760644,0.39950060191068343,0.04449809726946564,-0.06024276029510052,0.014816376301428976
9.788611540488734,1.4608993493371325,7.761069488738091,-0.6397237839636581,1.0922171445020457,0.3995532726580331,0.044512384109687934,-0.06024849091956623,0.01560362225762138
9.798611540488736,1.462344016609036,7.764821495025357,-0.6403262974324427,1.092377165963254,0.399606920285584,0.04452587693425688,-0.060254199104258103,0.01640262115758171
9.808611540488734,1.4637882014398094,7.7685742790499,-0.6409288678711869,1.0925452360391295,0.39966154252541636,0.0445385435120284,-0.060259884925230434,0.017213324307865444
9.818611540488735,1.465231885143322,7.772327857225034,-0.6415314950566413,1.0927214714584554,0.3997171370712612,0.0445503518439997,-0.06026554845828381,0.01803568360290043
9.828611540488735,1.4666750488445888,7.7760822459585555,-0.6421341787663075,1.0929059885014298,0.3997737015750694,0.04456127012831432,-0.06027118977897088,0.018869651232047556
9.838611540488735,1.4681176734793229,7.779837461652703,-0.6427369187784369,1.0930989030036606,0.3998312336465356,0.04457126675875015,-0.06027680896259664,0.01971517966098006
9.848611540488735,1.4695597397939348,7.783593520704162,-0.6433397148720307,1.0933003303561641,0.3998897308530984,0.04458031032471943,-0.060282406084218525,0.020572221631683946
9.858611540488736,1.4710012283455325,7.78735043950406,-0.6439425668268398,1.0935103855053665,0.3999491907199404,0.04458836961126869,-0.06028798121864629,0.02144073016245717
9.868611540488734,1.472442119500998,7.791108234437692,-0.6445454744233631,1.0937291829526667,0.40000961072826635,0.04459541359853286,-0.06029353444044272,0.022320658517410788
9.878611540488736,1.4738823934338607,7.79486692188181,-0.6451484374428419,1.093956836678807,0.400070988302096,0.044601411480441285,-0.060299065823925,0.023211960097085024
9.888611540488734,1.4753220301309191,7.798626518205109,-0.6457514556672742,1.0941934601084877,0.40013332081632336,0.04460633267850738,-0.06030457544316031,0.02411458862797749
9.898611540488735,1.4767610093831378,7.802387039767827,-0.6463545288793926,1.094439166223575,0.4001966055909561,0.04461014680311743,-0.06031006337197298,0.02502849784669185
9.908611540488735,1.4781993107842462,7.806148502921522,-0.6469576568626607,1.0946940675719634,0.4002608398894252,0.04461282365002456,-0.06031552968394546,0.02595364145320256
9.918611540488735,1.479636913730738,7.809910924009075,-0.6475608394012733,1.094958276267575,0.40032602091858527,0.04461433320034872,-0.06032097445241835,0.02688997311085525
9.928611540488735,1.4810737974218724,7.813674319364696,-0.6481640762801568,1.0952319039903602,0.40039214582871446,0.04461464562057676,-0.060326397750490396,0.027837446446367178
9.938611540488735,1.4825099408596736,7.817438705313915,-0.6487673672849685,1.0955150619862972,0.4004592117135146,0.044613731262562344,-0.06033179965101846,0.028796015049826366
9.948611540488734,1.4839453228465487,7.821204098172488,-0.6493707122020924,1.0958078610587147,0.4005272156051266,0.04461156066441806,-0.060337180226619054,0.029765632413445018
9.958611540488734,1.4853799219840618,7.8249705142421435,-0.6499741108186381,1.0961104114518547,0.40059615446024766,0.044608104581317996,-0.06034253954966836,0.030746251887662095
9.968611540488736,1.4868137166805493,7.828737969813108,-0.6505775629224546,1.0964228228756057,0.4006660251751582,0.04460333398237903,-0.06034787769229769,0.031737826844385635
9.978611540488734,1.4882466851389864,7.832506481162168,-0.6511810683021042,1.0967452045904227,0.4007368245729581,0.044597220019475435,-0.060353194726402215,0.03274031035722312
9.988611540488735,1.4896788053562178,7.8362760645524645,-0.6517846267468609,1.0970776654092746,0.4008085494024249,0.0445897340262219,-0.060358490723641446,0.03375365518168286
9.998611540488733,1.491110055122956,7.840046736233486,-0.6523882380467093,1.0974203136976441,0.40088119633801383,0.04458084751797349,-0.06036376575543924,0.034777813755172846
10.008611540488735,1.492540412023783,7.8438185124410715,-0.6529919019923459,1.0977732573735273,0.40095476197985813,0.044570532191825656,-0.060369019892983815,0.03581273819700205
10.018611540488735,1.49396985343715,7.847591409397412,-0.6535956183751784,1.098136603907434,0.4010292428537687,0.04455875992661425,-0.060374253207227724,0.036858380308379325
10.028611540488736,1.4953983565353755,7.851365443311046,-0.6541993869873257,1.0985104603223796,0.40110463541123276,0.04454550278291744,-0.06037946576888789,0.03791469157240727
10.038611540488734,1.4968258982814862,7.855140630371355,-0.6548032076216128,1.0988949330942785,0.40118093601432053,0.04453073302812232,-0.060384657648447054,0.03898162310398588
10.048611540488736,1.4982524554320844,7.8589169867464665,-0.6554070800715758,1.0992901281048133,0.4012581409349032,0.04451442314903085,-0.060389828916152084,0.04005912565154409
10.058611540488734,1.4996780045342006,7.862694528587321,-0.6560110041314527,1.0996961507797385,0.40133624636294846,0.04449654581261689,-0.06039497964201696,0.04114714952028168
10.068611540488735,1.5011025219204575,7.866473272024573,-0.6566149795961758,1.100113106056758,0.4014152483955431,0.044477073872437996,-0.0604001098958257,0.04224564450062214
10.078611540488735,1.5025259837090688,7.870253233168591,-0.6572190062613695,1.1005410983855237,0.40149514303689343,0.04445598036863546,-0.060405219747132255,0.04335455986821144
10.088611540488735,1.5039483658038395,7.874034428109457,-0.6578230839233521,1.1009802317276376,0.401575926198325,0.044433238527934314,-0.060410309265260614,0.04447384438391859
10.098611540488735,1.5053696438941666,7.877816872916967,-0.658427212379135,1.1014306095566502,0.40165759369828274,0.04440882176364328,-0.06041537851930474,0.045603446293836114
10.100937983049832,1.5057001351692259,7.878697017899151,-0.6585677666557328,1.101537010648346,0.40167671951866313,0.04440289836583292,-0.06041655495395247,0.0458677154701211
10.110937983049832,1.5071203901663515,7.882480959207478,-0.6591716327765239,1.102003584376568,0.4017585395005388,0.044373764982495636,-0.06042099013678793,0.046984078231429464
10.120937983049831,1.5085391411909808,7.886266216955671,-0.6597758678224453,1.1024787825510258,0.4018400415598945,0.04434072908807037,-0.0604260156024261,0.048047463122840105
10.130937983049831,1.509956755910296,7.890052720919962,-0.6603801530197855,1.102964372635134,0.4019209654013102,0.04430297199771659,-0.06043102043195255,0.04906256131958729
10.140937983049833,1.5113732337911896,7.893840459044983,-0.6609844881625329,1.1034598754777096,0.40200128321650186,0.044260646938999275,-0.06043600469553401,0.05003012501431686
10.15093798304983,1.5127885746212277,7.897629419064577,-0.6615888730453768,1.103964819305644,0.40208096790077613,0.04421390461424495,-0.06044096846310448,0.0509509016588901
10.160937983049832,1.5142027785112315,7.9014195885024545,-0.662193307463706,1.104478739931633,0.4021599931022633,0.04416289313723258,-0.06044591180436567,0.05182563218025664
10.17093798304983,1.5156158458959466,7.90521095467532,-0.6627977912136068,1.105001180770172,0.4022383332369725,0.044107758030115324,-0.06045083478878725,0.05265505027546856
10.180937983049832,1.5170277775318728,7.909003504712907,-0.6634023240918573,1.1055316923639125,0.402315963465383,0.04404864238177046,-0.06045573748560915,0.053439881858159746
10.190937983049832,1.5184385744971751,7.912797225560408,-0.6640069058959253,1.1060698323406823,0.4023928596929468,0.043985686862581294,-0.06046061996384185,0.05418084487041745
10.200937983049831,1.5198482381921554,7.916592103980209,-0.6646115364239679,1.106615165417041,0.4024689985772196,0.0439190297240908,-0.060465482292266635,0.05487864883965233
10.210937983049831,1.5212567703421322,7.920388126550944,-0.6652162154748313,1.1071672636238135,0.4025443575702868,0.04384880672780342,-0.06047032453943571,0.05553399327006974
10.220937983049831,1.5226641729956079,7.924185279679794,-0.6658209428480464,1.1077257059722125,0.40261891489345464,0.04377515125518503,-0.06047514677367348,0.0561475676215707
10.23093798304983,1.5240704485228544,7.927983549615683,-0.6664257183438235,1.108290078127095,0.4026926495180161,0.04369819441593151,-0.06047994906307823,0.056720050921496394
10.24093798304983,1.525475599615909,7.9317829224495116,-0.6670305417630527,1.1088599724024903,0.4027655411651683,0.043618065049468434,-0.06048473147552211,0.057252111746754056
10.250937983049832,1.5268796292895674,7.935583384117124,-0.667635412907302,1.1094349877573824,0.4028375703145323,0.043534889726698285,-0.060489494078651694,0.057744407461915614
10.26093798304983,1.5282825408835696,7.939384920397515,-0.6682403315788175,1.1100147299710683,0.40290871823033875,0.043448792693259713,-0.060494236939887695,0.05819758323539898
10.270937983049832,1.5296843380595984,7.943187516930373,-0.6688452975805175,1.1105988111122558,0.4029789669155661,0.04335989604303914,-0.06049896012642715,0.05861227219342757
10.280937983049832,1.5310850248005192,7.94699115922294,-0.6694503107159888,1.111186849351915,0.4030482990982547,0.04326831977941176,-0.0605036637052444,0.058989095257787706
10.290937983049831,1.5324846054103853,7.950795832650224,-0.670055370789487,1.1117784689579715,0.4031166982311471,0.043174181816941846,-0.060508347743091107,0.05932866113062401
10.300937983049831,1.533883084515727,7.954601522458113,-0.6706604776059344,1.1123733002738159,0.4031841484958097,0.04307759798744006,-0.06051301230649679,0.05963156550637186
10.310937983049833,1.5352804670669142,7.958408213762425,-0.6712656309709211,1.1129709798221463,0.40325063481635814,0.042978682005839715,-0.06051765746176856,0.05989839051001474
10.32093798304983,1.5366767583350034,7.962215891566311,-0.6718708306906966,1.1135711497253655,0.40331614280541667,0.042877545658257514,-0.060522283274993614,0.06012970498166572
10.330937983049832,1.5380719639112552,7.966024540764448,-0.672476076572169,1.1141734575756723,0.4033806587529036,0.04277429884398735,-0.060526889812039866,0.06032606442108531
10.34093798304983,1.5394660897071357,7.969834146143263,-0.6730813684229036,1.114777556427854,0.4034441696253808,0.04266904957776877,-0.060531477138555986,0.06048801097590781
10.350937983049832,1.5408591419555568,7.973644692384063,-0.6736867060511216,1.1153831047390232,0.40350666306248156,0.04256190400715612,-0.06053604531997203,0.06061607281755584
10.360937983049832,1.5422511272120194,7.977456164062034,-0.6742920892657011,1.1159897664604403,0.4035681273872993,0.04245296638200379,-0.06054059442149901,0.06071076371422417
10.370937983049831,1.5436420523515988,7.981268545661896,-0.6748975178761688,1.116597210452451,0.40362855154864846,0.042342339243059655,-0.06054512450813153,0.06077258346114538
10.380937983049831,1.545031924568512,7.985081821581594,-0.6755029916926988,1.117205110351856,0.40368792510831786,0.042230123464392845,-0.06054963564464839,0.0608020178798065
10.390937983049833,1.546420751376116,7.988895976132354,-0.6761085105261117,1.1178131445696264,0.40374623824083666,0.04211641825410627,-0.060554127895612625,0.060799538816520865
10.40093798304983,1.5478085406078306,7.992710993541655,-0.6767140741878723,1.118420996185708,0.40380348172249186,0.04200132118556224,-0.060558601325372136,0.06076560377324412
10.410937983049832,1.5491953004186372,7.9965268579516495,-0.6773196824900927,1.11902835306596,0.40385964694293686,0.04188492815803044,-0.06056305599805916,0.06070065540811899
10.420937983049832,1.5505810392824124,8.000343553431867,-0.6779253352455228,1.1196349073205136,0.4039147258500638,0.04176733357052417,-0.06056749197759268,0.06060512207891753
10.430937983049832,1.5519657659913826,8.004161063983961,-0.6785310322675486,1.1202403551014966,0.40396871092935344,0.04164863038596797,-0.06057190932767944,0.060479417913458705
10.440937983049832,1.5533494896561235,8.007979373541719,-0.679136773370192,1.1208443966030315,0.40402159520387476,0.04152891013119756,-0.06057630811181393,0.06032394280960827
10.450937983049831,1.5547322197060536,8.011798465972786,-0.6797425583681086,1.121446735969987,0.40407337222394163,0.04140826292434053,-0.06058068839327885,0.06013908231300976
10.460937983049831,1.5561139658913703,8.015618325078462,-0.6803483870765891,1.1220470813309895,0.40412403606793357,0.04128677746029099,-0.06058505023514492,0.05992520704944854
10.470937983049831,1.5574947382812463,8.019438934600268,-0.6809542593115543,1.1226451444895835,0.404173581310997,0.04116454111022678,-0.060589393700272255,0.05968267317103533
10.48093798304983,1.558874547263075,8.023260278227482,-0.6815601748895495,1.123240640533409,0.4042220029842003,0.041041640044799134,-0.060593718851312275,0.059411822595062426
10.49093798304983,1.560253403542472,8.027082339597218,-0.6821661336277445,1.1238332878305823,0.4042692965741466,0.040918159235257615,-0.06059802575070773,0.0591129830042001
10.500937983049832,1.5616313181434063,8.03090510229482,-0.6827721353439331,1.1244228079980592,0.4043154580194165,0.04079418246301478,-0.06060231446069287,0.05878646783618865
10.51093798304983,1.5630083024100951,8.03472854985539,-0.683378179856531,1.125008925766743,0.40436048369275673,0.04066979235721844,-0.06060658504329396,0.05843257592269389
10.520937983049832,1.5643843680066576,8.03855266576395,-0.6839842669845773,1.1255913690229102,0.4044043704049483,0.040545070381962055,-0.06061083756032893,0.05805159145919386
10.530937983049832,1.5657595269163456,8.042377433464399,-0.6845903965477249,1.1261698682292667,0.40444711534498434,0.040420097018377156,-0.06061507207341029,0.05764378449841524
10.540937983049831,1.567133791441608,8.0462028363606,-0.68519656836624,1.1267441563487832,0.40448871607195797,0.040294951788243945,-0.06061928864394551,0.057209410982404424
10.550937983049831,1.5685071742040897,8.05002885781639,-0.6858027822610018,1.1273139688446956,0.40452917051506243,0.04016971325399119,-0.06062348733313702,0.05674871274252728
10.560937983049833,1.5698796881455859,8.05385548115641,-0.6864090380535007,1.1278790435573616,0.4045684769593937,0.04004445905500321,-0.060627668201982794,0.056261917429656826
10.57093798304983,1.5712513465297566,8.057682689665544,-0.687015335565839,1.1284391206960964,0.4046066340405545,0.03991926590530991,-0.06063183131127597,0.05574923812795244
10.580937983049832,1.5726221629411217,8.061510466592686,-0.6876216746207274,1.1289939425948516,0.4046436407212418,0.03979420967203315,-0.060635976721606165,0.05521087371863276
10.590937983049832,1.5739921512859574,8.065338795154917,-0.6882280550414778,1.1295432532960483,0.4046794962481183,0.0396693655038646,-0.06064010449336164,0.05464700910383492
10.600937983049832,1.5753613257923151,8.069167658537536,-0.6888344766520035,1.1300867985463592,0.4047142001513592,0.03954480783234815,-0.06064421468672929,0.05405781520729023
10.610937983049832,1.576729701010042,8.072997039894071,-0.6894409392768197,1.1306243257941861,0.4047477522443847,0.03942061037263149,-0.060648307361694694,0.05344344897399634
10.620937983049831,1.5780972918131353,8.07682692234639,-0.6900474427410399,1.1311555839710692,0.4047801525988919,0.03929684618667436,-0.060652382578042945,0.05280405320597274
10.630937983049831,1.579464113399676,8.080657288983934,-0.6906539868703792,1.1316803236191202,0.40481140155449225,0.039173587641574976,-0.06065644039535763,0.05213975632048297
10.640937983049831,1.5808301812928591,8.084488122867267,-0.6912605714911465,1.1321982964225694,0.4048414996734557,0.03905090655533973,-0.06066048087302338,0.05145067271240102
10.65093798304983,1.5821955113424162,8.08831940702919,-0.6918671964302406,1.132709254954614,0.4048704477149441,0.03892887427374035,-0.06066450407022723,0.050736902817994894
10.66093798304983,1.5835601197246163,8.092151124474743,-0.6924738615151501,1.13321295267742,0.40489824663501145,0.03880756167031388,-0.060668510045958614,0.049998533114926184
10.670937983049832,1.58492402294235,8.095983258181189,-0.693080566573953,1.1337091439346147,0.4049248975858321,0.03868703914856278,-0.060672498859009376,0.049235636118888045
10.68093798304983,1.58628723782873,8.099815791096585,-0.693687311435314,1.1341975836855314,0.40495040188645426,0.038567376717667946,-0.06067647056797475,0.04844827012513704
10.690937983049832,1.587649781545612,8.103648706140001,-0.6942940959284883,1.1346780276738995,0.4049747610366508,0.03844864393995297,-0.060680425231252035,0.047636479089686566
10.700937983049831,1.5890116715869078,8.10748198620243,-0.6949009198833124,1.1351502319112445,0.40499797666846304,0.03833091008877984,-0.060684362907043585,0.04680029281271289
10.710937983049831,1.590372925780695,8.111315614146495,-0.6955077831302003,1.135613952452541,0.40502005052409557,0.03821424421551776,-0.06068828365335789,0.04593972691514898
10.720937983049831,1.591733562289216,8.115149572806468,-0.696114685500145,1.1360689453962118,0.4050409844559165,0.03809871514954303,-0.06069218752800966,0.04505478283868408
10.73093798304983,1.5930935996088964,8.118983844988243,-0.6967216268247164,1.1365149668828913,0.4050607804263361,0.03798439149859642,-0.060696074588619746,0.04414544784475018
10.74093798304983,1.5944530565748962,8.122818413466446,-0.6973286069360597,1.1369517728116991,0.40507944047851047,0.037871341728996824,-0.060699944892616195,0.04321169467527402
10.750937983049832,1.5958119523594319,8.12665326098492,-0.6979356256668984,1.137379118975198,0.40509696674566986,0.03775963412291417,-0.06070379849723293,0.042253481441760034
10.76093798304983,1.59717030647578,8.130488370255682,-0.6985426828505269,1.1377967606437034,0.4051133614142086,0.0376493369043359,-0.060707635459512244,0.04127075164924518
10.770937983049832,1.5985281387827002,8.134323723956673,-0.6991497783208059,1.1382044522353152,0.4051286266924558,0.0375405183358719,-0.06071145583630642,0.040263434016416154
10.780937983049832,1.5998854694844324,8.138159304731758,-0.6997569119121618,1.138601947315918,0.40514276481067535,0.03743324671875461,-0.060715259684277746,0.0392314424756103
10.790937983049831,1.601242319130698,8.141995095190724,-0.7003640834595872,1.1389889985991812,0.4051557780210659,0.037327590392838936,-0.060719047059898536,0.03817467617281516
10.800937983049831,1.6025987086201425,8.145831077906617,-0.7009712927986389,1.1393653577644454,0.40516766858004966,0.037223617787615876,-0.060722818019451695,0.03709301918502981
10.810937983049833,1.6039546592034417,8.14966723541253,-0.7015785397654375,1.139730775298291,0.4051784387292467,0.03712139746271307,-0.06072657261903056,0.03598634004929434
10.82093798304983,1.6053101924816733,8.153503550203531,-0.7021858241966675,1.1400850004966485,0.4051880906975932,0.03702099811120638,-0.06073031091453923,0.034854492011136266
10.830937983049832,1.6066653304170935,8.157340004729356,-0.7027931459295675,1.1404277808436247,0.4051966266449007,0.03692248873889647,-0.06073403296169564,0.033697312376879146
10.840937983049832,1.6080200953334514,8.161176581394162,-0.7034005048019302,1.1407588619941913,0.4052040486602389,0.03682593866924193,-0.06073773881603156,0.03251462249175842
10.850937983049832,1.6093745099159893,8.165013262556544,-0.7040079006521016,1.141077987774184,0.4052103587619361,0.036731417543359186,-0.060741428532892675,0.03130622773992091
10.860937983049832,1.6107285972122545,8.16885003052885,-0.7046153333189822,1.1413849001431347,0.40521555889412925,0.036638995330337175,-0.060745102167438635,0.03007191747067239
10.870937983049831,1.6120823806422862,8.17268686756793,-0.7052228026420219,1.1416793387209911,0.40521965088090306,0.03654874245628216,-0.06074875977464418,0.028811463927698577
10.880937983049831,1.6134358839895764,8.176523755881938,-0.7058303084612262,1.141961041150127,0.40522263645774254,0.03646072970245635,-0.06075240140929735,0.02752462290090992
10.890937983049831,1.614789131416335,8.18036067761903,-0.7064378506171453,1.1422297423584404,0.4052245172070888,0.03637502841576067,-0.06075602712600308,0.026211132624441934
10.90093798304983,1.616142147468215,8.1841976148636,-0.7070454289508709,1.1424851743408229,0.40522529453860107,0.03629171057012264,-0.06075963697918405,0.02487071338702177
10.91093798304983,1.6174949570743147,8.188034549636289,-0.7076530433040371,1.1427270661591598,0.4052249696891566,0.03621084876649621,-0.06076323102308073,0.023503067531966616
10.920937983049832,1.618847585547176,8.191871463893973,-0.7082606935188196,1.142955143942329,0.40522354372285063,0.03613251623286191,-0.06076680931175133,0.022107879457185113
10.93093798304983,1.6202000585881353,8.195708339524915,-0.7088683794379339,1.143169130663766,0.4052210175103251,0.036056786884718715,-0.06077037189907241,0.020684815029565935
10.940937983049832,1.6215524022948555,8.19954515834028,-0.709476100904636,1.143368745781224,0.40521739169267174,0.03598373542004188,-0.06077391883873889,0.01923352047456706
10.950937983049831,1.6229046431542558,8.203381902080816,-0.7100838577627218,1.1435537054842138,0.4052126667051868,0.0359134372544362,-0.06077745018426377,0.017753623187126567
10.960937983049831,1.624256808064956,8.207218552398354,-0.7106916498565178,1.1437237217808067,0.4052068426957514,0.03584596877421115,-0.060780965988981556,0.01624472960010713
10.970937983049831,1.6256089243384393,8.211055090854808,-0.7112994770308806,1.1438785024502809,0.40519991952052636,0.03578140734938859,-0.06078446630604842,0.014706425066943071
10.980937983049833,1.6269610196990503,8.214891498922182,-0.7119073391311961,1.1440177510431198,0.4051918967439518,0.03571983133370286,-0.06078795118844218,0.013138273861641772
10.99093798304983,1.6283131222839964,8.21872775798256,-0.7125152360033802,1.1441411668810129,0.4051827736387473,0.03566132006460074,-0.060791420688962323,0.01153981917878299
11.000937983049832,1.6296652606544308,8.22256384931712,-0.7131231674938768,1.1442484446083157,0.4051725491431534,0.03560595398265907,-0.06079487486023063,0.0099105816470487
11.01093798304983,1.6310174637979196,8.226399754101598,-0.7137311334496581,1.1443392739997773,0.40516122184125436,0.03555381468179886,-0.06079831375469084,0.008250058658106262
11.020937983049832,1.632369761134501,8.230235453402932,-0.71433913371822,1.144413339749123,0.4051487899457855,0.03550498497100241,-0.06080173742461033,0.0065577239998758285
11.030937983049832,1.6337221825328763,8.234070928165039,-0.7149471681475773,1.1444703208635614,0.40513525124205724,0.03545954903792867,-0.06080514592208168,0.004833025987660242
11.040937983049831,1.6350747583104315,8.2379061592088,-0.7155552365862634,1.1445098906629523,0.40512060308787656,0.03541759244913625,-0.06080853929902271,0.0030753874614680814
11.050937983049831,1.6364275192332387,8.24174112723205,-0.7161633388833307,1.1445317167797928,0.4051048424135428,0.035379202150084825,-0.060811917607176455,0.0012842057931254252
11.060937983049833,1.6377804965234162,8.245575812800821,-0.7167714748883501,1.144535460817882,0.40508796568786637,0.035344466554673014,-0.06081528089811122,-0.0005411410895004136
11.07093798304983,1.6391337218740092,8.24941019633482,-0.7173796444514069,1.1445207786500329,0.40506996890370306,0.035313475442082264,-0.0608186292232218,-0.002401056471351265
11.080937983049832,1.640487227448348,8.253244258109241,-0.7179878474230992,1.1444873246454648,0.405050847783601,0.03528631871776243,-0.06082196263373029,-0.004295489381524459
11.090937983049832,1.6418410458825563,8.257077978249015,-0.7185960836545358,1.144434754135128,0.40503059787504886,0.03526308568396973,-0.06082528118068657,-0.006224339347154489
11.100937983049832,1.6431952102839016,8.2609113367286,-0.7192043529973355,1.1443627234649465,0.40500921454567584,0.035243865024488195,-0.06082858491496841,-0.008187493252446457
11.110937983049832,1.6445497542269958,8.264744313369823,-0.7198126553036276,1.1442708902403609,0.40498669297063117,0.03522874473321442,-0.06083187388728177,-0.010184825378528176
11.120937983049831,1.6459047117589238,8.268576887833579,-0.7204209904260442,1.144158913443077,0.40496302810083856,0.03521781207625039,-0.06083514814816263,-0.012216196788061465
11.130937983049831,1.647260117399447,8.272409039619586,-0.7210293582177222,1.144026453433012,0.4049382146620649,0.035211153591208834,-0.06083840774797705,-0.014281455308390555
11.140937983049831,1.6486160061401722,8.276240748064817,-0.7216377585323009,1.1438731720269637,0.4049122471484945,0.035208855063838335,-0.06084165273692147,-0.016380435397863706
11.150937983049833,1.6499724134356946,8.280071992341291,-0.7222461912239219,1.1436987328961363,0.4048851198063939,0.03521100141304413,-0.06084488316502282,-0.01851295760639276
11.16093798304983,1.651329375202744,8.283902751456294,-0.7228546561472289,1.1435028015738347,0.4048568266326508,0.03521767668930684,-0.06084809908213859,-0.02067882855166293
11.170937983049832,1.6526869278231844,8.287733004240168,-0.7234631531573611,1.1432850457020887,0.4048273613327822,0.03522896399777409,-0.06085130053795923,-0.022877840313196382
11.18093798304983,1.6540451081440206,8.291562729345547,-0.7240716821099515,1.1430451350545903,0.40479671731812417,0.03524494549128046,-0.060854487582008246,-0.02510977038539982
11.190937983049832,1.6554039534774,8.295391905247335,-0.7246802428611286,1.1427827415366938,0.40476488770583197,0.035265702370347464,-0.060857660263642255,-0.027374381677567193
11.200937983049831,1.6567635015936961,8.299220510241275,-0.7252888352675142,1.1424975394322334,0.40473186531004524,0.03529131481239099,-0.06086081863205102,-0.029671422345384113
11.210937983049831,1.6581237907104085,8.303048522438253,-0.7258974591862222,1.1421892058728327,0.40469764261615615,0.035321861835775265,-0.060863962736258256,-0.032000625375859376
11.220937983049831,1.659484859501299,8.306875919759733,-0.726506114474855,1.141857420655533,0.40466221177147366,0.03535742134918225,-0.060867092625122764,-0.03436170863108333
11.223264425610921,1.6598016202961703,8.307766251226775,-0.726647719114492,1.1417768362171055,0.40465379489195497,0.03536642098964004,-0.06086781874273889,-0.03491554077791898
11.233264425610923,1.6611642206596315,8.311592719948742,-0.7272560874120569,1.1414149461133138,0.4046167737390184,0.035407960178224944,-0.06087032511755249,-0.03728440375678421
11.24326442561092,1.6625271799322088,8.315418663117812,-0.7278648061951932,1.14103038915191,0.404579379499634,0.035454398202264155,-0.06087342961341787,-0.03962181256019079
11.253264425610922,1.6638910542795164,8.3192439261929,-0.7284735559664627,1.140622613696429,0.4045412879200681,0.03550547840145541,-0.060876522750510274,-0.041928103368047975
11.263264425610922,1.6652558870015879,8.32306849045267,-0.7290823366124715,1.1401919303937909,0.40450251516700325,0.03556109439808463,-0.06087960456769594,-0.044203376846660536
11.273264425610922,1.6666217212151446,8.326892337290802,-0.7296911480202133,1.1397386490132306,0.4044630768904866,0.03562114036703981,-0.060882675103710024,-0.04644774586605551
11.283264425610922,1.667988599844483,8.3307154482132,-0.7302999900770697,1.139263078084289,0.40442298824616063,0.035685511147858756,-0.0608857343971569,-0.04866133451925369
11.293264425610921,1.6693565656149685,8.33453780483752,-0.7309088626708086,1.1387655246186983,0.4043822639033641,0.03575410233213549,-0.06088878248651016,-0.05084427745257369
11.303264425610921,1.670725661054473,8.33835938888146,-0.731517765689581,1.138246294259195,0.4043409181039155,0.03582681020611402,-0.06089181941011398,-0.05299671959364787
11.313264425610923,1.6720959284922494,8.342180182159762,-0.7321266990219201,1.1377056912558348,0.40429896467830617,0.03590353175558063,-0.06089484520618344,-0.0551188159415089
11.32326442561092,1.6734674100580809,8.34600016658358,-0.73273566255674,1.1371440184314316,0.40425641704975157,0.035984164676133086,-0.06089785991280464,-0.057210731433857756
11.333264425610922,1.674840147672422,8.349819324158887,-0.7333446561833368,1.1365615767406276,0.404213288251217,0.03606860751034075,-0.0609008635679349,-0.05927263968107711
11.343264425610922,1.6762141830451067,8.353637636984361,-0.7339536797913858,1.1359586652137417,0.40416959093744226,0.03615675966323825,-0.06090385620940299,-0.061304722671034304
11.353264425610922,1.6775895576766204,8.357455087240618,-0.7345627332709389,1.135335581079908,0.40412533743881257,0.03624852135344081,-0.0609068378749105,-0.06330717038894661
11.363264425610922,1.6789663128578338,8.361271657189247,-0.7351718165124237,1.1346926197609706,0.4040805397664243,0.036343793614180046,-0.06090980860203194,-0.06528018073982464
11.373264425610923,1.6803444896686592,8.365087329171915,-0.7357809294066432,1.1340300748094907,0.40403520961784145,0.03644247831179523,-0.060912768428214914,-0.06722395929279669
11.383264425610921,1.6817241289686038,8.368902085610085,-0.7363900718447748,1.1333482374413997,0.40398935838704847,0.036544478291607986,-0.06091571739078024,-0.06913871786872756
11.393264425610923,1.683105271398443,8.372715909001345,-0.73699924371837,1.1326473966230033,0.40394299718175514,0.03664969734681098,-0.0609186555269224,-0.0710246744955779
11.403264425610923,1.684487957381953,8.376528781910293,-0.7376084449193496,1.1319278391933634,0.4038961368678035,0.03675804017100628,-0.060921582873710786,-0.0728820530457591
11.413264425610922,1.6858722271258182,8.380340686968157,-0.7382176753400039,1.1311898498614528,0.40384878807122004,0.0368694123587042,-0.060924499468089775,-0.07471108319666735
11.423264425610922,1.68725812061846,8.384151606871969,-0.7388269348729928,1.1304337111455032,0.40380096118325465,0.03698372042332084,-0.06092740534687886,-0.07651200015087704
11.433264425610922,1.6886456776216794,8.387961524385034,-0.7394362234113441,1.1296597029234443,0.403752666365336,0.03710087193750871,-0.06093030054677282,-0.07828504318289517
11.443264425610922,1.6900349376731714,8.391770422333407,-0.7400455408484531,1.1288681025612917,0.4037039135647933,0.03722077548918335,-0.06093318510434212,-0.0800304557157313
11.453264425610922,1.6914259400891647,8.395578283597438,-0.7406548870780788,1.128059185067739,0.4036547125543632,0.037343340624300864,-0.06093605905603422,-0.08174848502433518
11.463264425610921,1.6928187239643868,8.399385091111467,-0.741264261994343,1.127233223093023,0.403605072933792,0.037468477846869366,-0.06093892243817362,-0.08343938220133307
11.473264425610921,1.6942133281714702,8.403190827863291,-0.7418736654917312,1.1263904868944397,0.4035550041328445,0.037596098629000804,-0.060941775286961986,-0.08510340196757232
11.483264425610923,1.6956097913540182,8.406995476894728,-0.7424830974650902,1.125531243933549,0.40350451541400806,0.03772611553613104,-0.06094461763847831,-0.08674080123746314
11.49326442561092,1.6970081519280482,8.410799021299887,-0.7430925578096287,1.1246557589439223,0.4034536158802038,0.03785844220380727,-0.06094744952867922,-0.08835183915811738
11.503264425610922,1.698408448086149,8.414601444216434,-0.7437020464209129,1.123764294160819,0.403402314513573,0.03799299325643856,-0.06095027099340032,-0.08993677695508091
11.513264425610922,1.6998107177975348,8.418402728825049,-0.7443115631948656,1.1228571093240274,0.40335062017804385,0.03812968430578575,-0.06095308206835633,-0.09149587788025854
11.523264425610922,1.7012149988079304,8.42220285834921,-0.7449211080277666,1.1219344616698896,0.4032985416203786,0.03826843195314216,-0.06095588278914114,-0.09302940714893923
11.533264425610922,1.7026213286348868,8.4260018160553,-0.7455306808162515,1.1209966056359226,0.40324608747275503,0.03840915388016089,-0.06095867319122815,-0.09453763071553734
11.543264425610923,1.704029744566239,8.429799585253752,-0.7461402814573119,1.1200437927527873,0.40319326624875146,0.03855176888331637,-0.060961453309970125,-0.096020814974915
11.553264425610921,1.7054402836661176,8.433596149289958,-0.7467499098482908,1.1190762719798326,0.4031400863817188,0.03869619675911887,-0.06096422318060074,-0.09747922688643088
11.563264425610923,1.7068529827753984,8.437391491542943,-0.747359565886882,1.118094289728117,0.40308655623057016,0.038842358295362714,-0.06096698283823489,-0.09891313388584888
11.57326442561092,1.7082678785116994,8.44118559542536,-0.7479692494711299,1.1170980898604033,0.4030326840797961,0.03899017527112339,-0.06096973231786862,-0.10032280388472023
11.583264425610922,1.709685007267559,8.44497844438304,-0.7485789604994283,1.1160879135622546,0.4029784781421615,0.03913957049532979,-0.06097247165437961,-0.10170850457486387
11.593264425610922,1.7111044052056028,8.448770021898289,-0.7491886988705212,1.115063999019838,0.40292394654656355,0.039290467909394125,-0.06097520088252682,-0.10307050245581477
11.603264425610922,1.7125261082649021,8.452560311482584,-0.7497984644834992,1.1140265817889445,0.4028690973674595,0.039442792464249046,-0.06097792003695172,-0.10440906331867755
11.613264425610922,1.7139501521628522,8.456349296673155,-0.7504082572377975,1.1129758948985324,0.4028139386389481,0.039596470083922794,-0.060980629152179076,-0.1057244521456793
11.623264425610923,1.715376572395172,8.460136961032996,-0.751018077033195,1.1119121688507283,0.40275847835476963,0.03975142766553905,-0.06098332826261696,-0.10701693311016833
11.633264425610921,1.7168054042356957,8.463923288150623,-0.7516279237698149,1.110835631602391,0.4027027244692294,0.03990759308444748,-0.060986017402556894,-0.1082867694185886
11.643264425610921,1.7182366827320612,8.467708261642294,-0.7522377973481235,1.1097465082543732,0.4026466848885756,0.0400648952911176,-0.060988696606174043,-0.10953422205348233
11.653264425610923,1.719670442707477,8.47149186515068,-0.7528476976689294,1.1086450211477115,0.40259036747638166,0.040223264279822216,-0.06099136590752732,-0.11075955000861958
11.66326442561092,1.7211067187658564,8.475274082338112,-0.7534576246333801,1.107531390170974,0.4025337800802516,0.04038263098485247,-0.06099402534056094,-0.11196301047794062
11.673264425610922,1.7225455452920009,8.479054896886227,-0.7540675781429607,1.106405832770144,0.40247693053322153,0.04054292727694628,-0.06099667493910451,-0.1131448588300375
11.683264425610922,1.7239869564515984,8.482834292495962,-0.7546775580994942,1.10526856394866,0.40241982665376697,0.04070408596327231,-0.06099931473687305,-0.114305348607801
11.693264425610922,1.7254309861901944,8.48661225288779,-0.75528756440514,1.104119796180751,0.4023624762443657,0.040866040813132734,-0.0610019447674674,-0.1154447309631229
11.703264425610922,1.7268776682293618,8.490388761805361,-0.7558975969623958,1.1029597391222867,0.40230488707665735,0.041028726650355396,-0.061004565064373836,-0.11656325377496006
11.713264425610923,1.7283270360726133,8.494163803009258,-0.7565076556740924,1.1017885999917432,0.40224706691613465,0.041192079227944635,-0.061007175660965335,-0.1176611623175447
11.723264425610921,1.7297791230074686,8.497937360274266,-0.7571177404433928,1.100606583699991,0.4021890235326202,0.041356035184021554,-0.061009776590502385,-0.11873869928091114
11.733264425610923,1.7312339621054569,8.501709417389378,-0.7577278511737913,1.0994138928502963,0.40213076470026665,0.04152053204182411,-0.06101236788613299,-0.11979610477089633
11.74326442561092,1.732691586222133,8.505479958157741,-0.7583379877691132,1.0982107277387745,0.40207229819768275,0.04168550820936161,-0.061014949580892736,-0.12083361627721312
11.753264425610922,1.734152027995036,8.509248966398497,-0.7589481501335145,1.0969972861853972,0.40201363179935673,0.04185090303138963,-0.06101752170770523,-0.12185146780341131
11.763264425610922,1.7356153198425317,8.513016425948392,-0.7595583381714814,1.0957737634243747,0.4019547732691682,0.04201665682500181,-0.06102008429938163,-0.12284988964189035
11.773264425610922,1.7370814939696277,8.51678232065539,-0.760168551787827,1.0945403525091297,0.40189573038551535,0.04218271074598429,-0.06102263738862242,-0.12382910897379545
11.783264425610922,1.738550582368658,8.520546634377855,-0.7607787908876894,1.0932972443593512,0.40183651094442957,0.04234900677289665,-0.061025181008017695,-0.12478934987241876
11.793264425610923,1.740022616819282,8.524309350984549,-0.7613890553765315,1.0920446277609968,0.40177712275957506,0.042515487707071725,-0.06102771519004723,-0.12573083330319823
11.803264425610921,1.7414976288884836,8.528070454354673,-0.7619993451601407,1.0907826893656365,0.4017175736619187,0.04268209717245046,-0.06103023996708056,-0.12665377705125286
11.813264425610923,1.742975649928198,8.53182992838095,-0.7626096601446286,1.089511613488138,0.40165787148595294,0.04284877967874572,-0.06103275537137731,-0.12755839479826625
11.823264425610923,1.7444567110759777,8.535587756969177,-0.7632200002364308,1.0882315821290864,0.4015980240715262,0.04301548061447455,-0.06103526143508698,-0.12844489627052794
11.833264425610922,1.745940843259647,8.539343924033279,-0.763830365342302,1.0869427753354919,0.40153803928389986,0.04318214612820821,-0.06103775819025064,-0.12931348776558937
11.843264425610922,1.747428077197577,8.543098413495018,-0.7644407553693157,1.0856453712223535,0.40147792501482665,0.04334872312132284,-0.061040245668801174,-0.13016437215489107
11.853264425610922,1.7489184433986837,8.546851209284,-0.7650511702248639,1.08433954597266,0.40141768918255094,0.0435151592479992,-0.061042723902563226,-0.1309977488837616
11.863264425610922,1.7504119721624203,8.550602295337846,-0.7656616098166569,1.0830254738390408,0.40135733973106147,0.043681402914344254,-0.0610451929232534,-0.13181381390150226
11.873264425610921,1.7519086935766626,8.554351655605748,-0.7662720740527219,1.081703326955887,0.4012968846145341,0.04384740333728276,-0.06104765276248054,-0.1326127588153789
11.883264425610921,1.7534086375186377,8.558099274047512,-0.7668825628414042,1.0803732753802746,0.4012363318011125,0.04401311053161461,-0.061050103451745455,-0.13339477110087478
11.893264425610921,1.7549118336588128,8.561845134629614,-0.7674930760913616,1.0790354874385126,0.4011756892901451,0.04417847519649498,-0.061052545022442735,-0.1341600346525573
11.903264425610923,1.7564183114610876,8.56558922132504,-0.7681036137115643,1.077690129744621,0.4011149651128602,0.04434344870928544,-0.061054977505860926,-0.13490872979222077
11.91326442561092,1.7579281001827944,8.569331518113295,-0.7687141756112941,1.0763373672003314,0.40105416733236615,0.04450798312555398,-0.061057400933182474,-0.13564103326888682
11.923264425610922,1.7594412288747052,8.57307200898055,-0.7693247617001451,1.0749773630000603,0.4009933040431646,0.0446720311773055,-0.06105981533548391,-0.1363571182299821
11.933264425610922,1.760957726379522,8.576810677923126,-0.7699353718880215,1.0736102785007435,0.40093238335673564,0.04483554631353308,-0.06106222074373622,-0.13705715354698975
11.943264425610922,1.7624776213319369,8.58054750894746,-0.7705460060851396,1.0722362731697483,0.4008714134005123,0.044998482717221185,-0.06106461718880433,-0.13774130379295282
11.953264425610922,1.764000942162171,8.584282486066563,-0.7711566642020223,1.0708555049569386,0.4008104023354833,0.045160795184225104,-0.06106700470144896,-0.13840972992602546
11.963264425610923,1.7655277170962544,8.588015593299854,-0.771767346149498,1.069468130329204,0.40074935835722675,0.04532243911191239,-0.061069383312326975,-0.13906258932142987
11.973264425610921,1.767057974156028,8.591746814673167,-0.7723780518387007,1.0680743042704606,0.40068828969591025,0.045483370499162894,-0.06107175305199129,-0.13970003577145668
11.983264425610923,1.7685917411591452,8.595476134218766,-0.7729887811810701,1.0666741802832485,0.40062720461625095,0.04564354594583715,-0.061074113950890976,-0.1403222194844363
11.993264425610922,1.7701290457183512,8.599203535978008,-0.7735995340883489,1.065267910354368,0.40056611140820075,0.045802922662916204,-0.06107646603937185,-0.1409292867277746
12.003264425610922,1.7716699152403566,8.602929004003455,-0.7742103104725867,1.063855644758249,0.40050501837538205,0.04596145853561533,-0.0610788093476756,-0.14152137934113787
12.013264425610922,1.7732143769288204,8.60665252235543,-0.774821110246134,1.0624375324180493,0.4004439338537151,0.04611911200660988,-0.06108114390594147,-0.14209863553495583
12.023264425610922,1.7747624577849503,8.610374075101808,-0.7754319333216402,1.0610137210060244,0.40038286621435376,0.04627584204333615,-0.06108346974420696,-0.1426611900287142
12.033264425610922,1.776314184607505,8.614093646317999,-0.7760427796120541,1.0595843569435244,0.4003218238636859,0.046431608137991506,-0.061085786892407894,-0.1432091740509555
12.043264425610923,1.7778695839927923,8.617811220086956,-0.7766536490306233,1.058149585400996,0.4002608152433332,0.046586370307534264,-0.06108809538037835,-0.14374271533927846
12.053264425610921,1.77942868233449,8.621526780500119,-0.7772645414908932,1.0567095503080246,0.40019984882776316,0.04674008909022548,-0.06109039523785102,-0.1442619380796463
12.063264425610923,1.7809915058222725,8.625240311661878,-0.7778754569067075,1.0552643941952058,0.4001389331063566,0.046892725595628085,-0.06109268649445725,-0.14476696226408703
12.073264425610923,1.7825580804431997,8.628951797686955,-0.7784863951922079,1.0538142582838648,0.40007807659306277,0.04704424147588492,-0.06109496917972689,-0.1452579040441261
12.083264425610922,1.7841284319828867,8.632661222699939,-0.7790973562618287,1.052359282765701,0.400017287836043,0.04719459883533297,-0.0610972433230902,-0.14573487623404735
12.093264425610922,1.7857025860255171,8.63636857083536,-0.779708340030297,1.0508996068111118,0.399956575417723,0.047343760227796246,-0.061099508953877946,-0.14619798831909003
12.103264425610922,1.7872805679538422,8.640073826237689,-0.7803193464126317,1.0494353685691944,0.39989594795479294,0.047491688656585644,-0.061101766101321356,-0.14664734645544844
12.113264425610922,1.7888624029491793,8.643776973061337,-0.7809303753241444,1.0479667051678672,0.39983541409820433,0.04763834757445907,-0.06110401479455217,-0.14708305347033834
12.123264425610921,1.790448115990737,8.647477995473654,-0.7815414266804372,1.046493752721401,0.3997749825256603,0.04778370088079903,-0.06110625506260333,-0.14750520869285805
12.133264425610921,1.7920377318551948,8.651176877657138,-0.7821525003974047,1.045016646131992,0.39971466192778277,0.047927712984820764,-0.061108486934408,-0.14791390741093927
12.143264425610921,1.7936312751180379,8.654873603807022,-0.782763596391231,1.0435355193619107,0.3996544610241537,0.04807034871825031,-0.06111071043880091,-0.1483092415565239
12.153264425610923,1.7952287701535639,8.658568158132203,-0.7833747145783858,1.0420505055756435,0.39959438856634544,0.048211573289540816,-0.06111292560451951,-0.14869129993499455
12.16326442561092,1.7968302411348838,8.662260524855219,-0.7839858548756246,1.0405617371398947,0.39953445333792026,0.048351352283872565,-0.061115132460203954,-0.14906016822517504
12.173264425610922,1.7984357120339225,8.66595068821227,-0.7845970171999883,1.0390693456235838,0.3994746641544307,0.04848965166315308,-0.06111733103439713,-0.14941592897933031
12.183264425610922,1.8000452066214006,8.669638632453267,-0.785208201468804,1.0375734617995265,0.3994150298633485,0.04862643776547598,-0.06111952135554465,-0.14975866162384477
12.193264425610922,1.80165874846583,8.67332434184623,-0.7858194075996814,1.036074215649483,0.3993555593339177,0.048761677303138774,-0.0611217034519957,-0.1500884422582775
12.203264425610922,1.8032763609341402,8.677007800677327,-0.7864306355105174,1.0345717361800129,0.39929626144787783,0.04889533742117492,-0.06112387735200172,-0.1504053432372196
12.213264425610923,1.8048980671919275,8.680688993250104,-0.7870418851194906,1.0330661517152857,0.39923714511422315,0.0490273856037028,-0.061126043083718204,-0.15070943385055738
12.223264425610921,1.8065238902030496,8.684367903886859,-0.7876531563450584,1.0315575899970768,0.3991782192705468,0.049157789641875824,-0.061128200675205614,-0.15100078047855833
12.233264425610923,1.8081538527296257,8.688044516928644,-0.7882644491059575,1.0300461781847663,0.3991194928830405,0.0492865176338824,-0.06113035015442937,-0.15127944659187129
12.24326442561092,1.809787977332035,8.691718816735266,-0.7888757633212029,1.02853204285534,0.39906097494649495,0.04941353798494584,-0.061132491549259885,-0.15154549275152604
12.253264425610922,1.8114262863689177,8.695390787685287,-0.7894870989100894,1.0270153100034922,0.3990026744842956,0.04953881940729112,-0.06113462488747251,-0.15179897660900235
12.263264425610922,1.813068801996098,8.6990604141804,-0.7900984557921875,1.025496105067147,0.39894460054039815,0.049662330911801826,-0.061136750196748434,-0.15203995279065718
12.273264425610924,1.8147155461675124,8.702727680646111,-0.7907098338873477,1.023974552748377,0.3988867621674765,0.04978404186460743,-0.061138867504673455,-0.15226847244535224
12.283264425610922,1.8163665406351168,8.70639257153049,-0.791321233115697,1.0224507772358566,0.3988291684409627,0.04990392191624407,-0.06114097683873927,-0.15248458381027843
12.293264425610923,1.8180218069477718,8.710055071306943,-0.7919326533976342,1.020924902342629,0.3987718284604647,0.05002194095773967,-0.06114307822634482,-0.15268833242128413
12.303264425610921,1.8196813664512395,8.713715164474221,-0.7925440946538302,1.0193970515061073,0.3987147513497665,0.05013806912061384,-0.06114517169479631,-0.15287976111287482
12.313264425610923,1.8213452402881865,8.717372835556414,-0.7931555568052283,1.0178673477880726,0.398657946256828,0.050252276776877956,-0.061147257271307175,-0.1530589100182135
12.323264425610923,1.8230134493981816,8.721028069102951,-0.7937670397730436,1.016335913874677,0.39860142235378493,0.05036453453903512,-0.06114933498299812,-0.15322581656912043
12.333264425610922,1.8246860145175545,8.724680849690184,-0.7943785434787634,1.014802872047801,0.3985451888320982,0.05047481326906178,-0.06115140485689709,-0.15338051537215805
12.343264425610922,1.826362956178579,8.728331161928166,-0.7949900678441454,1.0132683441468822,0.3984892548862163,0.05058308408996858,-0.06115346691993978,-0.15352303787399502
12.345590868172012,1.8267537167224053,8.729180030542242,-0.7951323384291572,1.0129111449482284,0.3984762861126911,0.05060798170795366,-0.061153945529978514,-0.15355445217562072
12.355590868172014,1.8284363765161071,8.73282721256231,-0.7957435646289981,1.0113771641831182,0.3984188460209789,0.05071358658077767,-0.061155389916133646,-0.15368642406326052
12.365590868172012,1.8301231243616842,8.736471931505394,-0.796355128763279,1.0098395981145014,0.39835841311203574,0.050819730416490884,-0.06115743551454912,-0.15382757225810798
12.375590868172013,1.8318142499806593,8.740114091050831,-0.7969667133108146,1.008300596474105,0.3982948601652872,0.05092546876806699,-0.061159472571617746,-0.15397352791557897
12.385590868172013,1.8335097416001844,8.743753655479583,-0.7975783181863386,1.0067601121150394,0.39822821440221307,0.05103081275589158,-0.061161501116708844,-0.15412411226228592
12.395590868172013,1.83520958751872,8.747390589327205,-0.7981899433048764,1.0052180995783146,0.3981585028498561,0.05113577299513452,-0.06116352117909221,-0.15427915075758933
12.405590868172013,1.8369137761060348,8.75102485738383,-0.7988015885817457,1.0036745150928414,0.3980857523408222,0.05124035959575001,-0.061165532787938064,-0.1544384730935977
12.415590868172012,1.8386222958031915,8.754656424694156,-0.7994132539325556,1.0021293165751537,0.3980099895132925,0.051344582162564885,-0.06116753597231707,-0.15460191319434524
12.425590868172012,1.8403351351206905,8.758285256551591,-0.8000249392732053,1.0005824635914402,0.397931240816773,0.051448449807297195,-0.06116953076120106,-0.1547693091057571
12.435590868172012,1.8420522826458554,8.76191131850185,-0.8006366445198864,0.9990339174945969,0.3978495325143631,0.05155197110469757,-0.06117151718346211,-0.15494050340574453
12.445590868172012,1.8437737270319565,8.7655345763376,-0.8012483695890786,0.9974836411880468,0.39776489067797227,0.051655154168216456,-0.06117349526787385,-0.15511534249131437
12.455590868172012,1.8454994569919674,8.769154996092139,-0.8018601143975472,0.9959315989976769,0.39767734119017467,0.05175800669092275,-0.06117546504311264,-0.15529367619597312
12.465590868172013,1.8472294612985631,8.772772544039388,-0.8024718788623423,0.994377756671841,0.3975869097442091,0.051860535945503806,-0.061177426537757554,-0.1554753577897266
12.475590868172011,1.8489637287841207,8.776387186693894,-0.8030836629007989,0.992822081381358,0.3974936218439791,0.051962748784265385,-0.0611793797802904,-0.15566024397908007
12.485590868172013,1.8507022483406523,8.779998890810745,-0.8036954664305375,0.9912645417182893,0.3973975028041028,0.05206465163952925,-0.0611813247990957,-0.15584819490346516
12.495590868172012,1.8524450089168978,8.783607623379073,-0.8043072893694604,0.9897051076444915,0.3972985777557571,0.05216625054074634,-0.06118326162246168,-0.15603907399077635
12.505590868172012,1.8541919995280909,8.787213351628505,-0.8049191316357567,0.9881437506598383,0.39719687164674167,0.05226755106066756,-0.06118519027857868,-0.15623274846002078
12.515590868172012,1.8559432092442005,8.790816043021781,-0.8055309931478972,0.9865804435746323,0.39709240923971056,0.052368558388362726,-0.061187110795540955,-0.1564290886382986
12.525590868172014,1.8576986271837135,8.79441566524863,-0.8061428738246306,0.9850151603956692,0.39698521511436746,0.0524692773660223,-0.06118902320134779,-0.1566279676238141
12.535590868172012,1.8594582425136341,8.798012186225787,-0.8067547735849838,0.9834478763262368,0.3968753136674657,0.052569712488957365,-0.06119092752390352,-0.15682926128587554
12.545590868172013,1.8612220444494862,8.801605574096987,-0.807366692348262,0.9818785677661146,0.39676272911280835,0.05266986790559974,-0.06119282379101751,-0.15703284826489547
12.555590868172013,1.862990022255311,8.805195797232965,-0.8079786300340484,0.9803072123115754,0.3966474854812482,0.05276974741750187,-0.06119471203040419,-0.1572386099723904
12.565590868172013,1.8647621652419686,8.808782824228407,-0.8085905865622025,0.9787337887304671,0.3965296066234132,0.052869354487873346,-0.06119659226968353,-0.15744643052245166
12.575590868172013,1.8665384627708181,8.812366623899498,-0.8092025618528613,0.9771582770233542,0.3964091162159575,0.05296869222344519,-0.06119846453638098,-0.1576561969298047
12.585590868172012,1.868318904254702,8.815947165289105,-0.8098145558264397,0.9755806584179478,0.3962860377545053,0.053067763375133345,-0.061200328857926804,-0.15786779907830922
12.595590868172012,1.8701034791447524,8.819524417654298,-0.8104265684036246,0.9740009151560108,0.3961603945592538,0.05316657040745958,-0.06120218526165857,-0.1580811290949023
12.605590868172014,1.8718921769298982,8.823098350465763,-0.8110385995053735,0.972419030485709,0.3960322097753554,0.05326511550107863,-0.06120403377482129,-0.1582960813275232
12.615590868172012,1.8736849871368646,8.826668933407806,-0.811650649052915,0.9708349886616093,0.3959015063729186,0.05336340055277824,-0.06120587442456738,-0.15851255234511352
12.625590868172013,1.8754818993301745,8.830236136378353,-0.8122627169677488,0.9692487749446805,0.39576830714700695,0.0534614271754792,-0.06120770723795672,-0.15873044093761732
12.635590868172013,1.8772829031121467,8.833799929488944,-0.8128748031716456,0.9676603756022933,0.3956326347176399,0.05355919669823528,-0.061209532241956584,-0.15894964811598083
12.645590868172011,1.8790879881198792,8.837360283058622,-0.8134869075866439,0.9660697778718452,0.39549451153609827,0.053656710179608144,-0.06121134946344272,-0.15917007701897062
12.655590868172013,1.8808971440342548,8.840917167619242,-0.8140990301350545,0.9644769700813851,0.3953539598838792,0.0537539683694988,-0.06121315892919787,-0.1593916332773163
12.665590868172012,1.8827103605723334,8.844470553912352,-0.8147111707394573,0.962881941525411,0.39521100187056707,0.0538509717482301,-0.06121496066591279,-0.15961422463398897
12.675590868172012,1.884527627478749,8.848020412880206,-0.8153233293226959,0.9612846823462835,0.3950656594398266,0.053947720565876066,-0.061216754700188086,-0.15983776060137972
12.685590868172012,1.8863489345257127,8.85156671566577,-0.815935505807878,0.9596851835342256,0.39491795436940313,0.054044214842262,-0.06121854105853424,-0.1600621524612995
12.695590868172012,1.8881742715130083,8.855109433612714,-0.8165477001183746,0.9580834369273239,0.39476790827112274,0.05414045436696438,-0.06122031976737157,-0.16028731326497903
12.705590868172012,1.890003628267997,8.858648538265419,-0.8171599121778209,0.9564794352115267,0.3946155425908918,0.05423643869931094,-0.061222090853030264,-0.16051315783306885
12.715590868172013,1.8918369946456135,8.862184001368973,-0.8177721419101155,0.9548731719206461,0.39446087860869755,0.0543321671683806,-0.06122385434175036,-0.16073960275563925
12.725590868172011,1.8936743605253832,8.86571579486359,-0.8183843892394177,0.9532646414056161,0.39430393744471215,0.054427638884770896,-0.06122561025968278,-0.16096656631570233
12.735590868172013,1.895515715819628,8.86924389088869,-0.8189966540901515,0.9516538389302609,0.39414474005849326,0.0545228527109703,-0.06122735863288806,-0.16119396878347253
12.745590868172012,1.8973610504687373,8.872768261782738,-0.8196089363870039,0.9500407605956116,0.39398330724529185,0.05461780728402092,-0.06122909948733672,-0.16142173217597136
12.755590868172012,1.8992103544309604,8.876288880072584,-0.8202212360549183,0.9484254032191585,0.3938196596445659,0.05471250105613113,-0.06123083284891164,-0.1616497799112345
12.765590868172012,1.901063617682385,8.879805718473426,-0.8208335530190944,0.9468077643345667,0.39365381774001007,0.054806932294774395,-0.061232558743408,-0.16187803680752674
12.775590868172014,1.902920830216933,8.883318749888812,-0.8214458872049888,0.9451878421916781,0.3934858018595558,0.054901099082689156,-0.06123427719653333,-0.16210642908334177
12.785590868172012,1.9047819820463625,8.88682794741064,-0.8220582385383136,0.9435656357565101,0.3933156321753713,0.05499499931787888,-0.06123598823390749,-0.1623348843574023
12.795590868172013,1.906647063200269,8.89033328431916,-0.8226706069450382,0.9419411447112551,0.3931433287038615,0.05508863071361213,-0.06123769188106267,-0.16256333164866008
12.805590868172013,1.9085160637249907,8.893834734081349,-0.8232829923513866,0.9403143694442504,0.39296891130746414,0.05518199080219488,-0.06123938816344375,-0.16279170135043583
12.815590868172013,1.9103889736831814,8.89733227034496,-0.8238953946838354,0.9386853110513709,0.3927923997032045,0.0552750769383555,-0.061241077106409234,-0.16301992526285616
12.825590868172013,1.9122657831637266,8.900825866950962,-0.8245078138691223,0.9370539714181579,0.39261381344905777,0.05536788626953995,-0.061242758735228504,-0.16324793681249866
12.835590868172012,1.9141464822661427,8.904315497919296,-0.8251202498342348,0.9354203530575312,0.3924331719558904,0.05546041578998076,-0.06124443307508525,-0.16347567058197704
12.845590868172012,1.9160310610985196,8.90780113744653,-0.8257327025064096,0.933784459089706,0.39225049448977317,0.05555266234771066,-0.06124610015107804,-0.16370306225416384
12.855590868172012,1.9179195097775235,8.911282759905857,-0.8263451718131322,0.9321462932421913,0.3920658001719813,0.05564462264456266,-0.06124775998822031,-0.1639300486121905
12.865590868172012,1.9198118184283937,8.914760339847103,-0.8269576576821366,0.9305058598497933,0.39187910797899417,0.055736293236169895,-0.06124941261144036,-0.1641565675394471
12.875590868172011,1.921707977184945,8.918233851996717,-0.8275701600414063,0.9288631638546117,0.3916904367424956,0.0558276705319658,-0.06125105804558135,-0.16438255801958274
12.885590868172013,1.9236079761895661,8.921703271257778,-0.8281826788191728,0.9272182108060423,0.3914998051493737,0.05591875079518398,-0.06125269631540132,-0.1646079601365051
12.895590868172011,1.9255118055915543,8.92516857270752,-0.8287952139439154,0.9255710068478286,0.3913072317447337,0.056009530148000364,-0.06125432744557374,-0.16483271504264035
12.905590868172013,1.9274194555484376,8.928629731593222,-0.8294077653443583,0.9239215587307829,0.39111273493871046,0.05610000457150773,-0.06125595146068817,-0.16505676502536273
12.915590868172012,1.9293309162347358,8.932086723344355,-0.8300203329494794,0.9222698738697902,0.3909163329911583,0.056190169883001004,-0.06125756838524734,-0.16528005364573436
12.925590868172012,1.931246177826091,8.935539523557535,-0.8306329166884986,0.9206159602081943,0.3907180440269768,0.05628002178224028,-0.06125917824367106,-0.16550252535246368
12.935590868172012,1.933165230497939,8.938988107995009,-0.8312455164908775,0.9189598262070104,0.3905178860378147,0.05636955585534506,-0.061260781060296615,-0.1657241254527288
12.945590868172014,1.9350880644255108,8.942432452584647,-0.8318581322863182,0.9173014808449285,0.3903158768820703,0.05645876757479412,-0.06126237685937874,-0.1659448001121772
12.955590868172012,1.9370146697838309,8.945872533419948,-0.8324707640047643,0.9156409336183111,0.3901120342848915,0.05654765229942559,-0.06126396566508964,-0.1661644963549259
12.965590868172013,1.9389450367477195,8.949308326760036,-0.8330834115764004,0.9139781945411933,0.3899063758381753,0.05663620527443697,-0.06126554750151898,-0.16638316206356163
12.975590868172011,1.9408791554917901,8.95273980902967,-0.8336960749316521,0.9123132741452845,0.38969891900056824,0.056724421631385046,-0.061267122392673894,-0.16660074597914046
12.985590868172013,1.9428170161902263,8.956166956818938,-0.834308754001186,0.9106461834784599,0.3894896810978347,0.056812296388779514,-0.06126869036247904,-0.16681719769744313
12.995590868172012,1.9447586090124114,8.959589746874943,-0.8349214487159035,0.9089769340750716,0.38927867933441906,0.05689982446630736,-0.06127025143477871,-0.16703246761246082
13.005590868172012,1.9467039241381432,8.963008156116086,-0.8355341590069523,0.907305538049208,0.38906593077586354,0.056987000651987266,-0.0612718056333327,-0.16724650717509418
13.015590868172012,1.9486529517450426,8.966422161622834,-0.8361468848057193,0.9056320080019993,0.3888514523581975,0.0570738196320427,-0.06127335298181908,-0.1674592686169033
13.025590868172014,1.950605682002241,8.969831740631095,-0.8367596260438244,0.9039563569787604,0.38863526089607986,0.05716027600653227,-0.06127489350383608,-0.1676707048348735
13.035590868172012,1.9525621050703805,8.973236870532203,-0.8373723826531201,0.9022785984689897,0.38841737308279917,0.057246364289349747,-0.061276427222902025,-0.16788076939141527
13.045590868172013,1.9545222111016145,8.976637528872931,-0.8379851545656931,0.9005987464063689,0.3881978054902734,0.05733207890822409,-0.0612779541624554,-0.16808941651436443
13.055590868172013,1.9564859902396068,8.98003369335548,-0.8385979417138626,0.898916815168764,0.3879765745690502,0.05741741420471939,-0.061279474345854804,-0.16829660109698197
13.065590868172013,1.958453432619532,8.983425341837487,-0.8392107440301809,0.8972328195782246,0.38775369664830694,0.05750236443423489,-0.06128098779637897,-0.1685022786979541
13.075590868172013,1.9604245283680763,8.98681245233202,-0.8398235614474342,0.8955467749009836,0.3875291879358503,0.05758692376600505,-0.061282494537226784,-0.16870640554139235
13.085590868172012,1.9623992676031359,8.990195003007216,-0.8404363938986408,0.8938586968457687,0.3873030645186316,0.057671086283796455,-0.061283994591517336,-0.1689089385128406
13.095590868172012,1.9643776404290667,8.993572972177716,-0.8410492413170446,0.8921686015333075,0.38707534237544755,0.05775484600103258,-0.061285487982292476,-0.16910983510475733
13.105590868172012,1.9663596369538205,8.996946338320654,-0.8416621036361304,0.8904765055794237,0.386846037354749,0.05783819683012443,-0.06128697473251166,-0.1693090536381598
13.115590868172013,1.9683452472755092,9.00031508006581,-0.8422749807896134,0.8887824260192361,0.38661516518664285,0.05792113260714461,-0.06128845486505521,-0.16950655303827664
13.125590868172011,1.970334461475997,9.003679176189097,-0.8428878727114341,0.8870863802719344,0.38638274149183516,0.05800364710518396,-0.061289928402726304,-0.16970229274321275
13.135590868172013,1.9723272696209009,9.007038605612554,-0.8435007793357582,0.8853883861407786,0.386148781781631,0.05808573403435153,-0.06129139536825103,-0.16989623270394943
13.145590868172011,1.974323661759589,9.010393347404344,-0.8441137005969761,0.8836884618131006,0.38591330145793457,0.05816738704177452,-0.06129285578427837,-0.17008833338434423
13.155590868172013,1.9763236279251828,9.013743380778761,-0.8447266364297034,0.881986625860302,0.3856763158132492,0.058248599711598396,-0.061294309673380176,-0.17027855576113105
13.165590868172012,1.9783271581345552,9.017088685096224,-0.8453395867687806,0.880282897237856,0.3854378400306773,0.05832936556498678,-0.061295757058051174,-0.17046686132391992
13.175590868172012,1.9803342423883312,9.02042923986328,-0.8459525515492732,0.878577295285307,0.38519788918392056,0.058409678060121484,-0.061297197960709,-0.17065321207519735
13.185590868172012,1.982344870670889,9.023765024732601,-0.8465655307064718,0.8768698397262694,0.3849564782372796,0.05848953059220256,-0.06129863240369417,-0.17083757053032608
13.195590868172014,1.9843590329484337,9.02709601950063,-0.8471785241758895,0.8751605506588893,0.3847136220493439,0.058568916497718365,-0.06130006040927091,-0.17101989969735745
13.205590868172012,1.9863767191691455,9.030422204102782,-0.8477915318932571,0.8734494485416395,0.38446933538098094,0.05864782906458204,-0.06130148199962878,-0.17120016307414185
13.215590868172013,1.9883979192789132,9.033743558630686,-0.8484045537945415,0.8717365542573347,0.3842236328678511,0.05872626150389251,-0.061302897196876385,-0.17137832478782014
13.225590868172013,1.9904226232023439,9.03706006331593,-0.8490175898159286,0.8700218890332704,0.38397652904468743,0.058804206979455285,-0.06130430602304733,-0.1715543493819487
13.235590868172013,1.9924508208406082,9.040371698527897,-0.8496306398938205,0.8683054744316603,0.3837280383486368,0.058881658611673715,-0.06130570850010093,-0.17172820179350204
13.245590868172012,1.9944825020714425,9.043678444773759,-0.8502437039648364,0.8665873323496349,0.38347817511925963,0.058958609477549065,-0.061307104649922284,-0.17189984735287298
13.255590868172012,1.9965176567491452,9.04698028269847,-0.8508567819658113,0.8648674850192435,0.3832269535985302,0.05903505261068039,-0.06130849449432222,-0.1720692517838724
13.265590868172012,1.9985562747045804,9.050277193084785,-0.8514698738337974,0.8631459550074524,0.3829743879308365,0.05911098100126466,-0.06130987805503732,-0.17223638120372947
13.275590868172014,2.0005983457451753,9.053569156853236,-0.8520829795060628,0.861422765216146,0.3827204921629801,0.05918638759609666,-0.06131125535372992,-0.17240120212309143
13.285590868172012,2.0026438596549205,9.05685615506215,-0.8526960989200927,0.8596979388821269,0.38246528024417636,0.05926126529856903,-0.061312626411988105,-0.17256368144602374
13.295590868172013,2.004692806194373,9.060138168907645,-0.8533092320135885,0.8579714995771146,0.3822087660260544,0.059335606968672315,-0.06131399125132571,-0.1727237864700101
13.305590868172013,2.00674517510065,9.063415179723624,-0.8539223787244683,0.8562434712077419,0.38195096326265937,0.05940940542299715,-0.06131534989318231,-0.17288148488594135
13.315590868172013,2.008800956081083,9.066687168973695,-0.854535538990856,0.8545138779837924,0.3816918856244572,0.05948265345008053,-0.061316702358926736,-0.17303674471925007
13.325590868172013,2.0108601388311493,9.069954118263999,-0.8551487127510983,0.8527827444579154,0.38143154667601825,0.05955534379561464,-0.06131804866985156,-0.17318953443921178
13.335590868172012,2.0129227130294396,9.073216009342758,-0.8557618999437636,0.8510500955206668,0.3811699598759013,0.05962746916037527,-0.06131938884717312,-0.17333982291722885
13.345590868172012,2.0149886683245595,9.076472824088697,-0.8563751005076284,0.8493159563572436,0.380907138596502,0.05969902221829474,-0.061320722912036524,-0.17348757932487954
13.355590868172012,2.0170579943351297,9.07972454451103,-0.8569883143816768,0.8475803524474832,0.38064309612405267,0.05976999561646193,-0.06132205088551562,-0.1736327731339182
13.365590868172012,2.0191306806497833,9.082971152749472,-0.8576015415051002,0.845843309565865,0.38037784565862276,0.05984038197512219,-0.061323372788613016,-0.17377537411627508
13.375590868172011,2.0212067168271677,9.086212631074234,-0.8582147818172979,0.8441048537815086,0.3801114003141183,0.059910173887677456,-0.06132468864226006,-0.17391535234405636
13.385590868172013,2.023286092395944,9.089448961886017,-0.8588280352578769,0.8423650114581754,0.3798437731182822,0.05997936392068616,-0.06132599846731687,-0.17405267818954429
13.395590868172013,2.0253687968547878,9.09268012771602,-0.8594413017666517,0.8406238092542679,0.37957497701269455,0.060047944613863244,-0.06132730228457231,-0.1741873223251969
13.405590868172013,2.0274548196723874,9.095906111225938,-0.8600545812836443,0.8388812741228296,0.3793050248527719,0.060115908480080193,-0.06132860011474399,-0.17431925572364837
13.415590868172012,2.029544150287446,9.099126895207965,-0.8606678737490847,0.8371374333115447,0.3790339294077678,0.060183248005365036,-0.06132989197847827,-0.17444844965770875
13.425590868172012,2.0316367781086804,9.102342462584783,-0.8612811791034102,0.8353923143627391,0.3787617033607727,0.0602499556489023,-0.06133117789635027,-0.17457487570036404
13.435590868172012,2.033732692516061,9.10555279640986,-0.8618944972872662,0.8336459451115291,0.3784883593081773,0.06031602384424546,-0.06133245788886381,-0.17469850572453804
13.445590868172014,2.0358318828716158,9.108757879868802,-0.8625078282415051,0.8318983536588119,0.3782139097567016,0.060381445014731625,-0.061333731976451526,-0.17481931187996477
13.455590868172012,2.037934338499828,9.111957696272535,-0.86312117190718,0.8301495683791438,0.37793836713554607,0.06044621156405894,-0.06133500017947703,-0.17493726655670322
13.465590868172013,2.040040048690198,9.115152229058465,-0.8637345282255471,0.828399617923814,0.37766174379457224,0.060510315875942154,-0.061336262518234534,-0.17505234239896134
13.467917310733105,2.0405303955768317,9.115894659420452,-0.8638772238579036,0.827992338015556,0.3775972353163466,0.060525133607501336,-0.06133655535541425,-0.1750786984574548
13.477917310733105,2.0426403778641795,9.119082499659147,-0.864490270094801,0.8262430333607229,0.3773197274773608,0.060587583109844974,-0.06133720296774029,-0.17519010478215405
13.487917310733105,2.044753322087499,9.122265185089013,-0.865103648393248,0.8244905391461469,0.37704239815451424,0.060650492943242054,-0.06133845592278144,-0.17530938877017385
13.497917310733104,2.046869498253998,9.12544255306547,-0.8657170391972956,0.8227368317893046,0.37676511116276656,0.06071295274204598,-0.06133970409035068,-0.17543272820584196
13.507917310733106,2.04898890165793,9.128614596698888,-0.8663304424591517,0.8209818714718079,0.37648786200352313,0.06077497434825527,-0.06134094748695253,-0.17555998467377623
13.517917310733104,2.051111527571511,9.131781309060967,-0.8669438581311883,0.8192256196629037,0.3762106462917944,0.06083656918743174,-0.061342186129035255,-0.17569102351426993
13.527917310733105,2.053237371244918,9.134942683184741,-0.8675572861659414,0.8174680391194731,0.3759334597561963,0.06089774826870056,-0.06134342003299085,-0.17582571382329176
13.537917310733105,2.055366427906292,9.13809871206457,-0.8681707265161109,0.8157090938860324,0.37565629823894997,0.06095852218475019,-0.061344649215155034,-0.17596392845248576
13.547917310733105,2.05749869276101,9.141249388657046,-0.8687841791345596,0.8139487492726795,0.3753791576944265,0.06101890112007562,-0.06134587369180745,-0.17610554393681016
13.557917310733105,2.059634160990548,9.144394705881707,-0.8693976439743136,0.8121869718884588,0.3751020341935296,0.061078894845496286,-0.061347093479171846,-0.17625044058287032
13.567917310733105,2.061772827753973,9.147534656619543,-0.8700111209885627,0.8104237296541945,0.37482492392364447,0.061138512710347266,-0.0613483085934156,-0.1763985025168214
13.577917310733104,2.063914688183332,9.15066923371994,-0.8706246101306574,0.8086589915469624,0.37454782316820645,0.06119776372646556,-0.06134951905065108,-0.17654961687842352
13.587917310733104,2.066059737383313,9.153798430001128,-0.8712381113541073,0.8068927275850353,0.3742707283055605,0.06125665657334257,-0.06135072486693579,-0.17670367377300777
13.597917310733104,2.068207970431244,9.1569222382502,-0.8718516246125823,0.8051249088278812,0.37399363580896083,0.061315199598124155,-0.061351926058272346,-0.17686056627147628
13.607917310733104,2.070359382377093,9.160040651223097,-0.8724651498599117,0.8033555073761639,0.37371654224657086,0.06137340081561063,-0.061353122640608486,-0.17702019041030218
13.617917310733105,2.0725139682433475,9.1631536616448,-0.8730786870500851,0.8015844963667035,0.3734394442810714,0.061431267909996264,-0.061354314629837106,-0.1771824451757305
13.627917310733103,2.0746717230229166,9.166261262212156,-0.8736922361372489,0.7998118499198728,0.37316233866615095,0.06148880825567593,-0.061355502041796926,-0.17734723233592067
13.637917310733105,2.076832641682215,9.169363445589083,-0.8743057970757115,0.7980375433125477,0.37288522226074167,0.061546028861131884,-0.06135668489227124,-0.17751445697812426
13.647917310733105,2.078996719157384,9.172460204412777,-0.8749193698199386,0.7962615527357786,0.3726080920088019,0.061602936446388944,-0.061357863196989305,-0.17768402675454434
13.657917310733104,2.081163950352759,9.175551531296078,-0.8755329543245509,0.7944838552168632,0.37233094493302865,0.061659537468886014,-0.06135903697162694,-0.17785585163906503
13.667917310733104,2.083334330140865,9.178637418827469,-0.8761465505443254,0.7927044286193465,0.37205377813485746,0.06171583812347608,-0.06136020623180648,-0.17802984392725163
13.677917310733104,2.085507853362419,9.18171785957108,-0.8767601584341943,0.7909232516430229,0.3717765887944626,0.06177184434242618,-0.061361370993096825,-0.1782059182363503
13.687917310733104,2.0876845148263308,9.184792846066681,-0.8773737779492456,0.7891403038239331,0.37149937417075674,0.061827561795417436,-0.061362531271013404,-0.17838399150528836
13.697917310733105,2.089864309309523,9.187862370829968,-0.8779874090447226,0.7873555655278583,0.37122213160087264,0.0618829958918375,-0.061363687081018276,-0.1785639829747477
13.707917310733103,2.0920472315550764,9.190926426355396,-0.8786010516760216,0.7855690179176984,0.3709448584979845,0.0619381517954107,-0.061364838438520794,-0.1787458140894599
13.717917310733105,2.0942332762752343,9.193985005111431,-0.8792147057986971,0.7837806430954292,0.3706675523629947,0.06199303437714796,-0.0613659853588762,-0.17892940893374748
13.727917310733105,2.09642243814782,9.197038099546543,-0.8798283713684558,0.7819904238839678,0.37039021076617906,0.062047648285063824,-0.06136712785738722,-0.17911469355751422
13.737917310733105,2.0986147118151073,9.20008570209104,-0.8804420483411557,0.7801983437740967,0.3701128313428287,0.06210199796192127,-0.0613682659493046,-0.17930159581299904
13.747917310733104,2.1008100918838246,9.203127805157068,-0.8810557366728066,0.7784043869244623,0.36983541179325014,0.06215608764523178,-0.06136939964982708,-0.17949004535477642
13.757917310733104,2.103008572925149,9.206164401138611,-0.8816694363195691,0.776608538161577,0.3695579498827654,0.06220992136725524,-0.06137052897410141,-0.17967997363975594
13.767917310733106,2.105210149474709,9.209195482411491,-0.8822831472377552,0.7748107829798181,0.369280443441712,0.062263502954999994,-0.06137165393722235,-0.17987131392718267
13.777917310733104,2.1074148160325845,9.212221041333363,-0.8828968693838283,0.7730111075414279,0.36900289036544287,0.06231683603022282,-0.06137277455423263,-0.18006400127863686
13.787917310733103,2.109622567061814,9.21524107024639,-0.883510602714401,0.7712094986353693,0.36872528861098247,0.062369924025079446,-0.06137389084012378,-0.18025797243755218
13.797917310733103,2.111833396990069,9.218255561474553,-0.8841243471862378,0.7694059437907261,0.36844763620667187,0.06242277014726896,-0.061375002809835016,-0.18045316617892715
13.807917310733105,2.1140473002087945,9.221264507325138,-0.8847381027562541,0.7676004311813897,0.3681699312439284,0.06247537740812534,-0.0613761104782537,-0.1806495230111107
13.817917310733105,2.116264271070781,9.224267900092926,-0.8853518693815121,0.7657929495122755,0.3678921718676845,0.0625277486603082,-0.06137721386021671,-0.1808469848301183
13.827917310733106,2.1184843038901673,9.227265732060204,-0.8859656470192211,0.7639834880193217,0.36761435627638783,0.06257988659780359,-0.06137831297051043,-0.1810454949196255
13.837917310733102,2.1207073929424376,9.230257995496748,-0.8865794356267368,0.7621720364694894,0.36733648272200115,0.06263179375592387,-0.06137940782387074,-0.18124499795096796
13.847917310733104,2.122933532464427,9.233244682659842,-0.8871932351615627,0.7603585851607608,0.3670585495100019,0.06268347251130783,-0.06138049843498302,-0.18144543998314178
13.857917310733104,2.125162716654315,9.236225785794264,-0.8878070455813484,0.7585431249221422,0.3667805549993831,0.06273492508192062,-0.061381584818482146,-0.18164676846280287
13.867917310733105,2.127394939671538,9.239201297132471,-0.8884208668438904,0.7567256471104525,0.3665024976023774,0.06278615352818202,-0.061382666988952575,-0.18184893221488993
13.877917310733105,2.1296301956351686,9.242171208898105,-0.8890346989071292,0.7549061435759847,0.3662243757814574,0.06283715976730647,-0.061383744960929305,-0.18205188135028688
13.887917310733103,2.131868478626788,9.245135513300902,-0.8896485417291544,0.753084606788669,0.3659461880600269,0.06288794553189819,-0.061384818748895884,-0.18225556764426093
13.897917310733103,2.134109782687964,9.248094202541095,-0.8902623952682014,0.7512610296902774,0.36566793300982364,0.06293851241636826,-0.06138588836728608,-0.18245994408412589
13.907917310733104,2.136354101819046,9.251047268811652,-0.8908762594826467,0.7494354056430448,0.3653896092465316,0.06298886189408513,-0.06138695383048473,-0.1826649647157779
13.917917310733104,2.1386014299791705,9.253994704298291,-0.8914901343310101,0.7476077284296659,0.3651112154297804,0.06303899531737475,-0.06138801515282767,-0.18287058464369557
13.927917310733106,2.140851761086257,9.25693650117947,-0.8921040197719534,0.7457779922532968,0.3648327502631458,0.06308891391752049,-0.06138907234860179,-0.18307676003094006
13.937917310733106,2.143105089017012,9.259872651626388,-0.8927179157642808,0.7439461917375535,0.3645542124941493,0.06313861880476321,-0.061390125432045,-0.18328344809915492
13.947917310733104,2.1453614076069245,9.26280314780299,-0.8933318222669389,0.7421123219265142,0.3642756009142585,0.06318811096830117,-0.061391174417346275,-0.1834906071285662
13.957917310733103,2.1476207106502714,9.26572798186596,-0.8939457392390169,0.7402763782847157,0.3639969143588865,0.06323739127629016,-0.061392219318645594,-0.18369819645798258
13.967917310733105,2.1498829918988553,9.268647145967854,-0.8945596666397431,0.7384383566632805,0.3637181517042845,0.0632864604887746,-0.061393260150034996,-0.18390617639325268
13.977917310733105,2.152148245063728,9.271560632254513,-0.8951736044284896,0.7365982533887759,0.36343931187493395,0.06333531923038087,-0.06139429692555709,-0.18411450847902058
13.987917310733105,2.1544164638147403,9.274468432865147,-0.8957875525647715,0.7347560652064291,0.363160393838875,0.06338396800605944,-0.06139532965920537,-0.18432315531568888
13.997917310733106,2.156687641778438,9.277370539936648,-0.8964015110082414,0.732911789193189,0.36288139660018087,0.06343240722992839,-0.06139635836492594,-0.1845320803033208
14.007917310733104,2.1589617725380585,9.280266945603573,-0.8970154797186894,0.7310654227577216,0.362602319198957,0.06348063722527524,-0.06139738305661752,-0.18474124764162372
14.017917310733104,2.1612388496335337,9.283157641998162,-0.8976294586560443,0.7292169636404078,0.362323160711341,0.06352865822455715,-0.06139840374813145,-0.18495062232994933
14.027917310733104,2.163518866561488,9.286042621250324,-0.8982434477803717,0.7273664099133467,0.36204392024950294,0.06357647036940076,-0.061399420453271646,-0.18516017016729322
14.037917310733105,2.165801816775239,9.28892187548764,-0.8988574470518753,0.7255137599803531,0.3617645969616451,0.06362407371060223,-0.06140043318579467,-0.1853698577522953
14.047917310733105,2.168087693684797,9.291795396835369,-0.8994714564308968,0.7236590125769585,0.36148519003200213,0.0636714682081273,-0.06140144195940967,-0.18557965248323957
14.057917310733103,2.17037649065682,9.29466317741656,-0.9000854758779149,0.721802166768939,0.3612056986807065,0.06371865373162988,-0.06140244678777847,-0.18578952255399625
14.067917310733103,2.172668201013289,9.297525209356444,-0.9006995053535425,0.7199432219188534,0.36092612216040143,0.06376563007383035,-0.061403447684516936,-0.18599943687165665
14.077917310733104,2.1749628180342295,9.300381484776883,-0.9013135448185337,0.7180821777872002,0.3606464597648665,0.06381239691746197,-0.06140444466319226,-0.18620936535083843
14.087917310733104,2.1772603349559323,9.303231995799251,-0.901927594233779,0.716219034441721,0.3603667108214708,0.06385895386303612,-0.06140543773732462,-0.18641927863701757
14.097917310733106,2.179560744969708,9.306076734547302,-0.9025416535603022,0.7143537922110957,0.3600868746870972,0.06390530044433734,-0.06140642692038839,-0.1866291479737553
14.107917310733106,2.18186404122189,9.308915693147183,-0.9031557227592604,0.7124864516849433,0.35980695074814195,0.06395143612842338,-0.06140741222581222,-0.18683894520269792
14.117917310733104,2.184170216813831,9.311748863727434,-0.9037698017919427,0.7106170137138217,0.3595269384205153,0.06399736031562517,-0.061408393666978964,-0.18704864276357688
14.127917310733103,2.186479264801908,9.31457623841898,-0.9043838906197724,0.7087454794092259,0.35924683714964073,0.06404307233954688,-0.06140937125722571,-0.18725821369420897
14.137917310733105,2.1887911781975173,9.317397809355139,-0.9049979892043051,0.7068718501435917,0.3589666464104556,0.06408857146706584,-0.0614103450098438,-0.18746763163049596
14.147917310733105,2.1911059499670773,9.320213568671619,-0.9056120975072294,0.7049961275502924,0.358686365707411,0.0641338568983326,-0.061411314938078776,-0.18767687080642484
14.157917310733106,2.1934235730320273,9.323023508506513,-0.9062262154903672,0.7031183135236406,0.35840599457447153,0.0641789277667709,-0.061412281055130434,-0.18788590605406777
14.167917310733106,2.1957440402682606,9.325827621002436,-0.9068403431156709,0.7012384102015152,0.3581255325733801,0.06422378314549144,-0.061413243374153596,-0.18809471275999246
14.177917310733104,2.198067344506495,9.32862589830845,-0.9074544803452234,0.6993564199843724,0.35784497929442355,0.06426842204356562,-0.06141420190825801,-0.18830326693832417
14.187917310733104,2.200393478533944,9.331418332573735,-0.9080686271412465,0.6974723455757447,0.3575643343606185,0.06431284339010461,-0.06141515667050594,-0.18851154532399553
14.197917310733105,2.202722435091677,9.3342049159541,-0.9086827834660898,0.695586189887886,0.3572835974194879,0.06435704606526164,-0.06141610767391542,-0.18871952510586193
14.207917310733105,2.205054206874502,9.336985640612337,-0.9092969492822311,0.6936979560378411,0.3570027681427007,0.06440102890158271,-0.06141705493146038,-0.18892718391606322
14.217917310733105,2.2073887865309687,9.339760498718228,-0.9099111245522765,0.6918076473474454,0.3567218462260717,0.06444479068400658,-0.06141799845607065,-0.18913449983002384
14.227917310733103,2.209726166663364,9.342529482448532,-0.9105253092389598,0.6899152673433255,0.3564408313895619,0.06448833014986478,-0.06141893826063199,-0.1893414513664526
14.237917310733105,2.2120663398277163,9.345292583986996,-0.9111395033051436,0.6880208197568977,0.35615972337727786,0.0645316459888817,-0.06141987435798604,-0.18954801748734298
14.247917310733104,2.214409298533793,9.348049795524352,-0.9117537067138177,0.6861243085243702,0.35587852195747244,0.0645747368431744,-0.061420806760930376,-0.18975417759797278
14.257917310733104,2.2167550352451006,9.350801109258313,-0.9123679194281007,0.6842257377867421,0.3555972269225444,0.06461760130725276,-0.061421735482218465,-0.18995991154690425
14.267917310733106,2.219103542378885,9.353546517393578,-0.9129821414112388,0.6823251118898032,0.35531583808903855,0.06466023792801945,-0.06142266053455967,-0.19016519962598427
14.277917310733105,2.2214548123058884,9.356286012142993,-0.913596372626605,0.680422435375942,0.3550343552968086,0.06470264520772565,-0.06142358193061977,-0.19037002255074667
14.287917310733103,2.2238088373500857,9.3590195857328,-0.914210613037695,0.6785177129683773,0.35475277840641367,0.06474482161152952,-0.06142449968302227,-0.19057436144060502
14.297917310733103,2.2261656097912503,9.36174723039286,-0.9148248626081408,0.6766109496460211,0.3544711073062255,0.0647867655411118,-0.0614254138043439,-0.19077819800308202
14.307917310733105,2.2285251218623734,9.364468938363219,-0.9154391213016986,0.6747021505605093,0.3541893419054599,0.06482847536142985,-0.061426324307118405,-0.19098151430394333
14.317917310733105,2.230887365749288,9.367184701895479,-0.9160533890822479,0.6727913210238432,0.35390748213303436,0.06486994940493335,-0.061427231203837154,-0.19118429273527815
14.327917310733106,2.2332523335906656,9.369894513252783,-0.9166676659137912,0.6708784665083907,0.3536255279375679,0.0649111859715643,-0.06142813450694918,-0.1913865160154992
14.337917310733102,2.2356200174780168,9.372598364709829,-0.9172819517604538,0.6689635926468864,0.3533434792873814,0.06495218332875706,-0.061429034228861173,-0.1915881671893425
14.347917310733104,2.2379904094556933,9.37529624855286,-0.9178962465864843,0.6670467052324297,0.3530613361704971,0.06499293971143838,-0.06142993038193746,-0.1917892296278678
14.357917310733104,2.2403635015208843,9.377988157079674,-0.9185105503562541,0.6651278102184882,0.35277909859463913,0.06503345332202728,-0.061430822978500034,-0.19198968702845814
14.367917310733105,2.2427392856236197,9.38067408259961,-0.9191248630342572,0.6632069137188951,0.3524967665872333,0.06507372233043518,-0.06143171203082852,-0.19218952341482012
14.377917310733105,2.245117753666768,9.38335401743356,-0.9197391845851114,0.6612840220078499,0.35221434019540687,0.0651137448740658,-0.06143259755116022,-0.19238872313698377
14.387917310733107,2.2474988975060377,9.386027953913967,-0.9203535149735567,0.6593591415199187,0.35193181948598906,0.0651535190578152,-0.06143347955169006,-0.1925872708713026
14.397917310733103,2.2498827089498845,9.388695884385447,-0.9209678541644554,0.6574322788464254,0.3516492045451329,0.06519304295534856,-0.06143435804457091,-0.19278515161252052
14.407917310733104,2.2522691797592325,9.391357801212353,-0.9215822021227851,0.6555034407040974,0.35136649547412724,0.06523231462125305,-0.0614352330419161,-0.19298235061739444
14.417917310733104,2.254658301650188,9.394013696767066,-0.9221965588136554,0.6535726340123741,0.35108369239640674,0.06527133206467457,-0.06143610455579329,-0.19317885358511677
14.427917310733106,2.257050066291823,9.396663563435249,-0.9228109242022979,0.6516398658359797,0.35080079545324816,0.06531009326731996,-0.06143697259822815,-0.19337464650250186
14.437917310733106,2.2594444653055517,9.399307393618736,-0.9234252982540622,0.6497051433647507,0.3505178048018957,0.06534859619029333,-0.06143783718120581,-0.19356971559600722
14.447917310733104,2.261841490265125,9.401945179735549,-0.9240396809344148,0.6477684739136372,0.35023472061556093,0.06538683877409615,-0.061438698316670905,-0.19376404733173333
14.457917310733103,2.2642411326966383,9.404576914219888,-0.9246540722089408,0.6458298649226999,0.3499515430834226,0.0654248189386272,-0.06143955601652753,-0.19395762841542383
14.467917310733105,2.266643384078524,9.407202589522134,-0.9252684720433424,0.6438893239571136,0.349668272410627,0.0654625345831825,-0.061440410292639254,-0.1941504457924654
14.477917310733105,2.269048235841555,9.409822198108847,-0.9258828804034391,0.6419468587071654,0.3493849088182878,0.06549998358645547,-0.061441261156829144,-0.19434248664788775
14.487917310733105,2.2714556793688443,9.412435732462766,-0.9264972972551687,0.6400024769882547,0.349101452543486,0.06553716380653678,-0.061442108620879725,-0.19453373840636368
14.497917310733106,2.273865705995846,9.415043185082816,-0.9271117225645862,0.6380561867408938,0.34881790383927,0.06557407308091441,-0.06144295269653301,-0.19472418873220906
14.507917310733104,2.276278307010352,9.417644548484095,-0.9277261562978639,0.6361079960307079,0.3485342629746556,0.06561070922647368,-0.06144379339549048,-0.19491382552938277
14.517917310733104,2.2786934736524973,9.420239815197888,-0.9283405984212929,0.6341579130484328,0.3482505302346258,0.0656470700394972,-0.061444630729413106,-0.19510263694148697
14.527917310733104,2.281111197114755,9.422828977771658,-0.9289550489012807,0.6322059461099193,0.3479667059201312,0.0656831532956649,-0.061445464709921335,-0.19529061135176662
14.537917310733105,2.283531468543804,9.425412028773291,-0.9295695077043529,0.6302521036532636,0.3476827903455667,0.06571895675245168,-0.06144629534859509,-0.19547773739952812
14.547917310733105,2.2859542790401095,9.427988960791991,-0.9301839747971506,0.6282963942247413,0.3473987838376772,0.0657544781533746,-0.06144712265697443,-0.19566400393983632
14.557917310733103,2.288379619655147,9.430559766433458,-0.9307984501464289,0.6263388264759361,0.34711468673844886,0.0657897152268909,-0.06144794664656013,-0.1958494000049478
14.567917310733103,2.290807481392815,9.43312443832291,-0.9314129337190576,0.6243794091645439,0.34683049940352617,0.06582466568728887,-0.061448767328813624,-0.19603391482531118
14.577917310733104,2.2932378552094295,9.435682969105093,-0.9320274254820199,0.6224181511543759,0.3465462222022113,0.06585932723468883,-0.06144958471515705,-0.19621753782957976
14.587917310733104,2.295670732013729,9.438235351444273,-0.9326419254024131,0.6204550614153566,0.3462618555174638,0.06589369755504304,-0.061450398816973235,-0.19640025864461177
14.590243753294201,2.2962370847417484,9.438828266166638,-0.9327848864454148,0.6199980981894139,0.3461956864531962,0.06590165160726273,-0.061450587743347905,-0.1964426371435688
14.600243753294201,2.2986732324116343,9.44137284390148,-0.9333990720154007,0.6180345662711364,0.345912675502642,0.06593458236141557,-0.06145079067555029,-0.19662273778899433
14.610243753294203,2.3011116977043526,9.44391148566575,-0.9340135839681154,0.6160674145308102,0.34563287925784514,0.06596738845802803,-0.06145159929188942,-0.196807909085714
14.620243753294199,2.3035526950878733,9.446443982054458,-0.9346281039897357,0.6140984011769682,0.3453561349378616,0.06599931247723406,-0.0614524044585332,-0.19699506007912224
14.6302437532942,2.3059962444417645,9.4489703386777,-0.9352426320458255,0.6121275068525778,0.3450824146182436,0.06603036573796058,-0.061453206187396865,-0.1971841138127875
14.6402437532942,2.3084423654400332,9.451490560879812,-0.9358571681020655,0.6101547128951658,0.3448116906945097,0.06606055931089237,-0.06145400449035492,-0.1973749956787102
14.650243753294202,2.3108910775511258,9.454004653739371,-0.9364717121242555,0.6081800013368165,0.3445439358821439,0.06608990401847217,-0.06145479937924119,-0.19756763341732295
14.660243753294202,2.3133424000379295,9.456512622069202,-0.9370862640783126,0.606203354904172,0.3442791232165962,0.06611841043490056,-0.06145559086584878,-0.1977619571174905
14.670243753294203,2.3157963519577702,9.459014470416365,-0.9377008239302727,0.6042247570184324,0.34401722605328255,0.06614608888613609,-0.0614563789619301,-0.19795789921650983
14.6802437532942,2.318252952163447,9.461510203068721,-0.9383153916462882,0.6022441917711001,0.34375821805869117,0.06617294945895635,-0.06145716367919714,-0.19815539442227734
14.690243753294201,2.320712219299322,9.463999824061146,-0.9389299671926297,0.6002616439741961,0.34350207320950604,0.06619900198920765,-0.06145794502932144,-0.19835437987698212
14.7002437532942,2.3231741718012553,9.46648333716391,-0.9395445505356858,0.5982770991510434,0.343248765803791,0.06622425606040966,-0.06145872302393366,-0.1985547951258325
14.710243753294202,2.3256388279056988,9.468960745904626,-0.9401591416419601,0.596290543354957,0.3429982704212823,0.06624872106202863,-0.06145949767462482,-0.1987565815318795
14.720243753294202,2.3281062056499824,9.471432053569218,-0.9407737404780712,0.5943019631634491,0.34275056192185904,0.06627240619143007,-0.06146026899294641,-0.19895968225734667
14.7302437532942,2.330576322872313,9.473897263201922,-0.9413883470107521,0.5923113456782303,0.3425056154455435,0.06629532045387886,-0.06146103699041031,-0.19916404226362988
14.7402437532942,2.333049197211776,9.476356377605276,-0.9420029612068511,0.5903186785252068,0.3422634064125004,0.06631747266253911,-0.061461801678488866,-0.19936960831129766
14.7502437532942,2.335524846108333,9.478809399340134,-0.942617583033331,0.5883239498544843,0.34202391052303793,0.0663388714384743,-0.061462563068614834,-0.19957632896009075
14.760243753294201,2.3380032868036498,9.481256330728502,-0.9432322124572687,0.5863271483262095,0.3417871037533216,0.06635952521539816,-0.06146332117218158,-0.19978415452383744
14.770243753294201,2.340484536341203,9.483697173867096,-0.9438468494458542,0.5843282630935164,0.34155296234042853,0.06637944224802839,-0.061464076000543516,-0.19999303702146656
14.780243753294203,2.342968611557442,9.486131930605438,-0.9444614939663944,0.58232728393077,0.34132146281787973,0.0663986305700495,-0.06146482756501477,-0.20020293058840039
14.790243753294199,2.3454555290944996,9.488560602569212,-0.9450761459863083,0.5803242010274623,0.34109258197116954,0.06641709805857847,-0.0614655758768708,-0.20041379081143673
14.8002437532942,2.3479453054019777,9.49098319116463,-0.9456908054731263,0.5783190049591227,0.340866296830416,0.06643485244354104,-0.06146632094734864,-0.20062557463537267
14.8102437532942,2.3504379567369424,9.493399697578429,-0.9463054723944904,0.5763116866873222,0.34064258467036157,0.06645190130767163,-0.06146706278764694,-0.20083824036300407
14.820243753294202,2.3529334991639272,9.495810122777868,-0.9469201467181534,0.5743022375596709,0.34042142301037215,0.06646825208651345,-0.06146780140892591,-0.2010517476551259
14.830243753294202,2.3554319485549327,9.498214467510739,-0.9475348284119801,0.5722906493098182,0.34020278961443784,0.0664839120684184,-0.061468536822307386,-0.20126605753053212
14.840243753294203,2.3579333205894266,9.500612732305349,-0.9481495174439463,0.5702769140574532,0.33998666249117265,0.06649888839454711,-0.06146926903887478,-0.2014811323660157
14.8502437532942,2.360437630755323,9.503004917474088,-0.9487642137821385,0.5682610242953315,0.3397730198889077,0.06651318806325665,-0.06146999806967329,-0.20169693585577092
14.8602437532942,2.3629448943483577,9.505391023127217,-0.9493789173947532,0.5662429728873388,0.33956184028226033,0.06652681793315764,-0.06147072392571043,-0.2019134330154508
14.8702437532942,2.3654551264634827,9.507771049149055,-0.9499936282501001,0.5642227531645136,0.33935310240669764,0.06653978469100473,-0.06147144661795444,-0.20213059048582202
14.880243753294202,2.3679683420081314,9.51014499522152,-0.9506083463165976,0.5622003587539813,0.3391467852165061,0.06655209490529021,-0.0614721661573361,-0.2023483759809702
14.890243753294202,2.370484555703776,9.512512860827957,-0.9512230715627721,0.5601757835589781,0.3389428678788112,0.0665637550327033,-0.06147288255474898,-0.2025667582246042
14.9002437532942,2.37300378208593,9.514874645253142,-0.9518378039572576,0.5581490217588518,0.33874132977357757,0.06657477141813023,-0.061473595821049457,-0.20278570695005618
14.9102437532942,2.3755260355041465,9.517230347583281,-0.9524525434687967,0.5561200678090591,0.33854215049360853,0.06658515029465416,-0.06147430596705668,-0.20300519290028154
14.920243753294201,2.378051330122018,9.519579966706011,-0.953067290066239,0.5540889164411692,0.33834530984454686,0.06659489778355522,-0.06147501300355259,-0.2032251878278589
14.930243753294201,2.3805796799171755,9.521923501310397,-0.9536820437185426,0.552055562662862,0.33815078784487407,0.06660401989431053,-0.06147571694128193,-0.20344566449499002
14.940243753294201,2.383111098681311,9.524260949886989,-0.954296804394773,0.5500200017577267,0.33795856472583347,0.06661252252466007,-0.06147641779095222,-0.20366659667286674
14.950243753294203,2.385645600023529,9.526592310743773,-0.9549115720641014,0.5479822292491398,0.33776862091193227,0.06662041147315197,-0.0614771155632347,-0.20388795903322274
14.9602437532942,2.388183197358656,9.528917581990735,-0.955526346695808,0.545942241006788,0.3375809370492221,0.0666276924058405,-0.06147781026876282,-0.20410972749599476
14.9702437532942,2.390723903914682,9.531236761543388,-0.9561411282592813,0.5439000331648086,0.3373954939922396,0.06663437088067736,-0.06147850191813284,-0.20433187895743424
14.9802437532942,2.393267732740066,9.53354984713819,-0.9567559167240138,0.5418556020474613,0.33721227278024407,0.06664045237123,-0.06147919052190507,-0.2045543910523548
14.990243753294202,2.395814696703741,9.535856836332542,-0.9573707120596023,0.5398089441691248,0.337031254637217,0.06664594226668155,-0.06147987609060384,-0.2047772421541326
15.000243753294201,2.3983648084951104,9.538157726504794,-0.9579855142357477,0.5377600562342983,0.33685242097186224,0.06665084587183098,-0.061480558634717464,-0.20500041137470623
15.010243753294203,2.400918080624051,9.54045251485424,-0.9586003232222556,0.5357089351376011,0.336675753377606,0.06665516840709293,-0.06148123816469832,-0.20522387856457666
15.0202437532942,2.40347452542091,9.542741198401119,-0.9592151389890355,0.5336555779637729,0.336501233632597,0.06665891500849778,-0.06148191469096276,-0.20544762431280733
15.0302437532942,2.40603415503651,9.545023773986623,-0.9598299615061017,0.5315999819876721,0.336328843699706,0.06666209072769169,-0.06148258822389119,-0.2056716299470242
15.0402437532942,2.4085969814421633,9.547300238272939,-0.9604447907435724,0.5295421446741124,0.33615856572645164,0.06666470053199085,-0.061483258773828015,-0.20589587753289462
15.050243753294202,2.4111630164334086,9.549570587760206,-0.9610596266716668,0.5274820636471766,0.3359903820253579,0.06666674931484975,-0.06148392635108274,-0.20612034978389493
15.060243753294202,2.413732271617207,9.551834818769743,-0.9616744692607108,0.5254197367839174,0.335824275102721,0.06666824186629457,-0.061484590965928156,-0.20634503036852428
15.0702437532942,2.4163047584193396,9.55409292744605,-0.9622893184811344,0.5233551621483534,0.33566022764809383,0.06666918289277521,-0.06148525262860102,-0.2065699036877378
15.0802437532942,2.4188804880922814,9.556344909772882,-0.9629041743034692,0.5212883379282429,0.33549822251091194,0.06666957703735567,-0.06148591134930337,-0.20679495467274492
15.090243753294201,2.4214594717151954,9.558590761573255,-0.9635190366983462,0.5192192624350876,0.3353382427004938,0.06666942887971399,-0.06148656713820248,-0.20702016878500876
15.100243753294201,2.424041720193938,9.560830478509441,-0.9641339056364977,0.5171479341041303,0.33518027138604073,0.06666874293614233,-0.061487220005430956,-0.20724553201624654
15.110243753294203,2.4266272442610557,9.563064056082972,-0.9647487810887564,0.5150743514943552,0.3350242918966367,0.06666752365954691,-0.06148786996108663,-0.20747103088842953
15.120243753294202,2.429216054475786,9.565291489634637,-0.9653636630260558,0.5129985132884883,0.3348702877212485,0.06666577543944806,-0.061488517015232634,-0.20769665245378294
15.1302437532942,2.4318081612240583,9.567512774344484,-0.9659785514194297,0.5109204182929978,0.3347182425087257,0.06666350260198013,-0.061489161177897364,-0.20792238429478588
15.1402437532942,2.434403574718494,9.569727905231819,-0.966593446240013,0.5088400654380916,0.3345681400678007,0.06666070940989159,-0.061489802459074504,-0.2081482145241717
15.150243753294202,2.4370023049994596,9.571936877158514,-0.9672083474590402,0.5067574537711685,0.33441996436317295,0.06665740006469573,-0.06149044086872325,-0.20837413176501568
15.160243753294202,2.439604361935799,9.57413968484718,-0.9678232550478427,0.5046725824513114,0.3342736994989614,0.06665357870902293,-0.061491076416769305,-0.2086001251474661
15.170243753294201,2.442209755210943,9.576336322848412,-0.9684381689778576,0.5025854508280609,0.33412932976031195,0.06664924940081113,-0.06149170911310205,-0.20882618455579016
15.1802437532942,2.444818494338427,9.578526785563747,-0.9690530892206197,0.5004960583401316,0.33398683957769937,0.0666444161453602,-0.06149233896757692,-0.20905230029738775
15.190243753294201,2.4474305886644245,9.580711067251231,-0.9696680157477614,0.498404404499506,0.33384621351958166,0.06663908290045391,-0.06149296599001597,-0.20927846305238187
15.2002437532942,2.4500460473677443,9.582889162025412,-0.9702829485310113,0.4963104888914388,0.3337074362924004,0.06663325357635999,-0.06149359019020776,-0.20950466387361838
15.2102437532942,2.452664879459831,9.585061063857339,-0.9708978875421951,0.49421431117445414,0.3335704927405808,0.06662693203583003,-0.06149421157790746,-0.20973089418666613
15.220243753294202,2.455287093784765,9.587226766574572,-0.9715128327532354,0.4921158710803462,0.3334353678465314,0.06662012209409958,-0.06149483016283677,-0.209957145789817
15.230243753294202,2.457912699019263,9.589386263861174,-0.9721277841361515,0.4900151684141794,0.33330204673064423,0.06661282751888811,-0.061495445954683974,-0.2101834108540858
15.2402437532942,2.460541703672676,9.591539549257709,-0.9727427416630597,0.48791220305428895,0.3331705146512948,0.06660505203039899,-0.061496058963103915,-0.2104096819232103
15.2502437532942,2.4631741160869955,9.59368661616125,-0.9733577053061736,0.48580697495227815,0.3330407570048422,0.0665967993013195,-0.061496669197718,-0.2106359519136515
15.260243753294201,2.4658099444370123,9.595827457825841,-0.9739726750378026,0.48369948413220426,0.3329127593250929,0.0665880729570873,-0.06149727666811423,-0.21086221411210324
15.270243753294201,2.4684491967345954,9.597962067384051,-0.9745876508303489,0.48158973067056776,0.33278650726186165,0.06657887658252885,-0.06149788138384878,-0.2110884621231629
15.280243753294203,2.4710918808120144,9.600090437819542,-0.9752026326563158,0.47947771477477813,0.3326619866184191,0.06656921369635933,-0.061498483354442995,-0.21131469012393897
15.290243753294199,2.473738004332959,9.602212561974792,-0.9758176204883029,0.4773634367219729,0.3325391833345099,0.06655908777054874,-0.06149908258938471,-0.21154089265626205
15.3002437532942,2.476387574799374,9.604328432565074,-0.9764326142990035,0.47524689682477783,0.33241808346860285,0.06654850224137952,-0.061499679098129686,-0.2117670645179123
15.3102437532942,2.4790405995514564,9.606438042178455,-0.9770476140612038,0.47312809543131035,0.33229867319789186,0.06653746050944657,-0.06150027289010152,-0.21199320076261904
15.320243753294202,2.4816970857676557,9.6085413832758,-0.9776626197477825,0.4710070329251773,0.33218093881829525,0.06652596593965722,-0.06150086397469174,-0.2122192967000611
15.330243753294202,2.484357040464676,9.610638448190764,-0.9782776313317118,0.46888370972547555,0.33206486674445607,0.06651402186123123,-0.061501452361259736,-0.2124453478958666
15.340243753294203,2.4870204704974754,9.612729229129807,-0.9788926487860568,0.46675812628679175,0.3319504435097419,0.06650163156770082,-0.06150203805913277,-0.21267135017161323
15.3502437532942,2.489687382559263,9.614813718172176,-0.9795076720839754,0.46463028309920335,0.3318376557662452,0.06648879831691067,-0.06150262107760601,-0.21289729960482787
15.3602437532942,2.492357783181505,9.616891907269919,-0.980122701198719,0.4625001806882757,0.3317264902847827,0.06647552533101785,-0.06150320142594251,-0.21312319252898698
15.3702437532942,2.495031678733918,9.618963788247875,-0.9807377361036317,0.460367819615066,0.33161693395489605,0.0664618157964919,-0.06150377911337319,-0.2133490255335163
15.380243753294202,2.497709075424633,9.621029352804138,-0.9813527767721504,0.4582332004755043,0.33150897378436806,0.066447672864315,-0.061504354149096906,-0.21357479546196906
15.390243753294202,2.500389979304673,9.623088592533138,-0.9819678231777997,0.4560963238848337,0.33140259687789575,0.06643309965499118,-0.061504926542282234,-0.21380049937586684
15.400243753294202,2.5030743962503905,9.625141498896332,-0.9825828752942022,0.4539571905459994,0.33129779047464336,0.06641809923612191,-0.06150549630206405,-0.21402613477535185
15.4102437532942,2.505762331974382,9.627188063228317,-0.9831979330950734,0.4518158011989622,0.3311945419334684,0.06640267463876943,-0.06150606343754485,-0.21425169942436262
15.420243753294201,2.508453792032739,9.6292282767519,-0.9838129965542189,0.44967215659128645,0.33109283871508244,0.06638682886700657,-0.061506627957796385,-0.2144771912583135
15.430243753294201,2.511148781825043,9.631262130578087,-0.9844280656455326,0.4475262574781444,0.33099266838205077,0.06637056489791673,-0.06150718987185963,-0.21470260838409425
15.440243753294201,2.513847306594366,9.633289615706085,-0.9850431403429979,0.4453781046223135,0.3308940185987925,0.06635388568159388,-0.061507749188744805,-0.21492794908007026
15.450243753294203,2.5165493714272746,9.6353107230233,-0.985658220620687,0.44322769879417684,0.33079687713158085,0.06633679414114255,-0.06150830591743133,-0.21515321179608252
15.4602437532942,2.5192549812538245,9.637325443305345,-0.9862733064527612,0.44107504077172416,0.3307012318485426,0.06631929317267782,-0.061508860066867885,-0.2153783951534476
15.4702437532942,2.521964140847567,9.63933376721603,-0.9868883978134715,0.438920131340549,0.3306070707196584,0.06630138564532538,-0.061509411645972366,-0.21560349794495776
15.4802437532942,2.524676854825542,9.641335685307368,-0.9875034946771573,0.43676297129385266,0.3305143818167629,0.06628307440122144,-0.0615099606636319,-0.21582851913488077
15.490243753294202,2.5273931276482826,9.643331188019573,-0.9881185970182472,0.4346035614324415,0.33042315331354455,0.06626436225551283,-0.061510507128702846,-0.21605345785895994
15.500243753294201,2.530112963619814,9.645320265681061,-0.9887337048112591,0.43244190256472786,0.3303333734855456,0.0662452519963569,-0.061511051050010805,-0.21627831342441425
15.510243753294203,2.5328363668886156,9.647302908511692,-0.9893488180307991,0.4302779955037393,0.3302450307070753,0.06622574638587282,-0.0615115924363509,-0.2165030853019892
15.5202437532942,2.5355633414490897,9.649279106646592,-0.9899639366515561,0.42811184106716466,0.3301581134335671,0.06620584815978728,-0.061512131296489476,-0.21672777314704855
15.5302437532942,2.538293891124293,9.651248850093666,-0.9905790606483165,0.42594344013243957,0.3300726102459521,0.06618556000953202,-0.06151266763915958,-0.2169523769619988
15.5402437532942,2.5410280195822357,9.65321212875582,-0.9911941899959532,0.4237727935755795,0.32998850982063826,0.06616488460219545,-0.06151320147306398,-0.21717689689562478
15.550243753294202,2.543765730339225,9.655168932438704,-0.9918093246694247,0.42159990225979144,0.3299058009212076,0.06614382458420184,-0.061513732806876054,-0.21740133320880928
15.560243753294202,2.5465070267598633,9.657119250850707,-0.9924244646437748,0.4194247670354746,0.32982447239841556,0.06612238258131134,-0.06151426164923977,-0.21762568627453283
15.570243753294204,2.549251912057048,9.659063073602958,-0.9930396098941319,0.4172473887402202,0.32974451319019155,0.0661005611986199,-0.061514788008769694,-0.21784995657787384
15.5802437532942,2.5520003892919707,9.661000390209326,-0.9936547603957099,0.4150677681988125,0.32966591232163867,0.06607836302055942,-0.06151531189405098,-0.21807414471600856
15.590243753294201,2.554752461374121,9.66293119008642,-0.9942699161238079,0.41288590622322574,0.32958865890503375,0.06605579061089757,-0.06151583331363939,-0.21829825139821113
15.600243753294201,2.557508131061281,9.66485546255359,-0.9948850770538098,0.4107018036126284,0.32951274213982745,0.06603284651273794,-0.06151635227606127,-0.21852227744585345
15.6102437532942,2.5602674009595296,9.666773196832922,-0.9955002431611849,0.4085154611533805,0.32943815131264415,0.06600953324851995,-0.06151686878981355,-0.21874622379240524
15.620243753294202,2.563030273523241,9.668684382049248,-0.9961154144214874,0.4063268796190342,0.32936487579728196,0.06598585332001891,-0.06151738286336377,-0.21897009148343413
15.6302437532942,2.565796751055082,9.670589007230134,-0.9967305908103566,0.40413605977033434,0.32929290505471287,0.06596180920834596,-0.06151789450515007,-0.21919388167660542
15.6402437532942,2.5685668357060196,9.672487061305894,-0.9973457723035174,0.40194300235521613,0.3292222286330824,0.06593740337394813,-0.06151840372358117,-0.21941759564168253
15.6502437532942,2.571340529469333,9.674378533119809,-0.9979609588767789,0.3997477081376047,0.32915283616715413,0.06591263824684901,-0.06151891052703646,-0.21964123487461862
15.660243753294202,2.574117834181519,9.676263411431906,-0.9985761505060347,0.3975501778912379,0.32908471737467104,0.06588751622842902,-0.061519414923866325,-0.21986480107952677
15.670243753294201,2.5768987515347006,9.678141684906077,-0.9991913471672608,0.3953504123436017,0.32901786205246386,0.06586203971031063,-0.06151991692239252,-0.2200882959534024
15.680243753294203,2.579683283071883,9.680013342119157,-0.9998065488365159,0.3931484122010312,0.3289522600756732,0.06583621106594292,-0.061520416530908326,-0.22031172128543414
15.6902437532942,2.5824714301869323,9.681878371560956,-1.0004217554899406,0.39094417814881943,0.32888790139774843,0.06581003265056526,-0.061520913757678604,-0.22053507895742816
15.7002437532942,2.5852631941245776,9.683736761634258,-1.001036967103759,0.38873771085121445,0.32882477605044774,0.06578350680120723,-0.061521408610939715,-0.22075837094380837
15.7102437532942,2.5880585759804076,9.685588500654823,-1.001652183654276,0.38652901095142334,0.328762874143838,0.06575663583668874,-0.06152190109889959,-0.22098159931161604
15.712570195855292,2.5887094243677127,9.686018342194224,-1.0017953109563384,0.38601484955409715,0.3287486473938169,0.0657503352230803,-0.061522015335122165,-0.22103352321587189
15.722570195855292,2.5915092736209755,9.687861678738805,-1.002410210030503,0.38380500732588363,0.32868608802068366,0.0657227480474862,-0.061521899049258526,-0.22125004250910496
15.732570195855292,2.594312687493073,9.689698514326965,-1.0030254314781848,0.3815914442130334,0.3286208523519575,0.06569625694269683,-0.061522390308691936,-0.22146132565724144
15.74257019585529,2.5971196413454507,9.69152864539743,-1.0036406578331127,0.37937580675109994,0.32855283221039583,0.06567015860227053,-0.06152288049903915,-0.22166491895506252
15.752570195855292,2.5999300958006235,9.693352052863526,-1.0042558890846143,0.37715817080399283,0.3284820562437091,0.06564442835926285,-0.061523369623993775,-0.22186102111827846
15.762570195855291,2.602744011600064,9.695168717921492,-1.004871125222054,0.3749386103843222,0.32840855274402897,0.06561904211142239,-0.06152385768723674,-0.22204982491850775
15.772570195855291,2.6055613496042085,9.69697862205048,-1.0054863662348328,0.37271719765339584,0.32833234964790886,0.06559397632119078,-0.061524344692436284,-0.22223151718327744
15.782570195855293,2.608382070792437,9.698781747012374,-1.0061016121123882,0.3704940029241561,0.32825347453671466,0.0655692080149001,-0.06152483064324797,-0.2224062788038863
15.792570195855292,2.6112061362644305,9.700578074845419,-1.006716862844195,0.3682690946994575,0.32817195464426346,0.0655447147726443,-0.061525315543314765,-0.22257428476806004
15.80257019585529,2.6140335072439873,9.702367587869594,-1.0073321184197637,0.36604253950088,0.32808781683701294,0.06552047477568906,-0.06152579939626691,-0.22273570360321204
15.81257019585529,2.6168641450727117,9.704150268675818,-1.0079473788286417,0.36381440224513495,0.3280010876559113,0.06549646670280661,-0.06152628220572214,-0.22289069859080912
15.822570195855292,2.619698011208454,9.705926100120696,-1.0085626440604119,0.36158474636563065,0.32791179333111375,0.06547266969688649,-0.061526763975285816,-0.22303942813034955
15.832570195855292,2.622535067225315,9.707695065326536,-1.0091779141046935,0.3593536338124692,0.3278199597819823,0.06544906336493568,-0.061527244708550886,-0.22318204573936298
15.842570195855293,2.6253752748136465,9.709457147681338,-1.0097931889511411,0.3571211250524477,0.32772561261708605,0.06542562777807845,-0.061527724409097914,-0.22331870005341065
15.852570195855293,2.6282185957799165,9.711212330838018,-1.010408468589445,0.3548872790818649,0.32762877713587474,0.06540234346800737,-0.06152820308049508,-0.22344953486366909
15.862570195855291,2.6310649920482225,9.712960598707621,-1.0110237530093318,0.35265215346303075,0.3275294783357677,0.06537919141686949,-0.0615286807262983,-0.22357468917105544
15.87257019585529,2.633914425664338,9.714701935467287,-1.0116390422005634,0.3504158041378029,0.3274277408890905,0.06535615310908487,-0.061529157350051,-0.22369429659567952
15.882570195855292,2.636766858788471,9.716436325546978,-1.0122543361529373,0.3481782858074622,0.32732358918731097,0.06533321042622817,-0.061529632955284456,-0.22380848660097183
15.892570195855292,2.639622253694089,9.718163753626166,-1.012869634856286,0.3459396520058801,0.32721704734999274,0.06531034562676205,-0.06153010754551785,-0.22391738472135814
15.902570195855292,2.6424805727679153,9.71988420463384,-1.0134849383004767,0.34369995509951917,0.32710813922479554,0.06528754134603718,-0.06153058112425825,-0.22402111256225943
15.91257019585529,2.645341778509932,9.721597663748502,-1.0141002464754116,0.34145924628743374,0.326996888387475,0.06526478059629219,-0.06153105369500066,-0.22411978780009192
15.922570195855291,2.6482058335333787,9.723304116398168,-1.0147155593710284,0.33921757560137017,0.3268833181418964,0.0652420467666248,-0.061531525261227966,-0.2242135241825858
15.932570195855291,2.6510727005648445,9.725003548253756,-1.015330876977299,0.33697499196438363,0.3267674515291574,0.06521932360629905,-0.0615319958264111,-0.22430243169129485
15.942570195855291,2.6539423424500805,9.726695945233633,-1.0159461992842305,0.33473154301716473,0.3266493113069843,0.0651965952731545,-0.06153246539400885,-0.22438661595447035
15.952570195855293,2.6568147221483005,9.728381293498488,-1.0165615262818648,0.33248727533424516,0.32652891997407685,0.0651738462737375,-0.061532933967468006,-0.22446617897424403
15.962570195855292,2.6596898027288245,9.730059579443186,-1.0171768579602776,0.33024223458749674,0.3264062997908374,0.06515106141756521,-0.061533401550223604,-0.22454121964972934
15.97257019585529,2.66256754737108,9.731730789696766,-1.0177921943095787,0.3279964655461323,0.32628147277937103,0.06512822581712566,-0.061533868145698875,-0.22461183377702126
15.98257019585529,2.665447919364605,9.73339491112244,-1.0184075353199125,0.3257500120767026,0.3261544607234855,0.06510532488787765,-0.06153433375730527,-0.22467811404919652
15.992570195855292,2.6683308821090392,9.7350519308176,-1.0190228809814572,0.32350291714310087,0.3260252851686911,0.06508234434825086,-0.06153479838844246,-0.22474015005631348
16.00257019585529,2.671216399113966,9.736701836112903,-1.0196382312844248,0.3212552228168131,0.32589396742371374,0.06505927021670253,-0.06153526204249835,-0.22479802831778578
16.012570195855293,2.674104434000493,9.738344614564205,-1.020253586219061,0.3190069703050256,0.32576052856692206,0.0650360888029542,-0.061535724722849225,-0.22485183234980033
16.02257019585529,2.676994950505943,9.739980253962198,-1.0208689457756461,0.3167581997993226,0.3256249894248401,0.06501278675116703,-0.06153618643285944,-0.224901642171666
16.03257019585529,2.6798879124757717,9.741608742320613,-1.0214843099444941,0.31450895075262914,0.3254873706073242,0.06498935096217533,-0.06153664717588183,-0.22494753522458039
16.04257019585529,2.682783283862254,9.74323006787294,-1.0220996787159518,0.3122592619325809,0.3253476925148303,0.06496576857835254,-0.06153710695525772,-0.22498958654520418
16.052570195855292,2.685681028724481,9.744844219072426,-1.022715052080399,0.31000917142152223,0.3252059753384132,0.06494202698361139,-0.061537565774317016,-0.22502786876566114
16.062570195855294,2.6885811112283644,9.746451184592077,-1.0233304300282489,0.30775871661650606,0.3250622390597272,0.06491811380340379,-0.061538023636378114,-0.22506245211353806
16.072570195855292,2.6914834956466334,9.748050953324656,-1.0239458125499483,0.30550793422929445,0.32491650345102546,0.06489401690472088,-0.06153848054474798,-0.22509340441188494
16.08257019585529,2.694388146358695,9.749643514382086,-1.024561199635976,0.3032568602923455,0.32476878807611426,0.06486972439434092,-0.06153893650272212,-0.2251207910988567
16.09257019585529,2.6972950278514833,9.751228857086376,-1.025176591276845,0.30100553019861465,0.3246191122986607,0.06484522460639586,-0.06153939151358476,-0.22514467534993574
16.102570195855293,2.7002041047256604,9.752806970979957,-1.0257919874631003,0.2987539785488814,0.3244674952591311,0.0648205061464829,-0.06153984558060847,-0.22516511756724922
16.11257019585529,2.7031153416872415,9.754377845815712,-1.0264073881853208,0.2965022393740907,0.3243139559046666,0.06479555782871856,-0.06154029870705459,-0.22518217612746777
16.122570195855292,2.7060287035456803,9.755941471552685,-1.0270227934341167,0.2942503461954964,0.32415851299792997,0.06477036865842246,-0.06154075089617332,-0.2251959075818367
16.13257019585529,2.7089441552138647,9.757497838356082,-1.027638203200131,0.2919983320246621,0.32400118511710596,0.06474492783211741,-0.0615412021512037,-0.22520636665617613
16.142570195855292,2.7118616617081215,9.759046936597272,-1.0282536174740389,0.289746229363458,0.3238419906559008,0.0647192247375293,-0.06154165247537364,-0.22521360625088088
16.15257019585529,2.714781188148212,9.760588756853785,-1.0288690362465474,0.2874940702040657,0.32368094782354273,0.06469324895358723,-0.06154210187189991,-0.22521767744092056
16.16257019585529,2.7177026997573344,9.762123289909312,-1.029484459508396,0.28524188602897477,0.3235180746447817,0.06466699025042344,-0.06154255034398814,-0.22521862947583945
16.172570195855293,2.720626161861495,9.763650526749409,-1.0300998872503562,0.28298970783953603,0.32335338896531196,0.06464043858065238,-0.06154299789483292,-0.22521650987637282
16.18257019585529,2.723551539894545,9.765170458557458,-1.0307153194632312,0.28073756611064343,0.3231869084470294,0.06461358409143185,-0.06154344452761779,-0.22521136427804925
16.19257019585529,2.7264787993982083,9.766683076723366,-1.0313307561378573,0.2784854907700928,0.3230186505608755,0.06458641713205163,-0.06154389024551502,-0.2252032363609845
16.20257019585529,2.7294079060144334,9.768188372830865,-1.0319461972651014,0.2762335113698512,0.32284863261397956,0.06455892820398157,-0.06154433505168606,-0.2251921684319789
16.212570195855292,2.732338825485177,9.769686338656959,-1.0325616428358624,0.2739816570915237,0.3226768717505864,0.064531107959252,-0.06154477894928153,-0.22517820144306602
16.22257019585529,2.7352715236524086,9.771176966171934,-1.03317709284107,0.2717299567463515,0.3225033849520559,0.06450294720045373,-0.061545221941441276,-0.22516137499151265
16.232570195855292,2.7382059664581075,9.772660247539353,-1.033792547271685,0.26947843877521177,0.32232818903686306,0.06447443688073806,-0.061545664031294335,-0.22514172731981882
16.242570195855293,2.7411421199442665,9.774136175116055,-1.0344080061186998,0.26722713124861835,0.3221513006605982,0.06444556810381674,-0.06154610522195894,-0.22511929531571784
16.25257019585529,2.7440799502528868,9.775604741452163,-1.0350234693731377,0.26497606186672196,0.32197273631596673,0.06441633212396206,-0.06154654551654252,-0.22509411451217623
16.26257019585529,2.74701942362527,9.777065939287434,-1.0356389370260537,0.26272525797978835,0.3217925123372493,0.06438672033953906,-0.06154698491814179,-0.22506621915952207
16.27257019585529,2.7499605064062,9.778519761544272,-1.0362544090685328,0.26047474657474035,0.3216106449004872,0.06435672429572144,-0.06154742342984284,-0.22503564218351343
16.282570195855293,2.7529031650467757,9.779966201340622,-1.0368698854916925,0.2582245542171215,0.32142715000856004,0.06432633570367409,-0.06154786105472068,-0.22500241497783036
16.292570195855294,2.7558473660951672,9.781405251976507,-1.0374853662866799,0.25597470720148024,0.32124204351854213,0.06429554639553337,-0.06154829779583986,-0.22496656792482425
16.30257019585529,2.758793076196139,9.782836906932928,-1.038100851444673,0.2537252315603453,0.32105534114346834,0.0642643483216612,-0.06154873365625445,-0.2249281304268089
16.31257019585529,2.7617402620910547,9.78426115987187,-1.03871634095688,0.251476153064223,0.3208670584523338,0.06423273355064506,-0.06154916863900807,-0.2248871309060605
16.322570195855292,2.764688890617869,9.785678004636289,-1.0393318348145393,0.24922749722160115,0.3206772108700945,0.064200694269298,-0.0615496027471339,-0.2248435968048175
16.332570195855293,2.7676389287111336,9.787087435250125,-1.039947333008919,0.2469792892789466,0.32048581367766654,0.06416822278265863,-0.06155003598365465,-0.2247975545852808
16.34257019585529,2.7705903434019965,9.7884894459183,-1.0405628355313186,0.2447315542207058,0.3202928820119267,0.0641353115139911,-0.061550468351582566,-0.22474902972961364
16.352570195855293,2.773543101818199,9.789884031026707,-1.0411783423730663,0.24248431676930476,0.3200984308657123,0.06410195300478515,-0.061550899853919476,-0.22469804673994156
16.36257019585529,2.7764971711827298,9.791271185134429,-1.041793853525521,0.2402376014165767,0.31990247509636294,0.06406813990419193,-0.06155133049365696,-0.22464462925446144
16.372570195855292,2.779452518821709,9.792650902973854,-1.0424093689800717,0.23799143237732281,0.31970502941578505,0.06403386498313168,-0.0615517602737761,-0.22458879988728356
16.38257019585529,2.7824091121624837,9.794023179459437,-1.043024888728138,0.23574583359260556,0.3195061083865076,0.06399912113527009,-0.06155218919724737,-0.22453058022845765
16.392570195855292,2.7853669187256895,9.795388009674857,-1.0436404127611687,0.23350082882304382,0.31930572644347605,0.06396390134737606,-0.06155261726703113,-0.22446999117722177
16.402570195855294,2.7883259061251984,9.7967453888729,-1.044255941070642,0.23125644164952205,0.3191038978942291,0.06392819869909143,-0.061553044486077645,-0.2244070529445659
16.41257019585529,2.7912860420681174,9.79809531247545,-1.044871473648065,0.2290126954731902,0.31890063691889897,0.06389200636293096,-0.06155347085732709,-0.22434178505323207
16.42257019585529,2.794247294354789,9.799437776073496,-1.045487010484974,0.22676961351546449,0.3186959575702112,0.06385531760428237,-0.06155389638370957,-0.22427420633771428
16.43257019585529,2.797209630878794,9.800772775427127,-1.046102551572935,0.22452721881802462,0.3184898737734845,0.06381812578140622,-0.06155432106814508,-0.22420433494425848
16.442570195855293,2.8001730196269476,9.802100306465537,-1.0467180969035426,0.2222855342428179,0.31828239932663116,0.0637804243454361,-0.06155474491354353,-0.22413218833086263
16.45257019585529,2.8031374286793,9.80342036528702,-1.0473336464684202,0.22004458247205655,0.3180735479001568,0.06374220684037847,-0.06155516792280474,-0.22405778326727674
16.462570195855292,2.806102826208848,9.80473294815817,-1.0479492002592214,0.21780438601096022,0.317863333038137,0.0637034669021135,-0.06155559009881848,-0.2239811358455776
16.47257019585529,2.8090691804801855,9.806038051498474,-1.048564758267627,0.21556496722801535,0.31765176817258994,0.06366419824353951,-0.061556011444464896,-0.22390226163923746
16.482570195855292,2.8120364598629792,9.807335671899336,-1.0491803204853485,0.21332634828024713,0.31743886659406967,0.06362439468260506,-0.06155643196261353,-0.22382117541502558
16.49257019585529,2.815004632820688,9.808625806116183,-1.049795886904126,0.21108855117764086,0.3172246414710259,0.06358405012053953,-0.06155685165612394,-0.223737891366872
16.50257019585529,2.817973667906732,9.809908451061839,-1.0504114575157282,0.20885159781113163,0.31700910585946074,0.06354315853182917,-0.06155727052784596,-0.22365242322194887
16.512570195855293,2.820943533764492,9.811183603806542,-1.0510270323119517,0.20661550995260505,0.3167922727029287,0.06350171396421696,-0.061557688580619725,-0.2235647842406704
16.522570195855295,2.8239141991273087,9.81245126157793,-1.051642611284621,0.20438030925489728,0.3165741548325366,0.06345971053870275,-0.06155810581727568,-0.22347498721669276
16.53257019585529,2.8268856328184846,9.813711421761043,-1.0522581944255887,0.2021460172517957,0.31635476496694376,0.06341714244954318,-0.06155852224063456,-0.22338304447691432
16.54257019585529,2.829857803751284,9.81496408189833,-1.0528737817267353,0.19991265535803615,0.31613411571236183,0.06337400396425164,-0.0615589378535074,-0.22328896788147537
16.552570195855292,2.8328306809289296,9.816209239689643,-1.05348937317997,0.19768024486930705,0.31591221956255494,0.06333028942359838,-0.06155935265869555,-0.22319276882375838
16.562570195855294,2.835804233444606,9.817446892992239,-1.0541049687772293,0.19544880696224665,0.31568908889883956,0.06328599324161044,-0.06155976665899063,-0.2230944582303878
16.572570195855292,2.8387784304814576,9.818677039820775,-1.054720568510478,0.19321836269444378,0.31546473599008457,0.06324110990557166,-0.06156017985717459,-0.22299404656123017
16.58257019585529,2.841753241311426,9.81989967834482,-1.0553361723717083,0.19098893300813985,0.31523917299568194,0.06319563397405496,-0.06156059225601977,-0.222891543826741
16.59257019585529,2.8447286352928223,9.821114806869273,-1.0559517803529395,0.1887605387645957,0.3150124119834979,0.06314956006212175,-0.0615610038582896,-0.22278695973604581
16.602570195855293,2.8477045818919535,9.822322423865648,-1.0565673924462202,0.18653320071439747,0.3147844648877852,0.06310288286387178,-0.06156141466673676,-0.22268030352799092
16.61257019585529,2.850681050665689,9.823522527956595,-1.057183008643628,0.18430693952359922,0.31455534353652537,0.0630555971364366,-0.061561824684104344,-0.22257158409700917
16.622570195855292,2.8536580112576004,9.824715117910118,-1.0577986289372665,0.18208177578206275,0.31432505965928637,0.0630076976951376,-0.061562233913126194,-0.22246081003345206
16.632570195855294,2.8566354333979556,9.825900192639589,-1.0584142533192666,0.17985773000345753,0.31409362488722253,0.06295917941348592,-0.061562642356526864,-0.22234798962358965
16.642570195855292,2.8596132869037225,9.827077751203722,-1.0590298817817856,0.1776348226252615,0.31386105075307497,0.06291003722318256,-0.06156305001702167,-0.2222331308496106
16.65257019585529,2.8625915416785714,9.8282477928066,-1.059645514317008,0.17541307400875822,0.3136273486911709,0.06286026611411831,-0.06156345689731665,-0.22211624138962213
16.66257019585529,2.865570167712869,9.829410316797654,-1.060261150917145,0.17319250443904097,0.3133925300374245,0.06280986113437378,-0.06156386300010857,-0.22199732861765012
16.672570195855293,2.8685491350836814,9.830565322671678,-1.0608767915744342,0.17097313412501014,0.3131566060293362,0.06275881739021942,-0.06156426832808494,-0.221876399603639
16.68257019585529,2.871528413954776,9.831712810068817,-1.06149243628114,0.1687549831993738,0.31291958780599294,0.06270713004611544,-0.061564672883924004,-0.2217534611134518
16.69257019585529,2.8745079745766167,9.832852778774575,-1.0621080850295541,0.16653807171864843,0.31268148640806837,0.06265479432471195,-0.061565076670294754,-0.22162851960887017
16.70257019585529,2.8774877872863707,9.833985228719813,-1.0627237378119951,0.16432241966315617,0.31244231277782225,0.06260180550684877,-0.061565479689856886,-0.22150158124759428
16.712570195855292,2.880467822507902,9.83511015998075,-1.0633393946208074,0.1621080469370289,0.31220207775910125,0.06254815893155559,-0.06156588194526086,-0.22137265188324298
16.72257019585529,2.8834480507519853,9.83622757277812,-1.0639550554483632,0.15989497337019895,0.31196079209787514,0.0624938499953953,-0.06156628343914788,-0.2212417370729061
16.732570195855292,2.8864284426252302,9.837337467451851,-1.0645707202870598,0.15768321879484498,0.311718466457354,0.06243887412933736,-0.06156668417415022,-0.221108842356057
16.742570195855293,2.8894089688261673,9.83843984448564,-1.0651863891293223,0.15547280301367633,0.3114751114022197,0.062383226811952366,-0.06156708415289064,-0.22097397311833847
16.75257019585529,2.8923896001369367,9.83953470450718,-1.0658020619676019,0.15326374576345758,0.3112307374030531,0.06232690357611365,-0.06156748337798282,-0.22083713447888617
16.76257019585529,2.895370307424393,9.84062204827864,-1.0664177387943758,0.15105606673100577,0.3109853548430779,0.06226990000281556,-0.06156788185203153,-0.22069833135549982
16.77257019585529,2.8983510616400965,9.841701876696654,-1.0670334196021467,0.1488497855531944,0.31073897401816064,0.06221221172117354,-0.061568279577632674,-0.22055756846464358
16.782570195855293,2.9013318338203202,9.842774190792328,-1.067649104383443,0.14664492181695077,0.3104916051368106,0.062153834408424036,-0.06156867655737329,-0.22041485032144575
16.792570195855294,2.9043125950860476,9.843838991731243,-1.068264793130819,0.14444149505925669,0.3102432583201799,0.06209476378992458,-0.06156907279383154,-0.220270181239699
16.80257019585529,2.9072933166429706,9.844896280813439,-1.0688804858368532,0.142239524767149,0.3099939436020635,0.06203499563915375,-0.06156946828957669,-0.2201235653318602
16.81257019585529,2.910273969781494,9.845946059473436,-1.0694961824941525,0.1400390303777171,0.30974367092889893,0.061974525777711134,-0.06156986304716917,-0.21997500650905039
16.822570195855292,2.913254525876731,9.846988329280217,-1.0701118830953469,0.1378400312781068,0.3094924501597668,0.061913350075317404,-0.061570257069160486,-0.21982450848105506
16.832570195855293,2.9162349563885055,9.848023091937241,-1.0707275876330933,0.13564254680551774,0.3092402910663902,0.06185146444981428,-0.06157065035809331,-0.21967207475632383
16.83489663841638,2.9169283153829975,9.848262747315522,-1.0708708283209167,0.1351315338971969,0.3091814941963828,0.06183696489157949,-0.06157074174966636,-0.2196363347352865
16.844896638416383,2.9199085084309324,9.849288139096041,-1.0714862145219348,0.13293769570960418,0.30893082031982394,0.061774884924598004,-0.06157052536677437,-0.21946468947053493
16.854896638416385,2.922888613056059,9.85030618669234,-1.0721019217335441,0.13074401698871968,0.3086848184037715,0.06171553355211443,-0.061570916546182484,-0.21926626720258496
16.86489663841638,2.9258686013121578,9.851316803677566,-1.072717632844694,0.12855246529835623,0.30844335052244526,0.06165814206173045,-0.061571305276275294,-0.21903939217046964
16.87489663841638,2.92884849511083,9.852320027092775,-1.0733333478309337,0.12636332029613848,0.308206398490196,0.06160264741158542,-0.0615716915655287,-0.21878506637667683
16.884896638416382,2.9318283162197805,9.853315893923627,-1.0739490666678968,0.12417685188182563,0.3079739436114894,0.06154898905994526,-0.061572075422389336,-0.21850425806452553
16.894896638416384,2.934808086265517,9.854304441099405,-1.0745647893313015,0.12199332035592453,0.3077459666953768,0.06149710891337265,-0.06157245685527466,-0.21819790215737336
16.904896638416382,2.93778782673661,9.855285705496952,-1.0751805157969503,0.11981297635500979,0.3075224480519553,0.061446951326561035,-0.061572835872572916,-0.21786689989854957
16.914896638416383,2.9407675589859483,9.85625972392645,-1.0757962460407289,0.11763606171410386,0.30730336756858356,0.0613984628729461,-0.0615732124826434,-0.21751212157918254
16.92489663841638,2.943747304234496,9.857226533122459,-1.076411980038607,0.11546281009211283,0.30708870476490446,0.06135159217068765,-0.06157358669381667,-0.21713440848617335
16.934896638416383,2.9467270835713077,9.858186169743906,-1.0770277177666367,0.11329344697325072,0.30687843879297083,0.061306289882254374,-0.061573958514394504,-0.21673457290652348
16.94489663841638,2.9497069179555093,9.859138670373328,-1.0776434592009536,0.11112818981590233,0.3066725484492273,0.061262508669444646,-0.06157432795265002,-0.21631339861148763
16.954896638416383,2.952686828219042,9.860084071521596,-1.0782592043177759,0.1089672479843915,0.3064710121677664,0.061220203198048134,-0.06157469501682762,-0.21587164061660727
16.964896638416384,2.955666835068294,9.86102240961816,-1.078874953093404,0.10681082336251667,0.30627380807331156,0.06117932997624563,-0.06157505971514323,-0.21541002715885377
16.974896638416382,2.9586469590881412,9.861953721001866,-1.07949070550422,0.10465911104578333,0.3060809140393379,0.06113984716586469,-0.06157542205578449,-0.21492926195026088
16.98489663841638,2.961627220741998,9.862878041920895,-1.0801064615266882,0.10251229934746584,0.30589230768857434,0.06110171458067853,-0.06157578204691085,-0.21443002419769308
16.99489663841638,2.9646076403725536,9.863795408532534,-1.0807222211373537,0.10037056986197866,0.3057079663976544,0.06106489366822343,-0.061576139696653515,-0.2139129688261972
17.004896638416383,2.967588238205277,9.864705856906735,-1.0813379843128434,0.09823409755784025,0.30552786730097303,0.06102934747408208,-0.06157649501311556,-0.21337872687759368
17.01489663841638,2.9705690343479927,9.865609423024113,-1.0819537510298651,0.09610305088625254,0.30535198730092594,0.06099504061403721,-0.06157684800437195,-0.21282790583925412
17.024896638416383,2.9735500487958144,9.866506142764875,-1.0825695212652071,0.09397759265911906,0.30518030313906847,0.06096193903971208,-0.06157719867846987,-0.21226109257830375
17.03489663841638,2.976531301431667,9.867396051908147,-1.0831852949957377,0.09185788011783272,0.30501279140151477,0.060930010019792626,-0.061577547043428806,-0.21167885357568994
17.044896638416382,2.9795128120263037,9.868279186131968,-1.0838010721984053,0.08974406493430541,0.30484942851901087,0.06089922213974594,-0.06157789310724052,-0.2110817349298949
17.05489663841638,2.9824946002409325,9.869155581014397,-1.0844168528502383,0.08763629338893503,0.30469019077764675,0.06086954525048309,-0.06157823687786915,-0.21047026305205874
17.064896638416382,2.9854766856271313,9.870025272038719,-1.0850326369283447,0.08553470619178306,0.3045350543023433,0.06084095051060773,-0.06157857836325116,-0.2098449441360592
17.074896638416384,2.988459087629924,9.870888294583985,-1.085648424409912,0.08343943916690377,0.30438399511242936,0.06081341020848368,-0.06157891757129563,-0.20920626642946377
17.084896638416385,2.991441825590352,9.871744683921753,-1.0862642152722062,0.08135062360319105,0.30423698914825836,0.060786897668857004,-0.061579254509884454,-0.20855470144831129
17.09489663841638,2.9944249187454712,9.87259447521608,-1.0868800094925715,0.07926838625437906,0.3040940122712081,0.06076138725285595,-0.06157958918687232,-0.20789070397711204
17.10489663841638,2.9974083862286784,9.873437703523575,-1.087495807048431,0.07719284936717045,0.3039550402654253,0.06073685435039985,-0.06157992161008676,-0.207214712176233
17.114896638416383,3.0003922470724143,9.874274403797463,-1.0881116079172863,0.07512413080747185,0.3038200488415886,0.060713275342785825,-0.06158025178732825,-0.20652714818408527
17.124896638416384,3.0033765202067073,9.875104610888657,-1.0887274120767165,0.07306234395184263,0.30368901362950695,0.06069062763058828,-0.0615805797263701,-0.20582841773258836
17.134896638416382,3.006361224463928,9.875928359538209,-1.0893432195043788,0.07100759840327038,0.3035619102325957,0.06066888944794707,-0.061580905434958894,-0.2051189125914264
17.14489663841638,3.0093463785797465,9.876745684376635,-1.0899590301780069,0.06896000010259586,0.3034387142357577,0.06064803983324491,-0.06158122892081457,-0.2043990109653168
17.154896638416382,3.01233200119314,9.877556619923922,-1.090574844075412,0.06691965132851041,0.30331940120538287,0.06062805862910738,-0.061581550191630405,-0.20366907749400937
17.164896638416383,3.015318110846931,9.878361200589886,-1.0911906611744817,0.06488665074036838,0.3032039466916285,0.060608926471105044,-0.06158186925507307,-0.20292946342328985
17.17489663841638,3.018304725989715,9.87915946067974,-1.0918064814531805,0.06286109344114278,0.3030923262263027,0.060590624768801116,-0.0615821861187827,-0.20218050701588056
17.184896638416383,3.0212918649745375,9.879951434392826,-1.0924223048895498,0.06084307095025761,0.30298451532328285,0.060573135713094625,-0.06158250079037284,-0.20142253340177646
17.194896638416385,3.0242795460637195,9.88073715581786,-1.0930381314617064,0.05883267179757193,0.30288048952135,0.06055644212372086,-0.06158281327743088,-0.20065585663554594
17.20489663841638,3.027267787429392,9.881516658932778,-1.0936539611478422,0.0568299815774283,0.30278022438773167,0.06054052743524963,-0.06158312358751808,-0.19988077989332445
17.21489663841638,3.030256607153499,9.882289977604753,-1.0942697939262256,0.054835082948650325,0.30268369551810137,0.060525375697085264,-0.06158343172816961,-0.19909759547281347
17.224896638416382,3.033246023228224,9.88305714559062,-1.0948856297751994,0.05284805566625285,0.3025908785380526,0.06051097156534924,-0.06158373770689457,-0.19830658492238623
17.234896638416384,3.0362360535575657,9.883818196542821,-1.0955014686731814,0.0508689766415358,0.3025017491003267,0.060497300286673515,-0.06158404153117608,-0.1975080194402469
17.24489663841638,3.039226715955698,9.884573164008362,-1.0961173105986657,0.04889791987510193,0.30241628288251393,0.060484347715100265,-0.06158434320847117,-0.19670215959176934
17.254896638416383,3.0422180281518187,9.88532208142545,-1.096733155530219,0.04693495697272389,0.3023344556228636,0.06047210018142806,-0.061584642746211254,-0.19588925709286906
17.26489663841638,3.0452100077907773,9.886064982123541,-1.097349003446483,0.04498015720173152,0.3022562431237309,0.060460544478882466,-0.061584940151802194,-0.19506955501719103
17.274896638416383,3.04820267243308,9.88680189932333,-1.097964854326173,0.04303358749100949,0.30218162125157694,0.060449667863115994,-0.061585235432624265,-0.1942432877961089
17.28489663841638,3.0511960395550197,9.887532866136914,-1.0985807081480778,0.04109531244063629,0.3021105659373802,0.06043945804981821,-0.06158552859603221,-0.19341068125755048
17.294896638416382,3.054190126550301,9.888257915573151,-1.0991965648910598,0.03916539440793047,0.30204305317606994,0.060429903193636,-0.06158581964935539,-0.19257195308193623
17.304896638416384,3.057184950727722,9.888977080538735,-1.0998124245340548,0.037243893360778976,0.3019790590170178,0.06042099192458573,-0.06158610859989753,-0.19172731230413884
17.314896638416382,3.0601805293156943,9.88969039383507,-1.1004282870560722,0.035330867308720953,0.30191855959397607,0.06041271324021026,-0.06158639545493725,-0.19087696076500926
17.32489663841638,3.063176879463546,9.890397888158553,-1.1010441524361931,0.03342637240709753,0.3018615311311007,0.06040505647963118,-0.06158668022172814,-0.19002109349142096
17.33489663841638,3.0661740182415143,9.89109959610058,-1.1016600206535707,0.03153046295705532,0.3018079499429513,0.06039801132354874,-0.061586962907498786,-0.18915989869627134
17.344896638416383,3.069171962640751,9.891795550147538,-1.102275891687431,0.02964319140554407,0.301757792434491,0.06039156779424188,-0.06158724351945274,-0.18829355777848086
17.35489663841638,3.07217072957441,9.892485782683881,-1.102891765517071,0.02776460840735451,0.3017110351015148,0.060385716241063425,-0.06158752206476868,-0.18742224561513748
17.364896638416383,3.0751703358762104,9.89317032599722,-1.1035076421218606,0.025894762726525612,0.3016676545197188,0.06038044736572246,-0.061587798550600294,-0.1865461303424818
17.37489663841638,3.0781707983024282,9.893849212274276,-1.104123521481241,0.024033701441521133,0.30162762736173887,0.060375752170723294,-0.06158807298407648,-0.18566537396761118
17.384896638416382,3.081172133534984,9.894522473601775,-1.1047394035747247,0.022181470163517583,0.30159093040922985,0.06037162190595275,-0.06158834537230165,-0.18478013315098646
17.39489663841638,3.0841743581814414,9.895190141966468,-1.105355288381894,0.02033811303685357,0.3015575405528843,0.06036804806857249,-0.06158861572235578,-0.1838905592081713
17.404896638416382,3.0871774887750125,9.895852249255116,-1.1059711758824022,0.01850367273902749,0.3015274347924322,0.06036502240301898,-0.061588884041294346,-0.18299679810983127
17.414896638416383,3.090181541774869,9.896508827255296,-1.1065870660559731,0.016678190497472465,0.3015005902367812,0.060362536897221965,-0.06158915033614843,-0.18209899055604695
17.42489663841638,3.0931865335663598,9.897159907662253,-1.1072029588824008,0.014861706095619806,0.301476984097357,0.060360583783553086,-0.061589414613924746,-0.1811972721458309
17.43489663841638,3.0961924804597785,9.897805522076423,-1.1078188543415506,0.013054257843834087,0.30145659368957556,0.06035915554475583,-0.061589676881605576,-0.18029177322174847
17.44489663841638,3.0991993986948305,9.89844570200367,-1.1084347524133558,0.011255882863529462,0.3014393964492248,0.0603582448450351,-0.06158993714614922,-0.17938261983923506
17.454896638416383,3.102207304441103,9.899080478855726,-1.1090506530778201,0.009466617114381485,0.301425369933588,0.06035784452361164,-0.06159019541449005,-0.17846993386846444
17.464896638416384,3.105216213798065,9.899709883950184,-1.1096665563150154,0.007686495394327669,0.3014144918214442,0.06035794759472195,-0.061590451693538474,-0.17755383299434885
17.474896638416382,3.1082261427950764,9.90033394851053,-1.1102824621050833,0.005915551340013625,0.30140673991307226,0.06035854724752027,-0.061590705990181,-0.17663443071840168
17.48489663841638,3.1112371073920433,9.900952703670718,-1.1108983704282336,0.004153817457802073,0.30140209212730923,0.060359636840684586,-0.06159095831128033,-0.1757118365486322
17.49489663841638,3.1142491234774354,9.901566180477504,-1.1115142812647458,0.0024013250436796516,0.30140052649510973,0.060361209922532785,-0.061591208663675234,-0.17478615577645226
17.504896638416383,3.1172622068716245,9.902174409888337,-1.112130194594967,0.0006581043798381484,0.3014020211730467,0.06036326018272264,-0.06159145705418087,-0.17385749008703624
17.51489663841638,3.1202763733285943,9.902777422772788,-1.1127461103993128,-0.0010758151775220352,0.30140655444677616,0.06036578143179743,-0.06159170348958898,-0.17292593787743799
17.524896638416383,3.12329163853594,9.903375249912544,-1.1133620286582653,-0.002800405198191358,0.3014141047310373,0.060368767601186,-0.06159194797666787,-0.17199159425659094
17.53489663841638,3.126308018114867,9.903967922001414,-1.1139779493523745,-0.004515638177950594,0.30142465056965245,0.060372212743202695,-0.06159219052216248,-0.17105455104530853
17.544896638416382,3.1293255276204235,9.904555469647473,-1.1145938724622588,-0.006221487528486579,0.30143817063388784,0.060376111029749,-0.06159243113279433,-0.17011489684463119
17.55489663841638,3.132344182540391,9.90513792337836,-1.1152097979686029,-0.007917927613623879,0.30145464371542946,0.06038045676354786,-0.06159266981526165,-0.16917271700440178
17.564896638416382,3.1353639982968993,9.905715313638101,-1.1158257258521587,-0.009604933656183114,0.301474048734996,0.0603852443541653,-0.06159290657623944,-0.16822809387164134
17.574896638416384,3.138384990248835,9.906287670788988,-1.116441656093745,-0.01128248162963651,0.30149636474625335,0.06039046829316252,-0.06159314142237975,-0.16728110717353012
17.58489663841638,3.141407173691878,9.906855025111648,-1.1170575886742462,-0.012950548256612916,0.30152157093581333,0.06039612315378093,-0.06159337436031171,-0.1663318340235801
17.59489663841638,3.144430563858495,9.90741740680506,-1.1176735235746127,-0.014609111008897275,0.30154964662323364,0.06040220359094211,-0.061593605396641486,-0.16538034892163514
17.60489663841638,3.1474551759185654,9.907974845988775,-1.118289460775862,-0.016258148080197155,0.30158057126021837,0.060408704336001935,-0.06159383453795246,-0.1644267238725659
17.614896638416383,3.15048102497721,9.908527372706684,-1.1189054002590764,-0.017897638461311306,0.3016143244231634,0.060415620216581825,-0.06159406179080507,-0.16347102820144926
17.62489663841638,3.1535081260766042,9.90907501692575,-1.1195213420054044,-0.019527561856798988,0.301650885818962,0.060422946136065,-0.061594287161736996,-0.16251332879923658
17.634896638416382,3.156536494198748,9.909617808537524,-1.1201372859960599,-0.02114789857056077,0.3016902352894604,0.06043067704727704,-0.06159451065726345,-0.16155369050771834
17.644896638416384,3.1595661442654763,9.91015577735815,-1.1207532322123208,-0.022758629505491727,0.30173235281146543,0.060438807952409065,-0.061594732283877233,-0.16059217612076926
17.654896638416382,3.1625970911384558,9.910688953128364,-1.1213691806355297,-0.02435973616348098,0.30177721849674477,0.060447333903017736,-0.061594952048048705,-0.15962884638434854
17.66489663841638,3.1656293496193335,9.91121736551381,-1.1219851312470952,-0.025951200640405916,0.3018248125919531,0.060456249999026906,-0.0615951699562258,-0.15866376001605828
17.67489663841638,3.1686629344499435,9.91174104411074,-1.1226010840284886,-0.027533005616835044,0.30187511547324564,0.06046555138991151,-0.06159538601483422,-0.15769697380830772
17.684896638416383,3.1716978603091177,9.91226001844517,-1.1232170389612468,-0.02910513445815067,0.3019281076425686,0.060475233297742716,-0.06159560023027711,-0.15672854230577243
17.694896638416385,3.174734141817476,9.912774317973648,-1.1238329960269708,-0.030667571036896074,0.30198376973575086,0.060485290975669626,-0.06159581260893555,-0.15575851836566648
17.70489663841638,3.1777717935384544,9.913283972084189,-1.1244489552073245,-0.03222029969602372,0.3020420825233454,0.06049571969979927,-0.06159602315716872,-0.15478695328387934
17.71489663841638,3.180810829978308,9.91378901009627,-1.1250649164840347,-0.03376330524889716,0.30210302691062946,0.06050651476919663,-0.06159623188131392,-0.1538138967949747
17.724896638416382,3.183851265586107,9.914289461260843,-1.1256808798388924,-0.03529657297928818,0.3021665839376041,0.060517671505884586,-0.061596438787686496,-0.15283939707219224
17.734896638416384,3.1868931147537616,9.91478535476037,-1.1262968452537507,-0.03682008864070317,0.30223273477897367,0.06052918525471545,-0.06159664388257993,-0.1518635007300591
17.74489663841638,3.1899363918167007,9.915276719714393,-1.1269128127105261,-0.038333838438568774,0.30230146073898,0.060541051382696144,-0.061596847172266045,-0.1508862529437699
17.754896638416383,3.1929811110497504,9.915763585180317,-1.1275287821911981,-0.03983780914928888,0.30237274324544317,0.06055326530741318,-0.0615970486629946,-0.14990769709632726
17.76489663841638,3.1960272866712143,9.916245980152224,-1.1281447536778089,-0.0413319879809454,0.3024465638576643,0.06056582246344813,-0.06159724836099373,-0.14892787518601922
17.774896638416383,3.199074932845023,9.916723933562922,-1.1287607271524627,-0.042816362506822477,0.3025229042672596,0.06057871828803426,-0.0615974462724702,-0.1479468280520533
17.78489663841638,3.2021240636807273,9.917197474283942,-1.1293767025973247,-0.044290920665403785,0.3026017462981606,0.06059194822105649,-0.061597642403609466,-0.1469645953745585
17.794896638416382,3.2051746932335043,9.91766663112554,-1.1299926799946223,-0.045755650760374356,0.30268307190661414,0.06060550770505145,-0.061597836760575606,-0.1459812156745839
17.804896638416384,3.208226835504154,9.9181314328367,-1.130608659326644,-0.04721054146062012,0.3027668631811821,0.06061939218520741,-0.06159802934951138,-0.14499672631409916
17.814896638416382,3.21128050443928,9.91859190810571,-1.1312246405757398,-0.048655581795992886,0.3028531023422536,0.06063359710875517,-0.061598220176538224,-0.14401116351485532
17.82489663841638,3.2143357139309345,9.919048085568107,-1.1318406237243206,-0.050090761175002316,0.3029417717323423,0.06064811793436573,-0.061598409247756565,-0.14302456239094985
17.83489663841638,3.217392477812796,9.919499993802825,-1.1324566087548602,-0.05151606947392853,0.30303285381722506,0.06066295015042105,-0.061598596569245205,-0.14203695664048688
17.844896638416383,3.220450809865689,9.919947661333625,-1.133072595649892,-0.05293149687803235,0.30312633119104865,0.060678089238640126,-0.06159878214706203,-0.14104837903275752
17.85489663841638,3.2235107238185994,9.920391116630395,-1.1336885843920095,-0.05433703385503754,0.303222186575926,0.060693530668724835,-0.06159896598724415,-0.14005886150132307
17.864896638416383,3.2265722333486675,9.920830388109167,-1.134304574963866,-0.05573267115513043,0.3033204028219356,0.060709269898359924,-0.06159914809580796,-0.13906843514401526
17.87489663841638,3.229635352081189,9.921265504132101,-1.134920567348175,-0.05711839981095945,0.30342096290712206,0.06072530237321301,-0.06159932847874905,-0.13807713022293652
17.884896638416382,3.23270009358962,9.921696493007497,-1.1355365615277102,-0.058494211137636865,0.3035238499374957,0.060741623526934616,-0.06159950714204229,-0.1370849761644589
17.89489663841638,3.235766471395559,9.92212338298988,-1.1361525574853042,-0.05986009673322398,0.30362904714689887,0.06075822878133764,-0.06159968409164178,-0.13609200155876405
17.904896638416382,3.238834498967045,9.922546202287666,-1.1367685552038502,-0.061216048532971565,0.30373653788568045,0.06077511356439859,-0.061599859333480986,-0.13509823407883553
17.914896638416383,3.2419041897181877,9.922964979062062,-1.1373845546663004,-0.06256205880058179,0.30384630562309695,0.0607922733071945,-0.061600032873472696,-0.134103700490065
17.924896638416385,3.2449755570126997,9.923379741424455,-1.1380005558556663,-0.06389812003376531,0.3039583339539188,0.06080970342001658,-0.061600204717509315,-0.13310842690272495
17.93489663841638,3.248048614164129,9.923790517439008,-1.1386165587550172,-0.06522422496481628,0.30407260659510693,0.0608273992943523,-0.06160037487146298,-0.13211243879805254
17.94489663841638,3.251123374435861,9.924197335122653,-1.1392325633474818,-0.06654036656061389,0.3041891073858132,0.06084535630288541,-0.06160054334118556,-0.13111576102824846
17.954896638416383,3.254199851041115,9.924600222445097,-1.1398485696162466,-0.06784653802262003,0.30430782028737974,0.060863569799495906,-0.06160071013250869,-0.13011841781647862
17.95722308097747,3.254915823152444,9.924693391296916,-1.139991880174967,-0.06814898104981904,0.30433575364200194,0.060867843343700614,-0.06160074869551722,-0.12988629876385868
17.967223080977472,3.25799435043997,9.925091423515033,-1.1406075635576274,-0.069440862172407,0.3044542447473691,0.060884742566926255,-0.061600306713645275,-0.12888481900146148
17.977223080977474,3.2610746369978347,9.925485619187322,-1.1412235674599227,-0.07072471912317706,0.3045693951515555,0.06090082070757107,-0.06160047366481133,-0.12788644431510643
17.987223080977472,3.26415656759919,9.92587594704877,-1.1418395730293123,-0.07199858918416398,0.3046811320919399,0.06091535150697032,-0.06160064013273298,-0.12688741947954618
17.99722308097747,3.267240098518789,9.926262421358361,-1.142455580260972,-0.07326246468830508,0.30478948773324394,0.06092833137517393,-0.06160080611908292,-0.1258875208894477
18.00722308097747,3.2703251864031815,9.92664505652832,-1.1430715891500944,-0.07451633582035058,0.3048944941869746,0.06093975635364201,-0.061600971625528064,-0.12488652825038832
18.017223080977473,3.2734117882707237,9.927023867124113,-1.143687599691889,-0.07576019061686505,0.3049961835114247,0.06094962211524486,-0.061601136653729585,-0.12388422457885444
18.027223080977475,3.276499861511574,9.92739886786444,-1.1443036118815808,-0.07699401496622715,0.3050945877116723,0.060957923964262944,-0.06160130120534292,-0.12288039620224195
18.037223080977473,3.279589363887669,9.92777007362123,-1.144919625714413,-0.07821779260895537,0.30518973873955996,0.060964656836454814,-0.06160146528201775,-0.12187483275656347
18.04722308097747,3.2826802535271815,9.928137499413191,-1.1455356411856434,-0.07943150520010427,0.3052816684906261,0.06096981530963929,-0.06160162888539808,-0.1208673265976553
18.057223080977472,3.2857724889313498,9.928501160402906,-1.1461516582905482,-0.08063513220454903,0.30537040881241495,0.06097339357674524,-0.061601792017122126,-0.1198576732451579
18.067223080977474,3.288866028968948,9.92886107190189,-1.1467676770244188,-0.08182865104087043,0.3054559914911141,0.060975385484071276,-0.061601954678822436,-0.1188456709212293
18.077223080977472,3.2919608328694316,9.92921724936861,-1.1473836973825633,-0.08301203718880841,0.30553844824368864,0.060975784555760984,-0.06160211687212595,-0.11783111992834537
18.087223080977473,3.295056860222933,9.929569708408488,-1.1479997193603058,-0.08418526418926177,0.30561781071788124,0.06097458399380294,-0.06160227859865403,-0.11681382264930028
18.097223080977475,3.2981540709802633,9.92991846477389,-1.1486157429529862,-0.0853483036442881,0.305694110492212,0.06097177667803071,-0.06160243986002243,-0.11579358354720636
18.107223080977473,3.3012524254529123,9.930263534364133,-1.1492317681559612,-0.08650112521710346,0.3057673790759785,0.06096735516612286,-0.061602600657841323,-0.11477020916549449
18.11722308097747,3.3043518843128465,9.930604933225416,-1.1498477949646033,-0.08764369663372876,0.3058376479091371,0.06096131169398544,-0.061602760993715276,-0.11374350811127501
18.127223080977473,3.3074524085856822,9.930942677545017,-1.1504638233743008,-0.08877598372236531,0.3059049483598989,0.06095363818329414,-0.06160292086924336,-0.11271329041820231
18.137223080977474,3.31055395966214,9.931276783649267,-1.1510798533804585,-0.08989795030389652,0.3059693117329395,0.060944326213218075,-0.06160308028601901,-0.11167936828187369
18.147223080977472,3.31365649928833,9.93160726800735,-1.1516958849784968,-0.09100955832515177,0.3060307692579958,0.0609333670555399,-0.061603239245630104,-0.11064155538372861
18.15722308097747,3.316759989559483,9.931934147230569,-1.1523119181638521,-0.09211076791921667,0.3060893520852128,0.06092075168952054,-0.0616033977496591,-0.10959966641153915
18.16722308097747,3.3198643929199543,9.932257438072359,-1.152927952931977,-0.09320153740543431,0.3061450912851439,0.06090647080189913,-0.061603555799683025,-0.10855351705940873
18.177223080977473,3.3229696721632163,9.932577157428268,-1.1535439892783383,-0.09428182328940338,0.3061980178487507,0.06089051478689304,-0.06160371339727347,-0.10750292402777398
18.18722308097747,3.326075790431866,9.932893322335975,-1.1541600271984198,-0.09535158026297937,0.3062481626874033,0.0608728737461979,-0.061603870543996575,-0.1064477050234035
18.197223080977473,3.329182711217621,9.933205949975276,-1.154776066687721,-0.09641076120427433,0.3062955566328798,0.06085353748898757,-0.061604027241413055,-0.10538767875939821
18.207223080977474,3.332290398357311,9.933515057666495,-1.1553921077417557,-0.09745931717872246,0.3063402304370933,0.060832495532733594,-0.06160418349107825,-0.10432266463204329
18.217223080977472,3.3353988160335106,9.93382066286292,-1.1560081503560544,-0.09849719739019266,0.3063822147754119,0.060809737089593606,-0.06160433929454208,-0.10325248252305688
18.22722308097747,3.3385079287828243,9.934122783155397,-1.1566241945261635,-0.09952434920488978,0.3064215402444886,0.06078525107167256,-0.06160449465334898,-0.10217695344457012
18.237223080977472,3.341617701479501,9.934421436273748,-1.1572402402476438,-0.1005407182160725,0.3064582373565032,0.06075902611091746,-0.061604649569038106,-0.1010958984345347
18.247223080977474,3.3447280993347923,9.93471664008671,-1.1578562875160723,-0.10154624824556521,0.3064923365390191,0.06073105055961716,-0.06160480404314334,-0.10000913851020365
18.257223080977475,3.347839087896952,9.935008412601935,-1.1584723363270404,-0.1025408813437578,0.30652386813498345,0.060701312490402365,-0.06160495807719329,-0.09891649466813154
18.26722308097747,3.3509506330512346,9.935296771965978,-1.159088386676155,-0.1035245577896053,0.30655286240272706,0.060669799696245634,-0.06160511167271128,-0.0978177878841749
18.27722308097747,3.354062701019901,9.935581736464314,-1.1597044385590385,-0.10449721609062902,0.3065793495159644,0.06063649969046137,-0.06160526483121538,-0.09671283911349085
18.287223080977473,3.3571752583622105,9.935863324521325,-1.160320491971328,-0.10545879298291484,0.30660335956379353,0.06060139970670587,-0.06160541755421838,-0.09560146929053909
18.297223080977474,3.360288271970013,9.93614155469972,-1.160936546908676,-0.1064092234017433,0.30662492255208906,0.060564486693867416,-0.061605569843227855,-0.09448349896669288
18.307223080977472,3.363401709067443,9.936416445693256,-1.1615526033667503,-0.10734844040731363,0.3066440684071747,0.06052574729869415,-0.061605721699746166,-0.09335874796807375
18.317223080977474,3.366515537224542,9.936688016328596,-1.1621686613412332,-0.10827637528910869,0.30666082696969926,0.06048516788526584,-0.06160587312527029,-0.09222703646272545
18.327223080977472,3.3696297243369444,9.936956285570337,-1.162784720827823,-0.10919295751661365,0.3066752279960604,0.060442734532012474,-0.0616060241212921,-0.09108818359830155
18.337223080977473,3.3727442386247883,9.937221272521125,-1.163400781822232,-0.11009811473463182,0.3066873011586057,0.06039843303106627,-0.06160617468929835,-0.0899420074220214
18.34722308097747,3.3758590486327065,9.937482996421643,-1.1640168443201875,-0.11099177276328291,0.3066970760456332,0.06035224888826176,-0.061606324830770685,-0.08878832488067215
18.357223080977473,3.3789741232298316,9.937741476650617,-1.1646329083174314,-0.11187385559800421,0.30670458216139085,0.06030416732313571,-0.06160647454718569,-0.0876269518206074
18.367223080977475,3.382089431609795,9.937996732724809,-1.1652489738097203,-0.11274428540955031,0.30670984892607717,0.06025417326892718,-0.06160662384001479,-0.08645770298774752
18.377223080977473,3.3852049432907263,9.938248784299029,-1.1658650407928253,-0.1136029825439928,0.30671290567584086,0.06020225137257748,-0.061606772710724365,-0.08528039202758009
18.38722308097747,3.388320628115257,9.938497651166124,-1.166481109262533,-0.11444986552272136,0.3067137816627807,0.06014838599473016,-0.061606921160775645,-0.0840948314851583
18.397223080977472,3.391436456241832,9.93874335325868,-1.1670971792146434,-0.11528485090735283,0.30671250606160044,0.06009256118400871,-0.06160706919162492,-0.0829008319757336
18.407223080977474,3.3945523981532513,9.938985910639428,-1.1677132506449717,-0.11610785328568224,0.3067091079688288,0.06003476067106629,-0.06160721680472336,-0.0816982024073469
18.41722308097747,3.3976684246685105,9.939225343500992,-1.1683293235493484,-0.1169187855015497,0.3067036163905716,0.05997496791421957,-0.06160736400151691,-0.08048675119643621
18.427223080977473,3.400784506918671,9.93946167217666,-1.1689453979236177,-0.11771755839515455,0.30669606025579943,0.05991316605299692,-0.06160751078344657,-0.07926628438150815
18.43722308097747,3.403900616346472,9.93969491714053,-1.1695614737636384,-0.11850408079819441,0.3066864684165937,0.05984933790724061,-0.06160765715194844,-0.0780366055906294
18.447223080977473,3.4070167247063345,9.939925099007496,-1.1701775510652834,-0.11927825953386628,0.3066748696481467,0.05978346597710666,-0.0616078031084537,-0.07679751604142519
18.45722308097747,3.4101328040643586,9.940152238533262,-1.17079362982444,-0.12003999941686491,0.30666129264876185,0.05971553244306501,-0.06160794865438861,-0.07554881454108159
18.467223080977472,3.413248826798322,9.940376356614331,-1.1714097100370089,-0.12078920325338395,0.30664576603985333,0.05964551916589942,-0.06160809379117451,-0.07429029748634394
18.477223080977474,3.416364765597685,9.940597474288015,-1.1720257916989056,-0.12152577184111557,0.3066283183659463,0.0595734076867075,-0.061608238520227836,-0.07302175886351728
18.487223080977476,3.419480593463585,9.940815612732424,-1.17264187480606,-0.1222496039692505,0.3066089780946769,0.059499179226900685,-0.061608382842960115,-0.07174299024846634
18.49722308097747,3.4225962837088395,9.941030793266476,-1.1732579593544157,-0.12296059641847787,0.3065877736167922,0.0594228146882043,-0.06160852676077793,-0.07045378080661588
18.50722308097747,3.4257118099531265,9.941243037352928,-1.1738740453399306,-0.1236586437746292,0.3065647332544412,0.05934429461551568,-0.06160867027508305,-0.0691539164986887
18.517223080977473,3.4288271461231368,9.9414523665942,-1.174490132758576,-0.12434363815815375,0.3065398852705418,0.05926359914207832,-0.06160881338727243,-0.06784317906546167
18.527223080977475,3.431942266471631,9.941658802720362,-1.1751062216063384,-0.1250154699760489,0.30651325783417993,0.05918070814022904,-0.0616089560987379,-0.06652134914426659
18.537223080977473,3.435057145552975,9.941862367609183,-1.175722311879218,-0.1256740273070828,0.30648487905028005,0.059095601100515545,-0.061609098410866536,-0.06518820343023102
18.54722308097747,3.4381717582215954,9.942063083287286,-1.176338403573228,-0.12631919585380594,0.30645477696183343,0.059008257122183716,-0.06160924032504071,-0.06384351446465918
18.557223080977472,3.4412860796319826,9.942260971930141,-1.1769544966843968,-0.12695085894255198,0.306422979549898,0.05891865491317751,-0.061609381842638054,-0.06248705063503034
18.567223080977474,3.444400085238686,9.94245605586207,-1.1775705912087644,-0.12756889752343653,0.30638951473359843,0.05882677279013911,-0.061609522965031464,-0.061118576175001264
18.577223080977472,3.447513750796315,9.94264835755624,-1.1781866871423858,-0.12817319017035803,0.3063544103701262,0.05873258867840884,-0.06160966369358912,-0.059737851164404526
18.587223080977473,3.4506270523595424,9.942837899634672,-1.1788027844813296,-0.12876361308099743,0.30631769425473937,0.058636080112025146,-0.061609804029674475,-0.05834463152924897
18.597223080977475,3.4537399662831008,9.943024704868234,-1.179418883221677,-0.12934004007681824,0.30627939412076277,0.05853722423372465,-0.06160994397464625,-0.05693866904171973
18.607223080977473,3.456852469221783,9.943208796176643,-1.1800349833595238,-0.12990234260306643,0.30623953763958806,0.05843599779494214,-0.061610083529858445,-0.05551971132017859
18.61722308097747,3.459964538130203,9.943390196629146,-1.1806510848909797,-0.13045038969034387,0.3061981524220645,0.05833237714805178,-0.06161022269666034,-0.054087501682582716
18.627223080977473,3.463076150261597,9.943568929453253,-1.1812671878121666,-0.13098404724255974,0.3061552660426068,0.05822633810286653,-0.061610361476396584,-0.05264177647958494
18.637223080977474,3.4661872831757607,9.943745018016056,-1.181883292119221,-0.13150317887962326,0.30611090600677104,0.05811785609749065,-0.06161049987040705,-0.05118226831577166
18.647223080977472,3.4692979147276017,9.943918485840507,-1.1824993978082927,-0.13200764558292988,0.30606509976801627,0.058006906126602684,-0.06161063788002696,-0.049708704520503175
18.657223080977474,3.47240802306402,9.944089356612,-1.1831155048755444,-0.13249730540658336,0.3060178747387514,0.05789346268309561,-0.06161077550658696,-0.04822080602372185
18.66722308097747,3.475517586623909,9.94425765417836,-1.183731613317152,-0.13297201347739537,0.3059692582903353,0.05777749975807683,-0.06161091275141318,-0.04671828735595253
18.677223080977473,3.478626584138155,9.944423402549843,-1.184347723129305,-0.13343162199488628,0.30591927775307654,0.05765899084086809,-0.061611049615827154,-0.04520085664830073
18.68722308097747,3.481734994629637,9.944586625899145,-1.1849638343082056,-0.13387598023128414,0.30586796041623376,0.05753790891900561,-0.06161118610114586,-0.04366821563245539
18.697223080977473,3.4848427974132274,9.944747348561394,-1.1855799468500694,-0.1343049345315253,0.30581533352801543,0.057414226478240016,-0.061611322208681735,-0.04212005964068704
18.707223080977474,3.4879499720957905,9.944905595034152,-1.1861960607511248,-0.1347183283132543,0.3057614242955799,0.05728791550253633,-0.06161145793974263,-0.04055607760584823
18.717223080977472,3.4910564985760537,9.945061389980028,-1.1868121760076138,-0.1351160019455372,0.3057062598890138,0.05715894744935238,-0.06161159329563187,-0.03897595159684862
18.72722308097747,3.4941623570473728,9.945214758236286,-1.1874282926157909,-0.135497792117404,0.3056498674603653,0.05702729312158301,-0.061611728277648284,-0.037379354463759965
18.737223080977472,3.4972675279987455,9.945365724795622,-1.1880444105719243,-0.13586353269195212,0.30559227411541023,0.056892922841977916,-0.06161186288708609,-0.035765953105612855
18.747223080977474,3.500371992207266,9.945514314828033,-1.1886605298722945,-0.136213054030676,0.3055335069390026,0.056755806314398236,-0.061611997125235074,-0.03413540575139219
18.757223080977475,3.5034757307374793,9.945660553684355,-1.1892766505131955,-0.1365461828544415,0.30547359299986976,0.05661591259539823,-0.061612130993380594,-0.032487361418191876
18.767223080977473,3.5065787249413813,9.945804466896266,-1.1898927724909336,-0.13686274224348588,0.3054125593506122,0.05647321009422535,-0.061612264492803596,-0.03082145991121481
18.77722308097747,3.5096809564584195,9.945946080176281,-1.1905088958018273,-0.13716255163741767,0.30535043302770365,0.05632766657282025,-0.06161239762478061,-0.029137331823773434
18.787223080977473,3.512782407215496,9.946085419417754,-1.1911250204422088,-0.13744542683521713,0.30528724105149097,0.05617924914581659,-0.06161253039058373,-0.02743459853728762
18.797223080977474,3.5158830594269603,9.946222510694875,-1.1917411464084229,-0.13771117999523552,0.3052230104261944,0.05602792428054135,-0.06161266279148066,-0.025712872221287816
18.807223080977472,3.5189828955954696,9.94635738026904,-1.1923572736968264,-0.13795961934526893,0.30515776814860296,0.055873657737326166,-0.06161279482873467,-0.023971754699379115
18.817223080977474,3.5220818985165256,9.946490054593196,-1.1929734023037895,-0.13819054878894352,0.30509154121871407,0.05571641448930572,-0.06161292650360469,-0.022210836004847908
18.827223080977472,3.5251800512740723,9.946620560301556,-1.1935895322256942,-0.13840376848262714,0.30502435662364474,0.05555615884072635,-0.06161305781734521,-0.020429696582193128
18.837223080977473,3.528277337238092,9.94674892423149,-1.1942056634589364,-0.13859907407543243,0.3049562413621966,0.05539285426945487,-0.06161318877120642,-0.01862790419582417
18.84722308097747,3.531373740064604,9.946875173424408,-1.1948217959999232,-0.13877625667462504,0.30488722244593,0.05522646341983543,-0.06161331936643421,-0.016805013792229123
18.857223080977473,3.5344692436956686,9.946999335125739,-1.1954379298450741,-0.13893510284562416,0.304817326899163,0.05505694810268928,-0.0616134496042702,-0.014960567499972616
18.867223080977475,3.537563832359386,9.947121436784954,-1.1960540649908218,-0.13907539461200222,0.3047465817589724,0.0548842692953149,-0.06161357948595169,-0.013094094629696353
18.877223080977473,3.540657490569896,9.947241506055553,-1.1966702014336104,-0.1391969094554849,0.3046750140751929,0.0547083871414879,-0.0616137090127117,-0.011205111674119117
18.88722308097747,3.5437502031306396,9.94735957079996,-1.197286339169897,-0.13929941999736273,0.304602650918934,0.05452926088547479,-0.06161383818577896,-0.009293121066631806
18.897223080977472,3.5468419551364097,9.947475659100618,-1.197902478196151,-0.13938269347376564,0.30452951939799977,0.05434684876289181,-0.061613967006377925,-0.007357609075739068
18.907223080977474,3.549932731967019,9.947589799259639,-1.1985186185088537,-0.13944649201948311,0.3044556466502153,0.05416110805898632,-0.061614095475728846,-0.005398046817192046
18.91722308097747,3.553022519289936,9.947702019802671,-1.1991347601044988,-0.1394905724253126,0.3043810598496663,0.05397199505833834,-0.061614223595047764,-0.0034138892974784956
18.927223080977473,3.5561113030612166,9.947812349482415,-1.1997509029795919,-0.13951468594920516,0.3043057862123043,0.05377946500522907,-0.06161435136554647,-0.0014045746466807849
18.93722308097747,3.5591990695255427,9.947920817283915,-1.200367047130651,-0.13951857812645155,0.30422985300163724,0.05358347206379542,-0.06161447878843261,0.0006304757145837033
18.947223080977473,3.5622858052165913,9.948027452428134,-1.2009831925542058,-0.1395019897275589,0.3041532874107694,0.05338396953374583,-0.06161460586490961,0.0026915166837536736
18.95722308097747,3.5653714969548083,9.948132284374077,-1.2015993392467985,-0.13946466206653776,0.3040761159671068,0.05318091103376059,-0.06161473259617676,0.004778273671189927
18.967223080977472,3.5684561318428996,9.948235342817622,-1.2022154872049826,-0.13940633969307706,0.3039983642317698,0.05297425109727074,-0.06161485898342919,0.006890399107866949
18.977223080977474,3.571539697259295,9.948336657688213,-1.2028316364253244,-0.13932677071616487,0.3039200567602344,0.052763945236721024,-0.06161498502785789,0.009027533585848
18.987223080977476,3.574622180851238,9.948436259148115,-1.2034477869044011,-0.13922570691597078,0.3038412170846657,0.05254994996130406,-0.06161511073064973,0.011189303533585118
18.99722308097747,3.5777035705302622,9.948534177590254,-1.2040639386388023,-0.13910290385560375,0.30376186769925473,0.052332222796530777,-0.061615236092987496,0.0133753215998227
19.00722308097747,3.5807838544715396,9.9486304436316,-1.2046800916251297,-0.13895812096468893,0.3036820300546612,0.052110722299171956,-0.061615361116049844,0.015585186591516947
19.017223080977473,3.583863021093613,9.948725088110766,-1.2052962458599963,-0.13879112188704307,0.3036017245081008,0.05188540811457171,-0.06161548580101136,0.01781848416115776
19.027223080977475,3.586941059056113,9.948818142087953,-1.2059124013400269,-0.13860167451802283,0.3035209703177474,0.05165624098279798,-0.06161561014904258,0.02007478688535207
19.037223080977473,3.5900179572597595,9.948909636844949,-1.206528558061858,-0.13838955100452463,0.3034397856427335,0.05142318273864263,-0.06161573416130999,0.022353654264823185
19.04722308097747,3.5930937048428744,9.948999603882251,-1.2071447160221378,-0.13815452782145707,0.3033581875350127,0.051186196324224345,-0.06161585783897604,0.024654632858450338
19.057223080977472,3.5961682911610757,9.949088074903239,-1.207760875217526,-0.1378963862082518,0.30327619189223015,0.050945245860857566,-0.06161598118319914,0.026977257032584887
19.067223080977474,3.599241705786579,9.94917508182002,-1.2083770356446941,-0.13761491210547133,0.3031938134611945,0.05070029663719197,-0.06161610419513369,0.029321049065303244
19.077223080977472,3.602313938499703,9.949260656749756,-1.208993197300325,-0.13730989629658075,0.30311106582132585,0.050451315131640244,-0.06161622687593014,0.031685519573064
19.07954952353857,3.60302850525409,9.949280363386668,-1.2091365439461312,-0.137235538715482,0.30309176346781613,0.05039280937643548,-0.06161625536955533,0.03223851179034734
19.08954952353857,3.606099226568232,9.949364251726273,-1.2097523848365834,-0.1368982941593168,0.3030074931094002,0.05013782898131025,-0.06161577154569647,0.03459874779948205
19.09954952353857,3.609168758570842,9.949446747817237,-1.2103685431721147,-0.13654074071876338,0.30292083987927254,0.049879670442070215,-0.06161589549402231,0.03690369478921952
19.10954952353857,3.612237035501877,9.949527918588762,-1.2109847027451348,-0.13616038581529855,0.3028316961304476,0.049617534059334785,-0.06161601904372088,0.039159040478444006
19.11954952353857,3.6153040267362404,9.949607796904303,-1.2116008635516649,-0.13575772513497147,0.30274001442702114,0.049351543408365645,-0.06161614219617236,0.041364824537627444
19.129549523538568,3.6183697015228793,9.949686415275464,-1.212217025587739,-0.13533325407067046,0.3026457476649334,0.049081821574827336,-0.06161626495275213,0.043521114566131204
19.13954952353857,3.621434028979141,9.949763805855943,-1.2128331888494048,-0.13488746737426766,0.3025488491383304,0.048808491076191236,-0.061616387314830844,0.04562800500188881
19.14954952353857,3.624496978070587,9.94984000043033,-1.213449353332725,-0.13442085836689077,0.30244927268788874,0.04853167367614452,-0.06161650928377436,0.04768561523491096
19.15954952353857,3.6275585176270835,9.949915030410967,-1.2140655190337746,-0.1339339190441305,0.3023469726863887,0.048251490421963514,-0.06161663086094382,0.04969408885440377
19.169549523538567,3.630618616348848,9.94998892683032,-1.2146816859486425,-0.13342713983450608,0.3022419040884168,0.04796806159946678,-0.0616167520476957,0.05165359212353462
19.17954952353857,3.6336772428064448,9.950061720340921,-1.2152978540734316,-0.13290100959663614,0.30213402243091764,0.04768150673241078,-0.06161687284538173,0.05356431396772984
19.18954952353857,3.636734365437604,9.95013344121093,-1.2159140234042578,-0.1323560153526719,0.30202328388118443,0.04739194452300562,-0.06161699325534902,0.05542646490094978
19.19954952353857,3.6397899525293234,9.95020411931504,-1.2165301939372506,-0.13179264158492857,0.30190964536346643,0.04709949268621682,-0.061617113278939956,0.05724027503862953
19.20954952353857,3.6428439722333104,9.950273784132511,-1.217146365668553,-0.13121137035353073,0.301793064538628,0.046804267988677394,-0.061617232917492305,0.059005993366606745
19.219549523538568,3.6458963925756827,9.950342464741489,-1.2177625385943214,-0.1306126811473789,0.30167349983136094,0.0465063862258598,-0.06161735217233921,0.06072388614045245
19.22954952353857,3.648947181456999,9.950410189818951,-1.2183787127107253,-0.1299970508814029,0.3015509104306804,0.046205962221514504,-0.061617471044809205,0.06239423686943983
19.239549523538567,3.651996306651166,9.950476987638421,-1.2189948880139474,-0.12936495375025528,0.30142525631415107,0.04590310979540213,-0.061617589536226224,0.06401734557566041
19.24954952353857,3.655043735789788,9.950542886061362,-1.219611064500184,-0.1287168605395762,0.30129649836582206,0.04559794160224104,-0.0616177076479096,0.06559352636997917
19.25954952353857,3.658089436373212,9.950607912537176,-1.2202272421656442,-0.12805323876689143,0.3011645983502551,0.045290569171264665,-0.06161782538117411,0.06712310720713531
19.269549523538572,3.6611333757860223,9.950672094099179,-1.2208434210065506,-0.1273745526352754,0.301029518914981,0.04498110290962217,-0.06161794273732997,0.06860642808435702
19.279549523538567,3.664175521297311,9.950735457364363,-1.221459601019138,-0.12668126302377627,0.30089122359196824,0.04466965210056272,-0.06161805971768291,0.07004384095872564
19.289549523538568,3.667215840060783,9.95079802853282,-1.2220757821996557,-0.12597382744701657,0.30074967680334647,0.0443563248947844,-0.06161817632353409,0.07143570946751289
19.29954952353857,3.6702542991047826,9.950859833381124,-1.2226919645443648,-0.12525269950450818,0.300604843948307,0.044041228183273176,-0.061618292556180204,0.07278240642596932
19.309549523538568,3.673290865331971,9.950920897261746,-1.2233081480495396,-0.12451832884744753,0.3004566914091565,0.043724467589718895,-0.061618408416913406,0.07408431369394738
19.31954952353857,3.6763255055423163,9.950981245101959,-1.2239243327114677,-0.12377116132231135,0.3003051865136439,0.04340614752013915,-0.06161852390702141,0.07534182052113614
19.32954952353857,3.679358186434891,9.95104090140339,-1.224540518526449,-0.12301163895566078,0.3001502975357858,0.0430863711610484,-0.0616186390277875,0.07655532324145542
19.33954952353857,3.6823888746079136,9.951099890242002,-1.2251567054907966,-0.1222401999531054,0.2999919936959356,0.04276524047926312,-0.06161875378049048,0.07772522525941562
19.349549523538567,3.685417536556412,9.951158235265261,-1.225772893600836,-0.12145727843329136,0.29983024519568524,0.042442856161990866,-0.06161886816640478,0.07885193532426998
19.35954952353857,3.688444138660098,9.951215959688676,-1.2263890828529063,-0.12066330407954931,0.29966502327618244,0.042119317531485886,-0.06161898218680034,0.07993586653799127
19.36954952353857,3.6914686472078406,9.951273086298121,-1.227005273243358,-0.11985870246662686,0.2994963001485929,0.041794722634744166,-0.06161909584294274,0.08097743561754629
19.37954952353857,3.6944910284052197,9.951329637449815,-1.2276214647685553,-0.11904389509037408,0.29932404898090204,0.041469168255659924,-0.06161920913609321,0.08197706210763549
19.389549523538566,3.697511248374527,9.95138563507032,-1.2282376574248741,-0.11821929936774378,0.2991482438979146,0.04114274991502573,-0.06161932206750857,0.08293516838069262
19.399549523538568,3.700529273155199,9.951441100656323,-1.2288538512087035,-0.11738532859419512,0.2989688599840224,0.04081556186136853,-0.06161943463844134,0.08385217917052452
19.40954952353857,3.703545068694077,9.951496055271246,-1.2294700461164454,-0.11654239153612679,0.29878587333855955,0.04048769697396086,-0.06161954685013967,0.08472851946284513
19.41954952353857,3.706558600852935,9.951550519546478,-1.2300862421445131,-0.1156908925834938,0.2985992610492336,0.04015924680163035,-0.061619658703847384,0.08556461473928009
19.42954952353857,3.709569835428701,9.951604513684407,-1.230702439289333,-0.11483123199422658,0.2984090011304234,0.039830301630530085,-0.06161977020080402,0.08636088987184493
19.43954952353857,3.7125787381542033,9.951658057458491,-1.2313186375473442,-0.11396380589712804,0.2982150725214182,0.03950095048527903,-0.06161988134224482,0.08711776902535041
19.44954952353857,3.7155852746982108,9.951711170213283,-1.2319348369149972,-0.11308900629203,0.29801745508626865,0.03917128112902029,-0.06161999212940076,0.08783567564934754
19.45954952353857,3.71858941066479,9.951763870864582,-1.2325510373887554,-0.11220722093134355,0.297816129619041,0.03884138003610323,-0.06162010256349855,0.08851503118427186
19.469549523538568,3.721591111582365,9.95181617789666,-1.2331672389650943,-0.11131883303665159,0.29761107789001645,0.03851133232172798,-0.06162021264576064,0.08915625424579303
19.47954952353857,3.724590342926775,9.951868109367625,-1.2337834416405018,-0.11042422171603421,0.2974022825589978,0.03818122184921535,-0.06162032237740525,0.08975976046095052
19.48954952353857,3.727587070129236,9.951919682911491,-1.2343996454114778,-0.10952376207343735,0.2971897271456658,0.0378511312591443,-0.06162043175964641,0.09032596195605044
19.49954952353857,3.7305812585763425,9.951970915738167,-1.2350158502745343,-0.1086178252086729,0.29697339602957895,0.0375211419693519,-0.06162054079369394,0.09085526735666556
19.509549523538567,3.733572873610539,9.952021824633823,-1.235632056226195,-0.10770677822086926,0.2967532744471898,0.03719133417583742,-0.06162064948075347,0.0913480816519432
19.51954952353857,3.736561880525403,9.952072425961578,-1.2362482632629965,-0.10679098403866567,0.296529348501865,0.03686178681056829,-0.061620757822026466,0.09180480467673939
19.52954952353857,3.7395482445638213,9.952122735660344,-1.236864471381487,-0.10587080137415826,0.2963016051753935,0.036532577530206826,-0.061620865818710194,0.09222583119490937
19.539549523538568,3.7425319309404617,9.952172769252272,-1.2374806805782261,-0.10494658516130548,0.29607003223090783,0.036203782826542144,-0.0616209734719978,0.09261155052291034
19.54954952353857,3.745512904844036,9.95222254184369,-1.2380968908497862,-0.10401868659552062,0.29583461820219964,0.03587547803648433,-0.06162108078307831,0.09296234638201725
19.559549523538568,3.748491131437299,9.952272068125112,-1.2387131021927509,-0.103087453133672,0.2955953523937194,0.03554773734206456,-0.061621187753136665,0.09327859689832285
19.56954952353857,3.751466575857657,9.952321362372395,-1.239329314603716,-0.10215322850963054,0.2953522248722521,0.03522063377366717,-0.06162129438335366,0.09356067432982385
19.579549523538567,3.7544392032095235,9.952370438447593,-1.239945528079289,-0.10121635256132056,0.2951052264801835,0.034894239164915804,-0.06162140067490603,0.09380894379809497
19.58954952353857,3.757408978570778,9.95241930979982,-1.240561742616089,-0.10027716136149953,0.29485434881537137,0.034568624186001595,-0.061621506628966365,0.09402376366907217
19.59954952353857,3.7603758670097043,9.952467989473128,-1.2411779582107474,-0.09933598760458417,0.2945995841443574,0.03424385843824145,-0.061621612246703275,0.09420548527089749
19.609549523538572,3.7633398335855626,9.952516490106852,-1.2417941748599062,-0.09839316061996775,0.2943409253988712,0.03392001045727148,-0.061621717529281306,0.09435445285686521
19.619549523538566,3.766300843348589,9.952564823935635,-1.2424103925602197,-0.09744900637202032,0.29407836617582983,0.03359714771304708,-0.061621822477860994,0.09447100360542182
19.629549523538568,3.7692588613403593,9.952613002791523,-1.243026611308354,-0.09650384749796731,0.293811900723326,0.03327533661731082,-0.061621927093598844,0.09455546731819023
19.63954952353857,3.772213852585193,9.952661038104873,-1.243642831100986,-0.09555800315703929,0.29354152395398675,0.03295464248274709,-0.06162203137764734,0.0946081654558366
19.64954952353857,3.775165782099897,9.9527089409065,-1.244259051934805,-0.09461178923575488,0.293267231410149,0.032635129574642215,-0.06162213533115496,0.09462941157629597
19.65954952353857,3.778114614906527,9.952756721835726,-1.2448752738065112,-0.09366551870269872,0.2929890191856179,0.03231686119492224,-0.06162223895526622,0.09461951119918004
19.669549523538567,3.7810603160325598,9.952804391140537,-1.2454914967128161,-0.09271950161422803,0.29270688392424793,0.0319998996834612,-0.06162234225112173,0.09457876179547621
19.67954952353857,3.784002850510899,9.952851958677599,-1.2461077206504432,-0.09177404511447129,0.2924208228199421,0.03168430641808073,-0.0616224452198581,0.09450745278754744
19.68954952353857,3.786942183379891,9.95289943391482,-1.2467239456161268,-0.09082945349207225,0.2921308336002091,0.031370141825610695,-0.06162254786260805,0.09440586533073794
19.69954952353857,3.7898782796748867,9.952946825933097,-1.2473401716066126,-0.0898860280768519,0.29183691453276517,0.031057465351304346,-0.06162265018050031,0.09427427153740511
19.70954952353857,3.7928111044368764,9.952994143427881,-1.2479563986186577,-0.08894406741135404,0.29153906439744015,0.03074633550239867,-0.061622752174659734,0.09411293488933911
19.71954952353857,3.7957406227234824,9.953041394718198,-1.2485726266490305,-0.08800386762769308,0.29123728240597535,0.030436809934784398,-0.06162285384620728,0.09392211023825392
19.72954952353857,3.7986667996091072,9.953088587746858,-1.24918885569451,-0.08706572245441603,0.29093156820043126,0.03012894545452296,-0.06162295519626005,0.0937020437991974
19.739549523538567,3.8015896001849394,9.953135730080449,-1.2498050857518876,-0.08612992321650127,0.290621921853187,0.02982279801784612,-0.06162305622593128,0.0934529731505511
19.74954952353857,3.8045089895588067,9.953182828911437,-1.2504213168179645,-0.08519675888905213,0.2903083438538064,0.02951842274157344,-0.061623156936330345,0.09317512713561708
19.75954952353857,3.807424932847475,9.953229891062193,-1.2510375488895535,-0.08426651608976497,0.289990835098527,0.02921587389282339,-0.06162325732856276,0.09286872522545997
19.76954952353857,3.810337395180985,9.953276922983607,-1.2516537819634788,-0.0833394791037389,0.28966939689025506,0.028915204898577445,-0.061623357403730206,0.09253397778771201
19.779549523538567,3.8132463417135933,9.953323930766087,-1.252270016036575,-0.08241593033752863,0.2893440308461956,0.028616468447423354,-0.061623457162930564,0.0921710862365349
19.789549523538568,3.816151737624128,9.953370920140216,-1.2528862511056877,-0.08149615034174161,0.28901473889296325,0.02831971649440262,-0.061623556607257934,0.09178024302479283
19.79954952353857,3.819053548115984,9.953417896476747,-1.2535024871676743,-0.0805804178110397,0.28868152326658264,0.028025000261011047,-0.06162365573780264,0.0913616316440531
19.809549523538568,3.821951738417047,9.95346486478739,-1.2541187242194016,-0.07966900960714979,0.2883443865074986,0.02773237023962829,-0.061623754555651195,0.09091542660597265
19.81954952353857,3.824846273773618,9.953511829731683,-1.2547349622577486,-0.07876220088657515,0.28800333142749057,0.02744187621189127,-0.06162385306188639,0.09044179301236369
19.82954952353857,3.827737119448327,9.953558795612288,-1.2553512012796042,-0.07786026492892854,0.287658361143986,0.027153567212625733,-0.06162395125758721,0.08994088651802688
19.83954952353857,3.8306242407311366,9.953605766386717,-1.2559674412818687,-0.07696347364130271,0.28730947898246245,0.02686749164082555,-0.061624049143828935,0.08941285363485792
19.849549523538567,3.8335076029403576,9.953652745669915,-1.256583682261453,-0.07607209765052951,0.28695668845768385,0.02658369727886472,-0.06162414672168312,0.08885783173238695
19.85954952353857,3.8363871714226456,9.95369973673426,-1.257199924215278,-0.07518640630318169,0.2865999932737016,0.02630223129249791,-0.06162424399221764,0.08827594903777963
19.86954952353857,3.839262911553002,9.953746742509557,-1.2578161671402766,-0.07430666766557167,0.28623939732385395,0.026023140230860085,-0.06162434095649665,0.08766732463583639
19.87954952353857,3.8421347887316,9.953793765588399,-1.2584324110333909,-0.07343314866783893,0.2858749046606085,0.025746470050896027,-0.061624437615580646,0.08703206830383324
19.88954952353857,3.845002768375303,9.953840808226333,-1.2590486558915743,-0.07256611500837092,0.28550651950971634,0.025472266089705018,-0.06162453397052642,0.08637028015281842
19.899549523538568,3.84786681592637,9.953887872345224,-1.259664901711791,-0.07170583137402323,0.28513424623138145,0.02520057311662059,-0.06162463002238708,0.08568205095860648
19.90954952353857,3.8507268968547708,9.953934959542103,-1.2602811484910152,-0.07085256176998994,0.28475808925642565,0.02493143539953239,-0.06162472577221213,0.08496746220132698
19.91954952353857,3.8535829766581786,9.953982071089191,-1.260897396226232,-0.07000656952034508,0.28437805308618186,0.02466489670498917,-0.06162482122104747,0.08422658606524736
19.92954952353857,3.8564350208619733,9.954029207933889,-1.2615136449144364,-0.06916811726804159,0.2839941422924934,0.02440100029819843,-0.06162491636993533,0.08345948543877221
19.93954952353857,3.8592829950187584,9.954076370699646,-1.2621298945526345,-0.0683374670023241,0.28360636151245305,0.024139788947684558,-0.06162501121991436,0.0826662138949795
19.94954952353857,3.8621268646986753,9.954123559694194,-1.2627461451378417,-0.06751488026827673,0.28321471540662446,0.0238813049544714,-0.06162510577201962,0.08184681532795308
19.95954952353857,3.864966595489965,9.95417077490345,-1.263362396667085,-0.06670061794348221,0.2828192087011103,0.02362559011071128,-0.06162520002728255,0.08100132399306097
19.969549523538568,3.8678021530035265,9.954218016003448,-1.2639786491374012,-0.06589494074113125,0.282419846094561,0.023372685799750874,-0.061625293986731014,0.08012976463301794
19.97954952353857,3.8706335028724808,9.95426528236332,-1.2645949025458372,-0.065098109318134,0.2820166322378089,0.023122633016080515,-0.061625387651389356,0.07923215245364149
19.98954952353857,3.8734606107521685,9.954312573045286,-1.26521115688945,-0.06431038427512042,0.28160957173386847,0.022875472365334288,-0.06162548102227838,0.07830849312385206
19.99954952353857,3.876283442320152,9.95435988680466,-1.265827412165307,-0.0635320261564402,0.2811986691379366,0.02263124406429001,-0.06162557410041536,0.07735878277567311
20.009549523538567,3.879101963273595,9.954407222092561,-1.2664436683704856,-0.06276329554113003,0.28078392894069354,0.022389987954680387,-0.061625666886814014,0.07638300790402643
20.01954952353857,3.881916139316445,9.954454577062277,-1.2670599255020738,-0.06200445319665125,0.28036535553977016,0.02215174351774951,-0.06162575938248458,0.07538114494143278
20.02954952353857,3.884725936166594,9.954501949564467,-1.2676761835571695,-0.06125575994448735,0.2799429532649037,0.02191654985781475,-0.06162585158843375,0.0743531605240846
20.039549523538568,3.887531319553833,9.954549337159714,-1.2682924425328803,-0.06051747717590675,0.2795167262839815,0.021684445794309094,-0.061625943505664756,0.07329901132563363
20.04954952353857,3.8903322552193473,9.954596737119445,-1.268908702426324,-0.05978986688608566,0.27908667859680153,0.021455469867474375,-0.06162603513517738,0.07221864403457894
20.05954952353857,3.893128708915721,9.954644146425933,-1.2695249632346282,-0.059073191674108086,0.27865281403507264,0.021229660338361274,-0.06162612647796795,0.07111199535426685
20.06954952353857,3.8959206464069327,9.954691561772288,-1.2701412249549309,-0.058367714742966,0.2782151362624143,0.021007055188829372,-0.06162621753502934,0.06997899200289143
20.079549523538567,3.8987080334626754,9.954738979566608,-1.2707574875843797,-0.05767370005587735,0.27777364874676025,0.020787692142868897,-0.06162630830735097,0.06881955047562315
20.08954952353857,3.9014908358453075,9.954786395936015,-1.271373751120132,-0.056991412434707796,0.27732835474440287,0.020571608670581647,-0.06162639879591884,0.06763357664785481
20.09954952353857,3.904269019319026,9.954833806724004,-1.2719900155593553,-0.05632111750629757,0.2768792573091068,0.02035884198902016,-0.061626489001715495,0.06642096608258545
20.109549523538572,3.9070425496429486,9.954881207501895,-1.272606280899227,-0.05566308220181044,0.27642635920265823,0.020149429142029503,-0.06162657892572013,0.06518160358396341
20.119549523538566,3.909811392570808,9.954928593569159,-1.2732225471369336,-0.055017574769770525,0.2759696628925431,0.019943407002199234,-0.061626668568908534,0.06391536318206317
20.129549523538568,3.9125755138509555,9.954975959953405,-1.2738388142696724,-0.05438486477606149,0.27550917055194607,0.019740812270863134,-0.06162675793225315,0.06262210813288387
20.13954952353857,3.915334879226356,9.955023301410389,-1.2744550822946492,-0.05376522310392772,0.27504488405975164,0.01954168147809961,-0.06162684701672304,0.06130169091835151
20.14954952353857,3.9180894544264175,9.955070612427635,-1.2750713512090806,-0.053158922111139324,0.27457680497400705,0.019346051000381875,-0.0616269358232839,0.05995395289193345
20.15954952353857,3.9208392051519967,9.95511788722931,-1.275687621010192,-0.052566235820301385,0.27410493450157475,0.019153957077583897,-0.06162702435289808,0.05857872374935732
20.16954952353857,3.9235840970867266,9.955165119775302,-1.2763038916952185,-0.05198743992400784,0.27362927349462945,0.018965435826084447,-0.06162711260652458,0.05717582184457875
20.17954952353857,3.926324095887165,9.955212303768832,-1.2769201632614056,-0.05142281215416979,0.2731498223857473,0.018780523289552983,-0.06162720058511909,0.055745053590801646
20.18954952353857,3.9290591671825035,9.955259432656625,-1.2775364357060073,-0.05087263228941692,0.27266658118662934,0.018599255439869233,-0.06162728828963403,0.05428621344597818
20.19954952353857,3.9317892765745626,9.955306499628906,-1.2781527090262879,-0.0503371821550985,0.2721795494881021,0.01842166817712355,-0.0616273757210185,0.05279908391281135
20.201875966099664,3.93242370571368,9.955317439863196,-1.2782960815997115,-0.05021475501130283,0.27206570078471853,0.018380885081688197,-0.06162739602236641,0.052449031288977085
20.21187596609966,3.9351475571608336,9.955364324156514,-1.278912034110503,-0.04969739526295145,0.2715769531080431,0.018208591696751878,-0.06162687618066668,0.05096721140831236
20.221875966099663,3.93786653813283,9.95541124672157,-1.2795283033154852,-0.049194928365507845,0.2710912664420071,0.018042481244493976,-0.061626964727367235,0.04953435618464652
20.23187596609966,3.940580578473788,9.955458122539191,-1.2801445734032846,-0.04870654585676585,0.2706083618689633,0.017882046298640455,-0.06162705274442039,0.04815020105065506
20.241875966099663,3.9432897101881066,9.955504963898578,-1.2807608443686143,-0.04823176593009974,0.27012826674496143,0.017727156171413794,-0.06162714023366042,0.04681366919724101
20.25187596609966,3.945993965376725,9.955551783324156,-1.2813771162062046,-0.047770117362030615,0.2696510068874231,0.01757768325110089,-0.06162722719691528,0.04552372437095666
20.261875966099662,3.948693376235961,9.955598593572967,-1.2819933889108055,-0.047321139395853626,0.2691766065979896,0.017433502970426513,-0.06162731363600657,0.04427937029484159
20.271875966099664,3.951387975061448,9.955645407617112,-1.2826096624771837,-0.046884380948153274,0.2687050888114097,0.01729449359365963,-0.061627399552749575,0.04307964650475816
20.281875966099665,3.9540777942455723,9.955692238644517,-1.2832259369001253,-0.04645940063882792,0.2682364750935886,0.017160536224742517,-0.061627484948953294,0.04192362850578965
20.29187596609966,3.956762866241757,9.955739100037288,-1.2838422121744335,-0.046045765845588414,0.2677707858445514,0.017031514544810923,-0.06162756982642047,0.04081042350163432
20.30187596609966,3.959443223561302,9.955786005368662,-1.2844584882949306,-0.04564305256911638,0.267308040326068,0.016907314775154687,-0.061627654186947614,0.03973916975442689
20.311875966099663,3.962118898773381,9.955832968402992,-1.2850747652564556,-0.04525084543306493,0.266848256661654,0.016787825677217993,-0.06162773803232503,0.0387090365847405
20.321875966099665,3.9647899245037537,9.955880003085928,-1.2856910430538657,-0.04486873728071153,0.26639145191153024,0.016672938441277988,-0.061627821364336824,0.037719222367282645
20.331875966099663,3.967456333448138,9.955927123538691,-1.2863073216820369,-0.044496328953193776,0.26593764210615534,0.016562546627693922,-0.061627904184760884,0.0367689531693671
20.34187596609966,3.9701181583463128,9.955974344048947,-1.2869236011358616,-0.04413322889098689,0.2654868423368289,0.016456546053194857,-0.06162798649536894,0.035857481166310594
20.351875966099662,3.9727754319671003,9.956021679058939,-1.2875398814102508,-0.043779052634947656,0.26503906685681594,0.016354834651025378,-0.06162806829792664,0.03498408238961508
20.361875966099664,3.9754281871083603,9.95606914316549,-1.2881561625001325,-0.0434334228262594,0.2645943290813586,0.01625731247093029,-0.06162814959419352,0.03414805672670649
20.371875966099662,3.9780764565966216,9.956116751118996,-1.288772444400453,-0.043095969168010465,0.26415264159467094,0.016163881668260143,-0.061628230385923,0.03334872773675613
20.381875966099663,3.9807202732919524,9.956164517810633,-1.289388727106175,-0.042766327956609985,0.26371401622963525,0.0160744463720274,-0.06162831067486245,0.03258544023590577
20.391875966099665,3.983359670094088,9.956212458274244,-1.2900050106122798,-0.04244414216789583,0.2632784640501633,0.015988912709983396,-0.06162839046275313,0.03185756059281921
20.401875966099663,3.985994679914241,9.956260587671514,-1.2906212949137656,-0.04212906083446647,0.262845995479148,0.015907188630034697,-0.061628469751330316,0.031164474117117397
20.41187596609966,3.9886253356711436,9.956308921288189,-1.291237580005648,-0.041820738894966805,0.2624166203274969,0.015829183857271927,-0.061628548542323296,0.03050558438023537
20.421875966099662,3.9912516702910383,9.956357474534089,-1.2918538658829593,-0.041518837194088755,0.2619903477941331,0.01575480989396993,-0.06162862683745536,0.029880313215423573
20.431875966099664,3.9938737167074843,9.956406262940499,-1.2924701525407498,-0.041223022391933956,0.2615671864812573,0.015683979993146576,-0.061628704638443846,0.029288100268245458
20.441875966099662,3.9964915078719137,9.956455302149726,-1.2930864399740867,-0.04093296664071869,0.2611471444419787,0.015616609064447165,-0.06162878194700011,0.028728401176308937
20.451875966099664,3.9991050767488363,9.956504607916806,-1.293702728178054,-0.04064834762870296,0.2607302291773074,0.015552613686948782,-0.06162885876482957,0.028200687854820647
20.46187596609966,4.001714456295141,9.956554196096722,-1.294319017147753,-0.04036884806473293,0.2603164477358662,0.015491911958500698,-0.06162893509363177,0.027704446297479406
20.471875966099663,4.004319679459133,9.956604082643262,-1.2949353068783023,-0.040094155635409245,0.2599058067216624,0.015434423483215744,-0.061629010935100384,0.02723917638023634
20.48187596609966,4.00692077918053,9.956654283609023,-1.2955515973648364,-0.03982396300508751,0.259498312294089,0.01538006937147043,-0.06162908629092322,0.026804391861295785
20.491875966099663,4.009517788391017,9.956704815141787,-1.2961678886025074,-0.039557967703125974,0.25909397018508623,0.015328772205572029,-0.061629161162782234,0.02639961978769767
20.501875966099664,4.012110740027054,9.956755693477133,-1.2967841805864841,-0.03929587194878808,0.25869278571820625,0.015280455985385927,-0.061629235552353556,0.026024399317512662
20.511875966099662,4.014699667018966,9.956806934938767,-1.2974004733119522,-0.03903738261402603,0.2582947638228477,0.015235046117962442,-0.061629309461307485,0.025678281733037822
20.52187596609966,4.017284602276452,9.956858555928779,-1.2980167667741138,-0.03878221084769941,0.257899909102708,0.01519246930454604,-0.06162938289130857,0.0253608287977422
20.531875966099662,4.019865578688356,9.956910572927315,-1.2986330609681875,-0.03853007206380735,0.2575082258377707,0.015152653537017488,-0.06162945584401561,0.025071612700346517
20.541875966099663,4.0224426291226605,9.956963002492575,-1.2992493558894087,-0.03828068594148824,0.2571197179843056,0.015115528097893807,-0.06162952832108164,0.02481021605482273
20.551875966099665,4.025015786427702,9.957015861257002,-1.2998656515330291,-0.038033776321825113,0.25673438918839736,0.015081023526795833,-0.06162960032415401,0.024576231304233746
20.561875966099663,4.027585083445158,9.957069165922055,-1.3004819478943173,-0.03778907112920755,0.2563522427877515,0.015049071592028925,-0.06162967185487431,0.024369259965196313
20.57187596609966,4.030150552997181,9.95712293325782,-1.3010982449685573,-0.03754630229265352,0.25597328183317697,0.01501960526815371,-0.06162974291487844,0.024188912487544616
20.581875966099663,4.0327122278753595,9.95717718009562,-1.301714542751051,-0.03730520547263599,0.2555975091351441,0.01499255865054024,-0.061629813505796674,0.024034807017689952
20.591875966099664,4.035270140840637,9.957231923327901,-1.3023308412371153,-0.03706552005722065,0.25522492726437895,0.014967866954140627,-0.06162988362925366,0.023906569379172547
20.601875966099662,4.0378243246233145,9.957287179908231,-1.3029471404220836,-0.03682698916206569,0.25485553855186294,0.014945466513489006,-0.0616299532868684,0.023803833072661318
20.611875966099664,4.040374811924384,9.957342966848005,-1.3035634403013052,-0.03658935955517352,0.2544893450963903,0.014925294755674036,-0.061630022480254294,0.023726238777400568
20.621875966099665,4.04292163542799,9.957399301212174,-1.3041797408701463,-0.03635238162769737,0.25412634875744966,0.014907290184269912,-0.06163009121101914,0.023673433792504767
20.631875966099663,4.0454648277891305,9.957456200119104,-1.3047960421239888,-0.03611580931647117,0.2537665511757326,0.01489139235762055,-0.06163015948076514,0.023645071911113577
20.64187596609966,4.048004421623808,9.957513680734628,-1.3054123440582301,-0.035879399892892926,0.25340995380635,0.014877541819236286,-0.061630227291089,0.02364081242316376
20.651875966099663,4.050540449508962,9.957571760271984,-1.3060286466682847,-0.03564291396047114,0.2530565579191635,0.014865680096957077,-0.06163029464358191,0.02366032010201706
20.661875966099664,4.053072943982484,9.957630455991794,-1.3066449499495811,-0.03540611545482451,0.25270636459878504,0.014855749702952467,-0.06163036153982954,0.023703265204460172
20.671875966099662,4.055601937544101,9.957689785199706,-1.3072612538975656,-0.03516877160015,0.2523593747467748,0.014847694115426437,-0.06163042798141204,0.0237693231208102
20.68187596609966,4.058127462666936,9.95774976524225,-1.307877558507699,-0.03493065290328522,0.2520155890691467,0.014841457766162065,-0.061630493969904145,0.023858173866370683
20.691875966099662,4.0606495517876935,9.957810413507486,-1.3084938637754584,-0.03469153310308403,0.2516750080919533,0.014836986028241527,-0.061630559506875036,0.023969502080767015
20.701875966099664,4.0631682372961615,9.95787174741993,-1.3091101696963368,-0.03445118899359909,0.25133763218647454,0.014834225153793533,-0.06163062459388853,0.02410299615944115
20.71187596609966,4.065683551535103,9.95793378444043,-1.3097264762658418,-0.03420940042055364,0.25100346156960407,0.014833122272667814,-0.06163068923250305,0.024258348232517782
20.721875966099663,4.068195526800257,9.957996542066157,-1.3103427834794974,-0.033965950281341535,0.25067249630384975,0.014833625392435117,-0.061630753424271593,0.024435254164804323
20.731875966099665,4.070704195340525,9.958060037829247,-1.310959091332843,-0.033720624506130774,0.2503447362966335,0.014835683388287077,-0.06163081717074181,0.02463341336066983
20.741875966099663,4.073209589367667,9.958124289292545,-1.3115753998214328,-0.033473212066059986,0.2500201812831139,0.014839245990234104,-0.06163088047345595,0.024852528255328788
20.75187596609966,4.075711741051378,9.95818931405103,-1.3121917089408377,-0.03322350496164906,0.24969883083511402,0.01484426378496695,-0.06163094333395091,0.02509230446588616
20.761875966099662,4.07821068250639,9.958255129727398,-1.312808018686643,-0.0329712980642328,0.24938068438140978,0.01485068815605894,-0.06163100575375831,0.02535245001079303
20.771875966099664,4.080706445792088,9.958321753971779,-1.3134243290544492,-0.03271638910860245,0.24906574120829758,0.01485847128084246,-0.061631067734404445,0.02563267526170491
20.781875966099665,4.083199062912496,9.958389204461726,-1.3140406400398725,-0.03245857869300578,0.2487540004595946,0.014867566130408945,-0.061631129277410365,0.025932692943481658
20.79187596609966,4.085688565816094,9.958457498901755,-1.3146569516385436,-0.03219767027449254,0.2484454611357202,0.014877926466115654,-0.06163119038429183,0.02625221807028863
20.80187596609966,4.088174986401452,9.958526655019265,-1.3152732638461093,-0.03193347018404472,0.2481401220736246,0.014889506824590316,-0.06163125105655934,0.026590967466179862
20.811875966099663,4.0906583565203105,9.958596690565988,-1.315889576658231,-0.03166578766281176,0.2478379819459963,0.014902262534879506,-0.06163131129571814,0.02694865999485194
20.821875966099665,4.093138707961354,9.958667623314689,-1.316505890070585,-0.031394434718049244,0.24753903927902918,0.01491614966219225,-0.06163137110326828,0.02732501592871921
20.831875966099663,4.095616072448583,9.958739471058404,-1.3171222040788628,-0.03111922610566022,0.24724329245305876,0.014931124999410055,-0.06163143048070465,0.02771975682921163
20.841875966099664,4.0980904816413135,9.958812251610446,-1.3177385186787707,-0.03083997933019511,0.24695073970256207,0.0149471460670869,-0.06163148942951695,0.028132605546774773
20.851875966099662,4.10056196713416,9.95888598280439,-1.3183548338660294,-0.030556514644754243,0.24666137911611977,0.014964171113349854,-0.06163154795118972,0.028563286219356675
20.861875966099664,4.103030560457426,9.958960682491368,-1.3189711496363752,-0.030268655063740286,0.24637520862037413,0.014982159100915517,-0.06163160604720239,0.02901152397176698
20.871875966099662,4.105496293086986,9.959036368539662,-1.3195874659855593,-0.029976226442510447,0.24609222596244068,0.015001069727338095,-0.0616316637190292,0.029477044978487542
20.881875966099663,4.1079591964293884,9.959113058833807,-1.3202037829093467,-0.029679057368491978,0.24581242872831988,0.01502086338834894,-0.061631720968139285,0.029959576193468025
20.891875966099665,4.110419301815619,9.959190771272866,-1.320820100403518,-0.02937697911975945,0.24553581434267857,0.015041501155266361,-0.06163177779599673,0.03045884508312066
20.901875966099663,4.112876640501107,9.959269523770416,-1.3214364184638674,-0.02906982566503482,0.24526238006885023,0.015062944774995604,-0.06163183420406057,0.030974579626320106
20.91187596609966,4.115331243665729,9.959349334254561,-1.3220527370862047,-0.028757433663687087,0.24499212300883447,0.015085156670028896,-0.06163189019378478,0.031506508314404054
20.921875966099662,4.117783142413031,9.959430220667302,-1.3226690562663537,-0.028439642470003763,0.24472504009859689,0.015108099934837806,-0.0616319457666183,0.03205436009377217
20.931875966099664,4.120232367774751,9.959512200961651,-1.3232853760001522,-0.02811629421594326,0.24446112807459366,0.015131738337433543,-0.06163200092400504,0.03261786417931682
20.941875966099662,4.122678950711148,9.959595293103048,-1.3239016962834536,-0.027787233794242316,0.24420038348660603,0.015156036325299991,-0.06163205566738387,0.033196750165824386
20.951875966099664,4.125122922095071,9.959679515067059,-1.3245180171121247,-0.027452308774360543,0.24394280269970564,0.01518095898315097,-0.0616321099981887,0.03379074768495727
20.96187596609966,4.12756431271096,9.959764884839103,-1.3251343384820469,-0.027111369399403142,0.2436883818930865,0.01520647202984813,-0.06163216391784853,0.03439958637282507
20.971875966099663,4.130003153254853,9.959851420414452,-1.325750660389116,-0.026764268586120507,0.24343711706006443,0.015232541818400983,-0.061632217427787364,0.035022995869985314
20.98187596609966,4.132439474334374,9.95993913979822,-1.3263669828292417,-0.026410861924908824,0.2431890040080778,0.015259135335966867,-0.06163227052942432,0.03566070582144234
20.991875966099663,4.1348733064665,9.960028061003786,-1.3269833057983482,-0.02605100771095211,0.2429440383407674,0.015286220198229934,-0.061632323224173564,0.0363124458065022
21.001875966099664,4.1373046800855215,9.960118202051719,-1.3275996292923735,-0.025684567041704638,0.24270221543261464,0.015313764667510046,-0.06163237551344438,0.036977945360561044
21.011875966099666,4.139733625532497,9.960209580970155,-1.3282159533072702,-0.025311403727168523,0.24246353044861793,0.015341737630125463,-0.061632427398641096,0.03765693390193028
21.02187596609966,4.142160173044957,9.960302215793199,-1.328832277839004,-0.024931384259337316,0.24222797833736479,0.015370108572790508,-0.06163247888116325,0.03834914059904786
21.031875966099662,4.144584352756897,9.96039612456092,-1.329448602883556,-0.02454437781220125,0.2419955538310073,0.015398847582589793,-0.06163252996240555,0.039054294370295846
21.041875966099663,4.147006194698774,9.960491325319346,-1.3300649284369195,-0.024150256241747946,0.24176625144526254,0.015427925346978165,-0.06163258064375787,0.0397721238839991
21.051875966099665,4.149425728797321,9.96058783612043,-1.3306812544951028,-0.02374889408643234,0.2415400654789164,0.015457313153472967,-0.06163263092660527,0.040502357558547274
21.061875966099663,4.151842984871538,9.960685675019905,-1.3312975810541277,-0.02334016863027599,0.2413169899832912,0.015486982886373735,-0.061632680812328026,0.041244723592292476
21.07187596609966,4.154257992642003,9.960784860077714,-1.3319139081100297,-0.022923959965803434,0.24109701875563713,0.015516907047946877,-0.06163273030230155,0.041998949995655926
21.081875966099663,4.156670781714447,9.960885409357271,-1.3325302356588589,-0.022500150896887727,0.24088014534956267,0.01554705872383655,-0.061632779397896534,0.04276476452188958
21.091875966099664,4.159081381573506,9.960987340924564,-1.3331465636966777,-0.022068626927477582,0.24066636306885278,0.015577411571257097,-0.06163282810047894,0.043541894656367805
21.101875966099662,4.161489821582714,9.961090672848167,-1.3337628922195632,-0.021629276261596875,0.24045566496746842,0.015607939818993086,-0.06163287641141001,0.04433006761658832
21.111875966099664,4.163896130984515,9.961195423199225,-1.3343792212236052,-0.02118198980334477,0.2402480438495469,0.015638618267399314,-0.06163292433204629,0.04512901035217197
21.121875966099665,4.166300338899766,9.961301610051374,-1.3349955507049076,-0.020726661158050583,0.24004349226822586,0.015669422287821293,-0.061632971863739595,0.04593844955153104
21.131875966099663,4.16870247432185,9.961409251478555,-1.3356118806595876,-0.020263186704604634,0.2398420024913468,0.015700327821693068,-0.061633019007837096,0.046758111805190364
21.14187596609966,4.171102566126003,9.961518365555927,-1.3362282110837764,-0.01979146563920256,0.23964356650302637,0.01573131139929769,-0.061633065765681214,0.04758772355709498
21.151875966099663,4.173500643051652,9.961628970358777,-1.3368445419736181,-0.019311399878992337,0.23944817601007146,0.015762350104704087,-0.06163311213860976,0.04842701113692832
21.161875966099664,4.175896733697171,9.961741083961822,-1.3374608733252702,-0.01882289405373926,0.2392558224365412,0.015793421567345575,-0.06163315812795592,0.04927570080165229
21.171875966099662,4.17829086651989,9.961854724439203,-1.3380772051349035,-0.018325855505826064,0.23906649692374707,0.015824503962019874,-0.0616332037350483,0.05013351873550699
21.181875966099664,4.180683069836085,9.961969909864493,-1.3386935373987017,-0.01782019429025294,0.2388801903302528,0.01585557600888909,-0.06163324896121089,0.05100019105001073
21.191875966099662,4.183073371820569,9.962086658310623,-1.339309870112862,-0.017305823175029517,0.2386968932310921,0.01588661697305208,-0.0616332938077631,0.05187544379278991
21.201875966099664,4.185461800498293,9.962204987847755,-1.3399262032735957,-0.016782657697153,0.23851659588666924,0.015917606662413663,-0.061633338276019765,0.05275900321953592
21.21187596609966,4.187848383753662,9.962324916544242,-1.3405425368771258,-0.016250616217939523,0.2383392882419789,0.01594852544676616,-0.061633382367291115,0.053650595696273104
21.221875966099663,4.1902331493142935,9.962446462465529,-1.341158870919689,-0.015709619818512363,0.23816495993559048,0.015979354224981746,-0.06163342608288286,0.05454994779477639
21.231875966099665,4.192616124744659,9.962569643673325,-1.3417752053975356,-0.015159592285535223,0.23799360029414987,0.016010074415659582,-0.0616334694240962,0.05545678638802474
21.241875966099663,4.194997337446087,9.96269447822559,-1.3423915403069275,-0.014600460111212412,0.2378251983323796,0.0160406679571258,-0.06163351239222786,0.05637083865020084
21.25187596609966,4.1973768146567645,9.962820984176544,-1.3430078756441408,-0.014032152493288135,0.23765974275307852,0.016071117307433543,-0.061633554988570094,0.057291832056692256
21.261875966099662,4.199754583451695,9.96294917957666,-1.343624211405464,-0.013454601335108953,0.23749722194704345,0.016101405444339696,-0.06163359721441064,0.05821949438527977
21.271875966099664,4.202130670735074,9.963079082470879,-1.3442405475871984,-0.0128677412846269,0.23733762396970248,0.016131515864951197,-0.06163363907103279,0.05915355401057913
21.281875966099662,4.204505103240768,9.963210710898585,-1.344856884185658,-0.012271509774092445,0.23718093653310257,0.01616143259301334,-0.06163368055971535,0.06009373993301408
21.291875966099663,4.206877907524382,9.963344082893329,-1.3454732211971705,-0.011665846923143253,0.23702714702267444,0.016191140156154672,-0.061633721681732714,0.061039781765393965
21.30187596609966,4.2092491099564215,9.96347921648172,-1.3460895586180748,-0.011050695525751894,0.2368762424898988,0.016220623577661093,-0.06163376243835489,0.061991409897085
21.311875966099663,4.211618736722299,9.963616129683421,-1.3467058964447238,-0.01042600105022508,0.23672820965230618,0.016249868376475917,-0.06163380283084749,0.06294835549401145
21.32187596609966,4.213986813822328,9.963754840511152,-1.3473222346734823,-0.009791711639204798,0.23658303489347698,0.016278860567199804,-0.06163384286047174,0.06391035049865387
21.324202408660753,4.214537513919178,9.963787370460448,-1.3474656222794925,-0.009642766789694845,0.23654966914012118,0.016285567764320486,-0.061633852121238654,0.06413484857716585
21.334202408660754,4.21690362330601,9.96392819995164,-1.3480816392334294,-0.008996415571472063,0.23640518430554752,0.016312636898104152,-0.061633285064149654,0.06508537991063965
21.344202408660756,4.21926827100141,9.964070957058615,-1.3486979722929517,-0.008340943835850182,0.2362586866434273,0.01633725733729826,-0.061633326827691376,0.06600379094337344
21.35420240866075,4.221631349339408,9.964215519278902,-1.3493143057697314,-0.007676442988798705,0.2361098746696925,0.016359174490696494,-0.06163336851574959,0.06689125846608954
21.364202408660752,4.223992832170072,9.964361879033516,-1.3499306396630157,-0.00700322043467997,0.23595871605531216,0.01637845480769389,-0.06163341012858571,0.06774818427202706
21.374202408660754,4.226352693087532,9.964510028593834,-1.3505469739720535,-0.00632157962612152,0.23580517893210878,0.01639516382077322,-0.06163345166646023,0.06857497268277762
21.38420240866075,4.228710905430284,9.964659960081747,-1.3511633086960961,-0.0056318200267493805,0.23564923190958842,0.016409366138456,-0.061633493129632774,0.06937203025680605
21.394202408660753,4.2310674422648376,9.964811665470243,-1.351779643834398,-0.004934236859483956,0.2354908441649583,0.016421125391488295,-0.06163353451836203,0.07013976470665224
21.404202408660755,4.23342227640258,9.964965136583146,-1.3523959793862161,-0.004229121218433768,0.23532998541550465,0.016430504260185684,-0.06163357583290582,0.07087858492225638
21.414202408660753,4.235775380428369,9.965120365095332,-1.3530123153508096,-0.003516760168360419,0.23516662591154522,0.01643756450328402,-0.06163361707352103,0.0715889003345471
21.42420240866075,4.238126726701259,9.96527734253275,-1.353628651727441,-0.0027974367443513257,0.23500073643750574,0.016442366958123237,-0.06163365824046372,0.0722711208781697
21.434202408660752,4.240476287354931,9.965436060272532,-1.3542449885153742,-0.0020714299459519488,0.23483228831565564,0.016444971539583422,-0.06163369933398901,0.07292565691598975
21.444202408660754,4.24282403428918,9.965596509544167,-1.3548613257138769,-0.001339014576645143,0.2346612534726376,0.016445437205480314,-0.061633740354351166,0.07355291833282217
21.454202408660755,4.245169939170114,9.965758681429406,-1.3554776633222183,-0.0006004612334418965,0.2344876044446666,0.01644382195465479,-0.06163378130180355,0.07415331444464679
21.464202408660753,4.247513973465344,9.965922566863236,-1.3560940013396707,0.00014396351074500964,0.23431131434589328,0.01644018287327362,-0.06163382217659868,0.0747272535962712
21.47420240866075,4.249856108447467,9.966088156634076,-1.356710339765509,0.0008939970972485609,0.23413235686944325,0.016434576137755962,-0.06163386297898816,0.07527514305024388
21.484202408660753,4.252196315194236,9.966255441383833,-1.35732667859901,0.001649380982092256,0.2339507062881176,0.016427057014704472,-0.061633903709222754,0.07579738897032283
21.494202408660755,4.254534564584645,9.966424411609346,-1.3579430178394538,0.002409860719881703,0.23376633749599113,0.01641767984212882,-0.061633944367552346,0.07629439581774125
21.504202408660753,4.256870827293584,9.966595057662664,-1.3585593574861223,0.003175186026290429,0.23357922603243572,0.016406498015199524,-0.06163398495422595,0.07676656608739924
21.514202408660754,4.259205073824825,9.966767369752423,-1.3591756975383003,0.003945110575661437,0.2333893480395357,0.01639356403543503,-0.06163402546949173,0.07721430015201838
21.524202408660752,4.261537274517039,9.966941337944402,-1.3597920379952748,0.004719391973577026,0.233196680260232,0.01637892951760531,-0.06163406591359698,0.07763799613278921
21.534202408660754,4.263867399544177,9.967116952161591,-1.3604083788563357,0.0054977917553953445,0.23300120003857275,0.01636264519007676,-0.06163410628678813,0.0780380498853132
21.54420240866075,4.266195418914117,9.967294202185915,-1.361024720120775,0.006280075428890379,0.23280288534814053,0.01634476088455149,-0.061634146589310775,0.07841485455826001
21.554202408660753,4.2685213024597,9.967473077658441,-1.3616410617878871,0.007066012552288032,0.2326017148192405,0.016325325517504555,-0.06163418682140965,0.0787688003761371
21.564202408660755,4.270845019872388,9.967653568081593,-1.3622574038569693,0.007855376514555859,0.23239766769174347,0.016304387142528624,-0.06163422698332865,0.07910027454734521
21.574202408660753,4.273166540708932,9.967835662819832,-1.3628737463273206,0.008647944496071808,0.23219072380906272,0.01628199295968235,-0.061634267075310806,0.07940966119023073
21.58420240866075,4.275485834391404,9.968019351099679,-1.363490089198243,0.009443497468379048,0.23198086361813766,0.016258189315545096,-0.061634307097598345,0.07969734133233972
21.594202408660752,4.277802870208924,9.968204622011598,-1.364106432469041,0.01024182019548045,0.23176806818342002,0.016233021701962218,-0.06163434705043262,0.07996369264120157
21.604202408660754,4.28011761730297,9.968391464510498,-1.364722776139021,0.011042701352940604,0.23155231922922667,0.016206534727096402,-0.06163438693405416,0.08020908911039876
21.614202408660752,4.28243004469808,9.968579867417969,-1.3653391202074923,0.011845933311286824,0.23133359908792128,0.01617877216649402,-0.06163442674870266,0.08043390112963908
21.624202408660754,4.28474012131488,9.96876981942391,-1.3659554646737662,0.012651312048330528,0.2311118906837821,0.01614977698339759,-0.061634466494617,0.08063849541865532
21.63420240866075,4.2870478159700935,9.968961309086541,-1.3665718095371562,0.013458637149167,0.23088717753300217,0.016119591328745776,-0.0616345061720352,0.08082323502720529
21.644202408660753,4.289353097378162,9.969154324833186,-1.367188154796979,0.014267711794787757,0.23065944374467753,0.016088256543370132,-0.06163454578119447,0.08098847928305729
21.65420240866075,4.291655934143055,9.969348854963034,-1.3678045004525534,0.015078342827468743,0.2304286740590829,0.0160558131400104,-0.06163458532233121,0.08113458340251341
21.664202408660753,4.293956294763135,9.969544887646883,-1.3684208465032,0.015890340716693135,0.23019485383628555,0.016022300811733198,-0.061634624795681,0.0812618985538738
21.674202408660754,4.296254147661864,9.96974241093116,-1.3690371929482419,0.016703519333110407,0.2299579690065909,0.015987758484054707,-0.06163466420147859,0.08137077190413555
21.684202408660756,4.298549461189377,9.969941412738219,-1.369653539787005,0.01751769593704691,0.2297180060686414,0.01595222431751304,-0.061634703539957945,0.08146154661178201
21.69420240866075,4.300842203622479,9.970141880866354,-1.3702698870188175,0.0183326911785056,0.22947495208941662,0.015915735707668265,-0.06163474281135218,0.08153456182678274
21.704202408660752,4.30313234316713,9.970343802992083,-1.3708862346430093,0.019148329072595317,0.22922879470771074,0.015878329289234785,-0.061634782015893626,0.08159015259771316
21.714202408660753,4.305419847943614,9.970547166671594,-1.3715025826589133,0.01996443710587282,0.22897952217788167,0.015840040908554363,-0.061634821153813815,0.08162864957253167
21.724202408660755,4.307704686008705,9.970751959342165,-1.3721189310658644,0.020780846071463712,0.22872712332290018,0.01580090566295751,-0.061634860225343466,0.08165037920330499
21.734202408660753,4.309986825375533,9.970958168325884,-1.3727352798631998,0.021597389912949412,0.22847158750113394,0.015760957936131127,-0.06163489923071249,0.08165566381160247
21.74420240866075,4.312266234013627,9.97116578082967,-1.3733516290502588,0.02241390572396504,0.22821290460628627,0.01572023139820556,-0.06163493817015002,0.08164482158838021
21.754202408660753,4.314542879848923,9.97137478394526,-1.3739679786263836,0.023230233748200445,0.22795106506739585,0.01567875900575456,-0.0616349770438844,0.08161816659398105
21.764202408660754,4.316816730766436,9.971585164652474,-1.3745843285909183,0.024046217344104982,0.22768605985110113,0.015636573007801,-0.06163501585214317,0.0815760087025749
21.774202408660752,4.319087754593881,9.97179690981982,-1.375200678943209,0.024861703101056697,0.22741788050493575,0.015593704916157854,-0.06163505459515308,0.08151865335596634
21.784202408660754,4.3213559191269155,9.972010006206787,-1.3758170296826047,0.025676540648253202,0.22714651910278025,0.01555018555103837,-0.06163509327314009,0.08144640181512168
21.794202408660755,4.323621192145959,9.972224440467748,-1.376433380808456,0.026490582514522507,0.2268719682141107,0.015506045072680951,-0.061635131886329395,0.08135955127130981
21.804202408660753,4.3258835414162,9.972440199151965,-1.3770497323201158,0.027303684128321515,0.22659422090399847,0.015461312981349428,-0.0616351704349454,0.08125839484610248
21.81420240866075,4.328142934687597,9.972657268703582,-1.3776660842169401,0.02811570381773703,0.22631327073311,0.015416018117333006,-0.06163520891921175,0.08114322159137431
21.824202408660753,4.330399339697328,9.972875635464293,-1.3782824364982864,0.02892650277729537,0.22602911175622686,0.015370188667156856,-0.061635247339351294,0.08101431649635836
21.834202408660754,4.332652724156318,9.973095285675875,-1.3788987891635143,0.029735945149002012,0.22574173856081067,0.015323852140912279,-0.06163528569558611,0.08087196028911658
21.844202408660752,4.334903055763707,9.973316205480058,-1.379515142211986,0.030543897922778597,0.22545114623259582,0.015277035397332205,-0.0616353239881375,0.08071642960250577
21.854202408660754,4.337150302229752,9.973538380924474,-1.3801314956430657,0.031350230739560135,0.22515733030949395,0.015229764688654149,-0.06163536221722603,0.08054799720440182
21.864202408660752,4.339394431276079,9.973761797962753,-1.3807478494561196,0.032154815888897424,0.22486028678114062,0.015182065661143291,-0.06163540038307146,0.0803669319999721
21.874202408660754,4.341635410635691,9.973986442454532,-1.381364203650517,0.032957528308958,0.22456001208889487,0.015133963355092405,-0.061635438485892854,0.08017349903167528
21.88420240866075,4.343873208054066,9.97421230016631,-1.3819805582256282,0.03375824557339451,0.22425650312400264,0.015085482207548509,-0.061635476525908464,0.07996795949582444
21.894202408660753,4.346107791285338,9.974439356777337,-1.3825969131808264,0.03455684788180044,0.22394975724362795,0.015036646050439246,-0.06163551450333579,0.07975057071927957
21.904202408660755,4.348339128083977,9.974667597875836,-1.383213268515487,0.03535321814314636,0.22363977228904847,0.014987478091771672,-0.061635552418391595,0.07952158603412175
21.914202408660753,4.350567186236697,9.974897008966638,-1.383829624228987,0.03614724170688048,0.2233265465152987,0.014938000978711936,-0.06163559027129187,0.0792812551770165
21.92420240866075,4.35279193356614,9.97512757547261,-1.384445980320706,0.03693880632832583,0.22301007858353214,0.014888236805390183,-0.06163562806225188,0.07902982433821057
21.934202408660752,4.355013337930881,9.975359282734665,-1.3850623367900263,0.037727802168678805,0.22269036756102184,0.01483820711290065,-0.06163566579148614,0.07876753616153251
21.944202408660754,4.357231367225429,9.975592116011747,-1.385678693636331,0.038514121795010126,0.2223674129211601,0.014787932889301601,-0.06163570345920843,0.07849462974439228
21.954202408660755,4.3594459893824995,9.975826060484305,-1.3862950508590062,0.03929766014391626,0.22204121453996098,0.014737434576943893,-0.06163574106563177,0.07821134070645955
21.964202408660753,4.361657172359641,9.976061101257143,-1.3869114084574399,0.04007831459816147,0.22171177273202208,0.014686732050886248,-0.061635778610968445,0.07791790107371513
21.97420240866075,4.363864884151048,9.976297223358056,-1.3875277664310224,0.040855984915154665,0.22137908822164998,0.014635844637941795,-0.061635816095430014,0.07761453938200837
21.984202408660753,4.366069092808942,9.97653441174557,-1.3881441247791462,0.04163057303360378,0.2210431620945698,0.014584791161983208,-0.061635853519227284,0.07730148100779133
21.994202408660755,4.368269766443827,9.976772651309057,-1.3887604835012055,0.04240198307093236,0.2207039957973854,0.014533589944525707,-0.06163589088257036,0.07697894817267026
22.004202408660753,4.370466873224484,9.97701192686876,-1.3893768425965969,0.04317012132328056,0.22036159113757886,0.014482258804727,-0.06163592818566862,0.07664715994340528
22.014202408660754,4.372660381377975,9.977252223175777,-1.389993202064719,0.043934896265504876,0.22001595028351076,0.014430815059387295,-0.061635965428730705,0.0763063322319104
22.024202408660756,4.374850259191908,9.977493524917573,-1.390609561904972,0.04469621850630617,0.21966707576078856,0.014379275532285284,-0.06163600261196454,0.07595667791776287
22.034202408660754,4.377036474998137,9.97773581671762,-1.3912259221167593,0.045454000904375576,0.2193149704942146,0.014327656523955767,-0.061636039735577304,0.07559840666908718
22.04420240866075,4.379218997191881,9.977979083136894,-1.3918422826994856,0.046208158430635554,0.2189596377614593,0.014275973846737936,-0.06163607679977548,0.07523172516013965
22.054202408660753,4.381397794246708,9.978223308680684,-1.3924586436525574,0.046958608028886226,0.21860108115794996,0.014224242858148804,-0.061636113804764824,0.07485683734746684
22.064202408660755,4.383572834714541,9.978468477798605,-1.3930750049753842,0.04770526861578739,0.21823930459686652,0.014172478460887511,-0.0616361507507504,0.07447394446994618
22.074202408660753,4.385744087225656,9.978714574884581,-1.3936913666673767,0.048448061080858335,0.21787431230914164,0.014120695102835342,-0.061636187637936546,0.07408324504878613
22.08420240866075,4.38791152048868,9.978961584276854,-1.3943077287279475,0.04918690828647758,0.21750610884346086,0.014068906777055733,-0.06163622446652691,0.07368493488752625
22.094202408660752,4.390075103292562,9.97920949026306,-1.3949240911565124,0.049921735031935366,0.21713469906252425,0.01401712703006531,-0.061636261236724416,0.07327920719830029
22.104202408660754,4.39223480449204,9.979458277081566,-1.395540453952488,0.05065246815000419,0.21676008818137635,0.013965368936101051,-0.0616362979487313,0.0728662524876282
22.114202408660752,4.394390593021144,9.979707928920343,-1.3961568171152936,0.05137903642109304,0.21638228173405033,0.013913645119723738,-0.061636334602749074,0.07244625865705683
22.124202408660754,4.396542437910022,9.97995842992556,-1.3967731806443504,0.05210137041886868,0.21600128553288928,0.013861967794319302,-0.06163637119897857,0.07201941134673696
22.134202408660755,4.398690308285023,9.980209764201652,-1.3973895445390814,0.05281940250950054,0.21561710566837788,0.01381034876228353,-0.06163640773761993,0.07158589393735354
22.144202408660753,4.400834173368684,9.98046191581131,-1.3980059087989114,0.053533066851660455,0.2152297485091425,0.013758799415022071,-0.061636444218872585,0.07114588755012574
22.15420240866075,4.402974002479744,9.980714868775488,-1.398622273423268,0.054242299396523586,0.21483922070195072,0.01370733073295039,-0.061636480642935296,0.07069957104680646
22.164202408660753,4.405109765034338,9.980968607075674,-1.3992386384115802,0.05494703787177944,0.2144455291691009,0.013655953289706839,-0.061636517010006116,0.07024712109218237
22.174202408660754,4.407241430538604,9.981223114661223,-1.3998550037632789,0.055647221810450107,0.21404868112983214,0.013604677244515764,-0.06163655332028243,0.06978871225327923
22.184202408660756,4.409368968585448,9.98147837544159,-1.4004713694777973,0.05634279260296738,0.2136486841085375,0.013553512328325077,-0.06163658957396092,0.06932451678926776
22.19420240866075,4.411492348878165,9.981734373297543,-1.4010877355545701,0.057033693295138424,0.21324554587645103,0.013502467897002636,-0.06163662577123759,0.06885470511799106
22.204202408660752,4.413611541231999,9.981991092082398,-1.4017041019930345,0.05771986857325203,0.21283927444791556,0.013451552935260874,-0.06163666191230778,0.06837944585763571
22.214202408660753,4.4157265155741285,9.982248515622002,-1.4023204687926296,0.058401264764077344,0.2124298780803831,0.013400776056656885,-0.061636697997366145,0.06789890582673266
22.224202408660755,4.417837241943677,9.982506627714745,-1.4029368359527958,0.05907782983486471,0.2120173652744146,0.013350145503592366,-0.06163673402660667,0.06741325004415669
22.234202408660753,4.419943690491711,9.982765412131561,-1.4035532034729763,0.05974951339331236,0.21160174477367202,0.01329966914732346,-0.06163677000022267,0.06692264172925255
22.244202408660755,4.4220458314825875,9.983024852623656,-1.4041695713526157,0.060416266662364736,0.21118302556378607,0.013249354496601798,-0.06163680591840679,0.06642724249200171
22.254202408660753,4.424143635278311,9.983284932919485,-1.4047859395911602,0.0610780426015029,0.21076121691414437,0.013199208664781933,-0.061636841781350996,0.06592721212968937
22.264202408660754,4.426237072355567,9.983545636726552,-1.405402308188059,0.061734795784416215,0.21033632833455684,0.0131492384025458,-0.06163687758924659,0.06542270880882067
22.274202408660752,4.428326113316855,9.983806947739351,-1.4060186771427623,0.06238648230324372,0.20990836954824862,0.013099450125251171,-0.06163691334228421,0.06491388934292268
22.284202408660754,4.430410728890488,9.984068849639383,-1.4066350464547226,0.06303305976857498,0.20947735049185975,0.013049849912931602,-0.06163694904065386,0.0644009091925438
22.294202408660755,4.432490889930596,9.984331326095145,-1.407251416123394,0.06367448730944984,0.20904328131544528,0.013000443510296451,-0.06163698468454485,0.06388392246525397
22.304202408660753,4.434566567417125,9.984594360762129,-1.4078677861482325,0.06431072557335828,0.2086061723824753,0.012951236326730882,-0.06163702027414587,0.06336308191564474
22.31420240866075,4.436637732456054,9.984857937283198,-1.4084841565286965,0.06494173672439986,0.20816603426940924,0.012902233436984448,-0.06163705580964495,0.06283853895544428
22.324202408660753,4.438704356278809,9.985122039298668,-1.4091005272642456,0.0655674844419881,0.20772287777219703,0.012853439587023268,-0.06163709129122944,0.06231044387841467
22.334202408660754,4.440766410227852,9.985386650437505,-1.409716898354342,0.0661879340368154,0.20727671394299654,0.012804859158525505,-0.06163712671908607,0.06177894554500604
22.344202408660752,4.442823865777779,9.985651754324948,-1.410333269798449,0.0668030522937838,0.2068275540373365,0.012756496214588126,-0.061637162093400893,0.061244191719713494
22.354202408660754,4.444876694541301,9.985917334587723,-1.410949641596032,0.06741280742486183,0.206375409500297,0.01270835451504822,-0.06163719741435934,0.06070632923665998
22.364202408660752,4.446924868269244,9.986183374854035,-1.4115660137465589,0.06801716906908431,0.20592029196650952,0.012660437516483013,-0.061637232682146215,0.06016550399959647
22.374202408660754,4.448968358850552,9.986449858753572,-1.4121823862494984,0.06861610829255309,0.2054622132601564,0.01261274837220982,-0.06163726789694565,0.059621860981901274
22.38420240866075,4.451007138312281,9.986716769917503,-1.4127987591043218,0.06920959758843598,0.20500118539497164,0.012565289932286118,-0.06163730305894116,0.05907554422658104
22.394202408660753,4.453041178819488,9.986984091978611,-1.4134151323105018,0.06979761087796858,0.20453722057465287,0.012518064743359876,-0.06163733816831562,0.05852669684818402
22.404202408660755,4.455070452667232,9.987251808578804,-1.4140315058675132,0.07038012358027637,0.2040703312209752,0.01247107503715108,-0.06163737322525126,0.05797546113843578
22.414202408660753,4.4570949322865046,9.987519903368883,-1.4146478797748325,0.07095711257536251,0.20360052995972924,0.012424322739729241,-0.061637408229929684,0.057421978596848534
22.42420240866075,4.459114590255338,9.98778836000996,-1.4152642540319382,0.07152855611707634,0.2031278295898508,0.012377809495326986,-0.061637443182531886,0.05686639004930197
22.434202408660752,4.461129399297564,9.988057162176407,-1.4158806286383103,0.07209443384375983,0.20265224308850432,0.01233153666617273,-0.06163747808323822,0.056308835705760354
22.444202408660754,4.463139332282806,9.988326293555852,-1.4164970035934306,0.07265472677824829,0.2021737836110825,0.012285505332490617,-0.0616375129322284,0.055749455160271945
22.446528851221842,4.4636062296169285,9.988388950889707,-1.4166403997362986,0.07278427303682508,0.20206206224280385,0.012274831124597218,-0.06163752103224966,0.05561907148433904
22.456528851221844,4.465609995132195,9.988658361382074,-1.4172564538885246,0.07333795123847474,0.2015840433953757,0.01222845268382642,-0.061636949041618566,0.05505951229272301
22.466528851221845,4.467609041662956,9.988928165993515,-1.4178728235625306,0.07388574659195568,0.20111206537594878,0.012181999122639784,-0.061636985733988736,0.05449958636135264
22.476528851221843,4.469603296894812,9.989198247193237,-1.4184891936026915,0.07442794416493934,0.20064575316672745,0.012135141386087131,-0.0616370222727306,0.053939936208990735
22.48652885122184,4.471592819231741,9.989468588877642,-1.4191055640074743,0.0749645459391339,0.2001850652465341,0.012087876420062428,-0.06163705865837625,0.05338041603469215
22.496528851221843,4.473577666675723,9.989739175050248,-1.4197219347753505,0.07549555247965929,0.19972996021943837,0.01204020147255355,-0.06163709489145595,0.05282088109171237
22.506528851221844,4.475557896826734,9.990009989821685,-1.420338305904797,0.07602096293504763,0.1992803968147564,0.011992114093642234,-0.06163713097249813,0.05226118768750679
22.516528851221846,4.477533566882752,9.99028101740969,-1.4209546773942958,0.07654077503724327,0.19883633388705113,0.011943612135504083,-0.06163716690202941,0.05170119318373093
22.526528851221844,4.479504733639753,9.990552242139112,-1.4215710492423348,0.07705498510160261,0.19839773041613232,0.011894693752408573,-0.061637202680574606,0.05114075599624043
22.536528851221842,4.481471453491713,9.990823648441916,-1.4221874214474062,0.0775635880268941,0.19796454550705642,0.011845357400719061,-0.061637238308656674,0.05057973559509119
22.546528851221844,4.483433782430609,9.99109522085717,-1.4228037940080083,0.07806657729529878,0.19753673839012642,0.011795601838892734,-0.06163727378679679,0.050017992504538714
22.556528851221845,4.4853917760501085,9.991366944025494,-1.423420166922644,0.07856394498718794,0.19711426841237645,0.011745426117221293,-0.06163730911551428,0.04945538820394085
22.566528851221843,4.487345489564499,9.991638802668358,-1.424036540189822,0.07905568182489277,0.19669709498885957,0.01169482953733301,-0.06163734429532674,0.04889178468782753
22.576528851221845,4.489294977782232,9.991910781627555,-1.4246529138080557,0.07954177707270778,0.19628517766060627,0.011643811721430728,-0.061637379326749855,0.04832704513087899
22.586528851221843,4.491240295117263,9.992182865833186,-1.4252692877758635,0.08002221864644245,0.19587847607518047,0.011592372554767357,-0.061637414210297566,0.047761033419060205
22.596528851221844,4.49318149559196,9.992455040298301,-1.4258856620917701,0.08049699312916933,0.19547694998046558,0.011540512175933338,-0.06163744894648204,0.04719361406157445
22.606528851221842,4.495118632837101,9.992727290118903,-1.4265020367543038,0.08096608577122313,0.1950805592246653,0.011488230976856738,-0.0616374835358137,0.0466246521908643
22.616528851221844,4.497051760091877,9.992999600473947,-1.4271184117619988,0.08142948049020132,0.19468926375630308,0.011435529602803184,-0.061637517978801196,0.04605401356261095
22.626528851221845,4.498980930203895,9.993271956625332,-1.427734787113394,0.08188715987096401,0.19430302362422222,0.011382408952375878,-0.06163755227595144,0.04548156455573438
22.636528851221843,4.500906195629168,9.993544343917915,-1.4283511628070338,0.08233910516563392,0.19392179897758594,0.011328870177515606,-0.061637586427769585,0.04490717217239336
22.64652885122184,4.502827608432126,9.9938167477795,-1.4289675388414669,0.08278529629359621,0.19354555006587745,0.011274914683500744,-0.06163762043475902,0.04433070403798564
22.656528851221843,4.50474522028588,9.994089153720209,-1.4295839152152479,0.08322571184248768,0.1931742372381928,0.011220544128076404,-0.06163765429742138,0.04375202839191447
22.666528851221845,4.50665908248583,9.99436154730413,-1.4302002919269357,0.08366032910746636,0.19280782090331022,0.011165760380568868,-0.061637688016256624,0.04317101363101436
22.676528851221843,4.508569245934541,9.994633914190095,-1.4308166689750947,0.08408912401987087,0.19244626156001873,0.011110565573463908,-0.061637721591762895,0.04258752881481951
22.686528851221844,4.510475761143115,9.994906240116505,-1.4314330463582943,0.08451207118767538,0.19208951980027503,0.011054962083381007,-0.06163775502443655,0.04200144352436213
22.696528851221846,4.512378678238978,9.995178510880733,-1.4320494240751085,0.08492914393101998,0.19173755629043826,0.010998952503252906,-0.0616377883147723,0.041412627579915325
22.706528851221844,4.514278046965877,9.995450712339116,-1.4326658021241165,0.08534031428221071,0.1913903317712703,0.010942539642325616,-0.06163782146326313,0.0408209510409933
22.71652885122184,4.516173916683884,9.995722830406958,-1.4332821805039027,0.08574555298571993,0.19104780705793525,0.01088572652615835,-0.06163785447040036,0.040226284206350646
22.726528851221843,4.518066336369389,9.99599485105853,-1.4338985592130555,0.08614482949818564,0.19070994304000002,0.01082851639662363,-0.06163788733667361,0.03962849761398339
22.736528851221845,4.519955354615109,9.996266760327064,-1.4345149382501687,0.08653811198841198,0.190376700681434,0.010770912711907214,-0.061637920062570795,0.03902746204112831
22.746528851221846,4.521841019630082,9.996538544304766,-1.4351313176138412,0.08692536733736908,0.19004804102060915,0.010712919146508116,-0.06163795264857817,0.0384230485042631
22.75652885122184,4.523723379239666,9.9968101891428,-1.435747697302676,0.08730656113819293,0.18972392517029998,0.010654539591238627,-0.061637985095180294,0.037815128259106545
22.766528851221842,4.525602480885545,9.9970816810513,-1.436364077315282,0.08768165769618592,0.18940431431768331,0.01059577815322423,-0.06163801740286001,0.0372035728006178
22.776528851221844,4.527478371631277,9.997353006282415,-1.4369804576502718,0.0880506200259672,0.1890891697025092,0.010536639139844239,-0.06163804957209855,0.03658825360972523
22.786528851221846,4.52935109816432,9.99762415112249,-1.4375968383062634,0.08841340984053658,0.18877845259112946,0.010477127045237442,-0.06163808160337546,0.03596904191730808
22.796528851221844,4.531220706775641,9.997895101948387,-1.43821321928188,0.08876998756485013,0.18847212435092528,0.010417246601608306,-0.06163811349716852,0.03534580953256711
22.806528851221845,4.533087243376948,9.998165845172844,-1.4388296005757493,0.08912031233854865,0.18817014639662558,0.010357002732145055,-0.061638145253953856,0.03471842813492142
22.816528851221843,4.534950753501624,9.998436367241613,-1.439445982186503,0.08946434201577783,0.1878724801870802,0.010296400548460071,-0.061638176874205995,0.03408676923446146
22.826528851221845,4.536811282304721,9.998706654633473,-1.4400623641127794,0.08980203316518873,0.18757908722525962,0.01023544535058981,-0.06163820835839783,0.03345070417194827
22.836528851221843,4.538668874562963,9.998976693860222,-1.4406787463532194,0.09013334106993713,0.18728992905825548,0.010174142626994922,-0.06163823970700064,0.032810104118814624
22.846528851221844,4.540523574674744,9.999246471466678,-1.4412951289064697,0.09045821972768398,0.1870049672772801,0.01011249805456017,-0.06163827092048409,0.03216484007716426
22.856528851221846,4.54237542666013,9.999515974030684,-1.4419115117711812,0.09077662185059525,0.1867241635176668,0.010050517498594458,-0.061638301999316206,0.03151478287977208
22.866528851221844,4.544224474160861,9.999785188163099,-1.4425278949460094,0.09108849886534195,0.18644747945886964,0.009988207012830819,-0.06163833294396342,0.030859803190084144
22.876528851221842,4.546070760440341,10.000054100507809,-1.4431442784296151,0.09139380091310007,0.18617487682446365,0.00992557283942644,-0.061638363754890534,0.03019977150221789
22.886528851221843,4.547914328383654,10.000322697741716,-1.4437606622206636,0.09169247684955087,0.18590631738214453,0.009862621408962593,-0.06163839443256073,0.02953455814096129
22.896528851221845,4.54975522049755,10.000590966574745,-1.444377046317824,0.0919844742448804,0.18564176294372908,0.009799359340444734,-0.06163842497743557,0.028864033261774096
22.906528851221843,4.551593478911111,10.000858893725024,-1.444993430719771,0.09226973932100647,0.18538117532243953,0.009735793425115696,-0.06163845538997503,0.028188066344619518
22.916528851221845,4.553429145367694,10.001126465932519,-1.4456098154251835,0.09254821697173807,0.18512451634469804,0.009671930627349166,-0.06163848567063748,0.02750652631805859
22.926528851221843,4.555262261227733,10.001393669980695,-1.4462262004327449,0.09281985083506973,0.18487174789927685,0.009607778102018114,-0.06163851581987964,0.026819282117308458
22.936528851221844,4.557092867474408,10.001660492660495,-1.446842585741144,0.09308458321527283,0.18462283188511358,0.009543343175803473,-0.06163854583815667,0.02612620206324312
22.946528851221842,4.558921004713663,10.001926920770225,-1.4474589713490729,0.09334235508261968,0.18437773021112586,0.009478633347126484,-0.061638575725922184,0.02542715386019726
22.956528851221844,4.560746713174198,10.00219294111556,-1.448075357255229,0.09359310607338402,0.18413640479621113,0.00941365628614861,-0.06163860548362825,0.024722004595965415
22.966528851221845,4.562570032707474,10.00245854050953,-1.4486917434583138,0.09383677448984078,0.18389881756924675,0.009348419834771552,-0.06163863511172535,0.024010620741802175
22.976528851221847,4.564391002787713,10.002723705772532,-1.4493081299570334,0.0940732973002662,0.1836649304690899,0.009282932006637264,-0.06163866461066245,0.023292868152422184
22.98652885122184,4.566209662511895,10.00298842373233,-1.4499245167500983,0.0943026101389377,0.1834347054445777,0.009217200987127956,-0.061638693980886936,0.022568612066000377
22.996528851221843,4.56802605059976,10.003252681224042,-1.4505409038362238,0.09452464730613416,0.18320810445452698,0.009151235133366024,-0.06163872322284466,0.021837717104171067
23.006528851221844,4.569840205393809,10.00351646509016,-1.4511572912141295,0.09473934176813553,0.18298508946773456,0.00908504297421417,-0.06163875233697989,0.021100047272029295
23.016528851221846,4.5716521648584125,10.00377976217337,-1.4517736788825388,0.09494662512772531,0.18276562245106956,0.009018633208438891,-0.0616387813237354,0.020355465807528048
23.026528851221844,4.573461966568854,10.004042559293095,-1.4523900668401808,0.09514642750951557,0.1825496653251861,0.008952014694908549,-0.06163881018355242,0.019603834583204673
23.036528851221842,4.575269647713784,10.004304843299273,-1.4530064550857875,0.09533867777477366,0.18233718005270305,0.008885196464136857,-0.06163883891687057,0.01884501519499981
23.046528851221844,4.577075245101133,10.004566601030874,-1.4536228436180973,0.09552330337777556,0.18212812857781235,0.008818187712626626,-0.06163886752412797,0.018078868245352053
23.056528851221845,4.578878795158064,10.004827819309147,-1.454239232435851,0.09570023033982322,0.18192247281560797,0.0087509978014992,-0.06163889600576123,0.017305253211761303
23.066528851221843,4.580680333930978,10.00508848493761,-1.4548556215377952,0.09586938324924481,0.1817201746520858,0.008683636256494376,-0.06163892436220549,0.016524028446787863
23.076528851221845,4.5824798970855065,10.00534858470206,-1.4554720109226797,0.09603068526139456,0.18152119594414345,0.00861611276797042,-0.061638952593894375,0.015735051178052666
23.086528851221846,4.584277519906518,10.005608105370568,-1.4560884005892591,0.09618405809865291,0.1813254985195806,0.008548437190904076,-0.06163898070126002,0.014938177508237258
23.096528851221844,4.5860732372981134,10.005867033693473,-1.4567047905362922,0.0963294220504263,0.1811330441770987,0.008480619544890577,-0.061639008684733064,0.01413326241508407
23.106528851221842,4.587867083783631,10.006125356403395,-1.4573211807625426,0.09646669597314748,0.180943794686301,0.008412670014143572,-0.06163903654474266,0.013320159751395406
23.116528851221844,4.589659093505642,10.006383060215224,-1.4579375712667773,0.09659579729027519,0.18075771178769282,0.008344598947495237,-0.06163906428171648,0.012498722245034947
23.126528851221845,4.591449300225841,10.00664013182587,-1.4585539620477683,0.09671664199062396,0.1805747571921645,0.008276416858401978,-0.061639091896080654,0.011668801492140678
23.136528851221843,4.593237737308093,10.006896557887577,-1.4591703531042914,0.0968291444388934,0.18039489252466104,0.008208134424243702,-0.06163911938825992,0.010830247188395916
23.14652885122184,4.595024437719139,10.00715232503849,-1.4597867444351271,0.09693321754212833,0.1802180793807872,0.008139762482688339,-0.06163914675867748,0.009982907811356863
23.156528851221843,4.596809434041396,10.007407419895515,-1.4604031360390601,0.09702877274869029,0.18004427932046518,0.008071312035244865,-0.06163917400775502,0.009126630619280688
23.166528851221845,4.598592758467664,10.007661829032656,-1.461019527914879,0.09711571991807075,0.1798734538261497,0.008002794248609148,-0.06163920113591282,0.00826126112221746
23.176528851221843,4.600374442801117,10.007915538981027,-1.4616359200613767,0.09719396732089125,0.17970556430282789,0.007934220454663864,-0.0616392281435697,0.007386643082009113
23.186528851221844,4.602154518455315,10.008168536228837,-1.4622523124773503,0.09726342163890336,0.1795405720780194,0.007865602150478525,-0.061639255031143064,0.006502618512289706
23.196528851221846,4.603933016454193,10.008420807221396,-1.462868705161601,0.09732398796498873,0.1793784384017763,0.007796950998309464,-0.06163928179904886,0.005609027678485424
23.206528851221844,4.605709967432069,10.008672338361125,-1.463485098112934,0.09737556980315898,0.1792191244466832,0.007728278825599873,-0.0616393084477016,0.004705709097814851
23.21652885122184,4.60748540163364,10.008923116007534,-1.464101491330159,0.09741806906855585,0.17906259130785693,0.00765959762497971,-0.06163933497751438,0.003792499539287871
23.226528851221843,4.609259348913983,10.009173126477245,-1.4647178848120896,0.09745138608745106,0.178908800002947,0.007590919554265824,-0.061639361388898826,0.0028692340237073104
23.236528851221845,4.611031838732224,10.009422356041856,-1.4653342785575436,0.09747541955939547,0.17875771146400293,0.007522256937081772,-0.06163938768226515,0.0019357456982551854
23.246528851221846,4.6128029001214825,10.009670790912356,-1.465950672565343,0.09749006634516379,0.17860928648825306,0.007453622266959544,-0.061639413858022116,0.0009918651192599162
23.256528851221844,4.614572561727705,10.009918417243924,-1.4665670668343136,0.0974952216497938,0.1784634857719223,0.007385028205382763,-0.06163943991657709,3.742083561333268e-05
23.266528851221842,4.6163408517992615,10.010165221134521,-1.467183461363285,0.09749077904369752,0.17832026991672442,0.007316487569994586,-0.06163946585833604,-0.0009277303850816447
23.276528851221844,4.618107798182309,10.010411188622172,-1.467799856151092,0.09747663132946474,0.17817959962300348,0.0072480131791252955,-0.061639491683703515,-0.0019035951393003238
23.286528851221842,4.619873428326692,10.010656305680234,-1.4684162511965726,0.09745267156911569,0.17804143591411348,0.007179617672657114,-0.06163951739308268,-0.002890138220242583
23.296528851221844,4.621637769296171,10.010900558210095,-1.4690326464985684,0.09741879325858609,0.1779057401684252,0.007111313481207352,-0.0616395429868753,-0.003887320185163784
23.306528851221845,4.623400847729157,10.011143932068187,-1.4696490420559258,0.09737489006358833,0.1777724740853265,0.007043112873090763,-0.06163956846548173,-0.0048950976534100805
23.316528851221843,4.625162689877855,10.01138641304009,-1.470265437867495,0.0973208561841115,0.17764159973621887,0.0069750278878380634,-0.06163959382930091,-0.005913423027685683
23.32652885122184,4.62692332161582,10.01162798683544,-1.4708818339321303,0.09725658641730603,0.17751307957310164,0.006907070324813275,-0.06163961907873044,-0.006942244449064454
23.336528851221843,4.62868276843795,10.011868639087934,-1.4714982302486899,0.09718197615748386,0.17738687642857234,0.006839251743213845,-0.06163964421416654,-0.007981505796988048
23.346528851221844,4.630441055460492,10.01210835535532,-1.4721146268160352,0.09709692139611834,0.17726295351582652,0.006771583462070568,-0.06163966923600407,-0.009031146689267144
23.356528851221846,4.632198207421037,10.012347121119404,-1.4727310236330329,0.09700131872184425,0.1771412744286577,0.006704076560247605,-0.06163969414463652,-0.010091102482081138
23.366528851221844,4.633954248678524,10.012584921786049,-1.4733474206985522,0.09689506532045786,0.17702180314145755,0.006636741876442483,-0.061639718940456015,-0.011161304269978157
23.376528851221842,4.635709203213237,10.012821742685176,-1.4739638180114671,0.09677805897491686,0.17690450400921567,0.006569590009186115,-0.06163974362385332,-0.012241678885874697
23.386528851221843,4.637463094640545,10.013057569064314,-1.4745802155706556,0.09665019827585478,0.1767893418000429,0.006502631278403598,-0.06163976819521785,-0.013332148868186377
23.396528851221845,4.63921594621098,10.01329238608961,-1.4751966133749992,0.0965113827709687,0.17667628172067837,0.006435875696048058,-0.06163979265493765,-0.014432632374131976
23.406528851221843,4.6409677807947975,10.013526178851865,-1.4758130114233834,0.0963615126345721,0.1765652893642863,0.00636933302742534,-0.061639817003399426,-0.015543043252855491
23.416528851221845,4.642718620914871,10.013758932349837,-1.4764294097146975,0.09620048902788463,0.1764563307639536,0.006303012727266984,-0.06163984124098852,-0.01666329104148408
23.426528851221846,4.644468488747291,10.013990631489936,-1.477045808247835,0.09602821410684811,0.1763493723938751,0.006236923938322082,-0.061639865368088985,-0.017793280964456166
23.436528851221844,4.64621740612137,10.014221261086231,-1.4776622070216923,0.09584459102212677,0.1762443811693538,0.006171075491357295,-0.06163988938508353,-0.018932913933521076
23.446528851221842,4.647965394519639,10.014450805860447,-1.478278606035171,0.0956495239191068,0.17614132444680045,0.006105475905156779,-0.061639913292353556,-0.02008208654774045
23.456528851221844,4.649712475077847,10.01467925044197,-1.4788950052871752,0.09544291793789686,0.17604017002373407,0.006040133386522296,-0.06163993709027913,-0.021240691093486145
23.466528851221845,4.651458668584965,10.014906579367837,-1.4795114047766134,0.09522467921332779,0.1759408861387816,0.005975055830273143,-0.061639960779239,-0.022408615544441613
23.476528851221843,4.6532039955053115,10.015132777073909,-1.480127804502398,0.09499471512124184,0.17584344151012596,0.005910250777080773,-0.061639984359610614,-0.023585743709951867
23.48652885122184,4.654948475963381,10.015357827902896,-1.4807442044634447,0.09475293426919534,0.17574780533781506,0.005845725411016306,-0.061640007831770094,-0.024771955110697214
23.496528851221843,4.656692129733504,10.015581716107434,-1.4813606046586736,0.09449924630339841,0.17565394727205583,0.005781486594377312,-0.061640031196092245,-0.02596712491683157
23.506528851221844,4.658434976280513,10.015804425832497,-1.481977005087008,0.09423356225501353,0.1755618374648803,0.005717540811011651,-0.061640054452950566,-0.027171124234160696
23.516528851221842,4.660177034759912,10.016025941115323,-1.4825934057473755,0.0939557945418628,0.17547144657040575,0.005653894166031872,-0.061640077602717294,-0.02838382010537415
23.526528851221844,4.661918324017888,10.01624624588541,-1.483209806638707,0.093665856968428,0.17538274574483487,0.005590552385815237,-0.06164010064576338,-0.029605075510044924
23.536528851221846,4.663658862591299,10.016465323964523,-1.4838262077599367,0.09336366472585061,0.1752957066464556,0.00552752081800372,-0.06164012358245849,-0.03083474936462944
23.546528851221844,4.6653986687076845,10.016683159066686,-1.484442609110003,0.0930491343919319,0.17521030143564123,0.005464804431504023,-0.06164014641317102,-0.032072696522467165
23.55652885122184,4.667137760285259,10.016899734798187,-1.485059010687848,0.09272218393113253,0.1751265027748503,0.005402407816487506,-0.06164016913826807,-0.03331876777378214
23.566528851221843,4.6688761549332005,10.017115034657564,-1.4856754124924176,0.09238273269972579,0.175044283829535,0.005340335183499675,-0.0616401917581155,-0.034572809851731265
23.568855293782935,4.669280484388224,10.017164938223532,-1.4858188148641023,0.0923019604504082,0.1750253797537597,0.005325941208306901,-0.061640197005440905,-0.034865681748208296
23.578855293782933,4.671017841739694,10.017378595363596,-1.486434895749651,0.09194748768015391,0.1749458368619218,0.005263624446146127,-0.06163961263156256,-0.03610697085832659
23.588855293782935,4.672754763679717,10.017590978804112,-1.4870512919991425,0.09158033813629372,0.1748699653027884,0.005201291147452457,-0.061639637264136536,-0.037317451661068986
23.598855293782933,4.67449108384957,10.01780202375131,-1.4876676884948812,0.0912012474802386,0.17479763054245687,0.005138548875716403,-0.06163966188101107,-0.03849527215671927
23.608855293782934,4.676226839904765,10.01801170909253,-1.4882840852367105,0.09081054141934697,0.17472888933318784,0.00507533597150252,-0.06163968648224053,-0.03964060852648077
23.618855293782932,4.677962069972644,10.018220013700965,-1.488900482224474,0.09040854369314108,0.17466379775238905,0.005011591526970922,-0.0616397110678791,-0.04075364795933428
23.628855293782934,4.679696812652375,10.018426916435663,-1.4895168794580165,0.08999557607330655,0.17460241120261527,0.0049472553858772046,-0.06163973563798076,-0.04183458865203952
23.638855293782935,4.681431107014957,10.018632396141527,-1.4901332769371822,0.08957195836369247,0.17454478441156843,0.004882268143572464,-0.06163976019259932,-0.042883639809134746
23.648855293782937,4.683164992603217,10.018836431649316,-1.490749674661817,0.08913800840031144,0.1744909714320974,0.004816571147003297,-0.0616397847317884,-0.04390102164293677
23.65885529378293,4.684898509431808,10.019039001775639,-1.4913660726317666,0.08869404205133966,0.17444102564219835,0.004750106494711822,-0.06163980925560142,-0.044886965373540685
23.668855293782933,4.686631697980956,10.01924008531278,-1.4919824708468779,0.0882403727118248,0.17439499962130484,0.004682817118849802,-0.061639833764091635,-0.04584171125558169
23.678855293782934,4.688364599261142,10.019439661012294,-1.4925988693069976,0.0877773108920602,0.17435294501014229,0.004614646888951547,-0.0616398582573121,-0.04676550770620474
23.688855293782936,4.690097254760058,10.019637707609503,-1.4932152680119735,0.08730516490757632,0.17431491271623442,0.004545540470439916,-0.0616398827353157,-0.047658613328346644
23.698855293782934,4.691829706370338,10.019834203821155,-1.4938316669616534,0.08682424031033995,0.174280952812237,0.004475443383790885,-0.06163990719815511,-0.048521293992548155
23.708855293782936,4.693561996389141,10.020029128345307,-1.494448066155886,0.08633483988156788,0.1742511145343674,0.004404302005530352,-0.061639931645882856,-0.04935382280537996
23.718855293782934,4.69529416751815,10.02022245986133,-1.4950644655945207,0.08583726363172718,0.1742254462824048,0.004332063568234157,-0.061639956078551265,-0.050156480109442445
23.728855293782935,4.6970262628635755,10.020414177029915,-1.4956808652774072,0.08533180880053454,0.1742039956196899,0.0042586761605279974,-0.061639980496212485,-0.05092955348336663
23.738855293782933,4.698758325936151,10.020604258493064,-1.4962972652043953,0.08481876985695716,0.17418680927312513,0.004184088727087555,-0.06164000489891849,-0.05167333774181271
23.748855293782935,4.700490400644733,10.020792682872681,-1.4969136653753359,0.08429843841479233,0.17417393311075016,0.004108251077044725,-0.061640029286721076,-0.052388134471280816
23.758855293782936,4.70222253131116,10.02097942875589,-1.49753006579008,0.08377110270994603,0.174165411974963,0.004031113967083954,-0.06164005365967184,-0.05307424972610042
23.768855293782934,4.703954762709477,10.021164474702726,-1.4981464664484798,0.08323704801916379,0.17416128979042575,0.003952629065356159,-0.06164007801782222,-0.053731996392385115
23.778855293782932,4.705687139955895,10.021347799253814,-1.4987628673503872,0.08269655643415927,0.1741616095521323,0.003872748922177691,-0.06164010236122345,-0.054361691959324845
23.788855293782934,4.707419708498185,10.021529380930126,-1.4993792684956553,0.08214990680279964,0.17416641331295635,0.0037914269724318565,-0.06164012668992661,-0.05496365813080868
23.798855293782935,4.709152514115676,10.021709198232966,-1.499995669884137,0.08159737472910489,0.1741757421836513,0.00370861753556882,-0.0616401510039826,-0.05553822082542564
23.808855293782933,4.710885602919257,10.021887229643983,-1.5006120715156863,0.08103923257324802,0.17418963633285034,0.0036242758156056322,-0.06164017530344215,-0.05608571017646444
23.818855293782935,4.712619021351375,10.022063453625165,-1.5012284733901575,0.08047574945155504,0.1742081349870664,0.0035383579011262255,-0.061640199588355794,-0.05660646053191352
23.828855293782933,4.714352816180985,10.022237848618381,-1.5018448755074052,0.07990719120569176,0.17423127642072533,0.0034508207651836984,-0.06164022385877392,-0.05710081021557466
23.838855293782935,4.716087034504636,10.022410393036164,-1.5024612778672848,0.07933382009902938,0.17425909783704413,0.00336162229660516,-0.06164024811474671,-0.057569099740423936
23.848855293782933,4.717821723795754,10.022581065263587,-1.5030776804696522,0.0787558949937282,0.1742916354173459,0.0032707213144244356,-0.06164027235632418,-0.05801167339686251
23.858855293782934,4.7195569317986115,10.022749843667707,-1.5036940833143635,0.07817367129943681,0.17432892434496422,0.0031780775067470042,-0.061640296583556194,-0.058428877755585654
23.868855293782936,4.721292706513708,10.022916706597886,-1.5043104864012757,0.07758740093645847,0.17437099879688128,0.003083651425234371,-0.061640320796492426,-0.058821061285604014
23.878855293782934,4.723029096197762,10.023081632385779,-1.504926889730246,0.07699733233575139,0.17441789194372795,0.0029874044851040974,-0.061640344995182374,-0.05918857435424342
23.88885529378293,4.7247661493637185,10.023244599345341,-1.505543293301132,0.07640371043892795,0.17446963594978387,0.002889298965129684,-0.06164036917967537,-0.0595317692271454
23.898855293782933,4.72650391478074,10.02340558577283,-1.5061596971137923,0.07580677669825582,0.17452626197297727,0.0027892980076407448,-0.061640393350020584,-0.05985100006826645
23.908855293782935,4.728242441466557,10.023564569946556,-1.5067761011680854,0.07520676905497099,0.17458780015415337,0.002687365613244687,-0.061640417506266997,-0.06014662266338452
23.918855293782936,4.729981778695646,10.02372153012059,-1.5073925054638706,0.07460392178484977,0.17465427952810456,0.0025834666499645513,-0.06164044164846345,-0.06041899328258581
23.928855293782934,4.731721976027511,10.023876444526964,-1.508008910001008,0.07399846558353482,0.17472572806672973,0.002477566873679972,-0.06164046577665857,-0.060668469740622524
23.938855293782932,4.733463083210547,10.024029291384112,-1.5086253147793574,0.07339062757990872,0.17480217270628065,0.0023696328570819787,-0.06164048989090086,-0.06089541022809143
23.948855293782934,4.7352051501742025,10.024180048897225,-1.5092417197987795,0.07278063132950136,0.17488363934522025,0.0022596319839873207,-0.06164051399123863,-0.06110017315414943
23.958855293782936,4.73694822702897,10.024328695258255,-1.5098581250591359,0.07216869681449105,0.17497015284422235,0.002147532449338665,-0.06164053807772001,-0.06128311714651312
23.968855293782934,4.738692364066391,10.024475208645917,-1.510474530560288,0.07155504044370377,0.17506173702617195,0.002033303259204466,-0.06164056215039301,-0.061444601051459116
23.978855293782935,4.740437611759054,10.024619567225686,-1.511090936302098,0.07093987505261341,0.17515841467616505,0.0019169142307789962,-0.061640586209305445,-0.06158498393382394
23.988855293782933,4.742184020746411,10.024761749149985,-1.5117073422844283,0.07032340989539694,0.17526020752487675,0.001798335975235008,-0.06164061025450495,-0.06170462465800245
23.998855293782935,4.743931641865932,10.024901732553294,-1.5123237485071426,0.06970585057402488,0.17536713618457114,0.0016775399148219608,-0.06164063428603903,-0.06180388152070493
24.008855293782933,4.745680526132198,10.025039495557209,-1.5129401549701038,0.0690873990934076,0.1754792202032436,0.0015544982751985387,-0.061640658303954994,-0.06188311263467275
24.018855293782934,4.7474307246683365,10.025175016276481,-1.5135565616731763,0.06846825391068485,0.1755964780852379,0.0014291840239412453,-0.0616406823083,-0.061942675194259215
24.028855293782936,4.749182288705202,10.025308272819062,-1.5141729686162249,0.06784860993552214,0.17571892729115524,0.0013015708697417573,-0.061640706299121044,-0.06198292546242855
24.038855293782934,4.750935269581384,10.025439243286117,-1.514789375799114,0.06722865853011059,0.17584658423785404,0.001171633262406925,-0.06164073027646495,-0.062004218770755876
24.048855293782932,4.752689718743201,10.025567905772007,-1.5154057832217092,0.06660858750916727,0.1759794642984501,0.001039346392858814,-0.061640754240378404,-0.06200690951942721
24.058855293782933,4.754445687743151,10.025694238364444,-1.5160221908838767,0.06598858114225453,0.17611758180225925,0.0009046861912058244,-0.061640778190907894,-0.06199135115726359
24.068855293782935,4.756203228223137,10.02581821914555,-1.516638598785483,0.06536882018317403,0.17626095000846848,0.0007676292938232898,-0.061640802128099775,-0.061957895690523665
24.078855293782933,4.757962391963758,10.025939826187633,-1.5172550069263946,0.06474948179925083,0.17640958107594923,0.0006281530905955992,-0.06164082605200023,-0.0619068939739322
24.088855293782935,4.7597232308071025,10.026059037561717,-1.517871415306479,0.0641307396729423,0.1765634861239735,0.00048623566019251265,-0.06164084996265529,-0.06183869539757154
24.098855293782936,4.761485796632642,10.026175831339906,-1.5184878239256037,0.06351276403585893,0.17672267524158755,0.0003418557450652278,-0.061640873860110815,-0.061753647686621255
24.108855293782934,4.763250141357235,10.02629018559537,-1.519104232783637,0.06289572166876446,0.17688715748761197,0.00019499275144642598,-0.06164089774441252,-0.06165209690135826
24.118855293782932,4.7650163169351245,10.026402078402356,-1.519720641880448,0.062279775901575254,0.1770569408906417,4.5626749350090984e-05,-0.06164092161560595,-0.06153438743715663
24.128855293782934,4.766784375357939,10.02651148783618,-1.5203370512159058,0.06166508661336134,0.17723203244904578,-0.00010626152742822064,-0.0616409454737365,-0.061400862024487815
24.138855293782935,4.768554368644095,10.026618391974583,-1.5209534607898796,0.061051810262777124,0.1774124381307598,-0.00026069069770478533,-0.061640969318849395,-0.061251861625121584
24.148855293782937,4.770326348851595,10.02672276889754,-1.5215698706022396,0.06044009990365412,0.1775981628358156,-0.0004176787410815926,-0.06164099315098972,-0.0610877252613763
24.15885529378293,4.772100368076609,10.026824596687495,-1.5221862806528563,0.059830105153436224,0.17778921041653195,-0.0005772429826611167,-0.06164101697020239,-0.06090879016124701
24.168855293782933,4.77387647838805,10.026923853436456,-1.5228026909416006,0.05922197231281526,0.17798558372221238,-0.0007394001587058081,-0.06164104077653218,-0.06071539147866299
24.178855293782934,4.775654731825528,10.02702051724622,-1.5234191014683442,0.05861584437013986,0.1781872846000889,-0.0009041664190321812,-0.0616410645700237,-0.0605078622812958
24.188855293782936,4.777435180399361,10.027114566228374,-1.5240355122329585,0.05801186100141472,0.1783943138953222,-0.0010715573270110067,-0.0616410883507214,-0.06028653355055913
24.198855293782934,4.77921787609057,10.027205978504291,-1.5246519232353162,0.057410158570300795,0.17860667145100176,-0.0012415878595672643,-0.06164111211866959,-0.06005173418160881
24.208855293782936,4.781002870848276,10.027294732205501,-1.5252683344752898,0.056810870136024524,0.1788243561095633,-0.0014142724105864401,-0.06164113587391242,-0.0598037909745011
24.218855293782934,4.782790216574143,10.027380805477325,-1.5258847459527523,0.05621412553876311,0.1790473657082267,-0.0015896248248008277,-0.06164115961649387,-0.0595430285294914
24.228855293782935,4.784579965163308,10.027464176474947,-1.5265011576675775,0.05562005130402723,0.1792756970443215,-0.0017676583550113587,-0.061641183346457795,-0.05926976933489328
24.238855293782933,4.7863721684342515,10.027544823370578,-1.5271175696196395,0.055028770768199294,0.1795093459405354,-0.0019483857234306205,-0.06164120706384788,-0.05898433363443555
24.248855293782935,4.788166878112662,10.027622724355343,-1.5277339818088127,0.054440404116838016,0.1797483072571592,-0.00213181913903936,-0.061641230768707686,-0.05868703938605538
24.258855293782936,4.789964145831438,10.027697857639287,-1.528350394234972,0.053855068384678614,0.17999257489208684,-0.0023179702975864285,-0.061641254461080576,-0.0583782022618983
24.268855293782934,4.791764023130689,10.02777020145137,-1.528966806897993,0.0532728774556328,0.18024214178081518,-0.0025068503815887846,-0.06164127814100981,-0.058058135648318285
24.278855293782932,4.793566561457731,10.02783973403947,-1.5295832197977508,0.05269394206278895,0.18049699989644405,-0.002698470060331433,-0.06164130180853846,-0.05772715064587781
24.288855293782934,4.795371812152729,10.027906433672964,-1.5301996329341225,0.05211836984668984,0.18075714025910136,-0.0028928395100936127,-0.06164132546370948,-0.05738555606740496
24.298855293782935,4.797179826467398,10.027970278643739,-1.5308160463069842,0.051546265366014275,0.18102255290515218,-0.003089968411491189,-0.06164134910656565,-0.05703365846503717
24.308855293782933,4.798990655553282,10.028031247265861,-1.531432459916213,0.05097773007164406,0.18129322690623245,-0.003289865946663511,-0.061641372737149626,-0.05667176209747212
24.318855293782935,4.800804350409018,10.028089317881351,-1.5320488737616864,0.05041286243481471,0.18156915042017988,-0.0034925408504232727,-0.0616413963555039,-0.056300168893718874
24.328855293782933,4.802620961879774,10.028144468860242,-1.5326652878432823,0.04985175794877681,0.18185031069152144,-0.003698001410879753,-0.061641419961670815,-0.055919178452824514
24.338855293782935,4.804440540657252,10.028196678600603,-1.5332817021608793,0.04929450912879535,0.18213669405147376,-0.003906255469439067,-0.06164144355569258,-0.05552908804387368
24.348855293782933,4.806263137279683,10.028245925528513,-1.533898116714356,0.04874120551215073,0.18242828591794252,-0.00411731042080379,-0.06164146713761124,-0.05513019260598926
24.358855293782934,4.808088802130216,10.02829218809832,-1.5345145315035913,0.048191933663956237,0.1827250707971612,-0.004331173214754631,-0.06164149070746871,-0.054722784751329766
24.368855293782936,4.809917585417514,10.02833544479764,-1.535130946528465,0.0476467772847016,0.18302703229842418,-0.0045478503854247095,-0.06164151426530677,-0.05430715484888285
24.378855293782937,4.811749537215955,10.028375674144463,-1.5357473617888575,0.04710581710469533,0.18333415308541964,-0.004767348015466815,-0.061641537811167026,-0.05388359099847755
24.38885529378293,4.813584707407644,10.028412854691299,-1.5363637772846486,0.04656913099770622,0.18364641494457504,-0.004989671780550919,-0.061641561345090946,-0.05345237901535692
24.398855293782933,4.815423145663658,10.028446965027229,-1.5369801930157196,0.04603679403427556,0.18396379880572128,-0.005214826967115739,-0.061641584867119875,-0.05301380244667597
24.408855293782935,4.817264901444047,10.028477983777917,-1.5375966089819515,0.04550887848171812,0.18428628474209216,-0.005442818472368323,-0.061641608377294994,-0.05256814257150251
24.418855293782936,4.819110023997835,10.028505889605592,-1.5382130251832262,0.0449854538041215,0.18461385197032465,-0.00567365080428433,-0.061641631875657354,-0.05211567840081658
24.428855293782934,4.820958562363017,10.028530661209063,-1.5388294416194255,0.04446658666234629,0.18494647885045887,-0.005907328081607956,-0.06164165536224787,-0.051656686677510597
24.438855293782932,4.822810565359956,10.028552277324785,-1.539445858290432,0.043952340941184886,0.1852841428938536,-0.006143854040479805,-0.06164167883710729,-0.051191441903771416
24.448855293782934,4.824666081583971,10.028570716731899,-1.5400622751961286,0.04344277783319506,0.1856268207665679,-0.006383232049744368,-0.06164170230027625,-0.05072021647755359
24.458855293782936,4.826525159428734,10.028585958249082,-1.5406786923363986,0.042937955732110504,0.18597448825824783,-0.006625465086131935,-0.06164172575179521,-0.050243280579476385
24.468855293782934,4.828387847028054,10.028597980738477,-1.5412951097111258,0.04243793038106895,0.18632712035810883,-0.0068705557794043245,-0.06164174919170453,-0.049760902236860714
24.478855293782935,4.830254192250643,10.028606763106236,-1.5419115273201942,0.041942754889354394,0.18668469126158274,-0.00711850641690663,-0.0616417726200444,-0.049273347336088076
24.488855293782937,4.8321242427001225,10.028612284302529,-1.5425279451634883,0.041452479732397074,0.1870471743703179,-0.007369318943567212,-0.0616417960368549,-0.04878087962260052
24.498855293782935,4.833998045715015,10.028614523321531,-1.543144363240893,0.040967152751773636,0.18741454229217888,-0.007622994961897623,-0.06164181944217593,-0.04828376070090083
24.508855293782933,4.835875648368753,10.028613459201434,-1.5437607815522936,0.040486819155206515,0.1877867668412471,-0.00787953573199292,-0.06164184283604729,-0.047782250034551894
24.518855293782934,4.8377570974575175,10.028609071026438,-1.544377200097576,0.04001152156989597,0.18816381905489676,-0.00813894218133964,-0.06164186621850861,-0.047276605018706785
24.528855293782936,4.839642439507228,10.02860133793092,-1.544993618876626,0.0395413000663846,0.1885456691780992,-0.008401214903075906,-0.061641889589599416,-0.046767081085336344
24.538855293782934,4.84153172077308,10.028590239096822,-1.5456100378893303,0.039076192109051104,0.18893228666325307,-0.008666354152272498,-0.06164191294935908,-0.04625393158375842
24.548855293782932,4.843424987195589,10.028575753755831,-1.5462264571355755,0.038616232685153955,0.18932364023557735,-0.008934359876628616,-0.061641936297826834,-0.04573740787943161
24.558855293782933,4.84532228439981,10.028557861189455,-1.546842876615249,0.038161454307566636,0.18971969789426188,-0.00920523171705252,-0.06164195963504177,-0.04521775935680773
24.568855293782935,4.847223657695335,10.028536540729021,-1.547459296328239,0.037711887014778504,0.19012042691246653,-0.009478969007661011,-0.061641982961042875,-0.04469523341933282
24.578855293782933,4.849129152076296,10.028511771755678,-1.5480757162744327,0.0372675583708942,0.19052579383732174,-0.009755570775779782,-0.06164200627586896,-0.044170075489446466
24.588855293782935,4.851038812221343,10.028483533700395,-1.5486921364537194,0.03682849346570693,0.19093576448996186,-0.010035035741954397,-0.06164202957955873,-0.04364252900867296
24.598855293782936,4.852952682475945,10.028451806046633,-1.5493085568659872,0.03639471499277134,0.19135030399415542,-0.010317362329440171,-0.06164205287215073,-0.04311283556279686
24.608855293782934,4.854870806872738,10.028416568333622,-1.5499249775111255,0.0359662432008438,0.19176937673597952,-0.010602548651216176,-0.06164207615368341,-0.04258123489364831
24.618855293782932,4.85679322910926,10.02837780015377,-1.550541398389024,0.03554309592530982,0.1921929464012138,-0.010890592522901005,-0.06164209942419506,-0.0420479648487197
24.628855293782934,4.858719992520998,10.028335481153038,-1.5511578194995728,0.03512528867461115,0.1926209760215225,-0.011181491478110112,-0.06164212268372383,-0.041513261462735394
24.638855293782935,4.860651140081382,10.028289591030946,-1.551774240842662,0.0347128346302453,0.1930534279744551,-0.011475242768456155,-0.061642145932307754,-0.0409773589576511
24.648855293782937,4.862586714401797,10.028240109540578,-1.5523906624181827,0.034305744646765626,0.19349026398344593,-0.011771843363548902,-0.06164216916998474,-0.040440489742654025
24.65885529378293,4.86452675773157,10.02818701648857,-1.5530070842260253,0.033904027251781495,0.1939314451178143,-0.012071289950995151,-0.06164219239679254,-0.03990288441416301
24.668855293782933,4.866471311957936,10.02813029173525,-1.5536235062660821,0.03350768864689029,0.19437693179277443,-0.012373578936223914,-0.061642215612768815,-0.03936477175963973
24.678855293782934,4.868420418599259,10.028069915199444,-1.5542399285382449,0.03311673275455175,0.19482668377802695,-0.012678706438469916,-0.061642238817951056,-0.03882637890548697
24.688855293782936,4.8703741187873195,10.02800586685612,-1.5548563510424054,0.03273116125108449,0.19528066022885904,-0.012986668302513727,-0.06164226201237665,-0.038287931285259105
24.69118173634403,4.8708292989100626,10.02799043776702,-1.5549997582305883,0.03264223227448006,0.19538687655150033,-0.01305871979610564,-0.06164226740688818,-0.03816268059231522
24.701181736344033,4.8727889689348345,10.0279217962458,-1.5556158596426048,0.0322655485954814,0.19584565611466054,-0.013367115685328045,-0.0616416834573554,-0.0376582540037464
24.71118173634403,4.87475305696395,10.027849562313332,-1.5562322766035945,0.03189114927017866,0.19630698023965767,-0.01367004529210586,-0.06164170873837875,-0.03723436985184521
24.72118173634403,4.876721837042237,10.027773740085815,-1.556848693817329,0.031520606311736823,0.19677084770607228,-0.013968104707885183,-0.06164173400638069,-0.03688699341711832
24.73118173634403,4.878695329688497,10.02769438287911,-1.5574651112836788,0.031153153784471893,0.1972370119859824,-0.014261187046416974,-0.061641759261406304,-0.03661629122434921
24.741181736344032,4.880673552973035,10.02761154350429,-1.558081529002514,0.030788024169659103,0.19770522824884648,-0.014549185346230887,-0.06164178450350054,-0.036422429751469886
24.75118173634403,4.882656522518509,10.02752527426548,-1.558697946973706,0.030424448369366665,0.19817525335781572,-0.014831992570244305,-0.06164180973270818,-0.03630557505469511
24.76118173634403,4.884644251486446,10.02743562694429,-1.5593143651971255,0.030061655558128363,0.198646845779663,-0.01510950156160111,-0.06164183494907383,-0.03626588780892797
24.771181736344033,4.886636750557037,10.02734265281268,-1.5599307836726448,0.029698873058491643,0.19911976556932645,-0.015381605019580486,-0.06164186015264198,-0.0363035238406134
24.78118173634403,4.888634027992435,10.02724640257668,-1.560547202400136,0.029335326849309958,0.1995937744204817,-0.01564819558261058,-0.06164188534345694,-0.036418629181331895
24.79118173634403,4.890636089645812,10.02714692636561,-1.5611636213794715,0.028970241630972417,0.20006863566365649,-0.01590916583694038,-0.06164191052156284,-0.03661133875415739
24.80118173634403,4.892642938961368,10.027044273732068,-1.5617800406105249,0.028602840825404437,0.2005441142662297,-0.016164408316639244,-0.06164193568700373,-0.03688177637365705
24.811181736344032,4.894654576976004,10.026938493644506,-1.5623964600931695,0.028232346656049664,0.20101997683075296,-0.016413815525548825,-0.06164196083982343,-0.03723005318182473
24.82118173634403,4.896671002291179,10.026829634480917,-1.5630128798272793,0.02785798016936201,0.20149599155158276,-0.016657279958506913,-0.06164198598006566,-0.03765626303606884
24.83118173634403,4.898692211096339,10.026717744017054,-1.5636292998127288,0.027478961437166747,0.20197192826078017,-0.016894694139343074,-0.06164201110777396,-0.03816048258374325
24.84118173634403,4.900718197222126,10.02660286938057,-1.564245720049393,0.027094510145022448,0.20244755849036492,-0.01712595075594412,-0.06164203622299174,-0.038742766503698844
24.85118173634403,4.902748952141873,10.026485057049268,-1.5648621405371472,0.026703845613285905,0.20292265547369956,-0.017350942665386553,-0.061642061325762255,-0.03940314726288195
24.86118173634403,4.904784464972338,10.0263643528503,-1.565478561275867,0.02630618681415819,0.20339699414732318,-0.017569562898790244,-0.06164208641612859,-0.04014163497963273
24.87118173634403,4.906824722473584,10.026240801944672,-1.5660949822654286,0.025900752781274933,0.20387035118840996,-0.017781704788313576,-0.061642111494133706,-0.04095821308887506
24.881181736344033,4.908869709021228,10.026114448835868,-1.5667114035057086,0.025486762546847164,0.20434250500646609,-0.017987261959419944,-0.061642136559820405,-0.041852837680820154
24.89118173634403,4.910919406685673,10.025985337320964,-1.567327824996584,0.02506343599045099,0.20481323586055994,-0.018186128541667002,-0.061642161613231335,-0.04282543364024059
24.90118173634403,4.912973795251084,10.025853510476361,-1.5679442467379323,0.02462999410875433,0.20528232589200096,-0.0183781992406417,-0.06164218665440901,-0.043875892958761306
24.91118173634403,4.915032852215372,10.025719010657795,-1.5685606687296316,0.024185659015517665,0.205749559124339,-0.018563369337959917,-0.06164221168339579,-0.045004074734857805
24.92118173634403,4.9170965527991095,10.025581879491453,-1.5691770909715599,0.023729654284752134,0.20621472151064993,-0.018741534795518423,-0.06164223670023388,-0.04620980316879666
24.931181736344033,4.919164869920877,10.025442157873414,-1.569793513463596,0.023261205356831717,0.20667760099461752,-0.018912592394170414,-0.06164226170496535,-0.04749286414118804
24.94118173634403,4.9212377742500335,10.02529988594513,-1.5704099362056192,0.02277953999099608,0.20713798758022836,-0.01907643984406984,-0.06164228669763212,-0.048853004204234975
24.95118173634403,4.923315234266403,10.025155103061284,-1.5710263591975084,0.0222838890587259,0.20759567344148164,-0.01923297600444849,-0.061642311678275975,-0.050289927300247866
24.96118173634403,4.9253972162607305,10.025007847789517,-1.5716427824391446,0.02177348655192995,0.20805045292351115,-0.019382100885978977,-0.06164233664693854,-0.051803294721873554
24.971181736344032,4.927483684342048,10.024858157906813,-1.5722592059304075,0.02124756976787694,0.20850212257155026,-0.019523715706682893,-0.0616423616036613,-0.05339272442809994
24.98118173634403,4.929574600438555,10.024706070392266,-1.572875629671178,0.02070538016427355,0.2089504812756304,-0.019657723162971052,-0.0616423865484856,-0.055057787206052304
24.991181736344032,4.931669924308926,10.024551621421145,-1.5734920536613377,0.020146163490584585,0.20939533029705445,-0.019784027460949045,-0.06164241148145263,-0.056798006490344694
25.00118173634403,4.933769613645032,10.024394846324723,-1.5741084779007677,0.01956917096897376,0.20983647344147943,-0.019902534647701958,-0.061642436402603445,-0.05861285526774597
25.01118173634403,4.935873624079057,10.024235779587341,-1.5747249023893504,0.01897365940110037,0.21027371707493334,-0.02001315264234346,-0.06164246131197898,-0.06050175574496081
25.02118173634403,4.937981909186955,10.02407445484541,-1.575341327126968,0.018358891232708282,0.21070687013470812,-0.020115791255389526,-0.06164248620961999,-0.062464079209179985
25.03118173634403,4.940094420515074,10.023910904878916,-1.5759577521135038,0.01772413559233392,0.21113574431722093,-0.02021036250969441,-0.06164251109556713,-0.0644991433205198
25.041181736344033,4.9422111075593405,10.023745161614908,-1.5765741773488406,0.017068668412764075,0.21156015411536622,-0.020296780681396454,-0.06164253596986087,-0.06660621149335307
25.05118173634403,4.944331917896804,10.023577256089556,-1.5771906028328624,0.016391773691760026,0.21197991700917232,-0.020374962652749067,-0.06164256083254156,-0.06878449128160219
25.06118173634403,4.946456797211663,10.023407218440749,-1.5778070285654529,0.01569274382138272,0.21239485351815696,-0.02044482800786582,-0.06164258568364941,-0.07103313380734878
25.07118173634403,4.948585689295509,10.023235077908062,-1.5784234545464968,0.014970879591463987,0.21280478720194979,-0.020506299033746456,-0.061642610523224506,-0.07335123375819806
25.081181736344032,4.9507185360874635,10.023060862826691,-1.579039880775879,0.01422549109541054,0.21320954483396984,-0.02055930099448687,-0.061642635351306777,-0.07573782835845212
25.09118173634403,4.952855277649563,10.022884600632672,-1.5796563072534848,0.01345589822526045,0.21360895652224157,-0.020603762291238056,-0.06164266016793602,-0.07819189615273435
25.10118173634403,4.954995852293374,10.022706317835464,-1.5802727339791998,0.012661431602697141,0.21400285585113712,-0.02063961471532597,-0.0616426849731519,-0.0807123572300518
25.111181736344033,4.957140196645774,10.022526040005335,-1.58088916095291,0.01184143327114727,0.21439107999752857,-0.02066679364730839,-0.061642709766993924,-0.0832980729540108
25.12118173634403,4.959288245648959,10.022343791773366,-1.5815055881745017,0.010995256695780976,0.21477346973078806,-0.020685238056974878,-0.06164273454950148,-0.0859478459628163
25.13118173634403,4.961439932592006,10.022159596829267,-1.5821220156438625,0.010122267277772368,0.215149869518658,-0.020694890655138385,-0.061642759320713794,-0.08866042031357356
25.14118173634403,4.963595189126302,10.021973477924163,-1.5827384433608787,0.009221843471709582,0.2155201277851646,-0.02069569823549823,-0.06164278408067,-0.09143448097379082
25.151181736344032,4.965753945336727,10.021785456857325,-1.5833548713254384,0.00829337709826315,0.21588409695327637,-0.020687611748720598,-0.06164280882940907,-0.0942686546894854
25.161181736344034,4.967916129872882,10.021595554460074,-1.5839712995374298,0.007336274431295722,0.21624163363772686,-0.02067058660540023,-0.06164283356696984,-0.09716151127565256
25.171181736344028,4.9700816699513535,10.02140379059556,-1.5845877279967406,0.006349956222277308,0.2165925986496667,-0.020644582683065783,-0.061642858293391015,-0.10011156363477364
25.18118173634403,4.972250491372326,10.021210184158432,-1.5852041567032604,0.005333857890522485,0.21693685703913612,-0.020609564379711353,-0.061642883008711166,-0.10311726813471628
25.19118173634403,4.974422518582324,10.021014753077491,-1.585820585656878,0.004287430855539547,0.21727427841664715,-0.020565501002367422,-0.06164290771296873,-0.10617702627504863
25.201181736344033,4.976597674677502,10.020817514312084,-1.5864370148574831,0.0032101426102166745,0.21760473697313842,-0.0205123667845677,-0.061642932406202014,-0.10928918470178563
25.21118173634403,4.978775881596992,10.020618483838264,-1.5870534443049655,0.0021014778409899912,0.21792811168894727,-0.020450141173852986,-0.06164295708844919,-0.11245203911685958
25.221181736344032,4.980957060142684,10.02041767664782,-1.5876698739992157,0.000960938582477886,0.21824428636558954,-0.020378808873541595,-0.06164298175974829,-0.11566383469734429
25.23118173634403,4.983141129981042,10.020215106748303,-1.5882863039401238,-0.00021195576939115758,0.2185531496290122,-0.02029835984603429,-0.06164300642013724,-0.11892276615586996
25.241181736344032,4.985328009733501,10.020010787166596,-1.5889027341275819,-0.0014176674741301519,0.21885459518749897,-0.02020878957488836,-0.061643031069653804,-0.12222698122533449
25.25118173634403,4.987517616944768,10.019804729950252,-1.589519164561481,-0.002656640014767095,0.21914852196743095,-0.02011009920049334,-0.06164305570833563,-0.12557458047965186
25.26118173634403,4.989709868277637,10.019596946160371,-1.5901355952417127,-0.003929297499413065,0.2194348342268273,-0.02000229563209003,-0.06164308033622023,-0.12896362250845197
25.271181736344033,4.991904679598093,10.019387445871045,-1.5907520261681696,-0.0052360442281436355,0.219713441654834,-0.019885391648493976,-0.06164310495334499,-0.13239212646803145
25.28118173634403,4.994101965975313,10.019176238169363,-1.5913684573407438,-0.0065772646929984566,0.21998425937172386,-0.019759405898095533,-0.06164312955974718,-0.13585807208135245
25.29118173634403,4.996301641729679,10.01896333115751,-1.5919848887593286,-0.007953323372025983,0.22024720799094272,-0.01962436293690694,-0.06164315415546392,-0.1393594015392185
25.30118173634403,4.998503620519009,10.018748731959755,-1.5926013204238176,-0.009364563659048603,0.22050221395565364,-0.019480293497092186,-0.061643178740532205,-0.14289402461246536
25.311181736344032,5.000707815256191,10.018532446715989,-1.593217752334104,-0.010811307983443992,0.2207492095128378,-0.019327234483046987,-0.0616432033149889,-0.1464598159811358
25.32118173634403,5.002914138449391,10.018314480589936,-1.5938341844900823,-0.01229385715690221,0.22098813289788807,-0.019165229006539747,-0.061643227878870756,-0.15005462676975012
25.331181736344032,5.005122502228126,10.018094837770027,-1.5944506168916464,-0.013812490302302517,0.22121892835533813,-0.018994326395610675,-0.0616432524322144,-0.15367628548151396
25.34118173634403,5.007332818343264,10.017873521469395,-1.5950670495386914,-0.015367464853712882,0.22144154613886252,-0.018814582194571806,-0.061643276975056296,-0.15732259799831733
25.35118173634403,5.009544998167026,10.017650533925881,-1.5956834824311126,-0.016959016556391905,0.22165594251127682,-0.018626058164006806,-0.06164330150743283,-0.16099134758073894
25.36118173634403,5.011758952830948,10.017425876416123,-1.5962999155688053,-0.018587358987707657,0.22186207997436178,-0.018428822315525426,-0.06164332602938022,-0.16468030233507133
25.37118173634403,5.013974593235662,10.017199549250492,-1.5969163489516656,-0.020252682735265464,0.22205992755867568,-0.0182229491299426,-0.06164335054093459,-0.16838721813348126
25.381181736344033,5.016191830145389,10.016971551772118,-1.5975327825795895,-0.021955155993844455,0.22224946062669512,-0.018008519333693282,-0.061643375042131916,-0.17210983973253638
25.39118173634403,5.018410574411238,10.016741882378223,-1.5981492164524738,-0.023694924461595917,0.22243066099918976,-0.01778561977342978,-0.06164339953300806,-0.17584591037355915
25.40118173634403,5.0206307369715555,10.016510538520158,-1.5987656505702152,-0.025472111339431364,0.22260351695558875,-0.01755434341594609,-0.06164342401359876,-0.17959317179947742
25.41118173634403,5.022852228851924,10.016277516703397,-1.5993820849327116,-0.027286817331019383,0.22276802323398054,-0.017314789348178268,-0.06164344848393963,-0.18334936425481776
25.42118173634403,5.025074961182902,10.01604281248964,-1.5999985195398603,-0.029139120647633677,0.22292418104838876,-0.01706706275652773,-0.06164347294406616,-0.18711222745473938
25.43118173634403,5.0272988453979455,10.015806420511874,-1.600614954391559,-0.03102907678034971,0.22307199838077177,-0.016811274771935652,-0.06164349739401373,-0.190879512234907
25.44118173634403,5.029523793180792,10.01556833445395,-1.6012313894877068,-0.032956718399251066,0.22321148991509124,-0.01654754257251452,-0.06164352183381756,-0.1946489767267883
25.45118173634403,5.031749716685743,10.015328547084808,-1.6018478248282015,-0.03492205610784598,0.22334267695972485,-0.016275988959207344,-0.061643546263512795,-0.19841839505350378
25.46118173634403,5.033976528591527,10.015087050266118,-1.6024642604129433,-0.036925078529112795,0.22346558747168885,-0.015996742275073746,-0.06164357068313442,-0.2021855599769365
25.47118173634403,5.036204142101296,10.014843834952297,-1.603080696241831,-0.03896575230549632,0.22358025605663792,-0.015709936405290482,-0.06164359509271731,-0.20594828289772493
25.48118173634403,5.038432470954549,10.014598891192088,-1.6036971323147644,-0.0410440221446571,0.22368672397006056,-0.015415710747593167,-0.06164361949229624,-0.2097043944333633
25.491181736344032,5.040661429602847,10.014352208137836,-1.6043135686316436,-0.04315981128004989,0.2237850391941399,-0.015114209841358832,-0.061643643881905845,-0.2134517531198186
25.501181736344034,5.04289093318951,10.014103774022582,-1.6049300051923694,-0.04531302119935643,0.22387525644690703,-0.014805583496752442,-0.06164366826158064,-0.21718824357241795
25.511181736344028,5.045120897724488,10.013853576204827,-1.6055464419968422,-0.04750353276771937,0.22395743702683424,-0.01448998624664537,-0.06164369263135502,-0.22091178344395468
25.52118173634403,5.047351240134968,10.01360160117843,-1.6061628790449636,-0.04973120647900711,0.22403164879864956,-0.014167577205468082,-0.06164371699126327,-0.2246203257483692
25.53118173634403,5.049581878265376,10.013347834572597,-1.6067793163366348,-0.05199588245580976,0.2240979661933366,-0.013838520069210726,-0.061643741341339535,-0.2283118588607421
25.541181736344033,5.051812730887932,10.013092261153652,-1.6073957538717578,-0.05429738052685228,0.22415647020009818,-0.013502983074846072,-0.06164376568161789,-0.2319844069586703
25.55118173634403,5.054043717878352,10.01283486483091,-1.6080121916502346,-0.05663550123059936,0.2242072482765926,-0.013161138434148532,-0.06164379001213224,-0.23563603685072507
25.56118173634403,5.056274760211749,10.012575628623324,-1.6086286296719678,-0.059010025432296345,0.2242503943651904,-0.012813162507041415,-0.06164381433291638,-0.23926485628440608
25.57118173634403,5.058505780090504,10.01231453471861,-1.6092450679368606,-0.06142071576770452,0.2242860086706195,-0.012459235141531218,-0.06164383864400402,-0.24286901921306203
25.581181736344032,5.060736700987446,10.012051564485992,-1.6098615064448158,-0.0638673170301305,0.224314197612769,-0.012099539482628171,-0.06164386294542873,-0.24644672765547765
25.59118173634403,5.062967447645852,10.01178669847619,-1.6104779451957372,-0.06634955617042915,0.224335073826689,-0.011734261972345821,-0.06164388723722397,-0.2499962316958781
25.60118173634403,5.0651979460801675,10.01151991642166,-1.6110943841895282,-0.06886714230647582,0.2243487561610701,-0.011363592345235813,-0.06164391151942307,-0.25351582950920926
25.611181736344033,5.067428123713849,10.011251197249717,-1.6117108234260937,-0.07141976808090075,0.2243553694448579,-0.010987722967923318,-0.06164393579205926,-0.257003871314672
25.62118173634403,5.0696579094698455,10.010980519020523,-1.6123272629053376,-0.07400710952066392,0.22435504443503895,-0.010606848863891637,-0.06164396005516566,-0.26045875938612134
25.63118173634403,5.071887233789666,10.010707858988686,-1.6129437026271654,-0.07662882711189353,0.22434791762481998,-0.010221167270633904,-0.06164398430877525,-0.2638789494539204
25.64118173634403,5.074116028691337,10.010433193640276,-1.6135601425914816,-0.07928456683463164,0.22433413108087236,-0.009830877167129414,-0.061644008552920924,-0.2672629531679929
25.651181736344032,5.0763442277694075,10.01015649869282,-1.6141765827981922,-0.08197396016283726,0.22431383244333228,-0.009436179273843165,-0.061644032787635444,-0.2706093380978276
25.66118173634403,5.078571766194944,10.00987774909531,-1.6147930232472032,-0.08469662406438554,0.22428717492580058,-0.00903727605272597,-0.06164405701295147,-0.27391672773247705
25.67118173634403,5.0807985807253795,10.009596919028128,-1.6154094639384202,-0.08745216112843733,0.22425431728477424,-0.00863437164961607,-0.06164408122890154,-0.27718380157959877
25.68118173634403,5.083024609930935,10.009313981877376,-1.61602590487175,-0.09024016184738173,0.22421542322347585,-0.008227670854172251,-0.06164410543551808,-0.280409296927522
25.69118173634403,5.085249794203973,10.009028910225712,-1.6166423460470996,-0.0930602042590852,0.22417066142142694,-0.007817379275302738,-0.06164412963283341,-0.2835920083078912
25.70118173634403,5.087474075715779,10.008741675921227,-1.6172587874643758,-0.095911854947011,0.22412020538775387,-0.007403702930917684,-0.06164415382087973,-0.28673078801755536
25.71118173634403,5.089697398440434,10.008452250085366,-1.6178752291234864,-0.09879466954422128,0.22406423335308728,-0.0069868480241453475,-0.06164417799968914,-0.2898245464928071
25.721181736344032,5.091919708154808,10.008160603112936,-1.6184916710243389,-0.10170819273337624,0.2240029282695621,-0.0065670209433322056,-0.06164420216929361,-0.2928722523093817
25.73118173634403,5.094140952449515,10.007866704671395,-1.6191081131668414,-0.1046519584108177,0.22393647776129463,-0.006144428193155617,-0.06164422632972502,-0.29587293209304755
25.74118173634403,5.0963610809135655,10.00757052367042,-1.6197245555509028,-0.10762549167869317,0.22386507347055143,-0.00571927555419006,-0.06164425048101513,-0.2988256693547808
25.75118173634403,5.098580045138216,10.007272028267305,-1.6203409981764316,-0.11062830880523941,0.22378891105435064,-0.005291768110348459,-0.061644274623195584,-0.30172960440729385
25.76118173634403,5.100797798647989,10.00697118592297,-1.6209574410433365,-0.11365991800733972,0.2237081900627747,-0.004862109941158738,-0.06164429875629793,-0.30458393402976425
25.771181736344033,5.103014296906924,10.006667963405937,-1.6215738841515275,-0.1167198197070816,0.2236231138720814,-0.004430504015569683,-0.06164432288035359,-0.3073879113391703
25.78118173634403,5.105229497319332,10.006362326792164,-1.6221903275009135,-0.11980750653999452,0.2235338896815288,-0.003997152188703996,-0.06164434699539391,-0.31014084577825834
25.79118173634403,5.107443359344743,10.006054241440305,-1.6228067710914051,-0.1229224645723281,0.22344072804345252,-0.0035622547214610592,-0.06164437110145008,-0.31284210136016727
25.80118173634403,5.1096558445453475,10.005743671997617,-1.6234232149229126,-0.12606417430407513,0.223343842526074,-0.0031260098916520585,-0.06164439519855322,-0.31549109532112574
25.811181736344032,5.1118669164856625,10.005430582439907,-1.6240396589953465,-0.12923211051768202,0.2232434498504045,-0.0026886140668979965,-0.061644419286734316,-0.3180872983858802
25.81350817890512,5.11238110332005,10.005357378706774,-1.6241830712025462,-0.12997281662349197,0.22321961458941575,-0.0025867121852547795,-0.06164442488943531,-0.3186836688514673
25.823508178905122,5.114590634650494,10.00504101929582,-1.624799193626589,-0.1331704345527013,0.2231087256055355,-0.00215011362261047,-0.06164384158411633,-0.32119415368694343
25.833508178905124,5.1167982754151184,10.004722157014442,-1.6254156321735407,-0.13639455294610855,0.22298176988950985,-0.0017150603737317613,-0.061643867809320824,-0.3236143061381878
25.843508178905118,5.119004135113775,10.004400635346869,-1.6260320709828386,-0.13964241538305577,0.2228393176884124,-0.001282385534130133,-0.0616438940534488,-0.32594295318295924
25.85350817890512,5.121208057517709,10.004076407745922,-1.6266485100546724,-0.14291310708217417,0.22268185008514635,-0.0008523522212138489,-0.06164392031643467,-0.3281801126841625
25.86350817890512,5.123409890847703,10.003749428007241,-1.62726494938923,-0.1462057132277278,0.22250984849455024,-0.0004252179985959072,-0.06164394659821309,-0.3303258755245599
25.873508178905123,5.125609487864571,10.00341965023712,-1.6278813889866992,-0.14951932046867683,0.2223237939306343,-1.2342825284964972e-06,-0.06164397289871896,-0.3323803999905489
25.88350817890512,5.127806705893793,10.003087028853013,-1.6284978288472667,-0.1528530175860073,0.22212416668036417,0.00041935390809754347,-0.06164399921788737,-0.3343439091051389
25.893508178905122,5.130001406624249,10.002751518659807,-1.6291142689711189,-0.15620589606394875,0.22191144606786437,0.0008363080696062656,-0.06164402555565367,-0.33621668599444715
25.90350817890512,5.132193456089647,10.002413074856415,-1.6297307093584414,-0.1595770502385559,0.2216861103870427,0.0012493962601501558,-0.06164405191195341,-0.33799907303978244
25.913508178905122,5.134382724683544,10.002071653026745,-1.6303471500094193,-0.16296557774075157,0.22144863666314676,0.0016583932516467386,-0.06164407828672237,-0.33969146996739324
25.92350817890512,5.136569087283564,10.001727209092506,-1.6309635909242373,-0.16637058100674235,0.22119949983678408,0.0020630810880583198,-0.06164410467989656,-0.3412943281702694
25.93350817890512,5.13875242308884,10.001379699371139,-1.6315800321030784,-0.16979116731193428,0.22093917275458388,0.0024632490009727304,-0.0616441310914122,-0.34280814867522796
25.943508178905123,5.1409326155020745,10.001029080608713,-1.6321964735461265,-0.1732264491112987,0.22066812599246025,0.0028586934520633345,-0.06164415752120574,-0.3442334791880955
25.95350817890512,5.1431095521270604,10.000675309979176,-1.6328129152535633,-0.17667554412104483,0.22038682780764945,0.0032492181537450123,-0.061644183969213846,-0.3455709136663044
25.96350817890512,5.145283124844672,10.000318345046848,-1.6334293572255711,-0.18013757643476128,0.2200957434837926,0.0036346344226456592,-0.0616442104353734,-0.34682108778705795
25.97350817890512,5.147453229812187,9.999958143765886,-1.634045799462331,-0.1836116770065534,0.21979533504339413,0.004014761305232158,-0.06164423691962151,-0.3479846765696713
25.983508178905122,5.149619767234007,9.999594664540092,-1.6346622419640235,-0.18709698369878897,0.2194860611972896,0.004389425418513934,-0.06164426342189549,-0.3490623913311807
25.99350817890512,5.151782641341,9.999227866227066,-1.635278684730829,-0.1905926413396244,0.21916837730855826,0.004758460949942506,-0.061644289942132884,-0.3500549791516426
26.003508178905122,5.153941760403024,9.998857708123113,-1.6358951277629261,-0.19409780219142686,0.21884273509134716,0.005121709760559052,-0.06164431648027145,-0.3509632207099913
26.01350817890512,5.156097036849037,9.998484149915114,-1.6365115710604936,-0.1976116270290149,0.21850958194020992,0.005479021711569742,-0.06164434303624917,-0.35178792646450396
26.02350817890512,5.158248387037933,9.998107151739456,-1.6371280146237102,-0.20113328489681945,0.218169361029779,0.005830254390191044,-0.06164436961000421,-0.35252993491815593
26.03350817890512,5.1603957311511595,9.997726674202752,-1.637744458452753,-0.20466195315582558,0.21782251125722224,0.006175273012777297,-0.06164439620147498,-0.35319011101110004
26.04350817890512,5.162538993189515,9.997342678380011,-1.6383609025477988,-0.20819681754511168,0.21746946719770563,0.006513950427194894,-0.06164442281060009,-0.3537693457753755
26.053508178905123,5.164678101052638,9.99695512576838,-1.6389773469090236,-0.21173707314930013,0.21711065845610242,0.006846167317099533,-0.061644449437318366,-0.3542685526034054
26.063508178905124,5.166812986519349,9.996563978288554,-1.6395937915366035,-0.21528192464918547,0.21674650948285396,0.007171812202891383,-0.061644476081568846,-0.35468866574334773
26.07350817890512,5.168943584986485,9.99616919833806,-1.6402102364307132,-0.21883058601551758,0.21637743968469428,0.007490781073430342,-0.06164450274329078,-0.3550306383857638
26.08350817890512,5.1710698354477245,9.99577074879401,-1.6408266815915273,-0.22238228052084463,0.21600386340785535,0.00780297736005337,-0.06164452942242363,-0.35529544232807575
26.09350817890512,5.173191680496737,9.99536859299978,-1.6414431270192196,-0.22593624101164145,0.21562618973572167,0.008108311942213533,-0.06164455611890706,-0.35548406670641575
26.103508178905123,5.175309066456131,9.994962694707642,-1.642059572713963,-0.22949171093495813,0.21524482178759097,0.008406703361696324,-0.06164458283268096,-0.3555975147438056
26.11350817890512,5.17742194316123,9.994553018128657,-1.6426760186759306,-0.23304794388529937,0.21486015694474853,0.008698077467677688,-0.0616446095636854,-0.3556368030739245
26.12350817890512,5.179530263802616,9.994139527957103,-1.643292464905294,-0.23660420343314403,0.21447258689595275,0.008982367157874566,-0.061644636311860686,-0.35560296049361373
26.13350817890512,5.181633984923756,9.993722189370203,-1.643908911402225,-0.24015976313186982,0.2140824976306161,0.00925951237327072,-0.061644663077147305,-0.35549702789976523
26.143508178905122,5.183733066455791,9.993300967993113,-1.644525358166894,-0.24371390709124738,0.21369026900955468,0.009529460103086761,-0.06164468985948598,-0.3553200560892089
26.15350817890512,5.185827471807986,9.992875829865618,-1.6451418051994713,-0.24726593058677296,0.21329627434343992,0.009792164502223411,-0.061644716658817614,-0.3550731041048898
26.163508178905122,5.187917167555115,9.99244674150225,-1.6457582525001269,-0.2508151393644461,0.21290088074598018,0.010047586332966985,-0.061644743475083315,-0.3547572383695661
26.173508178905124,5.190002123372451,9.992013669899984,-1.6463747000690292,-0.25436084956275257,0.21250444915485783,0.010295692840824237,-0.06164477030822442,-0.354373532199578
26.18350817890512,5.192082312031041,9.991576582535668,-1.6469911479063473,-0.2579023877474686,0.2121073343003511,0.01053645773415268,-0.06164479715818244,-0.3539230655923
26.19350817890512,5.194157709481171,9.991135447312379,-1.6476075960122487,-0.26143909169548524,0.21170988412694872,0.010769861201762898,-0.06164482402489911,-0.3534069228502363
26.20350817890512,5.196228294836955,9.990690232559542,-1.648224044386901,-0.2649703105047716,0.21131243969665567,0.01099588985358102,-0.06164485090831636,-0.35282619188311976
26.213508178905123,5.198294050076349,9.990240907082859,-1.6488404930304705,-0.2684954038974979,0.21091533555318642,0.011214536144050494,-0.06164487780837631,-0.3521819634340751
26.22350817890512,5.200354960016144,9.989787440166339,-1.6494569419431238,-0.2720137421882591,0.2105188997309268,0.011425798317437173,-0.06164490472502129,-0.35147533090041644
26.23350817890512,5.2024110123069915,9.989329801565889,-1.650073391125026,-0.27552470635516046,0.21012345369343355,0.011629680365737102,-0.06164493165819384,-0.350707389981463
26.24350817890512,5.204462197551564,9.98886796144628,-1.6506898405763424,-0.2790276889099277,0.20972931170139902,0.01182619205123126,-0.06164495860783668,-0.34987923656066505
26.253508178905122,5.20650850919952,9.988401890404857,-1.6513062902972375,-0.2825220936353569,0.20933678096150438,0.01201534870442878,-0.061644985573892745,-0.34899196646216096
26.26350817890512,5.208549943284046,9.987931559510267,-1.651922740287875,-0.2860073349424465,0.20894616197804877,0.012197170687500251,-0.061645012556305154,-0.3480466748353501
26.27350817890512,5.210586498411723,9.987456940302925,-1.652539190548418,-0.2894828378566226,0.20855774855747364,0.012371683369350546,-0.061645039555017225,-0.3470444560866748
26.283508178905123,5.212618175758636,9.98697800478559,-1.6531556410790293,-0.2929480381070838,0.20817182773370796,0.012538917065071702,-0.06164506656997248,-0.3459864034977949
26.29350817890512,5.214644979206647,9.986494725356962,-1.6537720918798713,-0.2964023830086112,0.20778867913795374,0.012698907053521639,-0.06164509360111462,-0.34487360748893275
26.30350817890512,5.216666915191984,9.986007074846537,-1.6543885429511054,-0.2998453310026848,0.2074085752842231,0.012851693307100766,-0.06164512064838757,-0.34370715553640185
26.31350817890512,5.218683992464022,9.985515026547308,-1.6550049942928926,-0.3032763510298106,0.20703178193393962,0.012997319984853314,-0.061645147711735425,-0.34248813170130465
26.323508178905122,5.220696222079711,9.985018554215914,-1.6556214459053935,-0.30669492252082237,0.20665855809964465,0.013135835417634904,-0.061645174791102486,-0.34121761659702976
26.333508178905124,5.222703617399879,9.984517632062975,-1.6562378977887677,-0.31010053547344507,0.20628915598336567,0.0132672920419017,-0.061645201886433236,-0.3398966870903283
26.34350817890512,5.224706194230913,9.98401223468532,-1.6568543499431752,-0.31349269131268337,0.20592382037131873,0.013391746397623167,-0.06164522899767236,-0.33852641492285296
26.35350817890512,5.2267039706751,9.983502337101289,-1.657470802368774,-0.3168709024119795,0.2055627889440532,0.013509258874409213,-0.06164525612476473,-0.3371078666444275
26.36350817890512,5.22869696688489,9.982987914783719,-1.658087255065723,-0.32023469140292865,0.20520629270341534,0.013619893197720436,-0.061645283267655414,-0.33564210325052873
26.373508178905123,5.230685205057138,9.98246894366006,-1.6587037080341795,-0.32358359116429086,0.20485455597846533,0.013723716413235188,-0.06164531042628967,-0.33413018015654555
26.38350817890512,5.23266870942844,9.981945400105428,-1.6593201612743012,-0.3269171448632573,0.20450779639385902,0.01382079883193642,-0.06164533760061292,-0.33257314703244617
26.393508178905122,5.234647506407665,9.981417260875471,-1.6599366147862442,-0.3302349067488129,0.2041662243213252,0.013911213989473824,-0.06164536479057082,-0.33097204677198433
26.40350817890512,5.236621624478802,9.980884503131074,-1.6605530685701644,-0.33353644184788606,0.20383004308273056,0.013995038487523264,-0.061645391996109175,-0.3293279153539205
26.413508178905122,5.238591093923394,9.980347104477973,-1.661169522626218,-0.33682132512147156,0.20349944950081328,0.014072351439795943,-0.06164541921717401,-0.3276417815588158
26.42350817890512,5.240555946809549,9.979805042967175,-1.6617859769545595,-0.34008914143892943,0.20317463391526003,0.014143234443487961,-0.061645446453711505,-0.3259146669361603
26.43350817890512,5.242516216987252,9.979258297091903,-1.6624024315553436,-0.34333948558580624,0.2028557801775565,0.014207771548022026,-0.061645473705668044,-0.32414758574880576
26.443508178905123,5.244471940189677,9.978706845727507,-1.6630188864287243,-0.3465719628938699,0.20254306522666904,0.014266049164511577,-0.06164550097299021,-0.3223415443278545
26.45350817890512,5.246423154038246,9.978150668131725,-1.6636353415748546,-0.34978618932444006,0.20223665903559995,0.014318156050545872,-0.06164552825562474,-0.32049754082366266
26.46350817890512,5.248369897718525,9.977589743996536,-1.6642517969938875,-0.3529817904101114,0.20193672532942397,0.014364182717959237,-0.06164555555351859,-0.31861656496891316
26.47350817890512,5.250312211952473,9.977024053449991,-1.6648682526859755,-0.35615840117826575,0.20164342163721952,0.01440422136730031,-0.061645582866618864,-0.3166995980288923
26.483508178905122,5.252250138996604,9.976453577055782,-1.6654847086512705,-0.3593156661484947,0.20135689929428394,0.01443836588044748,-0.061645610194872864,-0.3147476127952388
26.49350817890512,5.254183722690677,9.975878295770741,-1.6661011648899235,-0.36245323968905996,0.20107730321541392,0.014466711697517953,-0.061645637538228076,-0.31276157332419297
26.503508178905122,5.256113008586323,9.97529819090834,-1.6667176214020853,-0.3655707866052508,0.20080477150134934,0.01448935591776985,-0.06164566489663218,-0.31074243466524115
26.513508178905123,5.258038043603673,9.974713244202439,-1.6673340781879062,-0.3686679809524144,0.20053943626352194,0.014506396749602182,-0.061645692270033026,-0.30869114260688096
26.52350817890512,5.259958875958751,9.974123437814308,-1.6679505352475357,-0.37174450581145096,0.20028142378310623,0.014517933359382921,-0.06164571965837863,-0.30660863359944407
26.53350817890512,5.261875555163472,9.973528754332628,-1.6685669925811233,-0.3748000532888173,0.20003085451101923,0.014524065871449018,-0.06164574706161722,-0.30449583475509323
26.54350817890512,5.263788132034521,9.972929176754606,-1.6691834501888176,-0.37783432462460614,0.1997878430096623,0.014524895286002672,-0.061645774479697164,-0.30235366383221374
26.553508178905123,5.265696658873096,9.972324688417906,-1.6697999080707666,-0.380847031036551,0.1995524974002862,0.014520523535874127,-0.06164580191256705,-0.300183029170628
26.563508178905124,5.267601189223437,9.971715273057685,-1.670416366227118,-0.3838378928489813,0.19932491997233562,0.014511053179709405,-0.061645829360175625,-0.2979848293644221
26.57350817890512,5.269501777697058,9.971100914828684,-1.6710328246580188,-0.386806638906351,0.199105207608037,0.014496587085520858,-0.0616458568224718,-0.29575995312631714
26.58350817890512,5.271398479972198,9.970481598305218,-1.671649283363616,-0.38975300657174494,0.19889345178357626,0.014477228429205504,-0.06164588429940468,-0.29350927928725207
26.59350817890512,5.27329135279083,9.969857308477128,-1.6722657423440557,-0.3926767417317929,0.1986897385719276,0.014453080667869926,-0.061645911790923553,-0.2912336768202749
26.603508178905123,5.275180454083855,9.96922803068585,-1.672882201599483,-0.39557759941623266,0.19849414825968983,0.014424247502406734,-0.06164593929697787,-0.2889340051202407
26.61350817890512,5.277065842951798,9.968593750633502,-1.6734986611300435,-0.3984553437734368,0.1983067553691929,0.014390832857615107,-0.061645966817517245,-0.2866111137473446
26.623508178905123,5.278947579365596,9.967954454433604,-1.6741151209358816,-0.40130974700872574,0.19812762942810833,0.014352940447022027,-0.06164599435249149,-0.2842658421333574
26.63350817890512,5.280825724146306,9.967310128612441,-1.6747315810171413,-0.4041405893182065,0.19795683502008543,0.014310673733568185,-0.06164602190185059,-0.28189901957776703
26.643508178905122,5.282700338964835,9.966660760109024,-1.6753480413739663,-0.40694765888802575,0.19779443178543657,0.014264135928914045,-0.061646049465544674,-0.2795114652485994
26.65350817890512,5.284571486375075,9.966006336243884,-1.6759645020065,-0.40973075208870574,0.1976404743225046,0.014213429927351093,-0.06164607704352408,-0.27710398851727114
26.663508178905122,5.28643922998346,9.965346844665797,-1.6765809629148845,-0.4124896742133229,0.19749501170010608,0.014158658409242292,-0.0616461046357393,-0.27467738925722923
26.673508178905124,5.288303634146209,9.964682273418047,-1.677197424099262,-0.41522423837364336,0.19735808825005124,0.014099923497951177,-0.061646132242140994,-0.2722324572568183
26.68350817890512,5.290164763866477,9.964012610951062,-1.6778138855597742,-0.41793426513911114,0.19722974383975792,0.014037326604899066,-0.061646159862679996,-0.26976997218111254
26.69350817890512,5.292022684794356,9.96333784612242,-1.6784303472965625,-0.4206195825368512,0.1971100138722515,0.013970968429564976,-0.06164618749730732,-0.2672907035719124
26.70350817890512,5.293877463227211,9.962657968190825,-1.679046809309767,-0.423280026065017,0.19699892928713533,0.013900948939741887,-0.06164621514597415,-0.26479541096214254
26.713508178905123,5.295729166256472,9.961972966749624,-1.6796632715995286,-0.4259154393426628,0.19689651616167195,0.01382736739573864,-0.061646242808631825,-0.2622848447454337
26.72350817890512,5.2975778616978575,9.961282831749697,-1.6802797341659863,-0.4285256738925946,0.19680279586657148,0.013750322293802849,-0.06164627048523186,-0.25975974571726307
26.733508178905122,5.299423617836022,9.960587553544029,-1.6808961970092795,-0.43111058821027465,0.19671778575554033,0.013669911071760568,-0.06164629817572593,-0.25722084476941953
26.74350817890512,5.301266503413352,9.959887122888386,-1.681512660129547,-0.43367004772488094,0.19664149919628932,0.013586230091902695,-0.06164632588006589,-0.2546688629033837
26.753508178905122,5.303106587629648,9.959181530941246,-1.6821291235269267,-0.4362039247982857,0.19657394557151406,0.013499374640383822,-0.06164635359820376,-0.25210451123313504
26.76350817890512,5.304943940184705,9.958470769232054,-1.6827455872015569,-0.4387120989239684,0.1965151301779272,0.013409438909722675,-0.06164638133009171,-0.2495284916489296
26.77350817890512,5.306778631432458,9.957754829612961,-1.6833620511535743,-0.44119445738520396,0.1964650537913694,0.013316516090702156,-0.061646409075682106,-0.2469414973921963
26.783508178905123,5.308610732094903,9.957033704324363,-1.683978515383116,-0.44365089420799514,0.19642371342469828,0.013220698121791302,-0.061646436834927446,-0.24434421223596556
26.79350817890512,5.310440313176626,9.956307386006374,-1.6845949798903181,-0.4460813098495491,0.19639110256573056,0.013122075596330685,-0.06164646460778042,-0.24173731047985103
26.80350817890512,5.312267445964806,9.955575867698826,-1.6852114446753166,-0.4484856111982804,0.19636721117724196,0.013020737762532285,-0.06164649239419387,-0.23912145695004655
26.81350817890512,5.314092202031566,9.954839142835691,-1.685827909738247,-0.45086371158814204,0.19635202569573254,0.012916772518451062,-0.06164652019412078,-0.2364973071697406
26.823508178905122,5.31591465337652,9.95409720518261,-1.686444375079244,-0.4532155313946129,0.19634552866288657,0.01281026647494363,-0.06164654800751434,-0.23386550866921668
26.833508178905124,5.317734872358009,9.953350048859338,-1.687060840698442,-0.4555409978293136,0.19634769887527517,0.012701304906785666,-0.061646575834327866,-0.23122670041649943
26.84350817890512,5.319552931465121,9.952597668382932,-1.6876773065959751,-0.45784004409866536,0.19635851200738527,0.012589971569877081,-0.06164660367451486,-0.2285815124405849
26.85350817890512,5.32136890330807,9.951840058668417,-1.6882937727719767,-0.46011260936888926,0.19637794063944292,0.012476348692063351,-0.06164663152802897,-0.22593056585455554
26.86350817890512,5.323182860617924,9.95107721502873,-1.6889102392265798,-0.46235863876508093,0.19640595425829563,0.012360516972943806,-0.061646659394824006,-0.22327447285991084
26.873508178905123,5.324994876293045,9.950309133144891,-1.6895267059599173,-0.4645780835672341,0.19644251914981067,0.012242555608697287,-0.061646687274853944,-0.22061383762374828
26.88350817890512,5.326805023534052,9.94953580902278,-1.690143172972121,-0.4667709017838522,0.19648759801977128,0.01212254236982682,-0.06164671516807293,-0.21794925704403204
26.893508178905122,5.328613375585331,9.948757239055219,-1.6907596402633227,-0.468937057212728,0.19654115067264027,0.012000553438261882,-0.06164674307443523,-0.2152813197540456
26.90350817890512,5.330420005663806,9.94797342003257,-1.691376107833653,-0.47107651917783366,0.19660313421037637,0.01187666336189518,-0.06164677099389531,-0.21261060612457375
26.913508178905122,5.332224986958946,9.947184349142734,-1.691992575683244,-0.47318926252932325,0.1966735030324342,0.011750945054582506,-0.06164679892640777,-0.20993768826389922
26.92350817890512,5.334028392668102,9.946390023957402,-1.6926090438122248,-0.4752752677820128,0.19675220874488283,0.011623469820216899,-0.06164682687192738,-0.20726313038694355
26.93350817890512,5.335830296097844,9.945590442381919,-1.6932255122207256,-0.4773345215591212,0.1968391998910584,0.011494307430665438,-0.061646854830409055,-0.2045874902538734
26.935834621466213,5.336249290991433,9.945403670450695,-1.6933689300951287,-0.47780975842429635,0.19686062017180586,0.011464023933566193,-0.06164686133664298,-0.2039649216040045
26.945834621466215,5.3380496567234115,9.944597553520099,-1.6939850760898243,-0.47983484733264825,0.19696230543426926,0.01132965529496836,-0.06164628159448006,-0.20127587047831155
26.955834621466217,5.3398485328690715,9.943786124707499,-1.6946015390558502,-0.48183407752366303,0.19708094436120902,0.01118903144445838,-0.06164631160224363,-0.19856671314625568
26.965834621466215,5.341646252244594,9.942969259694928,-1.6952180023217003,-0.48380611505239624,0.19721667811937632,0.011041686892351254,-0.061646341559378,-0.1958375871753252
26.975834621466213,5.343442942967677,9.942146870215824,-1.6958344658868696,-0.48575076854215615,0.1973695181618689,0.010887722631292125,-0.06164637146605852,-0.19309018285347507
26.985834621466214,5.345238733441771,9.941318868443268,-1.6964509297508539,-0.48766786334767176,0.19753946692509577,0.010727238375067033,-0.061646401322459944,-0.19032615604612854
26.995834621466216,5.347033752429404,9.940485166964654,-1.6970673939131518,-0.4895572414665583,0.19772651780640937,0.010560332495014514,-0.061646431128756424,-0.18754713140327114
27.005834621466217,5.348828128934756,9.939645678814568,-1.6976838583732625,-0.4914187611808532,0.19793065542060315,0.010387101925629498,-0.0616464608851215,-0.18475470237701028
27.015834621466215,5.3506219919557845,9.938800317541423,-1.6983003231306883,-0.4932522961989965,0.19815185620077783,0.01020764198962712,-0.06164649059172812,-0.1819504312730632
27.025834621466213,5.352415470471165,9.937948997210759,-1.6989167881849319,-0.49505773559746274,0.1983900884362096,0.01002204638581107,-0.06164652024874863,-0.17913584936616003
27.035834621466215,5.354208693456049,9.937091632399012,-1.6995332535354986,-0.49683498367757534,0.19864531232599814,0.009830407159683325,-0.06164654985635478,-0.1763124589371069
27.045834621466216,5.35600178995472,9.936228138173,-1.7001497191818948,-0.4985839600802024,0.19891747986112787,0.00963281470031583,-0.06164657941471771,-0.17348173514540113
27.055834621466214,5.357794888775302,9.93535843017521,-1.7007661851236293,-0.5003045988032322,0.19920653553146536,0.00942935759155074,-0.061646608924007994,-0.17064512548477512
27.065834621466216,5.359588118419561,9.93448242464293,-1.7013826513602122,-0.5019968479378119,0.1995124165066686,0.009220122572903455,-0.061646638384395595,-0.16780404997427434
27.075834621466218,5.361381607080343,9.933600038408827,-1.7019991178911549,-0.5036606696184704,0.19983505266174606,0.009005194538124421,-0.061646667796049895,-0.16495990160547352
27.085834621466216,5.363175482726886,9.932711188876961,-1.702615584715971,-0.5052960400647359,0.20017436648530196,0.008784656556463133,-0.0616466971591397,-0.16211404951817826
27.095834621466214,5.364969872989514,9.931815794056808,-1.7032320518341761,-0.5069029492648047,0.20053027331688647,0.00855858983346983,-0.06164672647383321,-0.15926783869930283
27.105834621466215,5.366764904937752,9.930913772625603,-1.703848519245287,-0.5084814001990068,0.2009026818928511,0.00832707364022082,-0.06164675574029805,-0.15642258996431044
27.115834621466217,5.368560705071285,9.93000504393085,-1.704464986948822,-0.5100314088001985,0.2012914943724053,0.008090185310461517,-0.06164678495870127,-0.15357960003610152
27.125834621466215,5.370357399335497,9.929089527986726,-1.7050814549443014,-0.5115530038908365,0.20169660635269696,0.007848000267218293,-0.06164681412920933,-0.15074014312492726
27.135834621466213,5.372155113201073,9.928167145453951,-1.705697923231247,-0.5130462273715345,0.2021179067080724,0.007600592065780436,-0.06164684325198814,-0.14790547298194437
27.145834621466214,5.37395397140816,9.92723781771291,-1.7063143918091825,-0.5145111334082648,0.20255527817919708,0.007348032348781384,-0.06164687232720299,-0.14507682201417868
27.155834621466216,5.375754097886614,9.92630146688631,-1.706930860677633,-0.5159477881288348,0.20300859758097026,0.0070903908392430355,-0.06164690135501864,-0.14225540147668878
27.165834621466214,5.377555615754132,9.92535801583997,-1.7075473298361254,-0.5173562695982694,0.20347773581503553,0.006827735349644355,-0.06164693033559927,-0.13944240173938616
27.175834621466215,5.379358647387565,9.924407388165772,-1.708163799284188,-0.5187366679432994,0.20396255774482133,0.00656013186352312,-0.06164695926910849,-0.13663899483768302
27.185834621466217,5.381163314347203,9.92344950820492,-1.7087802690213514,-0.5200890851537838,0.20446292234504995,0.0062876445435968605,-0.06164698815570931,-0.13384633438899024
27.195834621466215,5.382969737172213,9.922484301106088,-1.7093967390471463,-0.5214136343605561,0.2049786832084959,0.006010335737497295,-0.06164701699556423,-0.13106555525739602
27.205834621466213,5.38477803536953,9.92151169282863,-1.7100132093611071,-0.5227104397895308,0.20550968857654808,0.005728265980837485,-0.06164704578883515,-0.1282977736187078
27.215834621466215,5.386588327427431,9.920531610140491,-1.7106296799627683,-0.5239796367567334,0.2060557813253777,0.005441494055654381,-0.061647074535683424,-0.1255440881289893
27.225834621466216,5.388400730886425,9.919543980602251,-1.7112461508516665,-0.5252213719148119,0.20661679877962058,0.005150077069297457,-0.06164710323626985,-0.12280558168350886
27.235834621466218,5.390215362120811,9.918548732628665,-1.71186262202734,-0.526435802524073,0.20719257323395032,0.004854070471334343,-0.061647131890754665,-0.12008332039683058
27.245834621466212,5.392032336266514,9.917545795509135,-1.7124790934893284,-0.5276230961754846,0.20778293214219645,0.004553528077179694,-0.06164716049929753,-0.11737835363716068
27.255834621466214,5.3938517672198145,9.916535099408394,-1.7130955652371733,-0.528783430777044,0.2083876981235863,0.004248502084760124,-0.061647189062057586,-0.11469171423737021
27.265834621466215,5.39567376770063,9.915516575352925,-1.7137120372704175,-0.5299169947583915,0.20900668880045803,0.003939043194389683,-0.06164721757919339,-0.11202442049164082
27.275834621466217,5.397498449176598,9.914490155253585,-1.7143285095886056,-0.5310239868666219,0.20963971695143074,0.0036252006418322743,-0.06164724605086299,-0.1093774758854721
27.285834621466215,5.399325921692085,9.913455771952613,-1.7149449821912839,-0.5321046155249427,0.21028659095533764,0.0033070222532958138,-0.06164727447722385,-0.10675186853219953
27.295834621466216,5.401156293859719,9.912413359226012,-1.7155614550779996,-0.5331590987973539,0.2109471148146346,0.0029845544526120506,-0.06164730285843292,-0.10414857120318585
27.305834621466214,5.4029896728762195,9.91136285178097,-1.7161779282483023,-0.5341876644359681,0.2116210881123534,0.002657842347384788,-0.061647331194646576,-0.10156854228344465
27.315834621466216,5.404826164570614,9.910304185246531,-1.716794401701743,-0.5351905501329026,0.21230830583881724,0.0023269298185308834,-0.061647359486020674,-0.09901272692804311
27.325834621466214,5.406665873209354,9.909237296225355,-1.7174108754378739,-0.5361680027925306,0.21300855889994366,0.001991859578038587,-0.061647387732710515,-0.09648205588420251
27.335834621466216,5.40850890144584,9.908162122307152,-1.7180273494562488,-0.5371202783237417,0.21372163425746157,0.0016526732032015744,-0.06164741593487087,-0.09397744539183092
27.345834621466217,5.410355350320016,9.907078602069005,-1.7186438237564234,-0.5380476416351566,0.21444731492979718,0.0013094111652996892,-0.06164744409265599,-0.09149979738171088
27.355834621466215,5.412205319315343,9.90598667506356,-1.7192602983379546,-0.538950366912031,0.21518537979760963,0.0009621129694981456,-0.06164747220621956,-0.08905000093958582
27.365834621466213,5.414058906262089,9.904886281844767,-1.7198767732004008,-0.5398287372918648,0.21593560383719818,0.0006108171989813321,-0.061647500275714744,-0.08662893159783096
27.375834621466215,5.415916207209734,9.903777363999689,-1.7204932483433224,-0.5406830443193157,0.21669775848986794,0.0002555615891597972,-0.06164752830129419,-0.08423745064895546
27.385834621466216,5.4177773164226135,9.90265986414957,-1.721109723766281,-0.5415135879258423,0.21747161167519807,-0.00010361696413806891,-0.06164755628311001,-0.08187640515463789
27.395834621466214,5.419642326401271,9.90153372594516,-1.7217261994688393,-0.5423206765421158,0.21825692771193672,-0.0004666822924979831,-0.06164758422131377,-0.0795466286991871
27.405834621466216,5.4215113278952325,9.900398894065878,-1.7223426754505624,-0.5431046272596131,0.2190534672196746,-0.0008335988747470471,-0.06164761211605655,-0.07724894181442465
27.415834621466214,5.423384409735896,9.899255314258655,-1.7229591517110159,-0.5438657650777791,0.21986098762896325,-0.0012043317581606058,-0.06164763996748888,-0.07498415062829776
27.425834621466215,5.425261658809364,9.898102933344065,-1.723575628249768,-0.5446044227727747,0.22067924326839986,-0.0015788465318176247,-0.06164766777576075,-0.07275304672089696
27.435834621466213,5.427143160057396,9.896941699215601,-1.7241921050663878,-0.5453209409025437,0.22150798536061206,-0.0019571092791769076,-0.061647695541021674,-0.07055640727541035
27.445834621466215,5.4290289965241225,9.895771560829951,-1.7248085821604457,-0.5460156681250938,0.22234696181825528,-0.002339086441051385,-0.06164772326342061,-0.06839499594629955
27.455834621466217,5.430919249240127,9.894592468232576,-1.725425059531514,-0.5466889606716284,0.22319591760397645,-0.002724744767652472,-0.061647750943106046,-0.06626956166472434
27.465834621466215,5.432813997140449,9.893404372574052,-1.726041537179166,-0.5473411819093947,0.22405459501916347,-0.003114051252617405,-0.06164777858022591,-0.06418083793465065
27.475834621466213,5.434713317062537,9.8922072261102,-1.726658015102977,-0.5479727023277096,0.22492273371305557,-0.003506973122446995,-0.06164780617492762,-0.062129542822796494
27.485834621466214,5.436617283771375,9.89100098219504,-1.7272744933025235,-0.5485838997081137,0.2258000705767925,-0.003903477710627869,-0.06164783372735811,-0.06011637937940572
27.495834621466216,5.438525969939278,9.88978559528587,-1.7278909717773836,-0.5491751591213029,0.22668633976025215,-0.004303532395872725,-0.06164786123766379,-0.05814203540331314
27.505834621466214,5.440439446015006,9.88856102096595,-1.728507450527137,-0.5497468721478704,0.22758127318269963,-0.004707104527389759,-0.061647888705990576,-0.05620718194660151
27.515834621466215,5.44235778021139,9.887327215946339,-1.729123929551364,-0.5502994367990615,0.22848460058425044,-0.005114161409932013,-0.06164791613248387,-0.05431247318375899
27.525834621466217,5.444281038506949,9.886084138063186,-1.7297404088496475,-0.5508332575126038,0.22939604953102813,-0.00552467024436136,-0.061647943517288556,-0.05245854637328826
27.53583462146622,5.446209284681187,9.884831746270198,-1.7303568884215714,-0.5513487454783841,0.23031534522231747,-0.0059385980101215,-0.06164797086054904,-0.05064602218560462
27.545834621466216,5.448142580203631,9.883570000655638,-1.7309733682667205,-0.5518463179257168,0.23124221095600714,-0.0063559114255112795,-0.06164799816240921,-0.048875503169881714
27.55583462146621,5.450080984180978,9.882298862448025,-1.7315898483846817,-0.5523263977252713,0.23217636838387123,-0.006776576901276313,-0.06164802542301246,-0.0471475730072113
27.565834621466212,5.452024553355782,9.881018294015592,-1.7322063287750435,-0.5527894133692463,0.23311753752445682,-0.00720056053155922,-0.0616480526425017,-0.04546279645851735
27.575834621466214,5.453973342127231,9.87972825885761,-1.7328228094373952,-0.5532357991111395,0.2340654366865983,-0.007627827979382305,-0.06164807982101934,-0.043821719285206645
27.585834621466212,5.455927402532631,9.878428721607476,-1.7334392903713278,-0.5536659949433437,0.23501978250051694,-0.00805834442955498,-0.06164810695870728,-0.042224867811495495
27.595834621466214,5.457886784144181,9.87711964803987,-1.734055771576434,-0.5540804456817888,0.2359802904958231,-0.00849207454150943,-0.06164813405570695,-0.040672747171190474
27.605834621466215,5.459851534059884,9.875801005070773,-1.7346722530523069,-0.5544796008744387,0.23694667515916767,-0.008928982438783258,-0.061648161112159275,-0.039165841130438625
27.615834621466217,5.461821696903744,9.87447276075361,-1.7352887347985424,-0.5548639147443453,0.23791864997239281,-0.009369031675446433,-0.06164818812820469,-0.03770461185206905
27.625834621466215,5.4637973148570165,9.873134884270456,-1.7359052168147369,-0.5552338465009538,0.23889592724126107,-0.009812185123256257,-0.06164821510398316,-0.03628949976134628
27.635834621466216,5.4657784275892345,9.871787345936365,-1.7365216991004884,-0.5555898597107102,0.23987821849332303,-0.010258404965478586,-0.061648242039634156,-0.03492092223353314
27.645834621466218,5.4677650722041236,9.870430117195824,-1.7371381816553964,-0.5559324216113847,0.2408652349008723,-0.010707652668676178,-0.06164826893529666,-0.033599272334978246
27.655834621466216,5.469757283239094,9.869063170622628,-1.7377546644790616,-0.5562620031036668,0.24185668728614357,-0.011159888981833893,-0.061648295791109184,-0.032324918805890425
27.66583462146621,5.471755092670243,9.867686479910036,-1.7383711475710857,-0.5565790786221532,0.24285228620597898,-0.011615073886585224,-0.06164832260720975,-0.031098205507466368
27.675834621466212,5.473758529941178,9.866300019868232,-1.7389876309310734,-0.5568841265998078,0.24385174169610258,-0.012073166512704235,-0.06164834938373592,-0.02991945137171436
27.685834621466213,5.475767621887474,9.86490376641718,-1.7396041145586292,-0.5571776283687854,0.2448547639381267,-0.012534125157207662,-0.06164837612082476,-0.028788948543473736
27.695834621466215,5.4777823927108775,9.863497696578655,-1.740220598453359,-0.5574600676388206,0.24586106357360848,-0.012997907278443977,-0.06164840281861286,-0.027706961490681033
27.705834621466213,5.479802863979296,9.86208178847625,-1.740837082614871,-0.5577319304972282,0.24687035170404928,-0.01346446949609312,-0.06164842947723635,-0.026673727004370745
27.715834621466215,5.481829054632868,9.860656021321253,-1.7414535670427738,-0.5579937051261862,0.24788234006195747,-0.013933767568738875,-0.061648456096830895,-0.025689453480111805
27.725834621466216,5.483860981020126,9.85922037541322,-1.742070051736678,-0.5582458825139771,0.24889674062010472,-0.014405756293275614,-0.06164848267753166,-0.024754320917268684
27.735834621466214,5.485898656846283,9.85777483212652,-1.7426865366961952,-0.5584889553707114,0.24991326623384222,-0.01488038955890015,-0.061648509219473374,-0.023868479330521275
27.745834621466216,5.487942093148761,9.85631937388894,-1.7433030219209387,-0.5587234171550143,0.25093163121061796,-0.01535762037696923,-0.06164853572279027,-0.023032047352315836
27.755834621466217,5.489991298297196,9.854853984181673,-1.743919507410523,-0.5589497620737756,0.2519515513101239,-0.01583740088100148,-0.061648562187616135,-0.02224511223245689
27.76583462146622,5.49204627799466,9.853378647538541,-1.7445359931645632,-0.5591684850754423,0.25297274374812956,-0.016319682326168674,-0.061648588614084315,-0.021507729818253645
27.775834621466217,5.4941070353248405,9.851893349520534,-1.7451524791826771,-0.5593800818094262,0.2539949272304545,-0.016804415043842117,-0.061648615002327656,-0.020819923704489297
27.78583462146621,5.496173570730518,9.8503980767162,-1.7457689654644826,-0.5595850484844554,0.25501782206099693,-0.017291548431776348,-0.06164864135247855,-0.02018168435117374
27.795834621466213,5.498245881999262,9.848892816714505,-1.7463854520095998,-0.5597838806498496,0.2560411508265372,-0.017781031050130205,-0.061648667664668935,-0.019592968088767686
27.805834621466214,5.50032396427565,9.847377558092818,-1.7470019388176499,-0.5599770729607616,0.2570646385275682,-0.018272810630379936,-0.061648693939030295,-0.01905369682313781
27.815834621466212,5.502407810066825,9.845852290412767,-1.747618425888255,-0.5601651191162121,0.25808801261324915,-0.018766834079318985,-0.06164872017569366,-0.018563757921706368
27.825834621466214,5.5044974092677625,9.844317004204678,-1.7482349132210386,-0.5603485118143927,0.25911100302522944,-0.01926304746667949,-0.0616487463747896,-0.01812300332346051
27.835834621466216,5.506592749156585,9.842771690958005,-1.748851400815626,-0.5605277423589865,0.260133342425747,-0.019761396057160978,-0.061648772536448244,-0.017731248993778013
27.845834621466217,5.5086938144255075,9.841216343082804,-1.7494678886716433,-0.5607032995948281,0.2611547667737444,-0.020261824408059653,-0.06164879866079927,-0.01738827436571587
27.855834621466215,5.510800587184032,9.839650953906707,-1.7500843767887182,-0.5608756698401298,0.2621750153617059,-0.02076427637510151,-0.06164882474797187,-0.017093822287992156
27.865834621466217,5.512913046978749,9.838075517663452,-1.7507008651664793,-0.5610453367696803,0.2631938308824913,-0.021268695127509025,-0.061648850798094845,-0.016847598711723824
27.87583462146622,5.515031170808707,9.836490029481075,-1.751317353804557,-0.5612127813109014,0.2642109595067831,-0.02177502315991039,-0.0616488768112965,-0.01664927186074007
27.885834621466216,5.517154933160203,9.834894485347705,-1.7519338427025828,-0.5613784806860104,0.26522615138545763,-0.022283202398104454,-0.06164890278770474,-0.016498472200710337
27.89583462146621,5.51928430603493,9.833288882091447,-1.7525503318601887,-0.5615429079916713,0.26623916086805227,-0.022793174247690007,-0.061648928727447,-0.01639479237909734
27.905834621466212,5.521419258962209,9.831673217373778,-1.7531668212770095,-0.5617065321186574,0.2672497465459752,-0.0233048796089357,-0.06164895463065027,-0.016337787123760047
27.915834621466214,5.52355975902254,9.830047489675275,-1.7537833109526804,-0.5618698175982623,0.2682576713490092,-0.02381825891064208,-0.061648980497441115,-0.0163269726280967
27.925834621466215,5.525705770894443,9.828411698262867,-1.7543998008868376,-0.5620332238371472,0.26926270293385146,-0.024333252207181348,-0.06164900632794567,-0.01636182679324454
27.935834621466213,5.527857256897106,9.826765843164203,-1.7550162910791187,-0.5621972046136936,0.27026461393478945,-0.024849799246494053,-0.0616490321222896,-0.01644178945321293
27.945834621466215,5.53001417700702,9.825109925159401,-1.7556327815291632,-0.5623622079727951,0.27126318201779626,-0.025367839493664092,-0.061649057880598164,-0.016566262336249343
27.955834621466217,5.5321764888828175,9.823443945767089,-1.7562492722366112,-0.5625286760331353,0.2722581899907137,-0.025887312178346028,-0.06164908360299617,-0.016734608716113607
27.965834621466215,5.534344147937615,9.821767907204398,-1.756865763201104,-0.562697044200745,0.27324942618208214,-0.0264081564080789,-0.061649109289608005,-0.016946154143576798
27.975834621466216,5.536517107378167,9.820081812366796,-1.7574822544222843,-0.5628677408164974,0.2742366846082517,-0.02693031122279288,-0.061649134940557626,-0.01720018681242683
27.985834621466218,5.538695318229996,9.818385664816745,-1.7580987458997965,-0.563041187016223,0.2752197650432963,-0.027453715634115,-0.061649160555968543,-0.01749595759598925
27.99583462146622,5.540878729371972,9.816679468766077,-1.7587152376332857,-0.5632177964380115,0.276198473167254,-0.027978308688905624,-0.06164918613596387,-0.01783268013563288
28.005834621466214,5.5430672876326685,9.814963229030441,-1.759331729622398,-0.5633979744567772,0.2771726209115992,-0.028504029592219315,-0.061649211680666255,-0.01820953211706147
28.01583462146621,5.545260937816566,9.813236951017648,-1.7599482218667817,-0.5635821180113436,0.2781420265362295,-0.029030817740161977,-0.06164923719019795,-0.018625655580605308
28.025834621466213,5.5474596227355155,9.811500640714494,-1.7605647143660852,-0.5637706154402661,0.2791065147097673,-0.029558612775222332,-0.06164926266468077,-0.0190801570818344
28.035834621466215,5.5496632832787185,9.809754304655861,-1.7611812071199588,-0.5639638459968066,0.2800659167246766,-0.03008735467871185,-0.06164928810423611,-0.019572108640315805
28.045834621466213,5.551871858500948,9.807997949887557,-1.761797700128054,-0.5641621793115874,0.2810200707212838,-0.030616983866495945,-0.06164931350898496,-0.02010054909501743
28.055834621466214,5.5540852856391325,9.806231583960113,-1.762414193390023,-0.5643659753223499,0.281968821718291,-0.03114744121507537,-0.06164933887904788,-0.02066448429687181
28.05816106402731,5.554600915586565,9.805819214481978,-1.7625576170427149,-0.5644142081014678,0.2821887525522442,-0.031270961553221274,-0.061649344776286724,-0.02080066109998577
28.068161064027308,5.556820851665957,9.804040522646662,-1.7631737868741089,-0.5646230706996276,0.28312799239664976,-0.03179772724689367,-0.06164876219846696,-0.02136747569654473
28.07816106402731,5.5590448872438545,9.802251976280624,-1.763790274632032,-0.5648394019985964,0.2840550867418028,-0.03231367946515185,-0.061648789352051085,-0.021891396383350237
28.08816106402731,5.56127357763739,9.800453694416237,-1.764406762660469,-0.5650607498404291,0.28497079493861843,-0.03281973759923579,-0.061648816301352286,-0.022370704623911025
28.09816106402731,5.563506867764703,9.79864580745112,-1.7650232509573807,-0.5652866648076078,0.2858754073360917,-0.03331602951779564,-0.061648843047078225,-0.02280470165215257
28.10816106402731,5.565744705095649,9.796828444116189,-1.7656397395207344,-0.565516690651641,0.2867692157270511,-0.03380268360143175,-0.061648869589934104,-0.023192744610122985
28.118161064027305,5.5679870396627855,9.795001731486964,-1.766256228348505,-0.5657503648043944,0.287652513098374,-0.034279828661344366,-0.061648895930622664,-0.023534245081340048
28.128161064027307,5.570233824102841,9.793165794989312,-1.766872717438675,-0.5659872187650428,0.28852559340604056,-0.034747593890621424,-0.06164892206984423,-0.023828668822681778
28.138161064027308,5.572485013743022,9.791320758435171,-1.7674892067892327,-0.5662267794433837,0.2893887508275135,-0.03520610871037516,-0.06164894800829669,-0.024075534873724456
28.148161064027306,5.574740566608152,9.789466744026388,-1.768105696398174,-0.5664685693005381,0.29024227968569466,-0.03565550275263162,-0.061648973746675544,-0.024274415404824258
28.158161064027308,5.577000443435026,9.787603872373964,-1.7687221862635019,-0.5667121069273515,0.29108647415236705,-0.036095905786474335,-0.061648999285673856,-0.02442493462264478
28.16816106402731,5.579264607642872,9.785732262479675,-1.7693386763832253,-0.5669569065846427,0.29192162852715237,-0.03652744774770638,-0.0616490246259823,-0.02452676798535756
28.178161064027307,5.5815330253921696,9.78385203177711,-1.7699551667553615,-0.567202479454545,0.29274803655886356,-0.03695025859841838,-0.06164904976828913,-0.02457964087186371
28.18816106402731,5.5838056656336335,9.781963296175995,-1.7705716573779335,-0.5674483349447947,0.2935659907475041,-0.037364468178135525,-0.061649074713280246,-0.024583327098474862
28.19816106402731,5.586082500108229,9.780066170062206,-1.7711881482489717,-0.5676939806892146,0.2943757823440124,-0.037770206203760696,-0.061649099461639184,-0.024537648918268044
28.208161064027312,5.58836350334594,9.778160766298742,-1.7718046393665132,-0.5679389225650595,0.2951777013432028,-0.03816760226719611,-0.06164912401404709,-0.024442476938668186
28.21816106402731,5.59064865262394,9.77624719625167,-1.7724211307286017,-0.5681826651541183,0.29597203631605756,-0.038556785762651875,-0.06164914837118275,-0.024297727144417556
28.228161064027304,5.592937927998752,9.774325569794218,-1.773037622333288,-0.5684247120039503,0.2967590742570725,-0.038937885852511185,-0.06164917253372262,-0.02410336049899874
28.238161064027306,5.595231312322587,9.7723959953612,-1.7736541141786295,-0.5686645668840212,0.29753909992604366,-0.03931103133829841,-0.06164919650234076,-0.023859381483429382
28.248161064027308,5.597528791231914,9.77045857996557,-1.7742706062626905,-0.5689017341114219,0.2983123956977219,-0.039676350621964354,-0.06164922027770897,-0.02356583712885957
28.258161064027306,5.599830353141823,9.768513429203525,-1.7748870985835419,-0.5691357186297972,0.2990792415284592,-0.040033971696722764,-0.061649243860496666,-0.023222816666874743
28.268161064027307,5.602135989221986,9.766560647270179,-1.775503591139261,-0.5693660262149399,0.299839914892085,-0.040384022116116886,-0.06164926725137098,-0.02283044954246237
28.27816106402731,5.604445693403744,9.764600336976645,-1.7761200839279319,-0.5695921638598386,0.30059469057853333,-0.04072662895444879,-0.06164929045099671,-0.022388904772552287
28.28816106402731,5.6067594623445025,9.762632599810724,-1.7767365769476455,-0.5698136408713493,0.3013438401628945,-0.0410619186949059,-0.061649313460036353,-0.021898388668339448
28.29816106402731,5.609077295423984,9.760657535941515,-1.7773530701964995,-0.5700299689486062,0.30208763196909877,-0.04139001722124255,-0.06164933627915013,-0.021359144615878862
28.30816106402731,5.61139919472439,9.758675244231451,-1.7779695636725976,-0.5702406622959955,0.30282633103436607,-0.04171104980694394,-0.061649358908995956,-0.020771452115687036
28.31816106402731,5.613725165015477,9.756685822247722,-1.7785860573740506,-0.5704452377172504,0.3035601990863971,-0.042025141105637584,-0.06164938135022948,-0.020135625350007947
28.32816106402731,5.616055213716764,9.754689366314219,-1.7792025512989758,-0.5706432154798612,0.3042894941229662,-0.0423324150686463,-0.06164940360350406,-0.019452011676149742
28.338161064027304,5.618389350863614,9.752685971541824,-1.779819045445496,-0.5708341197430757,0.3050144702200286,-0.04263299490432862,-0.06164942566947081,-0.018720990384381492
28.348161064027305,5.620727589096748,9.750675731834512,-1.7804355398117426,-0.5710174785997829,0.3057353775197406,-0.04292700307588278,-0.061649447548778616,-0.017942972306168335
28.358161064027307,5.623069943638633,9.748658739903233,-1.7810520343958516,-0.5711928241180764,0.3064524622347807,-0.04321456130465714,-0.061649469242074054,-0.017118398510869545
28.36816106402731,5.625416432248633,9.746635087308812,-1.7816685291959662,-0.5713596929465253,0.3071659663662075,-0.04349579051533283,-0.061649490750001486,-0.016247738966405453
28.378161064027307,5.627767075170416,9.744604864501888,-1.782285024210236,-0.5715176268095813,0.3078761274863065,-0.04377081079224067,-0.06164951207320306,-0.015331491127700235
28.388161064027308,5.630121895119202,9.742568160830078,-1.7829015194368167,-0.5716661725425554,0.3085831787301459,-0.044039741379456154,-0.061649533212318704,-0.01437017955310566
28.39816106402731,5.632480917258328,9.740525064551969,-1.783518014873871,-0.5718048821044829,0.309287348806876,-0.044302700691282365,-0.061649554167986086,-0.013364354928254236
28.408161064027308,5.63484416913328,9.738475662885826,-1.7841345105195672,-0.5719333131559347,0.3099888617438001,-0.04455980626256969,-0.061649574940840696,-0.012314592598120712
28.41816106402731,5.637211680621855,9.736420042042308,-1.7847510063720806,-0.5720510294051323,0.3106879367412783,-0.04481117472025004,-0.06164959553151583,-0.011221491495535838
28.42816106402731,5.6395834839152625,9.734358287234482,-1.7853675024295925,-0.572157600616238,0.31138478817930837,-0.04505692179020646,-0.06164961594064258,-0.010085673668493573
28.438161064027312,5.641959613489529,9.732290482696243,-1.7859839986902906,-0.572252602683721,0.3120796255937067,-0.045297162302349446,-0.061649636168849845,-0.008907783514483368
28.44816106402731,5.644340106014013,9.730216711739454,-1.7866004951523686,-0.5723356182090734,0.3127726534349032,-0.045532010142253214,-0.06164965621676435,-0.00768848615687275
28.458161064027305,5.646725000322157,9.728137056770844,-1.7872169918140266,-0.5724062366324693,0.3134640710175116,-0.04576157824263973,-0.06164967608501065,-0.006428466921051857
28.468161064027306,5.649114337388541,9.726051599304485,-1.7878334886734717,-0.5724640541947049,0.3141540725467128,-0.04598597860034478,-0.06164969577421115,-0.005128430872071539
28.478161064027308,5.651508160260097,9.723960420002589,-1.7884499857289162,-0.5725086742650636,0.3148428469859104,-0.04620532225354447,-0.061649715284986084,-0.0037891017123747404
28.488161064027306,5.653906513984737,9.721863598715474,-1.7890664829785787,-0.5725397076969149,0.31553057791495187,-0.04641971925193215,-0.06164973461795353,-0.0024112234224768305
28.498161064027308,5.65630944559149,9.719761214492063,-1.7896829804206846,-0.572556772819709,0.3162174435384181,-0.046629278665843564,-0.06164975377372944,-0.0009955550383433827
28.50816106402731,5.658717004040237,9.717653345607836,-1.790299478053465,-0.5725594952015343,0.31690361683194895,-0.04683410863405183,-0.061649772752927635,0.00045715452937831807
28.51816106402731,5.661129240130244,9.715540069614043,-1.7909159758751567,-0.5725475095442324,0.3175892645964706,-0.047034316127906525,-0.0616497915561598,0.0019458963832872432
28.52816106402731,5.663546206461349,9.713421463355122,-1.7915324738840037,-0.5725204614716666,0.31827454653164255,-0.047230006717176205,-0.06164981018403551,0.003469407940540687
28.53816106402731,5.665967957370728,9.71129760299582,-1.792148972078255,-0.5724780099936093,0.3189596139592411,-0.04742128424537975,-0.0616498286371622,0.005026338116768082
28.548161064027312,5.668394548790989,9.709168564084543,-1.7927654704561664,-0.5724198279335907,0.3196446096770454,-0.04760825077654519,-0.06164984691614525,0.006615289754479172
28.55816106402731,5.670826038195065,9.707034421576049,-1.7933819690159996,-0.5723456022692073,0.3203296678056114,-0.04779100654931932,-0.06164986502158791,0.008234822205986468
28.568161064027304,5.67326248452456,9.704895249858678,-1.7939984677560215,-0.5722550345024818,0.3210149136138824,-0.047969649923115185,-0.06164988295409135,0.009883453079072242
28.578161064027306,5.675703948042466,9.70275112281651,-1.7946149666745066,-0.5721478412534255,0.321700463284464,-0.048144277293703235,-0.06164990071425465,0.011559661596741317
28.588161064027307,5.678150490256371,9.700602113860374,-1.7952314657697341,-0.5720237545373733,0.32238642380594945,-0.04831498305145481,-0.06164991830267482,0.013261890402329581
28.59816106402731,5.680602173854271,9.698448295950703,-1.7958479650399897,-0.5718825220325563,0.32307289284426094,-0.0484818595345719,-0.06164993571994681,0.01498854737003449
28.608161064027307,5.683059062555227,9.696289741656889,-1.7964644644835646,-0.5717239075504965,0.32375995856736955,-0.04864499695028505,-0.061649952966663514,0.01673800929385033
28.61816106402731,5.685521221002923,9.69412652319911,-1.7970809640987564,-0.5715476913207073,0.32444769955152497,-0.04880448332540169,-0.06164997004341574,0.018508624475289687
28.62816106402731,5.687988714706091,9.69195871246867,-1.7976974638838685,-0.5713536701606691,0.3251361847018489,-0.04896040446733781,-0.06164998695079227,0.02029871455459699
28.638161064027308,5.690461609920118,9.68978638107205,-1.7983139638372097,-0.571141657779597,0.32582547313683713,-0.049112843899318984,-0.06165000368937984,0.022106577770085355
28.64816106402731,5.692939973480726,9.68760960039374,-1.7989304639570953,-0.5709114850744683,0.3265156141216643,-0.0492618827940319,-0.06165002025976317,0.023930493135062007
28.65816106402731,5.6954238727501245,9.685428441614787,-1.7995469642418465,-0.57066300020721,0.32720664704507474,-0.04940759994757417,-0.06165003666252495,0.02576872202176836
28.668161064027313,5.697913375539931,9.683242975738665,-1.8001634646897893,-0.570396068773654,0.3278986013371753,-0.04955007172629703,-0.06165005289824584,0.027619510764571354
28.678161064027307,5.70040854991646,9.681053273661627,-1.800779965299256,-0.570110573992159,0.3285914964721507,-0.04968937199754629,-0.061650068967504495,0.029481095731812446
28.688161064027305,5.702909464111768,9.678859406204158,-1.801396466068586,-0.5698064167642501,0.3292853419823444,-0.049825572100276015,-0.061650084870877565,0.031351705664243605
28.698161064027307,5.705416186456185,9.676661444132288,-1.8020129669961227,-0.5694835157106635,0.3299801374471832,-0.04995874080663575,-0.061650100608939704,0.03322956400543577
28.70816106402731,5.70792878527302,9.674459458193255,-1.8026294680802157,-0.569141807249953,0.3306758724830771,-0.05008894426959702,-0.06165011618226357,0.035112892154441404
28.718161064027306,5.710447328670561,9.672253519186404,-1.8032459693192209,-0.5687812455551937,0.33137252688275265,-0.0502162459708057,-0.06165013159141984,0.03699991486092262
28.728161064027308,5.712971884497496,9.670043697977654,-1.803862470711499,-0.5684018025261739,0.33207007064989374,-0.050340706707646746,-0.061650146836977227,0.0388888614902832
28.73816106402731,5.715502520266133,9.667830065522697,-1.804478972255417,-0.5680034677593301,0.33276846401620275,-0.05046238454614485,-0.061650161919502455,0.04077796888309395
28.74816106402731,5.718039303016079,9.665612692911447,-1.8050954739493474,-0.5675862484563341,0.333467657552574,-0.05058133477916015,-0.061650176839560304,0.04266548518555459
28.75816106402731,5.720582299127994,9.663391651427705,-1.8057119757916686,-0.5671501691744999,0.3341675924099218,-0.05069760989728708,-0.06165019159771359,0.044549674644251476
28.76816106402731,5.723131574290795,9.661167012558902,-1.8063284777807642,-0.5666952717578889,0.3348682003688546,-0.05081125958119527,-0.06165020619452315,0.04642881857557372
28.778161064027312,5.725687193424341,9.658938848018257,-1.8069449799150232,-0.5662216152127743,0.33556940390331064,-0.05092233065442124,-0.061650220630547925,0.04830121832959885
28.788161064027307,5.728249220545016,9.656707229786198,-1.8075614821928407,-0.5657292754613029,0.3362711163819587,-0.05103086705768609,-0.06165023490634489,0.050165198889724254
28.798161064027305,5.730817718578471,9.654472230166283,-1.8081779846126176,-0.5652183448611356,0.3369732424398127,-0.051136909840945814,-0.06165024902246911,0.05201911354387158
28.808161064027306,5.733392749337303,9.652233921791394,-1.8087944871727597,-0.5646889321277021,0.33767567803032533,-0.05124049716147005,-0.06165026297947371,0.053861344502339065
28.818161064027308,5.735974373441217,9.649992377644905,-1.8094109898716786,-0.5641411620632266,0.33837831057489814,-0.051341664247719535,-0.061650276777909914,0.055690305764098405
28.82816106402731,5.738562650235922,9.647747671084403,-1.8100274927077913,-0.5635751753640877,0.33908101909779187,-0.05144044337560309,-0.061650290418327036,0.05750444546079764
28.838161064027307,5.741157637569878,9.645499875902999,-1.8106439956795204,-0.5629911277352309,0.3397836748532378,-0.051536863894433294,-0.06165030390127246,0.05930225101986675
28.84816106402731,5.743759391771249,9.643249066335535,-1.8112604987852936,-0.5623891897950454,0.340486141390504,-0.051630952228670764,-0.061650317227291716,0.06108224973180647
28.85816106402731,5.746367967580711,9.640995317074255,-1.8118770020235448,-0.5617695466822963,0.3411882747904265,-0.051722731876730564,-0.0616503303969284,0.06284301065422357
28.86816106402731,5.748983418127452,9.638738703275756,-1.812493505392713,-0.5611323980616217,0.34188992362554194,-0.05181222335330047,-0.06165034341072427,0.06458314618131891
28.87816106402731,5.751605794731084,9.636479300610173,-1.8131100088912417,-0.5604779570447389,0.3425909296985692,-0.05189944425381432,-0.06165035626921917,0.06630131601114629
28.88816106402731,5.75423514679345,9.634217185286937,-1.8137265125175814,-0.5598064495398,0.34329112847208004,-0.051984409290114414,-0.0616503689729511,0.06799622944588829
28.898161064027313,5.756871521796056,9.631952434055242,-1.8143430162701868,-0.5591181142280591,0.34399034908306214,-0.05206713029200667,-0.061650381522456166,0.06966664544081275
28.908161064027308,5.759514965213601,9.629685124219906,-1.814959520147518,-0.5584132018098558,0.3446884147914074,-0.05214761623063151,-0.06165039391826867,0.0713113747093993
28.918161064027306,5.762165520544328,9.627415333638478,-1.8155760241480414,-0.5576919755144909,0.34538514262670117,-0.0522258731194653,-0.061650406160921,0.07292928015093539
28.928161064027307,5.764823229089653,9.62514314076471,-1.8161925282702276,-0.5569547092565632,0.346080344598492,-0.0523019041784193,-0.06165041825094374,0.07451928023841997
28.93816106402731,5.767488129874306,9.622868624663427,-1.8168090325125532,-0.5562016869176137,0.3467738281561548,-0.052375709892512314,-0.06165043018886563,0.07608035034867325
28.948161064027307,5.770160259646335,9.620591865010532,-1.8174255368734997,-0.5554332023461268,0.34746539618888994,-0.05244728801187052,-0.06165044197521357,0.07761152276233574
28.95816106402731,5.772839652858253,9.618312942093688,-1.8180420413515541,-0.5546495590364869,0.34815484721424506,-0.05251663357444482,-0.061650453610512634,0.07911188693286235
28.96816106402731,5.77552634161072,9.616031936817594,-1.8186585459452083,-0.5538510694383645,0.3488419757514572,-0.05258373889536855,-0.0616504650952861,0.08058059107642297
28.97816106402731,5.7782203556076395,9.613748930717817,-1.8192750506529598,-0.5530380549025933,0.34952657240543383,-0.05264859358135072,-0.0616504764300554,0.08201684273703667
28.98816106402731,5.780921722023083,9.611464005970202,-1.8198915554733113,-0.552210843574374,0.350208425181954,-0.0527111847632416,-0.06165048761534017,0.08341990962785645
28.99816106402731,5.783630465493551,9.60917724539122,-1.8205080604047703,-0.5513697702605785,0.35088731956828895,-0.052771497108778445,-0.061650498651658274,0.08478911969862384
29.008161064027313,5.786346608117936,9.60688873243794,-1.8211245654458497,-0.5505151764282196,0.35156303853409293,-0.052829512822744916,-0.06165050953952575,0.0861238611347442
29.018161064027307,5.789070169440894,9.604598551200372,-1.8217410705950674,-0.549647409516872,0.3522353629250783,-0.05288521169905214,-0.06165052027945685,0.08742358218553581
29.028161064027305,5.791801166407004,9.602306786410427,-1.8223575758509472,-0.5487668227098513,0.35290407161106263,-0.05293857110117902,-0.06165053087196405,0.08868779206847706
29.038161064027307,5.7945396133110645,9.600013523436077,-1.822974081212017,-0.5478737735272525,0.35356894237465053,-0.052989566176581016,-0.061650541317558066,0.08991606009423496
29.04816106402731,5.7972855217839285,9.59771884827176,-1.8235905866768103,-0.5469686229837454,0.3542297524133505,-0.05303816996214976,-0.06165055161674784,0.09110801504400932
29.05816106402731,5.800038900792528,9.595422847538343,-1.8242070922438658,-0.5460517355863426,0.3548862783408893,-0.05308435338453305,-0.061650561770040524,0.09226334516600779
29.068161064027308,5.80279975663926,9.59312560847205,-1.8248235979117267,-0.5451234787598009,0.35553829652807606,-0.05312808532960931,-0.06165057177794155,0.09338179741152974
29.07816106402731,5.805568092925217,9.590827218932107,-1.8254401036789416,-0.5441842227738102,0.3561855831701019,-0.0531693326187444,-0.06165058164095457,0.09446317801399175
29.08816106402731,5.8083439105581665,9.588527767375007,-1.8260566095440645,-0.5432343392701862,0.3568279151747736,-0.0532080602528158,-0.061650591359581494,0.09550735030619234
29.09816106402731,5.81112720776375,9.586227342838045,-1.8266731155056537,-0.5422742004879776,0.3574650706202292,-0.05324423153294955,-0.06165060093432251,0.09651423345477753
29.10816106402731,5.813917980085641,9.58392603493922,-1.827289621562273,-0.5413041792602384,0.35809682875681575,-0.05327780806108145,-0.061650610365676074,0.0974838024519079
29.118161064027312,5.816716220399493,9.581623933862572,-1.8279061277124908,-0.5403246485431072,0.3587229702910041,-0.053308749814144525,-0.06165061965413893,0.09841608698610947
29.128161064027307,5.819521918882711,9.579321130361087,-1.8285226339548808,-0.539335981212945,0.3593432775425574,-0.05333701516038765,-0.06165062880020604,0.09931117150355133
29.138161064027308,5.822335063073987,9.577017715717794,-1.8291391402880217,-0.5383385487403778,0.35995753521306534,-0.05336256110927174,-0.06165063780437071,0.10016919214789274
29.148161064027306,5.825155637904076,9.574713781726444,-1.829755646710497,-0.5373327206164482,0.3605655307155685,-0.05338534341652511,-0.06165064666712451,0.10099033529044872
29.158161064027308,5.827983625696293,9.572409420690953,-1.8303721532208945,-0.5363188643414855,0.3611670541824841,-0.053405316586597036,-0.06165065538895732,0.10177483748301636
29.16816106402731,5.830819006178232,9.570104725411525,-1.830988659817808,-0.5352973450621353,0.3617618987077801,-0.053422433947261046,-0.06165066397035732,0.10252298428105232
29.178161064027307,5.8336617565285485,9.567799789156805,-1.8316051664998354,-0.5342685247431731,0.362349860827812,-0.053436647814217156,-0.06165067241181097,0.10323510804630816
29.180487506588403,5.834324160137257,9.567263534415861,-1.8317485932503168,-0.5340281670702576,0.36248563861662914,-0.05343953310645601,-0.061650674355652406,0.10339565381836609
29.190487506588404,5.837176781161318,9.564958230598606,-1.8323647755952235,-0.532989967528979,0.363067177563913,-0.053455914640369605,-0.061650074809440646,0.10405949529181054
29.200487506588402,5.840035873170616,9.562652963841966,-1.8329812763937916,-0.5319462224438652,0.3636452889998794,-0.053478523587568244,-0.06165008485921492,0.10468262425924613
29.210487506588404,5.842902213870238,9.560347545666268,-1.83359777729151,-0.5308964516387465,0.364219950520196,-0.05350798654045092,-0.06165009463959859,0.10526479941555264
29.220487506588405,5.84577575496646,9.558041965085472,-1.834214278285689,-0.5298410604754329,0.36479089891331495,-0.05354415311678888,-0.06165010415152489,0.10580682438967946
29.230487506588403,5.84865644586374,9.555736212496356,-1.8348307793736487,-0.5287804461422816,0.3653578775601871,-0.053586873367337404,-0.061650113395923786,0.10630955020195025
29.240487506588398,5.851544233678797,9.553430279667205,-1.8354472805527182,-0.5277149973337224,0.3659206367310491,-0.05363599787981263,-0.06165012237372204,0.1067738736999299
29.2504875065884,5.854439063356022,9.551124159680311,-1.8360637818202372,-0.5266450935539262,0.36647893396633896,-0.05369137794935292,-0.061650131085843204,0.10720073410309329
29.2604875065884,5.8573408778083635,9.548817846866513,-1.8366802831735527,-0.5255711044317238,0.367032534437559,-0.053752865757088965,-0.061650139533207644,0.10759110902930445
29.270487506588402,5.86024961793136,9.54651133679906,-1.8372967846100219,-0.5244933896628655,0.36758121098359636,-0.05382031439067248,-0.06165014771673253,0.10794601406377029
29.2804875065884,5.86316522263695,9.544204626276628,-1.8379132861270109,-0.5234122987720855,0.36812474432916514,-0.05389357795013817,-0.06165015563733185,0.10826650105952171
29.290487506588402,5.866087628926746,9.54189771328827,-1.8385297877218951,-0.5223281707078674,0.3686629233228961,-0.053972511666823146,-0.061650163295916424,0.108553655859366
29.300487506588404,5.8690167720933495,9.539590596928365,-1.839146289392059,-0.5212413331625333,0.3691955452399283,-0.054056972108424806,-0.061650170693393916,0.10880859327558058
29.3104875065884,5.871952585740942,9.537283277388092,-1.8397627911348957,-0.5201521025082013,0.3697224158137301,-0.054146817201793006,-0.06165017783066886,0.10903245655390072
29.320487506588403,5.87489500183121,9.534975755936333,-1.840379292947808,-0.5190607836534129,0.37024334935903874,-0.05424190632243328,-0.061650184708642655,0.10922641582491222
29.330487506588405,5.877843950717344,9.532668034902644,-1.8409957948282072,-0.5179676698266671,0.37075816893598135,-0.054342100383729275,-0.061650191328213554,0.10939166676421958
29.340487506588406,5.88079936138219,9.530360117584475,-1.841612296773514,-0.5168730420273892,0.37126670652340515,-0.054447262032149855,-0.061650197690276715,0.10952942523731413
29.3504875065884,5.883761161482523,9.52805200823012,-1.8422287987811572,-0.5157771689321377,0.3717688030514968,-0.05455725568585018,-0.06165020379572421,0.10964092627736456
29.3604875065884,5.88672927739434,9.52574371202208,-1.842845300848576,-0.5146803068357109,0.372264308441744,-0.05467194759518566,-0.06165020964544499,0.1097274229144726
29.3704875065884,5.889703634228042,9.523435235068542,-1.8434618029732166,-0.5135826995373766,0.37275308173366856,-0.05479120592539861,-0.061650215240324935,0.10979018529581713
29.380487506588402,5.892684156060667,9.521126584319145,-1.8440783051525358,-0.5124845779946732,0.3732349911145521,-0.05491490090829766,-0.061650220581246876,0.109830495898991
29.3904875065884,5.895670766028586,9.518817767532013,-1.8446948073839982,-0.5113861602142684,0.37370991392192543,-0.05504290490463779,-0.06165022566909057,0.10984964760917276
29.4004875065884,5.898663386356068,9.51650879326426,-1.845311309665077,-0.5102876512477293,0.37417773663806075,-0.055175092431743324,-0.061650230504732735,0.10984894310452957
29.410487506588403,5.901661938383913,9.514199670860643,-1.845927811993255,-0.5091892431448864,0.37463835496305137,-0.055311340250556916,-0.061650235089047045,0.10982969388133525
29.420487506588405,5.904666342740218,9.51189041039514,-1.8465443143660232,-0.508091114795521,0.37509167376620056,-0.05545152745863974,-0.06165023942290414,0.10979321693864721
29.430487506588403,5.907676519504851,9.50958102261675,-1.8471608167808813,-0.5069934318668505,0.37553760698978367,-0.05559553556945585,-0.06165024350717165,0.109740831681189
29.440487506588404,5.910692388224911,9.50727151894478,-1.8477773192353375,-0.5058963468127043,0.3759760776339442,-0.055743248521812686,-0.06165024734271422,0.10967385963303697
29.450487506588406,5.913713867958575,9.504961911454878,-1.8483938217269094,-0.504799998901249,0.3764070177492086,-0.055894552750429906,-0.06165025093039348,0.10959362344520157
29.4604875065884,5.916740877363144,9.502652212849744,-1.8490103242531217,-0.5037045141524207,0.3768303684073143,-0.05604933724543086,-0.06165025427106805,0.10950144517017357
29.470487506588398,5.919773334926104,9.50034243638854,-1.84962682681151,-0.5026100054102806,0.3772460794405826,-0.05620749361984799,-0.06165025736559361,0.10939864226583818
29.4804875065884,5.922811158985559,9.49803259588077,-1.850243329399616,-0.5015165723554783,0.3776541094168548,-0.0563689161167387,-0.061650260214822894,0.10928652724154166
29.4904875065884,5.925854267781952,9.495722705672092,-1.8508598320149916,-0.5004243015933623,0.3780544255573114,-0.0565335016462602,-0.06165026281960566,0.10916640676071113
29.5004875065884,5.928902579472749,9.493412780638247,-1.8514763346551961,-0.49933326660952426,0.3784470037777734,-0.05670114984141039,-0.06165026518078869,0.10903958118874008
29.5104875065884,5.93195601238052,9.491102836114674,-1.8520928373177983,-0.4982435279990693,0.37883182829037365,-0.05687176308645586,-0.06165026729921587,0.10890734058310744
29.520487506588402,5.935014485062683,9.488792887877176,-1.8527093400003742,-0.4971551335539845,0.37920889148122017,-0.05704524652638575,-0.061650269175728155,0.10877096358118937
29.530487506588404,5.93807791633564,9.486482952136072,-1.8533258427005093,-0.49606811832507164,0.3795781938505672,-0.05722150807240082,-0.061650270811163595,0.10863171703753093
29.540487506588402,5.941146225302244,9.484173045529035,-1.8539423454157968,-0.4949825046859514,0.37993974397060504,-0.05740045845420406,-0.061650272206357326,0.10849085549687251
29.550487506588404,5.944219331482735,9.481863185085524,-1.8545588481438384,-0.49389830248438266,0.38029355824732614,-0.05758201122575338,-0.061650273362141586,0.10834961911377995
29.560487506588405,5.947297154995587,9.479553388181085,-1.8551753508822444,-0.49281550940180774,0.380639660499835,-0.05776608274886543,-0.061650274279345746,0.10820923097552501
29.570487506588403,5.950379616564324,9.477243672535725,-1.855791853628633,-0.4917341109706854,0.38097808194234184,-0.057952592192684234,-0.06165027495879628,0.10807089700383393
29.580487506588398,5.95346663756708,9.474934056203649,-1.8564083563806302,-0.4906540807595969,0.3813088610185572,-0.05814146154062584,-0.06165027540131683,0.10793580525598806
29.5904875065884,5.956558140035631,9.472624557571695,-1.857024859135872,-0.48957538029542147,0.38163204346077995,-0.05833261563820223,-0.061650275607728164,0.10780512576668638
29.6004875065884,5.959654046882408,9.470315195306984,-1.8576413618920007,-0.4884979596658782,0.38194768164385756,-0.05852598212094059,-0.061650275578848196,0.10768000736521212
29.610487506588402,5.9627542819662205,9.468005988342405,-1.8582578646466674,-0.48742175772327345,0.38225583438119975,-0.05872149139316296,-0.06165027531549203,0.10756157678025483
29.6204875065884,5.965858770102081,9.465696955874945,-1.8588743673975316,-0.4863467021328441,0.38255656688194184,-0.05891907662295062,-0.061650274818471955,0.10745093851690055
29.630487506588402,5.968967437099187,9.463388117359605,-1.8594908701422608,-0.48527270957309654,0.3828499505768702,-0.05911867374892965,-0.06165027408859741,0.10734917430976186
29.640487506588403,5.972080209789142,9.461079492500884,-1.8601073728785302,-0.4841996857130927,0.3831360630978863,-0.05932022150052192,-0.06165027312667505,0.10725734256370925
29.6504875065884,5.9751970162357795,9.45877110121236,-1.8607238756040236,-0.4831275260649068,0.3834149874767531,-0.05952366126494814,-0.06165027193350874,0.10717647568547742
29.660487506588403,5.978317785758794,9.456462963612385,-1.8613403783164324,-0.4820561160897341,0.38368681204846766,-0.059728937072228885,-0.06165027050989955,0.10710757978972352
29.670487506588405,5.981442448945034,9.454155100022762,-1.8619568810134561,-0.48098533127778864,0.38395163038407015,-0.05993599558355045,-0.061650268856645804,0.10705163457031328
29.680487506588406,5.9845709376781215,9.451847530966015,-1.8625733836928025,-0.4799150373756141,0.38420954109292954,-0.06014478608463932,-0.06165026697454301,0.10700959284081893
29.6904875065884,5.987703185155922,9.449540277158505,-1.8631898863521863,-0.47884509029503947,0.3844606478564421,-0.06035526051207009,-0.06165026486438396,0.10698238009022092
29.7004875065884,5.990839126080942,9.44723335948261,-1.8638063889893322,-0.4777753372353006,0.3847050584593301,-0.06056737325015411,-0.06165026252695866,0.10697089233550022
29.7104875065884,5.993978696678944,9.444926798984282,-1.8644228916019707,-0.476705616803726,0.38494288468731197,-0.06078108111035556,-0.061650259963054434,0.10697599591601935
29.7204875065884,5.99712183470069,9.442620616872988,-1.8650393941878411,-0.4756357590344662,0.38517424231226055,-0.06099634332783527,-0.06165025717345584,0.10699852747816467
29.7304875065884,6.000268479463164,9.440314834521685,-1.8656558967446901,-0.4745655858777974,0.3853992506974204,-0.06121312148477676,-0.06165025415894474,0.10703929351547933
29.7404875065884,6.003418571799737,9.438009473465788,-1.8662723992702728,-0.47349491053239834,0.38561803328342703,-0.06143137966361329,-0.06165025092030026,0.10709907041308003
29.750487506588403,6.00657205422633,9.435704555388629,-1.8668889017623518,-0.4724235388338417,0.3858307164629569,-0.061651084166687894,-0.06165024745829884,0.10717860289970102
29.760487506588404,6.009728870997225,9.433400102118485,-1.867505404218697,-0.4713512698038417,0.3860374291446636,-0.061872203409225286,-0.06165024377371423,0.10727860356986066
29.770487506588402,6.012888968105066,9.431096135628584,-1.8681219066370867,-0.4702778956502537,0.3862383027531776,-0.06209470791933184,-0.06165023986731752,0.10739975288386135
29.780487506588404,6.016052293281655,9.4287926780376,-1.8687384090153067,-0.4692032017992448,0.3864334712054888,-0.062318570331741686,-0.0616502357398771,0.1075426991704393
29.790487506588406,6.019218796003875,9.426489751619458,-1.86935491135115,-0.4681269674034827,0.38662307052127576,-0.06254376530270556,-0.061650231392158715,0.10770805852953919
29.8004875065884,6.022388427501573,9.424187378788487,-1.8699714136424177,-0.4670489647556756,0.38680723919073756,-0.06277026964326941,-0.06165022682492544,0.10789641406049423
29.810487506588398,6.025561140852357,9.42188558210759,-1.8705879158869192,-0.4659689608259766,0.38698611703362423,-0.06299806198928505,-0.06165022203893771,0.10810831563417682
29.8204875065884,6.028736890999611,9.419584384293747,-1.87120441808247,-0.4648867177324747,0.38715984485570143,-0.06322712270470761,-0.061650217034953346,0.10834427992489243
29.8304875065884,6.031915634752505,9.417283808218006,-1.871820920226894,-0.463801992741192,0.38732856444875075,-0.06345743388159615,-0.06165021181372753,0.10860479041038008
29.840487506588403,6.0350973307848825,9.41498387690682,-1.8724374223180231,-0.4627145383151786,0.38749241855660266,-0.06368897932996226,-0.06165020637601284,0.10889029740915313
29.8504875065884,6.038281939620235,9.412684613555431,-1.8730539243536954,-0.46162410256042824,0.3876515505373679,-0.06392174449617886,-0.06165020072255923,0.10920121815654615
29.860487506588402,6.041469423671372,9.410386041506728,-1.8736704263317576,-0.46053042872882743,0.3878061046390929,-0.06415571657602626,-0.06165019485411405,0.10953793564314433
29.870487506588404,6.044659747253628,9.408088184282304,-1.8742869282500636,-0.4594332568264012,0.3879562249058037,-0.06439088415857486,-0.06165018877142207,0.10990079981047471
29.880487506588402,6.047852876580995,9.405791065591341,-1.8749034301064744,-0.45833232398101936,0.38810205492825645,-0.0646272371469962,-0.06165018247522548,0.11029012786203542
29.890487506588403,6.051048779766121,9.403494709330609,-1.875519931898859,-0.4572273644423965,0.3882437378439368,-0.06486476675856281,-0.06165017596626391,0.11070620426329573
29.900487506588405,6.054247426815968,9.40119913958658,-1.8761364336250932,-0.4561181096319902,0.3883814163038116,-0.06510346551420931,-0.061650169245274423,0.1111492808146976
29.9104875065884,6.057448789607792,9.398904380646501,-1.8767529352830599,-0.4550042884149385,0.38851523224826406,-0.06534332718916087,-0.06165016231299153,0.11161957667371104
29.9204875065884,6.0606528419343935,9.396610456987696,-1.8773694368706508,-0.45388562714656533,0.38864532682701664,-0.06558434680138998,-0.06165015517014717,0.11211727772680985
29.9304875065884,6.063859559447575,9.39431739331837,-1.8779859383857633,-0.4527618509083693,0.3887718396351567,-0.0658265203320229,-0.061650147817470774,0.11264253865107927
29.9404875065884,6.0670689196461325,9.39202521458429,-1.8786024398263033,-0.4516326836820124,0.3888949086041307,-0.06606984468708724,-0.06165014025568925,0.11319548321326983
29.950487506588402,6.070280901875619,9.38973394596889,-1.8792189411901825,-0.45049784835128576,0.38901467000055623,-0.0663143176970712,-0.06165013248552696,0.11377620427454854
29.9604875065884,6.073495487303629,9.387443612903345,-1.8798354424753216,-0.4493570669236698,0.3891312582687314,-0.06655993806932128,-0.06165012450770581,0.11438476414972418
29.9704875065884,6.0767126589519105,9.385154241056457,-1.880451943679647,-0.4482100604849577,0.38924480598591726,-0.06680670540193627,-0.06165011632294513,0.11502119377783795
29.980487506588403,6.079932401621042,9.382865856374218,-1.881068444801093,-0.4470565501558848,0.38935544332237765,-0.06705461996158271,-0.06165010793196181,0.11568549503896192
29.990487506588405,6.083154701848929,9.380578485098406,-1.8816849458376013,-0.44589625748414824,0.38946329781817013,-0.06730368259382759,-0.061650099335470235,0.11637764177004324
30.000487506588403,6.086379547910671,9.378292153766646,-1.88230144678712,-0.44472890444521007,0.38956849438270785,-0.06755389472295074,-0.06165009053418235,0.11709757976775319
30.010487506588404,6.08960692979287,9.37600688922138,-1.8829179476476046,-0.4435542136130428,0.3896711551793267,-0.06780525831275229,-0.06165008152880758,0.1178452272564816
30.020487506588406,6.092836839224497,9.373722718600336,-1.8835344484170182,-0.4423719081451085,0.38977139955993834,-0.06805777587160382,-0.06165007232005294,0.1186204741732604
30.0304875065884,6.0960692695719425,9.371439669379988,-1.8841509490933297,-0.4411817125848133,0.3898693436619682,-0.06831145026243335,-0.06165006290862296,0.11942318489434807
30.0404875065884,6.09930421578426,9.369157769396313,-1.884767449674517,-0.43998335320706056,0.3899651002338942,-0.06856628462133339,-0.061650053295219755,0.12025319950509927
30.0504875065884,6.102541674392011,9.366877046845168,-1.8853839501585634,-0.4387765580230656,0.39005877863292865,-0.06882228235637942,-0.061650043480542996,0.12111033382450882
30.0604875065884,6.105781643479341,9.364597530290578,-1.8860004505434593,-0.437561056920122,0.3901504847289308,-0.0690794471129663,-0.06165003346528992,0.1219943799818002
30.070487506588403,6.109024122715948,9.362319248655627,-1.8866169508272028,-0.4363365816768253,0.3902403208274714,-0.06933778276992475,-0.06165002325015536,0.12290510584095336
30.0804875065884,6.1122691132101235,9.36004223127419,-1.8872334510077986,-0.4351028666819952,0.3903283853691513,-0.06959729326464624,-0.06165001283583175,0.12384225843684628
30.090487506588403,6.115516617462029,9.357766507906527,-1.887849951083258,-0.4338596491363369,0.3904147728444261,-0.06985798254384101,-0.0616500022230091,0.12480556501468235
30.100487506588404,6.118766639359216,9.355492108740549,-1.8884664510515996,-0.43260666906508494,0.3904995737885964,-0.07011985456015281,-0.061649991412375066,0.12579473312781164
30.110487506588402,6.122019184154203,9.35321906439691,-1.8890829509108484,-0.4313436694079026,0.39058287470609065,-0.0703829132458587,-0.0616499804046149,0.12680945120565978
30.120487506588404,6.125274258479909,9.350947405925906,-1.889699450659037,-0.4300703961071101,0.390664757977701,-0.07064716249006985,-0.06164996920041148,0.12784938844431504
30.130487506588405,6.12853187017226,9.348677164862893,-1.8903159502942042,-0.4287865986727856,0.39074530169507943,-0.07091260599514952,-0.061649957800445306,0.12891419869089654
30.1404875065884,6.131792028240153,9.3464083732373,-1.8909324498143953,-0.427492030269214,0.3908245796349696,-0.0711792472543566,-0.061649946205394546,0.1300035210915362
30.1504875065884,6.135054742855515,9.344141063575062,-1.8915489492176638,-0.4261864477307559,0.39090266125574485,-0.07144708954663098,-0.06164993441593501,0.13111698031510755
30.1604875065884,6.138320025345809,9.341875268898072,-1.8921654485020685,-0.42486961159507697,0.3909796116374264,-0.07171613591994926,-0.06164992243274015,0.1322541869734105
30.1704875065884,6.141587888172689,9.339611022731969,-1.892781947665675,-0.42354128625731835,0.3910554914007821,-0.07198638915068868,-0.06164991025648111,0.13341473827910594
30.180487506588403,6.144858344747246,9.33734835915831,-1.8933984467065568,-0.42220124032857054,0.39113035668472756,-0.07225785164479864,-0.06164989788782668,0.13459822189425275
30.1904875065884,6.14813140941426,9.335087312818825,-1.8940149456227926,-0.42084924666287044,0.3912042591449129,-0.07253052542996427,-0.061649885327443366,0.1358042162616818
30.200487506588402,6.151407097436691,9.332827918918644,-1.8946314444124688,-0.419485082362763,0.3912772459602051,-0.07280441215092028,-0.06164987257599535,0.137032290966212
30.210487506588404,6.1546854250072975,9.330570213219554,-1.895247943073678,-0.41810852876951815,0.39134935977795576,-0.07307951305951661,-0.0616498596341445,0.13828200694546552
30.220487506588405,6.157966409185939,9.328314232058247,-1.8958644416045194,-0.41671937162199923,0.3914206386869098,-0.07335582897036388,-0.0616498465025504,0.13955291787955215
30.230487506588403,6.161250067721859,9.326060012391894,-1.8964809400030989,-0.41531740121907573,0.39149111631393235,-0.0736333602057114,-0.06164983318187035,0.14084457371977457
30.240487506588405,6.164536419046053,9.323807591799984,-1.8970974382675287,-0.41390241242477527,0.3915608218284891,-0.07391210659331085,-0.061649819672759405,0.14215652084475613
30.2504875065884,6.167825482252753,9.321557008487392,-1.8977139363959277,-0.412474204649968,0.3916297799661394,-0.07419206746536966,-0.061649805975870296,0.14348830249793468
30.2604875065884,6.171117277127395,9.319308301272635,-1.898330434386422,-0.4110325818152393,0.39169801097355017,-0.07447324165183715,-0.06164979209185353,0.14483945883112917
30.2704875065884,6.174411824060144,9.317061509610657,-1.8989469322371433,-0.40957735245523946,0.39176553064899783,-0.07475562744736859,-0.061649778021357314,0.14620952860718073
30.2804875065884,6.177709143871042,9.314816673633452,-1.8995634299462298,-0.40810832971913097,0.39183235054120713,-0.07503922259239641,-0.061649763765027676,0.14759805247363791
30.290487506588402,6.181009257805175,9.312573834151104,-1.9001799275118265,-0.4066253313690923,0.3918984779553032,-0.07532402427278251,-0.06164974932350837,0.1490045730577605
30.300487506588404,6.184312187543457,9.310333032647527,-1.900796424932085,-0.4051281797545038,0.39196391594602115,-0.07561002912176162,-0.06164973469744091,0.15042863490392702
30.30281394914949,6.185081001268209,9.309812019745603,-1.900939849494778,-0.40477782811026924,0.3919790408270316,-0.07567673861538514,-0.06164973126837737,0.15076240144985756
30.31281394914949,6.18838824548594,9.307573590689108,-1.9015560219496435,-0.40326313597785735,0.39204870884426096,-0.07596416473807975,-0.06164910885564936,0.15216743994706064
30.32281394914949,6.191697651539935,9.305337455785617,-1.9021725129733904,-0.4017347036071622,0.3921270719724213,-0.07625043734489707,-0.061649095854246536,0.15350836644324992
30.33281394914949,6.195010130110908,9.303103448384308,-1.9027890038659405,-0.4001931813223406,0.3922137302287093,-0.07653609556149704,-0.0616490826164465,0.15478554097939182
30.34281394914949,6.198325787689107,9.300871590213129,-1.9034054946249341,-0.39863920517003243,0.3923081543068794,-0.07682096654320521,-0.06164906914306816,0.15599917112204784
30.352813949149493,6.201644725160433,9.298641905029399,-1.9040219852480194,-0.39707340874776587,0.39240982395540974,-0.07710487722815706,-0.06164905543492761,0.15714958155359326
30.362813949149487,6.204967037957202,9.296414418547785,-1.9046384757328525,-0.3954964223847686,0.3925182283589137,-0.0773876544509037,-0.061649041492838084,0.15823720711753436
30.37281394914949,6.208292816099024,9.2941891583964,-1.9052549660770988,-0.393908871916189,0.3926328668743218,-0.07766912522865224,-0.06164902731761002,0.15926258792139933
30.382813949149487,6.211622144339906,9.29196615401553,-1.9058714562784305,-0.3923113764126479,0.3927532502923777,-0.07794911731399293,-0.061649012910051045,0.1602263592322313
30.392813949149488,6.214955102185787,9.289745436647745,-1.9064879463345281,-0.3907045480078797,0.39287890092704086,-0.07822745923479262,-0.06164899827096599,0.16112925052686894
30.40281394914949,6.218291764032213,9.287527039275874,-1.9071044362430807,-0.38908899136547787,0.39300935281123955,-0.07850398041138694,-0.06164898340115689,0.1619720797571537
30.412813949149488,6.221632199240413,9.285310996583119,-1.907720926001785,-0.3874653032691394,0.39314415189236634,-0.07877851123667305,-0.061648968301423,0.1627557492758503
30.42281394914949,6.224976472340591,9.283097344837767,-1.9083374156083455,-0.3858340705208247,0.39328285709804894,-0.07905088364998823,-0.061648952972560817,0.16348123505720977
30.43281394914949,6.2283246431007555,9.280886121858108,-1.908953905060475,-0.38419586942006845,0.39342504058135536,-0.07932093127605946,-0.06164893741536406,0.16414958348543346
30.442813949149492,6.231676766597948,9.27867736698246,-1.9095703943558944,-0.38255126558196223,0.3935702877549566,-0.07958848948213665,-0.06164892163062374,0.16476190878288374
30.45281394914949,6.235032893370776,9.27647112100445,-1.9101868834923317,-0.38090081372982637,0.3937181972710509,-0.07985339544076697,-0.06164890561912808,0.16531938721203976
30.462813949149492,6.238393069572733,9.274267426095864,-1.9108033724675237,-0.37924505651149054,0.3938683815599465,-0.08011548848607383,-0.06164888938166259,0.16582325028640876
30.472813949149486,6.241757337159926,9.272066325721756,-1.911419861279214,-0.3775845235071301,0.3940204672117879,-0.08037461041917221,-0.061648872919010056,0.16627477756718445
30.482813949149488,6.245125733912809,9.269867864631822,-1.9120363499251556,-0.37591973118748684,0.3941740949759191,-0.08063060552545631,-0.061648856231950565,0.16667529598193037
30.492813949149486,6.248498293612845,9.267672088791361,-1.9126528384031076,-0.3742511828390578,0.3943289196062836,-0.08088332064500013,-0.06164883932126149,0.1670261743435953
30.502813949149488,6.2518750461356785,9.26547904533951,-1.913269326710838,-0.3725793682502924,0.39448460994508616,-0.08113260528817544,-0.06164882218771749,0.16732881984322742
30.51281394914949,6.255256017738981,9.263288782471237,-1.913885814846122,-0.3709047625883685,0.39464084923139753,-0.08137831203130076,-0.06164880483209059,0.16758466882778172
30.52281394914949,6.258641231104267,9.261101349420663,-1.9145023028067423,-0.3692278262799404,0.39479733512070747,-0.08162029656170432,-0.061648787255150106,0.167795185505269
30.53281394914949,6.262030705443841,9.258916796422332,-1.9151187905904898,-0.3675490050169743,0.3949537795444457,-0.08185841771912886,-0.061648769457662705,0.16796185922708473
30.54281394914949,6.265424456633426,9.256735174660816,-1.915735278195163,-0.36586872994328656,0.3951099084409514,-0.08209253750489152,-0.06164875144039238,0.16808620086214293
30.552813949149492,6.268822497435736,9.254556536185936,-1.9163517656185678,-0.3641874169489597,0.39526546187083433,-0.08232252135702361,-0.06164873320410048,0.1681697366528731
30.56281394914949,6.272224837681108,9.252380933846872,-1.9169682528585177,-0.36250546633429265,0.395420193973772,-0.08254823830903628,-0.06164871474954571,0.16821400355647395
30.57281394914949,6.2756314842838945,9.250208421286716,-1.9175847399128336,-0.3608232628171944,0.39557387294100155,-0.08276956099516443,-0.06164869607748419,0.16822054890562374
30.582813949149493,6.279042441426916,9.248039052879859,-1.9182012267793447,-0.35914117581163435,0.395726280596232,-0.08298636566436066,-0.061648677188669364,0.16819092659942886
30.592813949149487,6.2824577106373924,9.245872883703242,-1.9188177134558866,-0.357459559433282,0.39587721229010703,-0.0831985322180451,-0.061648658083852094,0.16812669522417417
30.60281394914949,6.285877291102475,9.243709969430945,-1.919434199940304,-0.3557787520871224,0.39602647668714647,-0.08340594444592551,-0.06164863876378064,0.16802941124584553
30.612813949149487,6.28930117972496,9.241550366315742,-1.9200506862304474,-0.35409907643979405,0.3961738957021303,-0.08360849005643674,-0.061648619229200674,0.16790062784288304
30.62281394914949,6.2927293711761045,9.239394131172888,-1.9206671723241755,-0.35242083950319236,0.39631930437083157,-0.08380606067885134,-0.06164859948085528,0.16774189405325982
30.63281394914949,6.296161858075355,9.23724132132248,-1.9212836582193544,-0.3507443331271807,0.3964625502923832,-0.08399855182576577,-0.06164857951948495,0.1675547518944274
30.642813949149488,6.299598631097458,9.235091994554864,-1.9219001439138577,-0.3490698338658258,0.3966034935452317,-0.08418586297167954,-0.06164855934582762,0.16734073426701523
30.65281394914949,6.303039679250106,9.232946209047242,-1.9225166294055658,-0.34739760296773986,0.3967420062659531,-0.08436789766674585,-0.06164853896061868,0.1671013601960449
30.66281394914949,6.306484989888941,9.230804023359157,-1.9231331146923674,-0.3457278863860375,0.39687797262042196,-0.08454456354048269,-0.06164851836459097,0.16683813458165575
30.672813949149493,6.309934548791391,9.228665496411864,-1.9237495997721574,-0.3440609149565245,0.3970112885792254,-0.08471577228706002,-0.0616484975584748,0.16655254731264785
30.68281394914949,6.313388340318448,9.226530687439539,-1.924366084642839,-0.34239690497634123,0.3971418613185819,-0.08488143959346355,-0.06164847654299791,0.1662460713926743
30.692813949149492,6.316846347525144,9.224399655958301,-1.924982569302322,-0.34073605812155444,0.39726960909019726,-0.08504148519864835,-0.06164845531888555,0.165920161205101
30.702813949149487,6.320308552407907,9.222272461700035,-1.9255990537485232,-0.33907856169243655,0.39739446067294426,-0.0851958329225726,-0.061648433886860456,0.16557624925739536
30.71281394914949,6.3237749359116195,9.22014916461049,-1.9262155379793682,-0.33742458862489794,0.3975163553546409,-0.08534441066602137,-0.06164841224764287,0.16521574609245968
30.722813949149486,6.327245477978902,9.218029824837117,-1.926832021992788,-0.3357742976423403,0.3976352427574299,-0.08548715038928995,-0.06164839040195052,0.1648400398858001
30.732813949149488,6.330720157734941,9.215914502679052,-1.9274485057867214,-0.33412783396627843,0.3977510821039105,-0.08562398800180979,-0.06164836835049867,0.16445049501434775
30.74281394914949,6.334198953522382,9.213803258576899,-1.9280649893591144,-0.332485329238013,0.3978638422067628,-0.0857548633907385,-0.06164834609400005,0.16404845146770047
30.75281394914949,6.3376818431678785,9.211696153051683,-1.9286814727079205,-0.33084690201752104,0.3979735007118,-0.08587972037773776,-0.06164832363316498,0.16363522234621905
30.76281394914949,6.341168804001323,9.209593246700335,-1.9292979558310992,-0.3292126578306507,0.39808004403678354,-0.08599850671332758,-0.06164830096870129,0.16321209369304113
30.77281394914949,6.344659812858057,9.207494600195252,-1.929914438726618,-0.32758268917753636,0.3981834673623737,-0.08611117407531221,-0.06164827810131438,0.16278032448467242
30.782813949149492,6.348154846253895,9.205400274245969,-1.9305309213924515,-0.32595707624507825,0.39828377389213476,-0.08621767793417175,-0.061648255031707205,0.16234114588708087
30.79281394914949,6.351653880401612,9.203310329585818,-1.9311474038265806,-0.32433588697615634,0.3983809747954453,-0.08631797754138838,-0.06164823176058024,0.16189576100161174
30.802813949149492,6.35515689139912,9.201224826939882,-1.9317638860269937,-0.32271917754365403,0.3984750885766876,-0.08641203585017437,-0.06164820828863157,0.16144534377842937
30.812813949149486,6.358663855345513,9.19914382700367,-1.9323803679916858,-0.3211069927516536,0.39856614062215256,-0.08649981944189915,-0.061648184616556856,0.16099103848903165
30.822813949149488,6.362174748341074,9.197067390443108,-1.9329968497186598,-0.3194993660354326,0.39865416320004005,-0.08658129852608953,-0.06164816074504935,0.1605339597262487
30.83281394914949,6.36568954648836,9.194995577894408,-1.9336133312059243,-0.3178963194676265,0.39873919545458597,-0.08665644693900561,-0.06164813667479992,0.16007519240600163
30.842813949149487,6.369208226071372,9.192928449934792,-1.9342298124514956,-0.3162978646950572,0.39882128250010696,-0.08672524192993908,-0.061648112406497015,0.15961579181517857
30.85281394914949,6.37273076356524,9.190866067058604,-1.9348462934533963,-0.31470400267325643,0.3989004756016333,-0.08678766423095323,-0.061648087940826705,0.15915678269217018
30.86281394914949,6.3762571357546305,9.188808489671782,-1.9354627742096564,-0.3131147242689949,0.3989768315660363,-0.08684369791203671,-0.06164806327847266,0.15869915947229868
30.87281394914949,6.379787319860497,9.186755778079874,-1.9360792547183125,-0.3115300109901018,0.3990504120464698,-0.08689333021057337,-0.0616480384201162,0.15824388658711383
30.88281394914949,6.383321293540083,9.18470799248803,-1.9366957349774079,-0.30994983498546463,0.3991212835423694,-0.08693655153134228,-0.061648013366436306,0.15779189846439298
30.89281394914949,6.386859034886923,9.182665193001014,-1.9373122149849926,-0.3083741590450295,0.399189517399453,-0.08697335544651776,-0.06164798811810959,0.1573440995281409
30.902813949149493,6.3904005224308404,9.180627439623189,-1.9379286947391237,-0.3068029365998008,0.3992551898097205,-0.0870037386956693,-0.06164796267581033,0.15690136419859002
30.91281394914949,6.393945735264812,9.178594792240629,-1.9385451742378645,-0.30523611251801913,0.39931838107953843,-0.08702770097555433,-0.06164793704021047,0.15646453739930363
30.922813949149486,6.397494653238498,9.176567310574123,-1.9391616534792853,-0.30367362371234063,0.3993791749271147,-0.08704524478460669,-0.06164791121197958,0.1560344338390308
30.932813949149487,6.4010472568532055,9.174545054211611,-1.9397781324614638,-0.302115398770897,0.39943765888223576,-0.0870563755142481,-0.06164788519178494,0.15561183839681683
30.94281394914949,6.4046035273559285,9.172528082611873,-1.9403946111824835,-0.30056135896533737,0.3994939234554201,-0.08706110117786654,-0.06164785898029151,0.15519750756246506
30.952813949149487,6.408163446740186,9.170516455104465,-1.9410110896404342,-0.2990114182574319,0.39954806213216687,-0.08705943240905753,-0.06164783257816197,0.15479216944335206
30.96281394914949,6.411726997746017,9.168510230889714,-1.9416275678334134,-0.29746548329907235,0.3996001713729551,-0.08705138246162396,-0.06164780598605671,0.15439652376442797
30.97281394914949,6.415294163866329,9.166509469038882,-1.9422440457595245,-0.29592345350124055,0.39965035055659737,-0.08703696718943248,-0.06164777920463381,0.1540112419714068
30.98281394914949,6.418864929517815,9.16451422847235,-1.9428605234168774,-0.2943852220707231,0.39969870101538396,-0.0870162047418331,-0.06164775223454909,0.15363696798278018
30.99281394914949,6.422439280093229,9.162524567931515,-1.9434770008035889,-0.29285067558591826,0.39974532624702547,-0.08698911568300113,-0.06164772507645605,0.1532743166057504
31.00281394914949,6.426017201898072,9.160540546027748,-1.944093477917782,-0.29131969481977343,0.3997903314479755,-0.08695572275214063,-0.06164769773100596,0.15292387625717585
31.012813949149493,6.429598682159376,9.15856222124948,-1.9447099547575868,-0.28979215504472494,0.39983382329193706,-0.0869160507746729,-0.06164767019884781,0.15258620962513259
31.02281394914949,6.433183709025697,9.1565896519622,-1.945326431321139,-0.2882679260326978,0.39987590992986277,-0.08687012666223663,-0.06164764248062839,0.1522618536689142
31.032813949149485,6.4367722715671265,9.154622896408453,-1.9459429076065808,-0.28674687205510707,0.39991670098995447,-0.08681797941268778,-0.06164761457699221,0.15195131961903216
31.042813949149487,6.440364359813226,9.152662012705958,-1.9465593836120625,-0.2852288521890766,0.3999563073115544,-0.0867596400127199,-0.061647586488581575,0.15165509335251096
31.05281394914949,6.443959964955422,9.150707058811815,-1.9471758593357387,-0.28371372109465376,0.3999948401131781,-0.0866951411831554,-0.061647558216036534,0.15137363526301864
31.06281394914949,6.447559079238031,9.148758092548432,-1.9477923347757715,-0.2822013287521254,0.4000324113400675,-0.08662451746528732,-0.06164752975999492,0.1511073807071353
31.072813949149488,6.451161695902386,9.146815171642055,-1.9484088099303292,-0.2806915211594796,0.40006913327188964,-0.0865478050076616,-0.061647501121092366,0.15085674230385443
31.08281394914949,6.454767809187897,9.144878353723465,-1.9490252847975862,-0.2791841403655468,0.40010511849848523,-0.08646504155573086,-0.06164747229996231,0.15062211000613335
31.09281394914949,6.458377414332043,9.142947696327981,-1.9496417593757231,-0.27767902446999965,0.4001404799198688,-0.08637626645185431,-0.06164744329723599,0.15040385110089327
31.10281394914949,6.461990507584296,9.141023256896489,-1.9502582336629275,-0.27617600778533696,0.4001753306153416,-0.08628152058100598,-0.06164741411354247,0.1502023104722216
31.11281394914949,6.465607086372301,9.139105092749793,-1.950874707657393,-0.2746749215288151,0.40020978312918193,-0.08618084612920918,-0.06164738474950862,0.15001781065850284
31.122813949149492,6.469227149247572,9.137193261100661,-1.9514911813573188,-0.27317559368889677,0.4002439496479567,-0.08607428663054151,-0.06164735520575912,0.14985065204490305
31.132813949149494,6.472850695762614,9.135287819104605,-1.952107654760911,-0.2716778495356446,0.4002779418354547,-0.08596188680998011,-0.06164732548291651,0.1497011153454604
31.142813949149488,6.476477726468363,9.133388823861992,-1.9527241278663818,-0.2701815116663969,0.400311870805329,-0.08584369256864736,-0.06164729558160116,0.14956946174166558
31.152813949149486,6.480108242914201,9.131496332418054,-1.95334060067195,-0.26868640000576377,0.40034584712109705,-0.0857197509838106,-0.06164726550243132,0.14945593288246126
31.162813949149488,6.483742247660968,9.129610401764966,-1.9539570731758398,-0.2671923319892374,0.40037998065278857,-0.0855901102447332,-0.06164723524602306,0.14936075121231712
31.17281394914949,6.487379744444027,9.127731088815084,-1.9545735453762818,-0.2656991231412086,0.40041437995190093,-0.08545481943910549,-0.061647204812990325,0.14928411980299972
31.182813949149487,6.491020738081318,9.125858450424296,-1.9551900172715129,-0.2642065870036376,0.40044915243985624,-0.08531392858513769,-0.06164717420394495,0.14922622305468833
31.19281394914949,6.494665234337186,9.12399254344027,-1.955806488859776,-0.26271453548897966,0.40048440436730615,-0.08516748852295412,-0.061647143419496626,0.14918722889781785
31.20281394914949,6.498313239920244,9.122133424703563,-1.9564229601393202,-0.2612227788974198,0.40052024080554455,-0.08501555090888196,-0.061647112460252965,0.14916728885675154
31.212813949149492,6.501964762483376,9.120281151047621,-1.9570394311084005,-0.259731125916873,0.4005567656465075,-0.08485816821545131,-0.06164708132681944,0.14916653804978097
31.22281394914949,6.505619810642241,9.118435779301569,-1.957655901765278,-0.2582393838745412,0.40059408140688574,-0.08469539364033707,-0.06164705001979944,0.14918509564318383
31.23281394914949,6.509278394148261,9.11659736625848,-1.9582723721082198,-0.25674735920438907,0.4006322886715886,-0.08452728092455143,-0.06164701853979426,0.14922306434544516
31.242813949149493,6.5129405237217455,9.114765968718315,-1.9588888421354993,-0.25525485739190507,0.40067148637524397,-0.0843538843867128,-0.06164698688740312,0.1492805318527347
31.252813949149488,6.516606210932103,9.112941643526227,-1.959505311845395,-0.2537616831810416,0.40071177183369316,-0.08417525886018988,-0.06164695506322314,0.14935757252040993
31.262813949149486,6.520275468197575,9.111124447572694,-1.9601217812361929,-0.2522676405758035,0.40075324074331375,-0.0839914596925604,-0.06164692306784941,0.14945424736971455
31.272813949149487,6.523948308785101,9.109314437793559,-1.9607382503061834,-0.250772532840757,0.4007959871808444,-0.08380254274543703,-0.06164689090187493,0.14957060409021844
31.28281394914949,6.527624746835972,9.10751167117296,-1.9613547190536638,-0.24927616281652015,0.4008401033559822,-0.0836085642769274,-0.061646858565890666,0.14970667761459583
31.29281394914949,6.53130479754753,9.105716204707463,-1.9619711874769366,-0.24777833329816323,0.40088567911078,-0.08340958078855848,-0.061646826060485514,0.1498624893432907
31.30281394914949,6.534988476936949,9.10392809546498,-1.9625876555743107,-0.24627884694876523,0.4009328023132883,-0.08320564907613032,-0.061646793386246325,0.15003804914996002
31.31281394914949,6.538675801742845,9.102147400613188,-1.9632041233441007,-0.24477750639020626,0.4009815589339319,-0.08299682620444893,-0.06164676054375793,0.1502333565555183
31.32281394914949,6.542366789425277,9.100374177419518,-1.9638205907846271,-0.2432741142031677,0.40103203304550983,-0.08278316950732621,-0.06164672753360314,0.1504484007281376
31.33281394914949,6.5460614581653,9.098608483251311,-1.964437057894216,-0.24176847292825904,0.4010843068230336,-0.0825647365871863,-0.061646694356362754,0.15068316049059272
31.34281394914949,6.5497598268899475,9.096850375578757,-1.9650535246711995,-0.24026038537654645,0.4011384603015699,-0.082341585196769,-0.06164666101261555,0.15093760493604363
31.352813949149493,6.553461915471117,9.095099911936344,-1.9656699911139153,-0.23874965503888612,0.4011945708396368,-0.08211377307250185,-0.061646627502938284,0.15121169261775763
31.36281394914949,6.557167744452395,9.093357149986263,-1.966286457220707,-0.2372360858807793,0.40125271363471454,-0.08188135803040532,-0.061646593827905716,0.151505373566482
31.372813949149485,6.560877334946688,9.091622147545031,-1.9669029229899238,-0.23571948235993526,0.4013129618505441,-0.0816443979664076,-0.06164655998809063,0.15181859031727937
31.382813949149487,6.564590708636237,9.089894962583495,-1.9675193884199214,-0.23419964942626756,0.4013753866171269,-0.08140295085634396,-0.06164652598406381,0.15215127790952868
31.392813949149488,6.568307887772602,9.088175653226825,-1.9681358535090598,-0.2326763925218996,0.40144005703072466,-0.08115707475595768,-0.06164649181639409,0.15250336388692376
31.40281394914949,6.572028895274013,9.086464277739871,-1.9687523182557056,-0.23114951791121485,0.4015070398037451,-0.08090682766875534,-0.06164645748564831,0.15287476834161967
31.412813949149488,6.575753754740726,9.084760894533064,-1.9693687826582311,-0.22961883302844607,0.40157639901984804,-0.0806522674128644,-0.06164642299239134,0.1532654047227911
31.42281394914949,6.5794824902218965,9.083065562207816,-1.9699852467150138,-0.2280841460286877,0.40164819674714874,-0.08039345180614453,-0.06164638833718611,0.15367518076758763
31.425140391710585,6.580350517479928,9.08267231351547,-1.9701286634871755,-0.22772651567658628,0.4016652561564451,-0.08033263585850557,-0.06164638025169081,0.15377324679754972
31.435140391710583,6.584084535121625,9.080986934964425,-1.9707448026340053,-0.2261874146924472,0.40173509941753055,-0.08007467051102145,-0.06164573829430534,0.15415215852983524
31.445140391710584,6.587821867492361,9.079309680354537,-1.971361259851897,-0.22464436036572152,0.40179749398331016,-0.07982316741784806,-0.061645705240321376,0.1544446094862374
31.455140391710586,6.591562906660547,9.077640490171955,-1.9719777167379393,-0.22309879764608478,0.4018519669849852,-0.07957815483555655,-0.06164567192456362,0.15465448227617143
31.465140391710584,6.595307547489198,9.075979335916598,-1.972594173289519,-0.22155153234246336,0.40189819513889313,-0.07933928605565371,-0.061645638347938854,0.1547858116711117
31.475140391710585,6.599055681378716,9.074326189708597,-1.9732106295040317,-0.22000332997215927,0.40193588503169136,-0.07910622853704273,-0.061645604511350725,0.15484257606165272
31.48514039171058,6.602807196537336,9.072681024217657,-1.973827085378882,-0.21845491659763427,0.40196477216353743,-0.07887866378090971,-0.061645570415699735,0.1548286913894785
31.49514039171058,6.606561978092605,9.071043812627735,-1.9744435409114847,-0.21690697897866565,0.40198462067359003,-0.07865628735835567,-0.06164553606188325,0.15474800731721267
31.505140391710583,6.610319908952255,9.069414528453251,-1.975059996099262,-0.21536016628367474,0.40199522093976425,-0.07843880840780398,-0.061645501450795545,0.15460429905113388
31.51514039171058,6.614080869990396,9.067793145498255,-1.975676450939646,-0.21381509052163306,0.4019963890189199,-0.0782259495220776,-0.06164546658332779,0.15440126524264908
31.525140391710583,6.617844740114924,9.066179637843003,-1.9762929054300773,-0.21227232679198146,0.40198796637719986,-0.07801744668400358,-0.061645431460368105,0.1541425274627831
31.535140391710584,6.62161139647637,9.06457397979482,-1.976909359568005,-0.21073241433493978,0.4019698188428933,-0.07781304907391949,-0.06164539608280149,0.15383162707015463
31.545140391710582,6.625380714608967,9.06297614585611,-1.9775258133508875,-0.209195856796688,0.4019418362057461,-0.07761251900757742,-0.061645360451509874,0.1534720235928002
31.555140391710584,6.629152569227995,9.06138611057486,-1.9781422667761923,-0.2076631245139942,0.4019039295144277,-0.07741563122197603,-0.06164532456737214,0.1530670906023165
31.565140391710585,6.6329268342963035,9.059803848531995,-1.9787587198413952,-0.2061346547257611,0.40185603083624905,-0.0772221728133971,-0.061645288431264135,0.15262011532621994
31.575140391710583,6.636703383061257,9.058229334335547,-1.9793751725439808,-0.20461085175826632,0.4017980930749356,-0.0770319431828667,-0.06164525204405868,0.1521342986515891
31.585140391710585,6.640482088278195,9.0566625425821,-1.9799916248814424,-0.2030920884951101,0.40173008859198467,-0.07684475366907573,-0.061645215406625556,0.15161275490842768
31.59514039171058,6.6442628221925935,9.055103447852797,-1.980608076851282,-0.2015787061621936,0.40165200935262385,-0.07666042764638331,-0.06164517851983153,0.15105851096221248
31.60514039171058,6.648045457284192,9.053552024597158,-1.9812245284510104,-0.2000710170633997,0.4015638640011457,-0.07647879959044637,-0.061645141384540345,0.15047450597503959
31.615140391710582,6.651829866376815,9.052008247116046,-1.9818409796781473,-0.19856930504666342,0.4014656773836406,-0.07629971492850987,-0.0616451040016128,0.1498635914157765
31.62514039171058,6.6556159226383835,9.050472089561678,-1.9824574305302203,-0.1970738255039684,0.4013574905479968,-0.07612303003940633,-0.06164506637190669,0.14922853106006084
31.635140391710582,6.659403499730202,9.048943525922079,-1.9830738810047657,-0.1955848065082455,0.40123935972165137,-0.07594861189981433,-0.06164502849627683,0.1485720025247022
31.645140391710584,6.663192471794892,9.04742253001942,-1.9836903310993288,-0.1941024492064271,0.4011113559770209,-0.07577633804331814,-0.061644990375575075,0.14789659766809216
31.65514039171058,6.666982713843079,9.045909075458875,-1.9843067808114632,-0.19262692921849042,0.4009735637600505,-0.07560609600909791,-0.06164495201065031,0.1472048233694235
31.665140391710583,6.670774102092946,9.044403135590422,-1.9849232301387307,-0.19115839846672966,0.4008260791598371,-0.07543778269832499,-0.06164491340234851,0.1464991036425866
31.675140391710585,6.674566513970499,9.042904683508805,-1.9855396790787017,-0.1896969851774396,0.4006690099070786,-0.075271304373598,-0.06164487455151272,0.1457817796383096
31.685140391710586,6.678359828120297,9.041413692053265,-1.9861561276289552,-0.18824279398466673,0.40050247528620436,-0.07510657662230055,-0.06164483545898306,0.14505510987080236
31.695140391710584,6.682153924535492,9.039930133806644,-1.9867725757870784,-0.1867959075322747,0.4003266047842845,-0.07494352382408709,-0.061644796125596736,0.1443212739462714
31.705140391710586,6.6859486845410885,9.038453981087427,-1.987389023550667,-0.18535638609413604,0.4001415383356879,-0.07478207930933131,-0.06164475655218802,0.1435823713958274
31.71514039171058,6.689743991196587,9.036985205921106,-1.9880054709173247,-0.18392427002545475,0.3999474241359046,-0.07462218440743701,-0.061644716739588316,0.14284042584782142
31.725140391710582,6.693539729383281,9.035523780036174,-1.988621917884664,-0.18249958044731415,0.39974441805237154,-0.07446378819387149,-0.061644676688626165,0.14209738639980224
31.73514039171058,6.697335785804242,9.034069674864126,-1.9892383644503056,-0.18108231924668208,0.39953268362447336,-0.0743068474901662,-0.06164463640012724,0.1413551276185194
31.74514039171058,6.701132049008117,9.032622861542505,-1.9898548106118776,-0.17967246945894363,0.39931239176036537,-0.074151326720355,-0.06164459587491433,0.14061545061583777
31.755140391710583,6.704928409447866,9.031183310924325,-1.9904712563670175,-0.17826999648734182,0.3990837197340241,-0.07399719747691326,-0.0616445551138074,0.13988008673354516
31.765140391710585,6.708724759565108,9.029750993563667,-1.9910877017133701,-0.17687484817174196,0.3988468510500754,-0.07384443847480644,-0.061644514117623506,0.13915069692844612
31.775140391710583,6.712520994000064,9.028325879722168,-1.9917041466485892,-0.1754869568867601,0.3986019737707671,-0.07369303471902255,-0.06164447288717694,0.13842887676431492
31.785140391710584,6.716317009603184,9.026907939369899,-1.9923205911703357,-0.17410623968814018,0.39834928040038947,-0.07354297744793506,-0.06164443142327916,0.1377161567935249
31.795140391710586,6.720112705435231,9.025497142185413,-1.9929370352762792,-0.17273259831486795,0.3980889678837332,-0.07339426413245026,-0.061644389726738816,0.13701400256349078
31.805140391710584,6.723907982795518,9.024093457569954,-1.9935534789640976,-0.17136592009170806,0.39782123692932597,-0.07324689811629198,-0.06164434779836175,0.13632381752094197
31.815140391710585,6.727702745242586,9.022696854644613,-1.9941699222314764,-0.17000607812000548,0.39754629178637274,-0.0731008885473313,-0.061644305638950986,0.13564694371486866
31.82514039171058,6.731496898707236,9.021307302260754,-1.9947863650761088,-0.16865293255833483,0.3972643393054465,-0.07295624984411507,-0.0616442632493068,0.1349846648071458
31.83514039171058,6.735290351539854,9.019924769013741,-1.9954028074956975,-0.16730633157720162,0.3969755882499708,-0.07281300130665491,-0.06164422063022668,0.13433820879617034
31.845140391710583,6.7390830145104,9.018549223242948,-1.9960192494879514,-0.1659661113590474,0.39668024929622064,-0.07267116711642757,-0.061644177782505354,0.13370874801686353
31.85514039171058,6.742874800808921,9.017180633036194,-1.9966356910505882,-0.16463209629019115,0.39637853490299163,-0.07253077625587907,-0.061644134706934806,0.13309739978517987
31.865140391710582,6.746665626055887,9.01581896624716,-1.9972521321813332,-0.16330409984964414,0.3960706586529856,-0.07239186213365428,-0.06164409140430425,0.1325052295209243
31.875140391710584,6.750455408341359,9.014464190489152,-1.99786857287792,-0.1619819246676954,0.39575683517313504,-0.07225446255847484,-0.06164404787540018,0.13193325055116004
31.885140391710582,6.754244068247557,9.013116273169256,-1.9984850131380898,-0.16066536404167994,0.39543727916523963,-0.07211861910560882,-0.061644004121006374,0.13138242864619892
31.895140391710584,6.758031528849714,9.01177518149194,-1.9991014529595912,-0.15935420208799655,0.3951122053069285,-0.07198437705327058,-0.06164396014190388,0.13085368250397747
31.905140391710585,6.7618177157159804,9.010440882459134,-1.9997178923401815,-0.158048213744908,0.39478182825000735,-0.07185178538142299,-0.06164391593887106,0.13034788375968206
31.915140391710587,6.765602556891522,9.009113342888188,-2.000334331277625,-0.1567471654107604,0.3944463622149402,-0.07172089649476654,-0.061643871512683565,0.12986585922820693
31.925140391710585,6.769385982928338,9.007792529407393,-2.0009507697696938,-0.15545081506493078,0.3941060208269173,-0.07159176616118101,-0.06164382686411434,0.12940839127217302
31.93514039171058,6.773167926864918,9.006478408485197,-2.001567207814168,-0.15415891323545258,0.39376101658939644,-0.0714644531089042,-0.061643781993933666,0.12897622072622797
31.94514039171058,6.77694832420358,9.00517094645043,-2.002183645408836,-0.15287120363003748,0.39341156052903126,-0.07133901875963918,-0.061643736902909155,0.12857004899552793
31.955140391710582,6.780727112910456,9.00387010949231,-2.002800082551493,-0.15158742313608004,0.39305786219567285,-0.07121552722855473,-0.06164369159180578,0.1281905380557393
31.96514039171058,6.7845042334053876,9.002575863665799,-2.0034165192399414,-0.15030730197088807,0.39270012958170974,-0.07109404525898198,-0.06164364606138586,0.12783831098770373
31.975140391710582,6.7882796285458085,9.001288174907941,-2.0040329554719922,-0.1490305643086154,0.3923385687191411,-0.07097464193963757,-0.06164360031240904,0.1275139541487585
31.985140391710583,6.792053243646901,9.000007009035569,-2.0046493912454637,-0.14775692833499643,0.3919733836300959,-0.07085738868375556,-0.06164355434563235,0.12721801714063485
31.995140391710585,6.795825026388728,8.998732331789258,-2.0052658265581815,-0.14648610730463668,0.3916047758462804,-0.07074235878771584,-0.0616435081618102,0.12695101648711568
32.00514039171058,6.799594926808333,8.997464108837121,-2.005882261407979,-0.1452178096359662,0.39123294436295575,-0.07062962739070265,-0.06164346176169438,0.1267134359707075
32.01514039171059,6.8033628972997375,8.996202305774808,-2.006498695792697,-0.14395173891125565,0.3908580856389312,-0.07051927147469776,-0.06164341514603409,0.12650572663270007
32.025140391710586,6.807128892574054,8.994946888141692,-2.0071151297101837,-0.14268759430140932,0.39048039339160795,-0.07041136967996543,-0.06164336831557592,0.12632830828006186
32.035140391710584,6.810892869694852,8.99369782141634,-2.007731563158295,-0.14142507073420763,0.39010005841801987,-0.07030600221892301,-0.06164332127106387,0.1261815698219632
32.04514039171058,6.814654787994125,8.992455071045889,-2.0083479961348933,-0.14016385943838022,0.38971726842938653,-0.0702032506613291,-0.06164327401323936,0.12606587126006275
32.05514039171058,6.818414608995192,8.99121860247259,-2.0089644286378507,-0.13890364847325018,0.38933220785904166,-0.07010319771550139,-0.061643226542841247,0.12598154567138495
32.06514039171058,6.822172296412689,8.989988381133829,-2.0095808606650443,-0.13764412272873858,0.38894505786243444,-0.07000592722831703,-0.06164317886060584,0.12592889920832062
32.07514039171058,6.825927816146624,8.988764372463837,-2.010197292214359,-0.13638496396054214,0.38855599630548227,-0.06991152417073311,-0.0616431309672669,0.12590821123100734
32.08514039171058,6.8296811362276095,8.987546541912506,-2.0108137232836882,-0.135125851317731,0.38816519752868184,-0.06982007441259858,-0.06164308286355564,0.12591973609344861
32.095140391710586,6.833432226880985,8.986334854931746,-2.0114301538709314,-0.13386646127466384,0.38777283228746123,-0.0697316647430844,-0.0616430345502007,0.1259637025656308
32.105140391710584,6.83718106035388,8.985129277022715,-2.012046583973996,-0.13260646834125514,0.38737906762419555,-0.06964638259612048,-0.06164298602792822,0.1260403167921632
32.11514039171058,6.840927610874373,8.98392977374714,-2.012663013590796,-0.13134554525562436,0.38698406682012826,-0.06956431597344846,-0.06164293729746184,0.12614976306351092
32.12514039171059,6.844671854651492,8.982736310727331,-2.0132794427192535,-0.1300833629840959,0.3865879893953713,-0.06948555344462168,-0.0616428883595227,0.12629220381599493
32.135140391710586,6.848413769861558,8.981548853649445,-2.0138958713572976,-0.12881959078237187,0.38619099109505495,-0.06941018412323796,-0.06164283921482943,0.12646777987069036
32.145140391710584,6.852153336592821,8.980367368279241,-2.0145122995028637,-0.12755389669566258,0.385793223687122,-0.0693382974633747,-0.06164278986409815,0.1266766120346478
32.15514039171058,6.8558905369174585,8.97919182044791,-2.0151287271538947,-0.1262859474590028,0.38539483491461707,-0.06926998329317642,-0.061642740308042496,0.12691880040533499
32.16514039171058,6.859625354675979,8.978022176101266,-2.015745154308342,-0.12501540909396427,0.3849959684988122,-0.06920533159947899,-0.06164269054737366,0.12719442722052005
32.175140391710585,6.863357775444814,8.976858401307233,-2.016361580964163,-0.12374194701713817,0.38459676412800303,-0.0691444324871671,-0.061642640582800355,0.1275035573332407
32.18514039171058,6.867087786536332,8.975700462255839,-2.016978007119321,-0.12246522604013199,0.384197357457508,-0.06908737617917408,-0.06164259041502885,0.12784623821180485
32.19514039171058,6.870815376991719,8.974548325260603,-2.0175944327717885,-0.12118491039103743,0.3837978801088213,-0.06903425300900279,-0.061642540044762946,0.12822250003496174
32.205140391710586,6.8745405374935284,8.97340195677662,-2.0182108579195437,-0.11990066418013944,0.3833984595520649,-0.0689851532492423,-0.06164248947270404,0.12863235733699716
32.215140391710584,6.878263260500674,8.972261323376744,-2.018827282560572,-0.11861215132997693,0.38299921894808187,-0.06894016712165366,-0.061642438699551036,0.12907580801058588
32.22514039171058,6.881983540007081,8.971126391798203,-2.0194437066928668,-0.1173190359627789,0.38260027730701845,-0.06889938467919468,-0.06164238772600046,0.12955283575112136
32.23514039171059,6.885701371468785,8.969997128956635,-2.0200601303144268,-0.11602098256073859,0.38220174951188307,-0.06886289575303124,-0.061642336552746424,0.130063410892954
32.245140391710585,6.889416751803928,8.968873501946092,-2.0206765534232587,-0.1147176559660135,0.3818037463185461,-0.06883078995253733,-0.06164228518048064,0.13060749040939126
32.25514039171058,6.893129679392767,8.967755478039035,-2.0212929760173757,-0.11340872138072539,0.38140637435574004,-0.06880315666529499,-0.06164223360989242,0.13118501791269757
32.26514039171058,6.89684015402641,8.96664302469437,-2.021909398094797,-0.11209384448676829,0.3810097361403621,-0.06878008502127293,-0.06164218184166868,0.13179592425035513
32.27514039171058,6.900548176885329,8.965536109561114,-2.022525819653552,-0.1107726919148834,0.3806139298819706,-0.06876166372676032,-0.06164212987649397,0.13244012874375977
32.285140391710584,6.904253750657597,8.964434700461373,-2.023142240691673,-0.10944493107766859,0.3802190494010701,-0.06874798110784519,-0.061642077715050425,0.13311753810117405
32.29514039171058,6.907956879210447,8.963338765442504,-2.023758661207201,-0.10811023049998957,0.37982518444246116,-0.06873912503878753,-0.06164202535801783,0.13382804922766628
32.30514039171058,6.911657567569876,8.962248272780343,-2.0243750811981838,-0.10676825984849801,0.3794324206901913,-0.06873518293431764,-0.061641972806073635,0.13457154942003577
32.315140391710585,6.915355821920646,8.961163190979184,-2.0249915006626753,-0.10541868993163164,0.37904083976755465,-0.06873624174963626,-0.061641920059892955,0.13534791636681306
32.32514039171058,6.91905164960628,8.960083488771792,-2.025607919598736,-0.10406119269961414,0.37865051923709225,-0.06874238798041449,-0.06164186712014856,0.13615701814825978
32.33514039171058,6.92274505912331,8.95900913512006,-2.026224338004435,-0.10269544125329516,0.37826153260491,-0.06875370766103146,-0.061641813987510875,0.13699871329445398
32.345140391710586,6.9264360599872115,8.957940099228967,-2.026840755877846,-0.1013211102987481,0.3778739493121565,-0.06877028624221825,-0.061641760662648024,0.1378728527655524
32.355140391710584,6.930124662961305,8.956876350519455,-2.0274571732170497,-0.09993787626146683,0.3774878343627436,-0.06879220850648435,-0.061641707146225765,0.1387792788350277
32.36514039171058,6.933810879783845,8.955817858664187,-2.028073590020134,-0.09854541719003393,0.3771032487579174,-0.06881955864968423,-0.061641653438907554,0.13971782656216028
32.37514039171058,6.937494723041232,8.954764593602757,-2.0286900062851934,-0.09714341284548739,0.3767202496378252,-0.06885242027629108,-0.06164159954135458,0.14068832480700072
32.38514039171058,6.941176206168016,8.953716525541688,-2.029306422010329,-0.09573154470131714,0.3763388902815139,-0.06889087639939698,-0.06164154545422573,0.1416905962303721
32.395140391710584,6.944855343446885,8.952673624954437,-2.029922837193648,-0.09430949594347025,0.3759592201069319,-0.06893500944071272,-0.06164149117817765,0.1427244572938664
32.40514039171058,6.948532150008676,8.951635862581387,-2.030539251833265,-0.09287695147034741,0.37558128467092783,-0.0689849012305679,-0.06164143671386467,0.14378971825984696
32.41514039171058,6.952206641810151,8.95060320943114,-2.0311556659273005,-0.09143359793037077,0.3752051256864479,-0.06904063300251666,-0.06164138206193886,0.14488618344852253
32.425140391710585,6.955878835545818,8.949575636781164,-2.031772079473881,-0.08997912426677016,0.37483078093389416,-0.06910228525165453,-0.06164132722305003,0.14601365338309089
32.43514039171058,6.959548748821131,8.94855311616739,-2.0323884924711404,-0.0885132216475785,0.37445828404141557,-0.06916993770381161,-0.061641272197845716,0.14717192341540603
32.44514039171058,6.9632163998507215,8.947535619411584,-2.033004904917219,-0.0870355832740194,0.3740876649994132,-0.06924366945068601,-0.0616412169869712,0.14836078521885776
32.455140391710586,6.966881807408181,8.946523118625086,-2.033621316810263,-0.08554590440116426,0.37371895022501933,-0.06932355895690857,-0.061641161591069554,0.14958002718651506
32.465140391710584,6.970544990826065,8.945515586208822,-2.034237728148426,-0.08404388233793209,0.37335216256209786,-0.06940968406004276,-0.061641106010781654,0.15082943443112606
32.47514039171058,6.974205969995891,8.944512994853289,-2.0348541389298664,-0.08252921644708956,0.3729873212812441,-0.06950212197058477,-0.06164105024674612,0.1521087887851181
32.48514039171059,6.9778647653681425,8.94351531753857,-2.0354705491527505,-0.08100160814525112,0.3726244420797849,-0.06960094927196342,-0.061640994299599385,0.15341786880059768
32.49514039171058,6.981521397936638,8.942522527531729,-2.03608695881525,-0.07946076103475115,0.3722635370578772,-0.06970624188829458,-0.06164093816997566,0.15475645030619617
32.50514039171058,6.9851758891997555,8.941534598377373,-2.036703367915544,-0.07790638143516754,0.37190461458443824,-0.06981807494129322,-0.06164088185850693,0.15612430840917518
32.51514039171058,6.988828261106973,8.940551503913468,-2.0373197764518163,-0.0763381778504326,0.37154767956890933,-0.06993652291338386,-0.06164082536582301,0.15752121611282957
32.52514039171058,6.992478535952601,8.939573218273464,-2.0379361844222585,-0.07475586098501272,0.37119273361674027,-0.07006165968023537,-0.061640768692551536,0.15894694523203523
32.535140391710584,6.996126736371039,8.938599715885983,-2.0385525918250673,-0.07315914376150529,0.37083977503024296,-0.07019355850745085,-0.06164071183931797,0.1604012664897315
32.54514039171058,6.999772885336777,8.937630971474828,-2.039168998658447,-0.0715477413206388,0.3704887988085914,-0.07033229205056765,-0.06164065480674562,0.1618839495169211
32.547466834271674,7.000620849286384,8.93740627819695,-2.0393124020858213,-0.0711707219706035,0.3704074296271195,-0.07036555530040318,-0.061640641512797294,0.16223292914873794
32.55746683427168,7.004265009151337,8.936443441720165,-2.0399284847496393,-0.0695418301003281,0.37005976127959467,-0.07050903424070566,-0.06163997767628668,0.1637139398489733
32.56746683427168,7.007906686773523,8.935485317162314,-2.040544884249832,-0.06789747208957357,0.3697154642019875,-0.07065081133537501,-0.06163992232958165,0.16515020830644048
32.577466834271675,7.011546427955797,8.934532030322222,-2.041161283195578,-0.066238973886602,0.3693743593721237,-0.07079112707591093,-0.061639866786894947,0.1665420872955928
32.58746683427168,7.015184271542163,8.93358363589897,-2.0417776815849193,-0.0645667776975395,0.36903621512957907,-0.07092988064251782,-0.061639811048905334,0.1678898934307532
32.59746683427168,7.018820253596327,8.932640188191566,-2.042394079415907,-0.0628813223072898,0.36870080776706265,-0.07106697279619592,-0.06163975511628927,0.16919396638249815
32.607466834271676,7.022454407401701,8.931701741098955,-2.0430104766865984,-0.061183043079535294,0.3683679215304176,-0.07120230587874118,-0.06163969898972085,0.17045466887765692
32.617466834271674,7.026086763461405,8.93076834812,-2.043626873395057,-0.059472371956732974,0.36803734861861975,-0.07133578381274558,-0.061639642669871826,0.17167238669931462
32.62746683427167,7.029717349647602,8.929840062317519,-2.0442432695393538,-0.05774973708945027,0.36770888900930276,-0.07146731216136379,-0.06163958615741164,0.17284752386780644
32.63746683427168,7.033346191212012,8.928916936291094,-2.0448596651175657,-0.05601556209475221,0.36738235063217334,-0.07159679830269249,-0.06163952945300739,0.1739804980441269
32.647466834271675,7.036973310809145,8.92799902219505,-2.0454760601277764,-0.05427026642998995,0.3670575492535779,-0.0717241513606862,-0.06163947255732385,0.175071742858554
32.65746683427167,7.040598728862624,8.92708637167536,-2.0460924545680768,-0.05251426509882213,0.3667343078997516,-0.07184928221655389,-0.061639415471023494,0.17612169998559174
32.66746683427168,7.044222463569246,8.926179035868845,-2.046708848436564,-0.05074796864530674,0.36641245685103385,-0.071972103509444,-0.06163935819476654,0.1771308190387759
32.67746683427168,7.047844530898983,8.925277065403153,-2.047325241731341,-0.04897178315390114,0.36609183364186837,-0.07209252963644448,-0.06163930072921091,0.1780995575706741
32.687466834271675,7.0514649445949855,8.924380510396773,-2.0479416344505195,-0.047186110249462,0.3657722830608032,-0.07221047675258278,-0.061639243075012215,0.1790283810728858
32.69746683427168,7.055083716294935,8.92348942043324,-2.048558026592215,-0.04539134695857128,0.3654536569194556,-0.07232586278133242,-0.06163918523282382,0.17991775940382412
32.70746683427168,7.058700855547697,8.922603844541928,-2.0491744181545517,-0.04358788523098134,0.36513581410118107,-0.07243860753484811,-0.06163912720329681,0.18076816309640684
32.717466834271676,7.062316369888785,8.921723831204616,-2.0497908091356583,-0.041776112290408285,0.3648186203770818,-0.07254863262116891,-0.061639068987080006,0.18158006482863734
32.727466834271674,7.06593026511004,8.920849428316068,-2.0504071995336726,-0.0399564107542053,0.36450194783335377,-0.07265586136284226,-0.06163901058482,0.18235393474549055
32.73746683427167,7.069542545261483,8.919980683183713,-2.051023589346737,-0.03812915863301514,0.3641856748674618,-0.07276021879664235,-0.061638951997161136,0.18309024041711464
32.74746683427168,7.073153212651329,8.919117642527645,-2.051639978573,-0.036294729330765704,0.3638696861881383,-0.07286163167357042,-0.06163889322474555,0.18378944683883291
32.757466834271675,7.076762267858424,8.918260352478848,-2.052256367210618,-0.03445349165627515,0.3635538727838082,-0.07296002845344642,-0.061638834268213115,0.18445201620243243
32.76746683427167,7.080369709887009,8.91740885855105,-2.0528727552577526,-0.03260580980879907,0.36323813153509077,-0.07305533928065967,-0.06163877512820152,0.18507840367935235
32.77746683427168,7.0839755360381815,8.916563205654386,-2.0534891427125723,-0.030752043076464793,0.3629223655625393,-0.07314749609212735,-0.061638715805346196,0.18566905847763812
32.787466834271676,7.087579742203854,8.915723438068964,-2.054105529573252,-0.028892546436636444,0.3626064834884617,-0.07323643240451409,-0.06163865630028039,0.1862244215701721
32.79746683427168,7.091182322949728,8.914889599435057,-2.054721915837973,-0.02702767067929117,0.36229039922632444,-0.07332208326597087,-0.06163859661363519,0.1867449245916812
32.80746683427168,7.0947832715152925,8.914061732753098,-2.055338301504922,-0.02515776240701916,0.3619740319807528,-0.07340438525613495,-0.06163853674603946,0.18723098983873673
32.81746683427168,7.098382579813825,8.913239880383681,-2.0559546865722926,-0.023283164035023646,0.3616573062475306,-0.07348327648612996,-0.06163847669811993,0.18768303026975455
32.82746683427168,7.101980238477175,8.912424084041886,-2.0565710710382854,-0.02140421386735961,0.3613401516747856,-0.07355869657064423,-0.06163841647050111,0.18810144866352463
32.83746683427167,7.105576236928337,8.91161438478371,-2.0571874549011055,-0.019521246089682927,0.36102250282242015,-0.07363058662107991,-0.06163835606380538,0.18848663494068557
32.84746683427167,7.109170563397087,8.910810823010893,-2.0578038381589665,-0.01763459088588723,0.3607042991635794,-0.07369888921052076,-0.06163829547865292,0.18883896735955866
32.857466834271676,7.1127632051165355,8.910013438454419,-2.058420220810086,-0.01574457495659148,0.3603854845212642,-0.07376354819790554,-0.06163823471566178,0.18915881102871068
32.867466834271674,7.116354148331208,8.909222270173702,-2.059036602852689,-0.013851521537383251,0.36006600704426694,-0.07382450872168478,-0.06163817377544789,0.18944651780685254
32.87746683427168,7.11994337829704,8.908437356556577,-2.0596529842850066,-0.011955750398819883,0.359745819207172,-0.07388171719982078,-0.06163811265862503,0.18970242630283884
32.88746683427168,7.1235308793047,8.90765873531752,-2.060269365105275,-0.010057577918061309,0.35942487772849513,-0.07393512130682799,-0.06163805136580488,0.1899268615786138
32.897466834271675,7.127116634744224,8.906886443491464,-2.060885745311738,-0.008157317229431027,0.35910314331700527,-0.07398466992571039,-0.061637989897596945,0.19012013360762775
32.90746683427168,7.130700627119248,8.906120517434777,-2.061502124902644,-0.006255278275042929,0.3587805806660352,-0.07403031313019667,-0.06163792825460865,0.19028253776498394
32.91746683427168,7.134282838198068,8.905360992816851,-2.0621185038762495,-0.0043517683368565615,0.35845715799018507,-0.07407200201284528,-0.0616378664374453,0.19041435432921122
32.92746683427168,7.13786324902364,8.904607904619454,-2.0627348822308145,-0.0024470920702661016,0.35813284699261916,-0.0741096886742365,-0.06163780444671013,0.19051584840910626
32.93746683427168,7.141441839913586,8.903861287136722,-2.063351259964607,-0.0005415515041003478,0.3578076228650654,-0.07414332622297254,-0.061637742283004275,0.19058726994373354
32.94746683427167,7.145018590494496,8.903121173974212,-2.0639676370759,0.0013645538096978308,0.3574814641501468,-0.07417286873049604,-0.061637679946926774,0.19062885336920285
32.95746683427168,7.148593479727543,8.902387598048653,-2.064584013562973,0.0032709266969870136,0.35715435261332834,-0.0741982712025516,-0.06163761743907461,0.1906408169833268
32.967466834271676,7.15216648597829,8.9016605915857,-2.065200389424111,0.005177272078771558,0.35682627305438736,-0.07421948948789982,-0.061637554760042665,0.1906233632910806
32.977466834271674,7.155737587090497,8.900940186117506,-2.065816764657605,0.007083296652213696,0.35649721305985604,-0.07423648017899159,-0.06163749191042378,0.19057667887871
32.98746683427168,7.159306760386377,8.90022641248273,-2.0664331392617528,0.008988708889538448,0.35616716300211027,-0.07424920061163211,-0.06163742889080875,0.19050093441247581
32.99746683427168,7.162873982678853,8.899519300826698,-2.0670495132348568,0.010893218969408935,0.35583611598917353,-0.07425760884472285,-0.06163736570178631,0.19039628459895755
33.007466834271675,7.1664392303044995,8.898818880603264,-2.067665886575226,0.012796538571319738,0.355504067696385,-0.07426166360168948,-0.06163730234394317,0.19026286782861693
33.01746683427168,7.170002479145393,8.898125180574382,-2.068282259281175,0.01469838078715849,0.35517101630866704,-0.07426132424181647,-0.06163723881786398,0.19010080629848375
33.02746683427168,7.1735637047194665,8.897438228809017,-2.0688986313510247,0.01659845966786153,0.354836962217378,-0.07425655062180901,-0.06163717512413138,0.18991020618518153
33.037466834271676,7.177122882186034,8.896758052683131,-2.069515002783101,0.018496490194366645,0.35450190800021086,-0.07424730308704801,-0.061637111263325994,0.18969115764492536
33.04746683427168,7.1806799863498885,8.896084678879832,-2.0701313735757365,0.020392188250937405,0.3541658584047788,-0.07423354246384038,-0.06163704723602644,0.18944373481947882
33.05746683427167,7.184234991696823,8.895418133392392,-2.070747743727268,0.022285270355449038,0.3538288201746924,-0.07421522998318303,-0.061636983042809325,0.1891679957598496
33.06746683427168,7.1877878723733595,8.894758441525303,-2.071364113236041,0.024175453762349197,0.3534908021033239,-0.0741923273122026,-0.06163691868424923,0.18886398228581236
33.077466834271675,7.191338602286696,8.894105627894692,-2.071980482100404,0.026062455894847715,0.3531518146976966,-0.07416479638452783,-0.06163685416091879,0.18853172039250446
33.08746683427167,7.194887155124961,8.893459716428662,-2.072596850318712,0.027945994222991016,0.3528118701052119,-0.07413259936431925,-0.061636789473388624,0.1881712203114356
33.09746683427168,7.1984335043572045,8.892820730367285,-2.0732132178893266,0.029825786263660975,0.3524709821136497,-0.07409569864626918,-0.06163672462222739,0.18778247651048796
33.107466834271676,7.201977623243887,8.892188692263534,-2.073829584810613,0.03170154949055095,0.35212916610305006,-0.07405405683061889,-0.06163665960800176,0.18736546771986953
33.117466834271674,7.205519484856574,8.891563623988707,-2.074445951080945,0.033573001068004676,0.3517864388981783,-0.07400763665266773,-0.06163659443127647,0.18692015686830418
33.12746683427168,7.20905906206901,8.89094554673164,-2.0750623166986992,0.03543985794582092,0.35144281881623907,-0.07395640100801511,-0.06163652909261426,0.18644649108590242
33.13746683427168,7.212596327647206,8.890334481001217,-2.0756786816622594,0.037301836242814856,0.3510983253429033,-0.07390031277570316,-0.06163646359257595,0.18594440211219962
33.147466834271675,7.216131254256426,8.88973044662673,-2.0762950459700145,0.039158651194472996,0.3507529791046466,-0.0738393348034135,-0.0616363979317204,0.18541380632242854
33.15746683427168,7.21966381446119,8.889133462757865,-2.07691140962036,0.04101001715295321,0.35040680186874923,-0.07377342990746714,-0.06163633211060455,0.1848546047275195
33.16746683427167,7.223193980730736,8.888543547865403,-2.077527772611694,0.0428556475259981,0.35005981651550444,-0.07370256085663317,-0.06163626612978341,0.18426668298701787
33.17746683427168,7.226721725458891,8.88796071974811,-2.078144134942425,0.04469525441383532,0.34971204687402774,-0.07362669027936626,-0.061636199989810056,0.18364991139385115
33.187466834271675,7.230247020937182,8.887384995531491,-2.0787604966109616,0.046528548858382604,0.349363517833189,-0.07354578073056262,-0.06163613369123563,0.18300414480611898
33.19746683427167,7.233769839439353,8.886816391670834,-2.0793768576157223,0.04835524016864321,0.3490142550300807,-0.07345979450558669,-0.06163606723460938,0.18232922298166732
33.20746683427168,7.23729015323342,8.88625492395206,-2.079993217955129,0.05017503580909233,0.34866428479893086,-0.07336869361009296,-0.061636000620478665,0.18162497061753036
33.217466834271676,7.240807934581666,8.88570060749172,-2.0806095776276092,0.05198764139967708,0.34831363417110284,-0.07327243976002591,-0.06163593384938894,0.18089119734993056
33.227466834271674,7.244323155740643,8.885153456737006,-2.0812259366315957,0.05379276071581653,0.34796233087509554,-0.07317099438162006,-0.06163586692188377,0.18012769775427873
33.23746683427168,7.247835788977969,8.88461348547015,-2.081842294965527,0.05559009535179838,0.3476104032092704,-0.07306431852837462,-0.06163579983850484,0.1793342512686566
33.24746683427168,7.251345806543119,8.884080706812478,-2.0824586526278477,0.05737934480466154,0.34725788008362435,-0.07295237290841987,-0.061635732599791944,0.17851062209485055
33.25746683427168,7.254853180709554,8.883555133223082,-2.0830750096170068,0.05916020620772758,0.3469047909033504,-0.07283511781002701,-0.061635665206283,0.17765655932041208
33.26746683427168,7.258357883816953,8.883036776501642,-2.0836913659314593,0.0609323738542889,0.346551165379923,-0.072712512978831,-0.06163559765851406,0.17677179691336858
33.27746683427167,7.261859888271215,8.88252564778842,-2.0843077215696644,0.06269553919758473,0.34619703353108866,-0.0725845176178248,-0.06163552995701936,0.17585605372222127
33.287466834271676,7.265359166544463,8.882021757564269,-2.0849240765300885,0.06444939085080546,0.34584242568086593,-0.07245109038735906,-0.06163546210233125,0.17490903347594314
33.297466834271674,7.268855691176354,8.88152511565085,-2.085540430811202,0.0661936145548485,0.3454873724490743,-0.07231218939755282,-0.06163539409498024,0.1739304247594794
33.30746683427167,7.27234943477877,8.88103573121661,-2.0861567844114814,0.06792789268563479,0.34513190460210513,-0.07216777209691767,-0.06163532593549502,0.1729199005597575
33.31746683427168,7.275840370001683,8.88055361277726,-2.086773137329407,0.06965190466817654,0.34477605319799115,-0.07201779537455257,-0.061635257624402404,0.17187711851652562
33.327466834271675,7.279328469596448,8.880078768195485,-2.0873894895634657,0.07136532627919755,0.34441984933369985,-0.07186221538501339,-0.061635189162227405,0.17080172060133256
33.33746683427168,7.282813706430851,8.879611204681822,-2.0880058411121496,0.07306782940268425,0.34406332406203777,-0.07170098748920456,-0.06163512054949323,0.16969333296021935
33.34746683427168,7.286296053489103,8.879150928794683,-2.088622191973956,0.07475908202988568,0.34370650839165007,-0.07153406625437894,-0.061635051786721254,0.1685515659137194
33.357466834271676,7.289775483871852,8.878697946440342,-2.089238542147386,0.07643874825931349,0.3433494332870208,-0.0713614054541379,-0.06163498287443107,0.1673760139568583
33.36746683427168,7.293251970797319,8.878252262873094,-2.0898548916309476,0.07810648822268555,0.34299212964816944,-0.07118295805217652,-0.06163491381314045,0.16616625564328474
33.37746683427168,7.296725487587558,8.877813882699227,-2.090471240423154,0.07976195755083085,0.3426346281835802,-0.0709986760923442,-0.061634844603365394,0.16492185260710074
33.38746683427167,7.300196007647895,8.877382809878181,-2.0910875885225213,0.08140480787822492,0.34227695955844867,-0.07080851081319554,-0.06163477524562006,0.16364235029955815
33.397466834271675,7.303663504523096,8.876959047719414,-2.0917039359275744,0.08303468597682512,0.3419191541183892,-0.07061241244332404,-0.06163470574041687,0.16232727694021398
33.40746683427167,7.307127951904432,8.876542598882269,-2.09232028263684,0.08465123357258177,0.34156124183534115,-0.07041033015966622,-0.06163463608826645,0.16097614325899776
33.41746683427168,7.310589323629687,8.876133465375977,-2.0929366286488515,0.08625408734544213,0.3412032523075683,-0.0702022120875012,-0.06163456628967768,0.1595884424962085
33.42746683427168,7.314047593683152,8.875731648559658,-2.0935529739621472,0.0878428789293494,0.34084521475965884,-0.06998800530045081,-0.06163449634515767,0.1581636504025154
33.437466834271675,7.317502736195244,8.875337149141869,-2.09416931857527,0.08941723480945044,0.3404871580179406,-0.06976765579924003,-0.06163442625521177,0.15670122499028188
33.44746683427168,7.32095472541296,8.874949967180433,-2.0947856624867685,0.09097677572260923,0.34012911039414684,-0.06954110839766632,-0.061634356020343575,0.15520060485442283
33.45746683427168,7.3244035356907915,8.874570102086544,-2.0954020056951954,0.09252111723194693,0.3397710998330551,-0.06930830684498702,-0.06163428564105492,0.15366121050347986
33.467466834271676,7.3278491415373335,8.87419755261652,-2.0960183481991095,0.0940498687170855,0.3394131536200028,-0.0690691935986889,-0.06163421511784591,0.15208244237449445
33.47746683427168,7.331291517618949,8.873832316870663,-2.0966346899970745,0.0955626331927258,0.3390552983331353,-0.06882370978541277,-0.061634144451214914,0.1504636804324179
33.48746683427168,7.334730638759763,8.873474392293257,-2.0972510310876578,0.09705900730864764,0.33869755984340594,-0.06857179520095347,-0.0616340736416586,0.14880428417011132
33.49746683427168,7.338166479941666,8.873123775672573,-2.0978673714694325,0.09853858134970887,0.3383399633145759,-0.06831338831026007,-0.061634002689671896,0.1471035926083467
33.507466834271675,7.341599016301623,8.87278046313929,-2.098483711140978,0.10000093908890988,0.3379825331712197,-0.06804842621844864,-0.06163393159574803,0.14536092382220503
33.51746683427167,7.345028223086346,8.872444450160856,-2.0991000501008763,0.10144565710338306,0.3376252929842893,-0.06777684454822737,-0.06163386036037851,0.1435755724090886
33.52746683427168,7.3484540756565995,8.872115731549329,-2.0997163883477157,0.1028723054037935,0.33726826561509277,-0.06749857756624535,-0.06163378898405312,0.1417468114958075
33.537466834271676,7.3518765495229,8.871794301446304,-2.1003327258800892,0.10428044623815014,0.33691147289350243,-0.06721355792488604,-0.061633717467259944,0.1398738895045141
33.547466834271674,7.355295620346478,8.87148015332085,-2.1009490626965945,0.10566963391616155,0.3365549355752809,-0.0669217166260192,-0.0616336458104854,0.13795602963043022
33.55746683427168,7.358711263939275,8.871173279969513,-2.101565398795834,0.1070394148092359,0.3361986733420812,-0.06662298302100086,-0.06163357401421423,0.13599242984184728
33.56746683427168,7.362123456263944,8.87087367351632,-2.1021817341764155,0.1083893273504809,0.33584270480144685,-0.06631728481067338,-0.06163350207892949,0.13398226288012613
33.577466834271675,7.365532173425439,8.870581325408306,-2.1027980688369508,0.1097189017540767,0.3354870474292532,-0.06600454799183327,-0.06163343000511256,0.13192467515782513
33.58746683427168,7.368937391609295,8.870296226405486,-2.1034144027760573,0.11102765932466074,0.3351317174724401,-0.06568469674080457,-0.06163335779324314,0.12981878361551413
33.59746683427168,7.372339087107939,8.870018366590402,-2.104030735992357,0.11231511300763097,0.3347767300508244,-0.06535765351375539,-0.06163328544379925,0.12766367807241205
33.607466834271676,7.375737236339283,8.869747735345047,-2.1046470684844762,0.11358076597604568,0.3344220988010204,-0.06502333875367376,-0.06163321295725728,0.12545841638115462
33.617466834271674,7.37913181584593,8.869484321349066,-2.1052634002510464,0.11482411151992912,0.33406783585099686,-0.06468167086828999,-0.06163314033409197,0.12320202402144911
33.62746683427167,7.382522802295178,8.86922811257976,-2.1058797312907043,0.1160446330462746,0.33371395182007607,-0.06433256623007581,-0.06163306757477642,0.12089349410006885
33.63746683427168,7.385910172479011,8.868979096312085,-2.10649606160209,0.11724180407903988,0.3333604558189353,-0.0639759391762457,-0.06163299467978208,0.11853178735086137
33.647466834271675,7.389293903274091,8.868737259109698,-2.107112391183849,0.11841508781647443,0.3330073553865194,-0.06361170193448837,-0.06163292164957877,0.11611582985230898
33.65746683427167,7.3926739715970164,8.868502586806807,-2.107728720034632,0.11956393613229983,0.3326546562988955,-0.06323976443716706,-0.06163284848463468,0.11364450859687283
33.66746683427168,7.396050354473198,8.868275064510454,-2.1083450481530943,0.12068778962551997,0.3323023625066093,-0.0628600343060292,-0.06163277518541635,0.11111667260912461
33.66979327683277,7.396835319678054,8.868223156297683,-2.108488433244587,0.12094560313983296,0.33222046175190173,-0.0627705648731483,-0.06163275811357113,0.11052035655271626
33.67979327683277,7.400207682890088,8.868004281938958,-2.1091044380533237,0.12203780721330237,0.3318688234513307,-0.062383938601252444,-0.06163207804613422,0.107985882868081
33.68979327683277,7.403575766524239,8.867792606289365,-2.1097207584753157,0.12310528077070138,0.3315180072404964,-0.061994080485323295,-0.061632006301366206,0.10552006903456743
33.69979327683277,7.406940112935188,8.867587934879298,-2.110337078178335,0.12414842962393424,0.3311682243237043,-0.061601627023965315,-0.06163193425173694,0.10312062523534761
33.70979327683277,7.410300714419774,8.86739020486799,-2.110953397159338,0.12516790616705023,0.3308196653434844,-0.061206823624803015,-0.06163186189830225,0.10078520549852597
33.719793276832775,7.41365756599594,8.867199353686475,-2.111569715415292,0.12616433951792796,0.33047251054077104,-0.06080990704759409,-0.06163178924211428,0.09851156969152276
33.729793276832766,7.417010665280229,8.867015319032928,-2.1121860329431743,0.12713833669590446,0.3301269303377726,-0.06041110579122435,-0.061631716284221545,0.09629757671032403
33.73979327683277,7.4203600124236715,8.866838038871105,-2.1128023497399737,0.12809048334690468,0.32978308570309445,-0.06001064032207198,-0.06163164302566893,0.09414117981335668
33.74979327683277,7.423705609844495,8.866667451416435,-2.1134186658026892,0.12902134552573732,0.3294411290459765,-0.05960872369670823,-0.06163156946749768,0.092040418464034
33.75979327683277,7.427047462118854,8.86650349513073,-2.1140349811283285,0.1299314705284864,0.32910120463004644,-0.05920556184666064,-0.06163149561074545,0.08999341414795327
33.76979327683277,7.430385575974865,8.86634610872188,-2.1146512957139123,0.13082138694187298,0.3287634485974466,-0.058801353595485516,-0.061631421456446296,0.08799837012189117
33.77979327683277,7.433719960176556,8.866195231137828,-2.1152676095564695,0.13169160571755467,0.32842798949695534,-0.058396291023999944,-0.06163134700563069,0.08605356550900502
33.78979327683277,7.437050625494252,8.866050801565175,-2.11588392265304,0.1325426204900604,0.3280949484484347,-0.05799055957349438,-0.06163127225932553,0.08415735325738985
33.79979327683277,7.440377584459889,8.865912759415473,-2.1165002350006743,0.13337490925795606,0.3277644399640915,-0.05758433864286732,-0.061631197218554146,0.08230815274762433
33.80979327683277,7.443700851305113,8.865781044321816,-2.1171165465964332,0.1341889348486321,0.3274365721751265,-0.057177801751715183,-0.06163112188433634,0.08050444759806774
33.81979327683277,7.447020441957135,8.865655596138593,-2.1177328574373866,0.13498514495201136,0.32711144684788274,-0.056771116552309216,-0.06163104625768838,0.07874478550366673
33.829793276832774,7.450336373938262,8.86553635493499,-2.1183491675206154,0.13576397301449764,0.3267891598173893,-0.05636444514379995,-0.061630970339623,0.0770277736086359
33.839793276832765,7.4536486663512695,8.865423260993705,-2.1189654768432105,0.13652583841454244,0.32646980108308266,-0.055957944130338576,-0.061630894131149416,0.07535207725994542
33.84979327683277,7.456957339679977,8.865316254799152,-2.1195817854022736,0.13727114783524944,0.3261534554594457,-0.055551765117522696,-0.06163081763327336,0.07371641438102683
33.85979327683277,7.460262415730581,8.865215277033943,-2.1201980931949147,0.1380002957041555,0.3258402027850942,-0.05514605487008836,-0.0616307408469971,0.07211955351907998
33.869793276832766,7.463563917631562,8.865120268578865,-2.120814400218255,0.13871366419404377,0.3255301179231532,-0.05474095531220419,-0.06163066377331939,0.07056031384147661
33.87979327683277,7.466861869762546,8.865031170507637,-2.121430706469426,0.13941162382764252,0.32522327104752047,-0.054336603746479833,-0.06163058641323556,0.06903756224377725
33.88979327683277,7.470156297730974,8.864947924084083,-2.1220470119455688,0.14009453373841227,0.32491972778086275,-0.05393313294635907,-0.06163050876773746,0.06755021164273692
33.89979327683277,7.473447228243795,8.864870470754619,-2.122663316643833,0.14076274253627946,0.32461954958922506,-0.05353067147393405,-0.06163043083781349,0.06609721779538648
33.90979327683277,7.476734689021307,8.864798752142772,-2.12327962056138,0.1414165889547878,0.32432279407973064,-0.05312934391619067,-0.06163035262444867,0.06467757662198492
33.91979327683277,7.4800187087971635,8.864732710049193,-2.1238959236953807,0.14205640185109827,0.3240295150005812,-0.052729270885008624,-0.0616302741286246,0.06329032420601942
33.929793276832775,7.483299317292977,8.864672286449661,-2.1245122260430143,0.14268250041648847,0.32373976233725155,-0.05233056909511876,-0.06163019535131947,0.061934535869060774
33.93979327683277,7.486576545151764,8.864617423488424,-2.125128527601472,0.14329519476716507,0.32345358259632684,-0.0519333515835081,-0.061630116293508064,0.060609323198782365
33.94979327683277,7.489850423912141,8.864568063476883,-2.125744828367953,0.14389478608099285,0.3231710188662029,-0.05153772775999431,-0.061630036956161795,0.05931383371371156
33.95979327683277,7.4931209858807915,8.864524148885694,-2.126361128339666,0.1444815675599081,0.32289211124015915,-0.051143803762935654,-0.061629957340248696,0.058047247230710634
33.96979327683277,7.496388264125888,8.864485622344317,-2.1269774275138325,0.14505582448192164,0.3226168968395609,-0.05075168247846446,-0.06162987744673348,0.05680877565478963
33.979793276832766,7.499652292475995,8.86445242664093,-2.127593725887679,0.14561783421004343,0.32234540981772364,-0.050361463543836374,-0.06162979727657751,0.055597662943901595
33.98979327683277,7.502913105457608,8.864424504716784,-2.128210023458445,0.14616786671791562,0.32207768159521705,-0.049973243545980955,-0.061629716830738805,0.05441318285413851
33.99979327683277,7.506170738296242,8.864401799664316,-2.128826320223378,0.14670618457710383,0.32181374087227355,-0.049587116019614,-0.061629636110172054,0.053254638665243076
34.009793276832774,7.509425226820661,8.864384254722328,-2.1294426161797357,0.14723304367968576,0.32155361392539367,-0.04920317171478758,-0.06162955511582864,0.05212136083023887
34.01979327683277,7.512676607416862,8.864371813273074,-2.1300589113247854,0.14774869360681608,0.321297324762857,-0.0488214987343353,-0.06162947384865667,0.05101270562743658
34.02979327683277,7.5159249170280695,8.864364418842253,-2.1306752056558027,0.1482533776287265,0.3210448951247224,-0.04844218253387233,-0.061629392309600954,0.04992805516043403
34.039793276832775,7.519170193146345,8.864362015098347,-2.131291499170074,0.1487473327761223,0.3207963445125642,-0.04806530594890471,-0.061629310499603046,0.04886681708775446
34.04979327683277,7.522412473753102,8.864364545846104,-2.131907791864895,0.14923079033990375,0.320551690410651,-0.047690949388032845,-0.0616292284196012,0.047828422498806256
34.05979327683277,7.525651797329329,8.864371955026568,-2.1325240837375694,0.14970397575065814,0.3203109482440715,-0.04731919078868498,-0.061629146070530445,0.046812326309418874
34.06979327683277,7.528888202763073,8.86438418671279,-2.133140374785411,0.1501671093477054,0.3200741316777282,-0.04695010590279976,-0.06162906345332254,0.04581800481040267
34.07979327683277,7.532121729334865,8.864401185108944,-2.1337566650057447,0.15062040650258915,0.3198412526658478,-0.0465837683431693,-0.06162898056890604,0.04484495523840681
34.08979327683277,7.535352416717697,8.864422894550312,-2.134372954395902,0.15106407761907475,0.31961232145198243,-0.04622024958344053,-0.0616288974182063,0.04389269577592285
34.09979327683277,7.538580304965365,8.864449259502376,-2.1349892429532242,0.15149832823615939,0.31938734660966833,-0.04585961899751054,-0.06162881400214545,0.04296076518485435
34.10979327683277,7.541805434463534,8.864480224554622,-2.1356055306750634,0.15192335943075144,0.31916633521713655,-0.04550194401862447,-0.061628730321642414,0.04204872114462898
34.11979327683277,7.545027845938903,8.86451573442113,-2.136221817558779,0.15233936770689988,0.3189492928166189,-0.04514729009711048,-0.06162864637761292,0.04115614067344176
34.12979327683277,7.548247580385769,8.864555733938134,-2.13683810360174,0.15274654566449677,0.31873622365601795,-0.04479572094824246,-0.06162856217096955,0.040282618129986146
34.13979327683277,7.551464679058782,8.864600168063655,-2.137454388801326,0.15314508206471747,0.3185271307134864,-0.04444729857683928,-0.0616284777026217,0.039427765000870835
34.149793276832774,7.554679183472955,8.864648981877483,-2.1380706731549237,0.15353516183002036,0.31832201569742663,-0.04410208327726483,-0.06162839297347565,0.03859120990061976
34.15979327683277,7.5578911353962255,8.864702120580684,-2.1386869566599294,0.15391696611368083,0.31812087907184866,-0.043760133659973006,-0.06162830798443454,0.03777259834552041
34.16979327683277,7.561100576803969,8.86475952949008,-2.1393032393137488,0.15429067268138008,0.31792372021078147,-0.043421506802769246,-0.06162822273639835,0.03697159132113247
34.17979327683277,7.564307549893675,8.864821154038175,-2.1399195211137965,0.15465645573486395,0.3177305373416182,-0.043086258185502234,-0.061628137230263925,0.03618786580756063
34.189793276832766,7.567512097026628,8.86488693977313,-2.1405358020574967,0.15501448651144512,0.3175413277402197,-0.042754441909604195,-0.061628051466925016,0.03542111316745026
34.19979327683277,7.570714260719217,8.864956832358473,-2.141152082142281,0.15536493336984358,0.3173560877603819,-0.042426110730156376,-0.0616279654472723,0.0346710388918662
34.20979327683277,7.573914083642937,8.865030777573091,-2.1417683613655907,0.15570796179018767,0.31717481283383536,-0.04210131605588824,-0.06162787917219337,0.033937362600290864
34.21979327683277,7.577111608623581,8.865108721311218,-2.1423846397248765,0.15604373438262864,0.3169974974730276,-0.04178010795241563,-0.061627792642572725,0.03321981801597605
34.22979327683277,7.58030687860347,8.865190609579289,-2.143000917217597,0.15637241124140855,0.31682413539580534,-0.04146253527944329,-0.061627705859291816,0.032518151837310064
34.23979327683277,7.583499936648119,8.865276388492237,-2.14361719384122,0.15669414977960275,0.31665471949324026,-0.04114864563657247,-0.061627618823229,0.031832123998856106
34.24979327683277,7.586690825914915,8.865366004276583,-2.144233469593222,0.15700910513244665,0.3164892419384537,-0.04083848550560732,-0.0616275315352596,0.031161506791748693
34.259793276832774,7.5898795896331475,8.865459403270686,-2.144849744471088,0.15731743038507304,0.31632769425539525,-0.040532100334173406,-0.06162744399625592,0.030506084268979498
34.26979327683277,7.5930662711040044,8.865556531924755,-2.1454660184723133,0.15761927657251223,0.3161700673188427,-0.04022953453571776,-0.06162735620708726,0.02986565224539738
34.27979327683277,7.596250913700573,8.86565733680084,-2.146082291594399,0.15791479267969208,0.316016351354402,-0.03993083148950882,-0.06162726816861989,0.029240018297708364
34.28979327683277,7.599433560860044,8.865761764572715,-2.1466985638348572,0.1582041257291731,0.31586653596432523,-0.039636033573546475,-0.06162717988171709,0.0286290015307617
34.299793276832766,7.60261425604797,8.865869762021205,-2.147314835191208,0.15848742108021452,0.31572061023528625,-0.03934518228482884,-0.061627091347239135,0.028032431589544195
34.30979327683277,7.605793042775492,8.865981276033226,-2.1479311056609793,0.15876482219551458,0.3155785626756513,-0.03905831815361648,-0.06162700256604329,0.027450149248195516
34.31979327683277,7.608969964564596,8.866096253606706,-2.1485473752417095,0.15903647116211542,0.3154403813426208,-0.038775480927610406,-0.06162691353898387,0.026882005294975874
34.32979327683277,7.612145064943944,8.866214641850833,-2.1491636439309425,0.15930250874603838,0.3153060538568122,-0.038496709591816586,-0.06162682426691223,0.02632786040187784
34.33979327683277,7.61531838744886,8.86633638798605,-2.1497799117262337,0.1595630743922842,0.31517556740226016,-0.03822204236854595,-0.06162673475067681,0.025787585124626384
34.34979327683277,7.618489975621338,8.866461439344063,-2.150396178625145,0.1598183062248329,0.31504890872641644,-0.03795151671741439,-0.061626644991123074,0.025261059902678826
34.35979327683277,7.621659873003114,8.866589743368248,-2.151012444625248,0.16006834113928786,0.3149260641629208,-0.03768516936930444,-0.061626554989093585,0.02474817484532086
34.36979327683277,7.624828123101848,8.866721247609709,-2.151628709724122,0.16031331509771984,0.3148070197270969,-0.037423036444009745,-0.06162646474542797,0.024248828850080277
34.37979327683277,7.627994769410003,8.866855899723701,-2.1522449739193537,0.16055336281031207,0.31469176104655666,-0.037165153336708376,-0.06162637426096289,0.023762930275724296
34.389793276832776,7.631159855379524,8.866993647478699,-2.152861237208541,0.16078861826870622,0.3145802734632505,-0.036911554901030354,-0.06162628353653215,0.023290395976007166
34.39979327683277,7.63432342441833,8.867134438757043,-2.153477499589287,0.161019214804335,0.3144725420461027,-0.036662275469720985,-0.06162619257296668,0.022831151180254288
34.409793276832765,7.637485519890325,8.867278221554942,-2.154093761059206,0.1612452850884225,0.31436855159101096,-0.03641734885464024,-0.061626101371094526,0.02238512949336112
34.41979327683277,7.640646185115386,8.86742494398247,-2.1547100216159176,0.16146696113198356,0.31426828662084716,-0.0361768083467637,-0.06162600993174088,0.021952272895794846
34.42979327683277,7.64380546336937,8.867574554263575,-2.155326281257052,0.16168437428582413,0.3141717313854568,-0.03594068671618188,-0.06162591825572806,0.021532531743593243
34.439793276832766,7.646963397865273,8.867727000739587,-2.155942539980246,0.16189765555061505,0.31407886992169426,-0.035709016323099654,-0.061625826343875555,0.021125864150962438
34.44979327683277,7.650120031736069,8.86788223185692,-2.1565587977831457,0.16210693545758448,0.31398968607551675,-0.03548182909345266,-0.06162573419699997,0.020732235876437875
34.45979327683277,7.653275408047487,8.868040196170584,-2.157175054663405,0.1623123440143739,0.3139041634733409,-0.0352591564917934,-0.06162564181591506,0.020351620580617208
34.469793276832775,7.656429569782239,8.86820084235609,-2.157791310618686,0.16251401119746908,0.3138222855909697,-0.03504102968671711,-0.06162554920143176,0.019983999054408223
34.47979327683277,7.659582559839969,8.868364119209463,-2.1584075656466584,0.162712066953419,0.31374403575378973,-0.034827479551282035,-0.06162545635435824,0.019629359216909843
34.48979327683277,7.6627344210372526,8.86852997564725,-2.1590238197450007,0.1629066411988357,0.3136693971367707,-0.03461853666300945,-0.06162536327549989,0.019287696115412117
34.499793276832776,7.6658851961075944,8.868698360706519,-2.159640072911399,0.16309786382039432,0.31359835276446585,-0.03441423130388365,-0.061625269965659285,0.018959011925396223
34.50979327683277,7.669034927701429,8.868869223544854,-2.1602563251435467,0.16328586467483316,0.31353088551101166,-0.034214593460352064,-0.06162517642563624,0.018643315950534645
34.519793276832765,7.672183658385871,8.869042513440393,-2.160872576439147,0.16347077359243084,0.3134669781007414,-0.03401965282460471,-0.06162508265622778,0.018340624615694488
34.52979327683277,7.675331430611408,8.869218179791783,-2.1614888267959094,0.16365272073416628,0.3134066131834168,-0.0338294389308682,-0.06162498865822815,0.018050960660037012
34.53979327683277,7.678478286710683,8.869396172111825,-2.162105076211552,0.16383183647678312,0.3133497733335791,-0.03364398112023719,-0.061624894432428835,0.01777435322752217
34.549793276832766,7.681624268917464,8.869576440038974,-2.162721324683801,0.16400825148383624,0.3132964410210254,-0.03346330854933081,-0.06162479997961857,0.017510838029820296
34.55979327683277,7.684769419356281,8.869758933341528,-2.1633375722103905,0.16418209691202792,0.31324659863829485,-0.0332874502626243,-0.06162470530058337,0.017260456995859288
34.56979327683277,7.687913780042426,8.869943601917612,-2.1639538187890612,0.1643535044112078,0.313200228500669,-0.03311643519244902,-0.061624610396106554,0.01702325827182462
34.579793276832774,7.691057392881949,8.870130395795194,-2.1645700644175636,0.16452260612437286,0.3131573128461715,-0.03295029215899244,-0.06162451526696872,0.016799296221159346
34.58979327683277,7.694200299671663,8.870319265132075,-2.1651863090936545,0.16468953468766742,0.31311783383556835,-0.03278904987029813,-0.061624419913947764,0.016588631424564095
34.59979327683277,7.697342542089537,8.870510160218549,-2.1658025528150993,0.16485442338757553,0.31308177357104694,-0.0326327369787387,-0.06162432433781888,0.01639133039382345
34.609793276832775,7.700484161676158,8.870703031469851,-2.16641879557967,0.16501740620556926,0.3130491141298852,-0.032481382108392555,-0.06162422853935455,0.01620746528786046
34.619793276832766,7.70362519984929,8.87089782943209,-2.1670350373851472,0.16517861779923013,0.31301983753949464,-0.03233501383902724,-0.06162413251932457,0.016037114101637034
34.629793276832764,7.7067656979022745,8.871094504792548,-2.1676512782293202,0.16533819373586894,0.31299392578299395,-0.03219366078109815,-0.061624036278496074,0.015880360396267577
34.63979327683277,7.709905697003992,8.87129300837971,-2.168267518109984,0.16549627049350424,0.31297136079927484,-0.03205735157608077,-0.06162393981763359,0.015737293297587857
34.64979327683277,7.713045238198869,8.87149329116326,-2.168883757024942,0.16565298546086268,0.3129521244830026,-0.03192611489647035,-0.06162384313749895,0.015608007496154595
34.65979327683277,7.716184362406872,8.871695304254084,-2.1694999949720057,0.165808476937379,0.3129361986846158,-0.03179997944578197,-0.06162374623885138,0.015492603247245561
34.66979327683277,7.719323110418332,8.871898998905836,-2.1701162319489935,0.16596288421335326,0.3129235652169154,-0.0316789739876644,-0.06162364912244747,0.015391186218231922
34.67979327683277,7.722461522873118,8.87210432651191,-2.1707324679537314,0.1661163477283231,0.3129142058875437,-0.03156312741109061,-0.06162355178904115,0.01530386705049587
34.68979327683277,7.72559964027566,8.87231123860745,-2.1713487029840532,0.16626900897126548,0.31290810247671347,-0.031452468688561726,-0.061623454239383736,0.015230761637708078
34.69979327683277,7.728737502996227,8.872519686881501,-2.1719649370378007,0.16642101069167703,0.3129052367281962,-0.03134702694238155,-0.061623356474223956,0.015171990902660446
34.70979327683277,7.731875151270609,8.872729623177374,-2.172581170112822,0.16657249690935597,0.3129055903495511,-0.031246831447982737,-0.06162325849430796,0.015127680782578064
34.719793276832775,7.735012625200123,8.87294099949264,-2.1731974022069735,0.1667236129144019,0.31290914501212513,-0.03115191163392681,-0.06162316030037933,0.015097962229119202
34.72979327683277,7.738149964751542,8.873153767979211,-2.1738136333181193,0.16687450526907113,0.3129158823510274,-0.031062297082550216,-0.06162306189317903,0.015082971205128881
34.73979327683277,7.74128720974668,8.873367880946036,-2.1744298634441286,0.1670253219499841,0.31292578397250465,-0.030978017583167462,-0.061622963273445484,0.015082848371336704
34.74979327683277,7.744424399854384,8.873583290852617,-2.175046092582882,0.16717621232916685,0.31293883147067775,-0.03089910313206901,-0.06162286444191452,0.01509773899953606
34.75979327683277,7.747561574602684,8.873799950321516,-2.1756623207322634,0.16732732726636218,0.31295500639868995,-0.03082558395397115,-0.06162276539931943,0.015127792992481006
34.76979327683277,7.750698773378964,8.874017812143718,-2.176278547890167,0.16747881919327823,0.31297429026164314,-0.030757490529049858,-0.06162266614639096,0.015173164776235813
34.77979327683277,7.753836035429963,8.874236829278617,-2.176894774054493,0.16763084211358836,0.31299666451659774,-0.030694853592940823,-0.06162256668385737,0.015234013300174966
34.78979327683277,7.756973399861766,8.874456954854022,-2.177510999223148,0.16778355160293132,0.31302211057257284,-0.03063770413673945,-0.061622467012444344,0.015310502036983167
34.79211971939387,7.757703308516543,8.874508319750012,-2.17765436032612,0.16781919376908644,0.3130284689100511,-0.030625198789225823,-0.06162244379458989,0.015330557085689178
34.802119719393865,7.760841066133797,8.874729837300649,-2.178270262506112,0.1679725148259271,0.31305720880369114,-0.030570591639231887,-0.06162173710395117,0.015425783144080869
34.81211971939386,7.763978772907874,8.874952368478644,-2.178886479385071,0.16812730318345445,0.3130883607308906,-0.0305120904302458,-0.061621638600189745,0.01553404556428742
34.82211971939387,7.76711666262207,8.8751760353417,-2.179502695276364,0.1682832379115466,0.31312180572488224,-0.03045006653622575,-0.06162153957088827,0.015654960869065253
34.832119719393866,7.770254751400781,8.87540088002801,-2.1801189101747434,0.1684404423542543,0.31315752914968764,-0.030384575448677356,-0.061621440017866666,0.015787883862336385
34.842119719393864,7.773393055263006,8.875626944498933,-2.1807351240749817,0.16859903344631463,0.3131955154693031,-0.0303156705640712,-0.06162133994293857,0.015932179202248962
34.85211971939386,7.776531590112379,8.875854270538653,-2.181351336971868,0.16875912179544839,0.3132357483001488,-0.030243403225377413,-0.06162123934791131,0.01608722112434539
34.86211971939386,7.779670371732943,8.876082899755021,-2.1819675488602117,0.1689208117003766,0.31327821043940285,-0.030167822737549324,-0.061621138234585926,0.016252393327043403
34.872119719393865,7.782809415764329,8.876312873576044,-2.1825837597348383,0.16908420139445182,0.31332288395953634,-0.03008897646521675,-0.061621036604757234,0.016427088358553894
34.88211971939386,7.78594873769079,8.876544233248584,-2.183199969590591,0.1692493831502668,0.3133697502551011,-0.0300069098773491,-0.06162093446021385,0.016610707331821767
34.89211971939386,7.789088352840957,8.876777019838315,-2.183816178422333,0.16941644328217678,0.31341879004396406,-0.029921666548394642,-0.061620831802738196,0.016802659917518305
34.902119719393866,7.792228276378935,8.877011274229005,-2.1844323862249424,0.1695854622283553,0.3134699834168443,-0.029833288199283155,-0.0616207286341065,0.017002364093254993
34.912119719393864,7.795368523302581,8.877247037123327,-2.185048592993317,0.169756514551525,0.31352330985117516,-0.02974181470299585,-0.06162062495608881,0.017209246113030322
34.92211971939386,7.798509108421596,8.877484349038673,-2.1856647987223723,0.1699296691762434,0.3135787483004934,-0.029647284179997003,-0.06162052077044906,0.017422739918475604
34.93211971939387,7.801650046350381,8.877723250305895,-2.18628100340704,0.17010498946463506,0.31363627722653586,-0.029549733030311134,-0.06162041607894508,0.017642286941029955
34.942119719393865,7.80479135150793,8.877963781069298,-2.1868972070422705,0.1702825332176472,0.31369587459981063,-0.029449195934081174,-0.061620310883328595,0.017867336098620824
34.95211971939386,7.807933038110973,8.878205981285454,-2.187513409623032,0.17046235275063543,0.3137575179410313,-0.029345705888189952,-0.06162020518534529,0.018097343585965982
34.96211971939386,7.811075120172976,8.878449890724134,-2.1881296111443085,0.1706444948897138,0.31382118433178335,-0.02923929420952517,-0.06162009898673475,0.018331772872735914
34.97211971939386,7.814217611487645,8.878695548963746,-2.188745811601103,0.17082900117553879,0.31388685048609644,-0.029129990615877024,-0.061619992289230534,0.018570094203212317
34.982119719393864,7.817360525622265,8.87894299538958,-2.189362010988436,0.17101590794453497,0.31395449278288096,-0.029017823260033836,-0.06161988509456023,0.018811784388898446
34.99211971939386,7.820503875917711,8.879192269193814,-2.1899782093013433,0.17120524632889567,0.3140240872659282,-0.028902818729781805,-0.06161977740444543,0.01905632680851967
35.00211971939386,7.8236476754846604,8.879443409374217,-2.190594406534879,0.17139704231062078,0.3140956096697713,-0.028785002072893622,-0.06161966922060176,0.019303211266804756
35.012119719393866,7.826791937201429,8.879696454734532,-2.191210602684115,0.1715913167410532,0.314169035440211,-0.02866439681068118,-0.06161956054473889,0.01955193394786882
35.022119719393864,7.829936673705059,8.879951443880922,-2.1918267977441395,0.17178808546891433,0.3142443397738323,-0.028541024987076124,-0.06161945137856052,0.01980199709831183
35.03211971939386,7.833081897383221,8.88020841521853,-2.192442991710058,0.17198735946100718,0.31432149766263356,-0.028414907218624025,-0.06161934172376453,0.02005290871668576
35.04211971939387,7.836227620374201,8.88046740695148,-2.193059184576992,0.17218914480244119,0.31440048389411845,-0.02828606269458152,-0.06161923158204286,0.02030418255291078
35.052119719393865,7.839373854565858,8.880728457082139,-2.193675376340081,0.17239344271806353,0.3144812730600969,-0.028154509186384832,-0.061619120955081645,0.020555338051383997
35.06211971939386,7.842520611592338,8.8809916034096,-2.1942915669944814,0.17260024963631757,0.3145638395897555,-0.028020263078581308,-0.061619009844561104,0.020805900196861977
35.07211971939387,7.84566790283206,8.881256883529334,-2.194907756535366,0.17280955721379238,0.31464815775508326,-0.027883339376888937,-0.061618898252155635,0.021055399463004856
35.08211971939386,7.848815739399185,8.881524334826874,-2.1955239449579236,0.1730213525030891,0.3147342017265821,-0.027743751776408806,-0.061618786179533876,0.021303371355134864
35.092119719393864,7.851964132143035,8.881793994477373,-2.1961401322573613,0.17323561796483705,0.31482194557762466,-0.027601512666682714,-0.06161867362835866,0.02154935637761002
35.10211971939386,7.855113091648072,8.882065899445577,-2.196756318428901,0.17345233146821035,0.31491136328463365,-0.027456633131914304,-0.061618560600287094,0.021792900032282278
35.11211971939386,7.858262628232207,8.882340086482948,-2.197372503467783,0.17367146635792388,0.31500242875264045,-0.02730912298037365,-0.0616184470969705,0.022033552631321784
35.122119719393865,7.861412751946462,8.882616592129217,-2.197988687369262,0.17389299145062403,0.31509511581822,-0.027158990743718053,-0.06161833312005447,0.022270869350879734
35.13211971939386,7.864563472570547,8.882895452706267,-2.198604870128611,0.1741168711589421,0.3151893982846019,-0.027006243726047256,-0.06161821867117888,0.022504409850127863
35.14211971939386,7.867714799610858,8.883176704314643,-2.199221051741118,0.17434306556100457,0.315285249943985,-0.026850888032779695,-0.06161810375197797,0.022733738058196364
35.152119719393866,7.8708667423004774,8.883460382833563,-2.1998372322020883,0.17457153040043324,0.31538264457753695,-0.026692928570652495,-0.06161798836408031,0.022958422174173893
35.162119719393864,7.874019309599188,8.883746523920365,-2.200453411506843,0.17480221709496194,0.31548155595810184,-0.02653236905142034,-0.06161787250910883,0.023178034636996116
35.17211971939387,7.877172510193442,8.88403516300678,-2.201069589650719,0.17503507281106823,0.31558195787534454,-0.026369212023891735,-0.06161775618868081,0.023392151900258153
35.18211971939387,7.880326352495196,8.884326335301301,-2.2016857666290703,0.17527004045140093,0.31568382413134033,-0.026203458866924614,-0.061617639404407905,0.023600354524668795
35.19211971939386,7.883480844641154,8.884620075780015,-2.2023019424372663,0.17550705878389156,0.3157871285762858,-0.02603510984321122,-0.06161752215789619,0.023802226684357254
35.20211971939386,7.886635994492758,8.88491641918498,-2.2029181170706926,0.1757460624653805,0.31589184511548984,-0.025864164109319403,-0.06161740445074622,0.023997356078883557
35.21211971939386,7.88979180963618,8.885215400024213,-2.2035342905247512,0.1759869820416164,0.3159979477093736,-0.025690619715693253,-0.06161728628455298,0.024185333933237792
35.22211971939386,7.892948297382773,8.8855170525706,-2.204150462794859,0.17622974395981034,0.31610541037682105,-0.02551447361214245,-0.06161716766090595,0.024365754940615065
35.232119719393864,7.896105464770736,8.885821410857744,-2.2047666338764498,0.17647427063900653,0.3162142072142678,-0.025335721677004895,-0.06161704858138906,0.02453821701289745
35.24211971939386,7.89926331856301,8.88612850868263,-2.2053828037649725,0.1767204804606313,0.31632431239203385,-0.025154358710732263,-0.06161692904758074,0.024702321384031372
35.25211971939387,7.902421865250906,8.886438379594832,-2.2059989724558924,0.17696828786750426,0.31643570017918765,-0.02497037848021499,-0.061616809061053955,0.02485767207815859
35.262119719393866,7.905581111054586,8.88675105689525,-2.20661513994469,0.17721760337632192,0.31654834494679723,-0.024783773724353857,-0.061616688623376256,0.02500387584620855
35.272119719393864,7.908741061923062,8.887066573636108,-2.2072313062268614,0.17746833357765773,0.31666222116792986,-0.024594536154059973,-0.061616567736109754,0.02514054216589834
35.28211971939387,7.911901723534802,8.887384962620049,-2.2078474712979186,0.17772038114244945,0.31677730341898624,-0.024402656455332353,-0.06161644640081114,0.02526728319564837
35.29211971939387,7.915063101301625,8.887706256394267,-2.208463635153389,0.17797364488816791,0.31689356639301225,-0.024208124317223537,-0.061616324619031715,0.025383713432739798
35.30211971939386,7.918225200364728,8.88803048725545,-2.2090797977888155,0.17822801977226993,0.31701098489769,-0.02401092842438086,-0.061616202392317354,0.025489449912340072
35.31211971939386,7.921388025602411,8.888357687237107,-2.2096959591997574,0.17848339695214668,0.31712953386772325,-0.023811056489651677,-0.06161607972220858,0.02558411161519179
35.32211971939386,7.924551581631573,8.888687888107246,-2.210312119381787,0.17873966379820833,0.3172491883675529,-0.023608495260791715,-0.06161595661024064,0.025667319355324153
35.332119719393866,7.927715872807713,8.889021121368364,-2.2109282783304947,0.17899670389388458,0.31736992359135674,-0.023403230520464603,-0.06161583305794344,0.025738695780053243
35.342119719393864,7.930880903224981,8.889357418257404,-2.2115444360414833,0.17925439703577611,0.3174917148630608,-0.023195247086345593,-0.06161570906684155,0.025797865367269912
35.35211971939386,7.934046676722113,8.889696809738515,-2.2121605925103736,0.17951261927008766,0.31761453764000214,-0.022984528830087964,-0.061615584638454325,0.025844454024765227
35.36211971939387,7.937213196877924,8.890039326508127,-2.2127767477328,0.179771242926403,0.3177383675184565,-0.02277105868255163,-0.06161545977429576,0.025878089241590227
35.372119719393865,7.940380467018514,8.890384998985494,-2.213392901704412,0.18003013661735617,0.3178631802321465,-0.022554818643624273,-0.06161533447587461,0.02589839967211247
35.38211971939386,7.943548490223513,8.890733857305023,-2.214009054420875,0.18028916525090055,0.31798895165259666,-0.02233578979410212,-0.06161520874469446,0.025905014769483727
35.39211971939387,7.946717269326073,8.891085931316264,-2.2146252058778684,0.18054819003030895,0.31811565778913414,-0.02211395229568995,-0.06161508258225365,0.025897564785639964
35.402119719393866,7.949886806912873,8.89144125058392,-2.2152413560710875,0.18080706845417344,0.31824327478888825,-0.021889285391001104,-0.06161495599004538,0.02587568077130135
35.412119719393864,7.953057105326104,8.891799844385629,-2.215857504996242,0.18106565431661598,0.31837177893538854,-0.021661767405914793,-0.06161482896955763,0.025838994455396558
35.42211971939386,7.956228166670429,8.892161741704053,-2.216473652649056,0.18132379774643934,0.31850114664713325,-0.02143137576964677,-0.06161470152227323,0.025787137708950306
35.43211971939386,7.9593999928049355,8.892526971235394,-2.217089799025269,0.18158134522941732,0.31863135448545077,-0.02119808701279877,-0.06161457364966982,0.025719742950181635
35.442119719393865,7.962572585359756,8.892895561370965,-2.2177059441206364,0.18183813955988468,0.318762379138385,-0.02096187677192061,-0.06161444535321992,0.02563644227879946
35.45211971939386,7.965745945738135,8.893267540194895,-2.218322087930926,0.18209401983728185,0.3188941974189072,-0.02072271979085016,-0.06161431663439103,0.02553686736089594
35.46211971939386,7.9689200751164355,8.893642935484133,-2.2189382304519216,0.1823488214661549,0.31902678626491565,-0.020480589920713332,-0.06161418749464553,0.025420649428946417
35.472119719393866,7.972094974444135,8.894021774708438,-2.219554371679421,0.18260237615615554,0.31916012273923605,-0.020235460119924092,-0.06161405793544074,0.025287419281809474
35.482119719393864,7.9752706444483765,8.894404085025403,-2.2201705116092367,0.18285451190648655,0.3192941840226618,-0.019987302454835546,-0.06161392795822892,0.025136806991904632
35.49211971939386,7.978447085638648,8.894789893274849,-2.220786650237197,0.1831050530406514,0.31942894740918737,-0.01973608811616794,-0.061613797564457305,0.024968441399385668
35.50211971939387,7.981624298300128,8.895179225986102,-2.2214027875591422,0.1833538202293293,0.3195643903163946,-0.019481787418329097,-0.06161366675556802,0.02478195054146515
35.512119719393866,7.984802282513824,8.895572109356378,-2.2220189235709293,0.1836006303684678,0.3197004902522626,-0.0192243697859807,-0.06161353553299827,0.02457696057050709
35.522119719393864,7.987981038157584,8.895968569249684,-2.2226350582684278,0.18384529657421356,0.3198372248135525,-0.018963803753681292,-0.06161340389818026,0.024353095695737965
35.53211971939386,7.991160564906099,8.896368631196824,-2.2232511916475235,0.1840876281829128,0.31997457168580745,-0.01870005696588567,-0.06161327185254129,0.02410997818324616
35.54211971939386,7.9943408622308905,8.89677232039539,-2.223867323704114,0.18432743075111063,0.3201125086433525,-0.018433096176945822,-0.06161313939750369,0.02384722835598278
35.552119719393865,7.997521929404378,8.897179661705124,-2.224483454434113,0.18456450602399915,0.320251013539761,-0.018162887247020244,-0.06161300653448484,0.023564464305025762
35.56211971939386,8.000703765508497,8.8975906796373,-2.2250995838334484,0.18479865191038664,0.32039006428705485,-0.017889395147063968,-0.06161287326489723,0.02326130102215716
35.57211971939386,8.003886369421428,8.898005398369994,-2.2257157118980606,0.1850296625992084,0.3205296388872016,-0.017612583976403282,-0.06161273959014835,0.022937351290312644
35.582119719393866,8.007069739843061,8.898423841719984,-2.2263318386239055,0.1852573283091936,0.3206697153730875,-0.017332416920078853,-0.06161260551164087,0.022592224196130006
35.592119719393864,8.010253875297344,8.898846033140103,-2.2269479640069525,0.1854814352678577,0.3208102718030501,-0.0170488562455792,-0.06161247103077262,0.022225524980225425
35.60211971939386,8.013438774132277,8.899271995719255,-2.227564088043185,0.18570176571150274,0.32095128626087815,-0.01676186330284071,-0.06161233614893663,0.021836855037193445
35.61211971939387,8.016624434519917,8.899701752182402,-2.2281802107285995,0.18591809788521685,0.32109273685581186,-0.01647139852424764,-0.06161220086752106,0.021425811915606992
35.622119719393865,8.0198108544569,8.900135324889913,-2.228796332059208,0.18613020603588512,0.32123460172083684,-0.016177421423386268,-0.061612065187909286,0.020991989275027913
35.63211971939386,8.022998031780268,8.900572735816917,-2.2294124520310348,0.1863378602176829,0.3213768589586858,-0.01587989056371428,-0.06161192911147987,0.0205349753943393
35.64211971939386,8.026185964148299,8.901014006576341,-2.230028570640119,0.1865408265815949,0.32151948669970715,-0.01557876361668842,-0.06161179263960653,0.020054354384361334
35.65211971939386,8.029374649061202,8.90145915839497,-2.230644687882513,0.1867388670698551,0.3216624630406473,-0.015273997300452523,-0.061611655773658236,0.019549704927067632
35.662119719393864,8.032564083873055,8.901908212098842,-2.231260803754283,0.18693173925066625,0.3218057660071541,-0.014965547348922761,-0.061611518514999235,0.019020599388936035
35.67211971939386,8.035754265791795,8.902361188113264,-2.231876918251509,0.18711919631819976,0.3219493735537766,-0.014653368511787815,-0.06161138086498908,0.018466603820948873
35.68211971939386,8.038945191879225,8.902818106462805,-2.232493031370283,0.18730098709259577,0.3220932635639651,-0.014337414554508867,-0.06161124282498263,0.01788727795859297
35.692119719393865,8.042136859051011,8.903278986771292,-2.2331091431067134,0.18747685601996297,0.32223741385007115,-0.014017638258319615,-0.06161110439633001,0.017282175221859646
35.70211971939386,8.045329264080715,8.90374384825577,-2.2337252534569187,0.18764654309038006,0.32238180213481143,-0.01369399140451192,-0.061610965580376695,0.016650842266005217
35.71211971939387,8.048522403612216,8.904212709705645,-2.234341362417034,0.18780978358602077,0.32252640598361687,-0.013366424731111722,-0.061610826378463476,0.01599281712662475
35.722119719393866,8.051716274138398,8.904685589514612,-2.2349574699832058,0.18796630852321877,0.3226712028995926,-0.013034888019687215,-0.06161068679192642,0.015307631448388741
35.732119719393864,8.054910872032922,8.905162505637,-2.235573576151595,0.1881158440131305,0.32281617019415915,-0.01269932996565198,-0.061610546822097,0.0145948076778401
35.74211971939386,8.058106193554377,8.905643475581824,-2.236189680918374,0.18825811117793734,0.3229612849691758,-0.012359698161706692,-0.06161040647030209,0.013853858652541354
35.75211971939386,8.061302234846274,8.906128516412792,-2.2368057842797318,0.18839282615084596,0.323106524116941,-0.012015939097838272,-0.06161026573786401,0.013084287601072846
35.76211971939386,8.064498991937043,8.906617644748293,-2.2374218862318673,0.18851970007608776,0.32325186432019193,-0.011667998161321143,-0.0616101246261005,0.012285588143035438
35.772119719393864,8.06769646074004,8.907110876761404,-2.238037986770994,0.18863843910891928,0.3233972820521044,-0.011315819636716396,-0.0616099831363247,0.011457244289048724
35.78211971939386,8.070894637059887,8.907608228167605,-2.2386540858933386,0.18874874421040078,0.3235427535330412,-0.010959346664928952,-0.06160984126984522,0.010598729399802408
35.79211971939387,8.07409351659856,8.90810971420802,-2.2392701835951394,0.1888503108829213,0.3236882546631101,-0.010598521195560555,-0.0616096990279661,0.009709504325328118
35.802119719393865,8.077293094941016,8.908615349679488,-2.23988627987265,0.18894282966357726,0.3238337611264973,-0.010233284084713525,-0.061609556411986816,0.00878901997244525
35.81211971939386,8.080493367585659,8.909125148882648,-2.2405023747221366,0.18902598523414565,0.3239792482173615,-0.009863574911215735,-0.06160941342320235,0.007836713420913901
35.82211971939387,8.083694329946153,8.909639125618709,-2.2411184681398764,0.1890994563661475,0.3241246908287201,-0.009489331965449961,-0.06160927006290325,0.006852007666137273
35.832119719393866,8.08689597735141,8.910157293189432,-2.2417345601221608,0.18916291592084766,0.32427006345244946,-0.009110492249353886,-0.061609126332375606,0.005834311619161671
35.842119719393864,8.090098305045595,8.910679664397144,-2.242350650665294,0.1892160308492549,0.3244153401792849,-0.00872699147642009,-0.06160898223290104,0.004783020106676506
35.85211971939387,8.09330130818812,8.911206251544728,-2.2429667397655937,0.1892584621921218,0.3245604946988205,-0.008338764071696056,-0.06160883776575672,0.0036975138710142923
35.86211971939386,8.096504981854887,8.91173706642535,-2.243582827419388,0.18928986485797503,0.32470550025093803,-0.007945743128377983,-0.061608692932215374,0.0025771582671854244
35.872119719393865,8.099709321048794,8.912272120292199,-2.2441989136230207,0.18930988701339452,0.3248503294992745,-0.007547860284846682,-0.06160854773354531,0.0014213001293050536
35.88211971939386,8.102914320704883,8.912811423866113,-2.244814998372846,0.1893181702922087,0.3249949545842092,-0.0071450457621900195,-0.06160840217101044,0.00022926874408744154
35.89211971939386,8.106119975690731,8.913354987325379,-2.2454310816652323,0.1893143495998006,0.3251393470751913,-0.006737228328097782,-0.061608256245870324,-0.0009995871853277177
35.902119719393866,8.109326280810818,8.913902820295787,-2.246047163496559,0.1892980542027948,0.3252834780329461,-0.0063243355901765625,-0.06160810995938013,-0.0022657401357330815
35.912119719393864,8.112533230810943,8.914454931844043,-2.2466632438632197,0.18926890931634288,0.32542731811493836,-0.0059062944145316385,-0.061607963312790684,-0.0035695415454763332
35.91444616195495,8.113279401208173,8.914583991822022,-2.246806571211431,0.1892602462286285,0.32546073681325577,-0.005808293480061913,-0.061607929144804674,-0.0038782993110997145
35.924446161954954,8.116487308629658,8.915141409012351,-2.247422328658326,0.18921527366725094,0.32559874423340124,-0.005385157836891072,-0.061607175294180916,-0.005192133086685498
35.93444616195495,8.119695559997751,8.91570305676089,-2.2480383996816258,0.18915691097992418,0.3257257691521064,-0.004958126788557869,-0.06160702922489408,-0.006475037603610942
35.94444616195495,8.122904235714232,8.916268935970777,-2.2486544692400114,0.189085880129565,0.32584188524483493,-0.004527770498098051,-0.06160688231186061,-0.007725797938134243
35.954446161954955,8.126113230749537,8.916839018224127,-2.2492705373250605,0.1890025013436385,0.3259472119951919,-0.0040941909554074105,-0.06160673455800188,-0.00894465299551032
35.96444616195495,8.129322441406543,8.91741327536316,-2.2498866039283785,0.1889070925133183,0.3260418671339121,-0.0036574894398707747,-0.061606585966229185,-0.010131845380765394
35.97444616195495,8.132531765305288,8.917991679494156,-2.2505026690416012,0.1887999691285098,0.32612596666103927,-0.003217766487223281,-0.06160643653944369,-0.01128762089568273
35.98444616195495,8.13574110137055,8.918574202996163,-2.2511187326563933,0.18868144406247397,0.3261996248626083,-0.002775121800644876,-0.061606286280536486,-0.01241222752669241
35.99444616195495,8.138950349792053,8.919160818521863,-2.251734794764448,0.18855182769819487,0.3262629543714495,-0.0023296542771812593,-0.06160613519238862,-0.013505915223724636
36.00444616195495,8.142159411977735,8.919751499002253,-2.252350855357487,0.18841142795638183,0.3263160662372555,-0.0018814619928086617,-0.06160598327787119,-0.014568935198536859
36.01444616195495,8.145368190553341,8.92034621764671,-2.2529669144272604,0.18826055029501593,0.32635906992718017,-0.0014306422020397293,-0.06160583053984537,-0.015601539916081543
36.02444616195495,8.14857658934816,8.92094494794539,-2.253582971965548,0.18809949768163423,0.32639207334698356,-0.0009772913189186033,-0.061605676981162406,-0.016603982715677222
36.03444616195495,8.15178451338675,8.921547663675645,-2.2541990279641575,0.18792857042146513,0.32641518285242416,-0.0005215048456384348,-0.06160552260466361,-0.017576516953253213
36.04444616195495,8.154991868856957,8.922154338902217,-2.2548150824149245,0.18774806626456964,0.32642850329803275,-6.337739545210887e-05,-0.06160536741318042,-0.01851939583248065
36.05444616195495,8.158198563057198,8.922764947980193,-2.255431135309714,0.1875582804899665,0.32643213811644767,0.00039699730529338894,-0.06160521140953454,-0.019432871763236964
36.064446161954955,8.161404504395712,8.92337946555508,-2.2560471866404175,0.18735950590596392,0.32642618931953205,0.0008595264174610174,-0.06160505459653789,-0.020317196349044886
36.07444616195495,8.16460960238453,8.923997866563377,-2.2566632363989565,0.18715203284943957,0.326410757507358,0.0013241179932268218,-0.061604896976992625,-0.02117262025950972
36.08444616195495,8.167813767618512,8.924620126237775,-2.2572792845772782,0.18693614907993236,0.32638594189915277,0.001790681031433236,-0.061604738553691175,-0.021999392315117744
36.09444616195495,8.171016911775494,8.925246220107214,-2.2578953311673597,0.1867121397849573,0.3263518403335969,0.0022591254755162412,-0.06160457932941625,-0.022797759502376697
36.10444616195495,8.174218947547121,8.925876123997774,-2.2585113761612057,0.18648028776237802,0.32630854937277354,0.0027293621849055682,-0.061604419306940945,-0.023567966370811058
36.11444616195495,8.177419788631935,8.926509814032977,-2.2591274195508473,0.18624087343164156,0.32625616431250914,0.0032013029349374084,-0.06160425848902877,-0.024310254941463397
36.12444616195495,8.180619349735375,8.927147266633785,-2.2597434613283442,0.18599417483379052,0.3261947791823829,0.0036748604168537554,-0.06160409687843367,-0.02502486470680669
36.13444616195495,8.183817546547703,8.927788458520178,-2.260359501485783,0.1857404676370631,0.3261244867786175,0.004149948251562674,-0.06160393447790003,-0.02571203213723978
36.14444616195495,8.187014295753785,8.928433366714149,-2.260975540015278,0.1854800250132034,0.3260453786499039,0.004626481033963923,-0.06160377129016266,-0.0263719902572722
36.15444616195495,8.190209514985906,8.929081968537893,-2.2615915769089714,0.1852131178329173,0.3259575451682315,0.005104374286501328,-0.06160360731794688,-0.027004968532652805
36.164446161954956,8.1934031227859,8.929734241613707,-2.2622076121590315,0.1849400147718139,0.32586107558535177,0.005583544442841088,-0.06160344256396864,-0.027611192524693812
36.174446161954954,8.196595038605166,8.930390163863994,-2.262823645757654,0.18466098231040548,0.3257560580327787,0.006063908847871766,-0.06160327703093447,-0.028190883890270805
36.18444616195495,8.199785182803089,8.931049713511253,-2.2634396776970624,0.18437628473814882,0.3256425795241046,0.006545385757320854,-0.06160311072154151,-0.028744260361858957
36.19444616195495,8.202973476620777,8.931712869079076,-2.2640557079695056,0.18408618418043035,0.32552072599436016,0.007027894349833466,-0.06160294363847756,-0.02927153514681832
36.20444616195495,8.206159842203386,8.93237960939388,-2.2646717365672613,0.18379094049038514,0.32539058226786705,0.0075113547555390025,-0.06160277578442101,-0.029772916870765397
36.214446161954946,8.209344202534208,8.933049913581803,-2.265287763482633,0.183490811520095,0.325252232155912,0.007995687994926767,-0.061602607162041,-0.030248609359422543
36.22444616195495,8.212526481414322,8.933723761068125,-2.2659037887079503,0.18318605318930803,0.32510575848687817,0.00848081596665548,-0.06160243777399748,-0.03069881147948091
36.23444616195495,8.215706603462595,8.93440113157728,-2.2665198122355696,0.18287691948543866,0.3249512431062457,0.008966661447552992,-0.06160226762294116,-0.03112371713860009
36.244446161954954,8.218884494114498,8.935082005132799,-2.267135834057875,0.18256366246787484,0.3247887668783382,0.009453148091943996,-0.06160209671151357,-0.03152351527368875
36.25444616195495,8.222060079595446,8.935766362056754,-2.2677518541672743,0.1822465323426619,0.32461840972644684,0.009940200428906846,-0.06160192504234709,-0.031898389373082016
36.26444616195495,8.22523328694788,8.936454182971898,-2.268367872556204,0.18192577733314635,0.3244402505943862,0.01042774389530848,-0.06160175261806487,-0.032248517426027884
36.274446161954955,8.228404043969151,8.937145448797521,-2.268983889217127,0.18160164396621914,0.32425436753753933,0.010915704768601462,-0.061601579441281015,-0.03257407182883591
36.28444616195495,8.231572279188354,8.937840140748165,-2.2695999041425305,0.18127437716715378,0.3240608377568828,0.011404010148014147,-0.06160140551460058,-0.03287521924942424
36.29444616195495,8.234737921866333,8.938538240333635,-2.2702159173249283,0.18094422025960644,0.3238597375989866,0.011892587954550678,-0.06160123084061964,-0.033152120627319585
36.30444616195496,8.237900901995685,8.939239729358997,-2.2708319287568606,0.18061141496561595,0.32365114255601396,0.012381366930990982,-0.061601055421925274,-0.03340493117365721
36.31444616195495,8.241061150282466,8.939944589923229,-2.2714479384308928,0.18027620148913645,0.32343512729313845,0.012870276628903877,-0.06160087926109556,-0.03363380016864062
36.32444616195495,8.244218598154593,8.940652804420125,-2.272063946339617,0.17993881846749815,0.32321176563899967,0.0133592474309406,-0.0616007023606996,-0.03383887064491706
36.33444616195495,8.247373177743386,8.94136435553667,-2.27267995247565,0.17959950307367387,0.3229811306120455,0.013848210520248134,-0.061600524723297544,-0.03402027955810086
36.34444616195495,8.250524821831915,8.94207922624898,-2.273295956831635,0.17925849126576687,0.3227432944958042,0.014337097827288618,-0.06160034635144072,-0.034178157599626044
36.354446161954954,8.25367346385462,8.942797399822274,-2.2739119594002397,0.17891601778882968,0.32249832883945057,0.014825842029487522,-0.061600167247671665,-0.03431262919434156
36.36444616195495,8.256819037897296,8.943518859810872,-2.2745279601741575,0.17857231617486388,0.32224630445780583,0.015314376551233657,-0.061599987414524104,-0.03442381250051133
36.37444616195495,8.259961478695496,8.944243590058033,-2.2751439591461073,0.1782276187521072,0.32198729143373334,0.01580263556207215,-0.061599806854522945,-0.034511819400204244
36.384446161954955,8.26310072160703,8.944971574692694,-2.275759956308833,0.17788215681705744,0.32172135916075933,0.01629055394804497,-0.061599625570184384,-0.0345767551898773
36.39444616195495,8.266236702650152,8.945702798132881,-2.2763759516551043,0.1775361604399263,0.32144857628982354,0.01677806735545102,-0.061599443564015754,-0.03461871861418443
36.40444616195495,8.269369358441876,8.946437245080087,-2.2769919451777154,0.17718985879344626,0.32116901081739263,0.017265112114716187,-0.061599260838515746,-0.034637801849552105
36.414446161954956,8.272498626175569,8.947174900517082,-2.2776079368694853,0.17684348027673877,0.3208827301180297,0.017751625214326827,-0.061599077396174415,-0.03463409042892583
36.42444616195495,8.275624443620952,8.947915749707912,-2.278223926723258,0.17649725251531442,0.32058980094439454,0.018237544300829474,-0.06159889323947324,-0.03460766324177013
36.43444616195495,8.278746749124105,8.948659778197905,-2.278839914731902,0.17615140236107205,0.32029028942724286,0.01872280767883203,-0.06159870837088509,-0.03455859253406847
36.44444616195495,8.281865481605877,8.949406971813463,-2.279455900888311,0.1758061559032161,0.31998426107779715,0.019207354308839627,-0.06159852279287422,-0.03448694390015944
36.45444616195495,8.284980580533288,8.950157316657535,-2.2800718851854027,0.17546173870025691,0.3196717808332265,0.019691123764729004,-0.061598336507896416,-0.034392776023591996
36.46444616195495,8.288091985964142,8.950910799113966,-2.28068786761612,0.1751183755298888,0.3193529129947122,0.020174056287431904,-0.06159814951839878,-0.03427614075644329
36.47444616195495,8.291199638486532,8.951667405841635,-2.28130384817343,0.17477629073271853,0.3190277213127189,0.02065609270780008,-0.06159796182681995,-0.0341370830824181
36.48444616195495,8.294303479194845,8.952427123771729,-2.2819198268503245,0.174435708364159,0.3186962690218719,0.021137174415038932,-0.0615977734355902,-0.033975641039632985
36.494446161954954,8.29740344968977,8.953189940107743,-2.2825358036398185,0.1740968521944294,0.31835861884095684,0.021617243356707505,-0.06159758434713137,-0.033791845720616324
36.50444616195495,8.300499492078295,8.953955842325477,-2.2831517785349513,0.17375994570855505,0.31801483297291944,0.022096242038718482,-0.06159739456385697,-0.03358572127230826
36.51444616195495,8.303591548973701,8.954724818173043,-2.2837677515287877,0.17342521210636738,0.31766497310486597,0.022574113525338193,-0.061597204088172076,-0.03335728489606073
36.524446161954955,8.30667956347773,8.955496855667931,-2.2843837226144146,0.17309287446246346,0.3173091004361089,0.023050801408540295,-0.06159701292247348,-0.03310654671907477
36.534446161954946,8.309763479189357,8.956271943095384,-2.284999691784944,0.17276315578310608,0.31694727567343234,0.023526249801440254,-0.061596821069149585,-0.03283350965593726
36.54444616195495,8.312843240214683,8.957050069011235,-2.2856156590335126,0.17243627886592697,0.316579559012827,0.02400040336141081,-0.0615966285305804,-0.03253816960144316
36.55444616195495,8.315918791101764,8.95783122223412,-2.286231624353279,0.17211246675660832,0.3162060102337872,0.024473207197396932,-0.06159643530913778,-0.03222051517428551
36.56444616195495,8.318990076839176,8.958615391845292,-2.2868475877374275,0.1717919427600115,0.3158266887014618,0.024944606867716036,-0.06159624140718539,-0.03188052770957518
36.57444616195495,8.322057042856015,8.959402567188611,-2.2874635491791633,0.17147493044017725,0.3154416533666544,0.02541454838005771,-0.06159604682707877,-0.031518181258841094
36.58444616195495,8.325119635021887,8.960192737870555,-2.288079508671717,0.17116165362032576,0.31505096276582334,0.025882978191483684,-0.06159585157116524,-0.031133442590030175
36.59444616195495,8.328177799646923,8.96098589376021,-2.288695466208342,0.17085233638285657,0.31465467502108163,0.02634984320842787,-0.06159565564178402,-0.030726271187507384
36.604446161954954,8.331231483460199,8.961782024985322,-2.2893114217823154,0.1705472033074513,0.31425284787563673,0.02681509074242671,-0.061595459041266204,-0.03029661902145972
36.61444616195495,8.334280633627362,8.96258112193113,-2.289927375386937,0.17024647949506488,0.3138455386785493,0.027278668507698275,-0.061595261771934744,-0.029844430510175792
36.62444616195495,8.337325197760372,8.9633831752441,-2.2905433270155315,0.16995039036362586,0.3134328043634836,0.02774052465612637,-0.06159506383610441,-0.02936964277014732
36.634446161954955,8.3403651238506,8.964188175823404,-2.2911592766614453,0.169659162200305,0.31301470154732,0.028200607671831444,-0.06159486523608205,-0.02887218511564392
36.644446161954946,8.343400360267852,8.964996114820782,-2.2917752243180467,0.16937302217059028,0.31259128653165796,0.028658866369460308,-0.06159466597416653,-0.0283519790501808
36.65444616195495,8.346430855760381,8.965806983640539,-2.29239116997873,0.16909219831828634,0.3121626153028154,0.029115249894187303,-0.061594466052648844,-0.02780893826651748
36.66444616195495,8.349456559454866,8.966620773939542,-2.2930071136369095,0.16881691956551545,0.3117287435318298,0.02956970772171258,-0.06159426547381203,-0.027242968646659697
36.67444616195495,8.352477420856427,8.96743747762723,-2.2936230552860235,0.16854741571271678,0.3112897265744572,0.03002218965826324,-0.06159406423993117,-0.026653968261858153
36.68444616195495,8.355493389845764,8.968257086865112,-2.2942389949195325,0.16828391747436935,0.31084561947595635,0.03047264583426511,-0.06159386235327348,-0.026041827322888213
36.69444616195495,8.358504416644022,8.969079594058353,-2.2948549325309204,0.16802665706239123,0.3103964770386735,0.03092102660091237,-0.061593659816098364,-0.025406427405487653
36.70444616195495,8.361510451887565,8.969904991865233,-2.295470868113693,0.16777586744600767,0.30994235370913065,0.03136728265988961,-0.06159345663065716,-0.02474764256168182
36.71444616195495,8.364511446559133,8.970733273190369,-2.296086801661379,0.16753178291639165,0.3094833036759768,0.03181136496198316,-0.06159325279919342,-0.02406533849363063
36.72444616195495,8.367507351961343,8.971564431180964,-2.29670273316753,0.16729463937160047,0.3090193809116258,0.032253224656505944,-0.06159304832394297,-0.023359372147934793
36.734446161954956,8.370498119716673,8.97239845922682,-2.29731866262572,0.16706467431657585,0.30855063917225617,0.0326928130912975,-0.06159284320713398,-0.022629591715635805
36.744446161954954,8.373483701767467,8.973235350960325,-2.2979345900295427,0.1668421268631439,0.3080771319978114,0.033130081812724,-0.06159263745098691,-0.021875836632215945
36.75444616195495,8.376464050375938,8.974075100256464,-2.2985505153726167,0.1666272377300151,0.30759891271199963,0.03356498256567821,-0.061592431057714565,-0.0210979375775983
36.76444616195495,8.379439118124163,8.97491770123281,-2.299166438648581,0.1664202492427844,0.3071160344222941,0.03399746729357927,-0.061592224029522025,-0.020295716476147217
36.77444616195495,8.382408857913775,8.975763148249476,-2.2997823598510982,0.16622140533913354,0.30662855002051487,0.03442748813750462,-0.0615920163686067,-0.01946898648626792
36.784446161954946,8.385373222930458,8.9766114359011,-2.300398278973851,0.1660309523082503,0.3061365122577825,0.03485499731168804,-0.061591808077158486,-0.018617550592873584
36.79444616195495,8.38833216670716,8.977462559023156,-2.301014196010546,0.16584913809503002,0.30563997364861184,0.03527994721636591,-0.06159159915735946,-0.017741203192772968
36.80444616195495,8.391285643086094,8.978316512690602,-2.30163011095491,0.1656762125211523,0.30513898651767274,0.035702290401828776,-0.06159138961138408,-0.016839729510719898
36.814446161954955,8.394233606174833,8.979173292211716,-2.3022460238006928,0.16551242790636364,0.3046336030750359,0.03612197946513145,-0.06159117944139935,-0.015912904313940775
36.82444616195495,8.397176010346303,8.980032893128094,-2.302861934541665,0.1653580390684776,0.3041238754161731,0.036538967050092956,-0.06159096864956484,-0.014960491912134593
36.83444616195495,8.400112810238786,8.980895311214656,-2.303477843171619,0.1652133033233748,0.3036098555219573,0.036953205847296555,-0.06159075723803268,-0.013982246157472927
36.844446161954956,8.403043960755921,8.981760542479641,-2.3040937496843683,0.16507848048500287,0.3030915952586623,0.037364648594089736,-0.061590545208947536,-0.012977910444599951
36.854446161954954,8.405969417066705,8.982628583164605,-2.304709654073748,0.1649538328653764,0.30256914637796317,0.03777324807458423,-0.06159033256444667,-0.011947217710632412
36.86444616195495,8.408889134605491,8.983499429744425,-2.3053255563336137,0.1648396252745771,0.30204256051693584,0.03817895711965599,-0.06159011930665987,-0.010889890435159656
36.87444616195495,8.411803069073068,8.984373078926522,-2.3059414564578438,0.1647361251287068,0.30151188920340316,0.038581728589031666,-0.06158990543770949,-0.009805640391621444
36.88444616195495,8.414711176433517,8.985249527644577,-2.3065573544403373,0.16464360328100508,0.3009771839072983,0.03898151523329849,-0.06158969095971051,-0.008694166734961144
36.89444616195495,8.417613412883533,8.986128773061601,-2.3071732502750146,0.16456233357138292,0.30043849604101086,0.039378269769646826,-0.0615894758747706,-0.007555156978148018
36.90444616195495,8.420509734853258,8.987010812569146,-2.3077891439558167,0.16449259300094748,0.2998958769683515,0.03977194485393063,-0.061589260184990155,-0.006388286533623833
36.91444616195495,8.42340009900664,8.98789564378657,-2.308405035476705,0.16443466184307054,0.29934937801068384,0.04016249306242865,-0.06158904389246225,-0.005193218438576545
36.924446161954954,8.426284462239517,8.988783264559894,-2.309020924831664,0.16438882379424893,0.29879905045766414,0.04054986686695408,-0.06158882699927275,-0.003969602956293738
36.93444616195495,8.429162781671003,8.989673672961056,-2.3096368120146957,0.16435536613692778,0.29824494558366443,0.040934018609247926,-0.06158860950750024,-0.0027170770998370835
36.94444616195495,8.432035014636325,8.990566867287408,-2.3102526970198256,0.16433457986942165,0.2976871146609968,0.041314900480746805,-0.06158839141921612,-0.0014352642509217574
36.954446161954955,8.434901118686161,8.991462846061275,-2.3108685798410984,0.1643267597704642,0.29712560896381096,0.041692464512741535,-0.061588172736484606,-0.00012377529485538925
36.96444616195495,8.43776105158106,8.992361608028803,-2.3114844604725806,0.16433220452550887,0.2965604797758952,0.04206666256194308,-0.06158795346136276,0.0012177491888806066
36.97444616195495,8.440614771284636,8.993263152159248,-2.312100338908358,0.16435121519108564,0.2959917782238412,0.042437446667097624,-0.06158773359590051,0.0025894073035229444
36.98444616195495,8.443462235958515,8.994167477641787,-2.312716215142537,0.16438409314430782,0.29541955505168777,0.042804769518290146,-0.06158751314214066,0.003991206963960627
36.99444616195495,8.446303403951669,8.995074583881166,-2.3133320891692466,0.16443113977519777,0.29484386058449563,0.043168584526550945,-0.061587292102118975,0.00542314367043791
37.00444616195495,8.449138233802772,8.995984470496396,-2.3139479609826323,0.16449265642485716,0.2942647447196333,0.04352884583681077,-0.0615870704778641,0.0068852012579801326
37.01444616195495,8.451966684228877,8.996897137313189,-2.314563830576863,0.164568944169986,0.2936822568969864,0.04388550837251334,-0.06158684827139766,0.008377351351083289
37.02444616195495,8.45478871410922,8.99781258435802,-2.3151796979461263,0.16466030367257706,0.2930964460790784,0.04423852786795257,-0.0615866254847343,0.009899552833868376
37.03444616195495,8.457604282485084,8.998730811858072,-2.3157955630846305,0.16476703517867955,0.2925073607509099,0.044587860868542877,-0.06158640211988167,0.01145175184540606
37.036772604516045,8.458258377463661,8.998944830925556,-2.3159388402511705,0.16479410174973141,0.29236984905379265,0.04466859803393072,-0.06158635007264235,0.011817156343020122
37.04677260451604,8.461066134110363,8.999866600614276,-2.316554382302856,0.16492368068729008,0.2917827697898562,0.04501046847970056,-0.06158551931674828,0.01338575621504446
37.05677260451605,8.463867270500527,9.000791017598873,-2.3171702363796722,0.1650652355589278,0.2912040173029995,0.04534604925886157,-0.06158529584794629,0.014920915111956572
37.066772604516046,8.466662055615828,9.001718182324481,-2.317786088215849,0.16522201295670608,0.29063359808614403,0.04567440305243474,-0.061585071189492024,0.01643028781874552
37.076772604516044,8.469450568157763,9.002648077807798,-2.3184019377995106,0.16539375603363005,0.2900714057305962,0.04599562259596314,-0.061584845345503354,0.017914071856454307
37.08677260451605,8.47223288577879,9.003580686849787,-2.3190177851188216,0.1655802098732653,0.28951733489849285,0.04630979927506475,-0.06158461832008386,0.019372468566028055
37.09677260451604,8.475009085089061,9.004515992038616,-2.319633630161988,0.16578112152531232,0.2889712813277805,0.04661702312811716,-0.06158439011732291,0.02080568302190617
37.106772604516046,8.477779241670259,9.005453975756913,-2.320249472917257,0.16599624023430878,0.28843314187599356,0.04691738283132173,-0.06158416074129561,0.02221392363091688
37.11677260451604,8.480543430089318,9.00639462018676,-2.3208653133729165,0.16622531737737498,0.2879028145015992,0.04721096572173358,-0.061583930196062904,0.023597402146087906
37.12677260451604,8.483301723947257,9.007337907328958,-2.321481151517294,0.1664681064414931,0.28738019823970296,0.047497857853661556,-0.06158369848567173,0.024956333440136026
37.13677260451605,8.48605419588174,9.008283819004058,-2.3220969873387594,0.16672436302752636,0.28686519320189136,0.04777814400094934,-0.06158346561415503,0.026290935486144
37.146772604516045,8.488800917570364,9.009232336853652,-2.322712820825721,0.16699384485917812,0.28635770057671267,0.04805190765941323,-0.061583231585531736,0.027601429321676457
37.15677260451604,8.4915419597482,9.010183442347675,-2.3233286519666265,0.1672763119545055,0.2858576226582772,0.048319231043624025,-0.06158299640380682,0.028888038648624437
37.16677260451605,8.494277392202777,9.01113711678264,-2.3239444807499665,0.1675715266670665,0.2853648628571296,0.04858019507583158,-0.0615827600729713,0.030150989791460123
37.176772604516046,8.497007283831952,9.012093341303077,-2.324560307164269,0.16787925360474484,0.28487932565842955,0.04883487946020443,-0.06158252259700241,0.03139051146370915
37.186772604516044,8.499731702652218,9.013052096904655,-2.325176131198103,0.16819925963058482,0.28440091661858435,0.04908336269182989,-0.06158228397986364,0.03260683471389671
37.19677260451605,8.502450715798687,9.01401336443419,-2.325791952840076,0.16853131386279147,0.28392954236524887,0.04932572205671408,-0.061582044225504715,0.033800192925547534
37.20677260451604,8.505164389540226,9.014977124595058,-2.326407772078835,0.16887518774003474,0.2834651106037023,0.049562033639946476,-0.061581803337861674,0.03497082158231349
37.216772604516045,8.507872789276117,9.01594335794614,-2.327023588903068,0.16923065521158812,0.2830075301574888,0.04979237229702111,-0.06158156132085683,0.03611895792945917
37.22677260451604,8.510575979567362,9.016912044912807,-2.3276394033015007,0.16959749261680468,0.2825567109292833,0.0500168117040793,-0.061581318178398896,0.037244840968234987
37.23677260451604,8.513274024173278,9.017883165799857,-2.3282552152628977,0.1699754786548372,0.28211256387771666,0.050235424402270676,-0.061581073914383076,0.03834871124427536
37.246772604516046,8.515966986051572,9.01885670079155,-2.328871024776063,0.17036439438470768,0.28167500101735404,0.050448281797830494,-0.061580828532691124,0.03943081084689046
37.256772604516044,8.518654927359323,9.019832629951928,-2.329486831829839,0.17076402322658588,0.28124393541845405,0.050655454163001434,-0.06158058203719129,0.04049138339834723
37.26677260451604,8.52133790947399,9.020810933231507,-2.3301026364131068,0.17117415108053244,0.28081928122008204,0.050857010643789,-0.06158033443173841,0.04153067363350545
37.27677260451605,8.524015992976981,9.02179159046153,-2.3307184385147863,0.1715945664384429,0.28040095366093326,0.051053019226973015,-0.061580085720173865,0.04254892729719439
37.286772604516045,8.526689237706712,9.02277458137196,-2.3313342381238362,0.17202506023159422,0.2799888690222202,0.05124354681878427,-0.06157983590632575,0.0435463910237552
37.29677260451604,8.529357702776485,9.023759885597444,-2.3319500352292515,0.17246542581480356,0.27958294461548605,0.05142865926679345,-0.06157958499400893,0.04452331222325971
37.30677260451605,8.532021446574488,9.024747482677338,-2.3325658298200675,0.17291545896642826,0.2791830987826048,0.05160842135991115,-0.06157933298702508,0.04547993908151041
37.31677260451604,8.534680526765566,9.02573735205622,-2.333181621885356,0.17337495789024537,0.278789250895168,0.05178289683011044,-0.061579079889162655,0.04641652054000494
37.326772604516044,8.537335000311769,9.026729473089585,-2.333797411414227,0.17384372333816484,0.2784013213669579,0.05195214835918435,-0.06157882570419698,0.04733330583617567
37.33677260451604,8.539984923454329,9.027723825037757,-2.3344131983958283,0.17432155869452054,0.27801923168046416,0.05211623754754836,-0.06157857043589018,0.048230544470568106
37.34677260451604,8.542630351767933,9.028720387083643,-2.335028982819346,0.17480826980588748,0.27764290432408195,0.052275224996740505,-0.061578314087991366,0.04910848610200898
37.356772604516046,8.545271340174633,9.029719138337134,-2.335644764674002,0.17530366496417463,0.27727226278116024,0.05242917032709448,-0.06157805666423673,0.0499673804612606
37.36677260451604,8.547907942943844,9.030720057835117,-2.336260543949057,0.17580755490662484,0.27690723153000163,0.0525781321777396,-0.0615777981683495,0.05080747735102083
37.37677260451604,8.550540213693111,9.031723124541678,-2.336876320633808,0.17631975281597476,0.27654773604343297,0.0527221682074222,-0.06157753860404001,0.05162902663834987
37.38677260451605,8.553168205408708,9.03272831735325,-2.337492094717589,0.17684007440509739,0.2761937027922169,0.05286133510626405,-0.061577277975005694,0.05243227785741741
37.396772604516045,8.555791970426128,9.033735615091906,-2.338107866189771,0.17736833804077426,0.27584505928031444,0.05299568855770622,-0.06157701628493107,0.05321748009620926
37.40677260451605,8.558411560477392,9.034744996520594,-2.338723635039763,0.17790436455154543,0.2755017339803958,0.053125283316221475,-0.06157675353748789,0.05398488200131267
37.41677260451605,8.561027026709848,9.035756440348798,-2.339339401257009,0.17844797719330024,0.27516365631601974,0.053250173232703625,-0.061576489736335255,0.05473473168126267
37.426772604516046,8.563638419686157,9.036769925232553,-2.33995516483099,0.17899900164927732,0.2748307566616336,0.0533704112544675,-0.06157622488511961,0.0554672767065421
37.436772604516044,8.5662457893843,9.037785429774436,-2.340570925751223,0.17955726603006417,0.27450296634257343,0.05348604942524893,-0.06157595898747472,0.056182764109581104
37.44677260451604,8.568849185211864,9.038802932526952,-2.341186684007263,0.18012260090101975,0.27418021763048467,0.05359713889736946,-0.061575692047021784,0.05688144017581132
37.45677260451604,8.571448655999712,9.039822411988812,-2.341802439588699,0.18069483945062717,0.27386244377808705,0.05370372990239387,-0.061575424067369315,0.05756355008566288
37.466772604516045,8.574044250021261,9.040843846611818,-2.342418192485158,0.18127381733637346,0.2735495789787948,0.05380587179272637,-0.0615751550521133,0.0582293381021013
37.47677260451604,8.576636015028214,9.041867214811345,-2.3430339426863016,0.18185937258979218,0.2732415583257609,0.05390361309371797,-0.06157488500483732,0.058879047452670696
37.48677260451605,8.57922399825069,9.042892494966372,-2.343649690181827,0.182451345616315,0.2729383178117558,0.05399700150384294,-0.061574613929112586,0.059512920328463254
37.496772604516046,8.581808246397234,9.043919665419487,-2.3442654349614678,0.18304957919527162,0.27263979432916735,0.0540860838946989,-0.06157434182849793,0.06013119788411922
37.506772604516044,8.584388805658891,9.044948704477838,-2.3448811770149924,0.1836539184794371,0.27234592566690674,0.0541709063155414,-0.0615740687065398,0.06073412019803613
37.51677260451605,8.586965721723816,9.045979590414856,-2.3454969163322055,0.18426421110142033,0.27205665051801425,0.05425151399503809,-0.06157379456677237,0.061321925853529455
37.52677260451605,8.589539039761107,9.047012301466015,-2.3461126529029466,0.18488030720194565,0.27177190849682864,0.05432795131960645,-0.061573519412717395,0.061894852024342105
37.536772604516045,8.592108804469934,9.048046815843463,-2.3467283867170905,0.18550205922810706,0.2714916400679888,0.05440026191433401,-0.06157324324788449,0.06245313449267813
37.54677260451604,8.594675060085978,9.049083111737781,-2.3473441177645467,0.18612932191773868,0.2712157865389763,0.054468488652141885,-0.06157296607577117,0.06299700762425338
37.55677260451604,8.59723785038144,9.050121167317977,-2.34795984603526,0.18676195229941653,0.2709442900601145,0.05453267365378498,-0.061572687899862845,0.06352670436829679
37.566772604516046,8.599797218665026,9.051160960731487,-2.34857557151921,0.18739980969245604,0.2706770936245699,0.05459285828785176,-0.06157240872363282,0.0640424562575484
37.576772604516044,8.602353207794216,9.052202470106538,-2.3491912942064097,0.18804275571324736,0.2704141410592949,0.05464908318316379,-0.06157212855054236,0.06454449326930552
37.58677260451604,8.604905860169755,9.0532456735481,-2.349807014086909,0.18869065442440466,0.270155377054116,0.05470138820242105,-0.061571847384040625,0.06503304349255318
37.59677260451605,8.607455217747747,9.054290549142976,-2.3504227311507906,0.1893433721989678,0.2699007471299078,0.05474981247370616,-0.06157156522756478,0.06550833335301458
37.606772604516046,8.610001322073614,9.05533707496917,-2.351038445388172,0.19000077759488876,0.2696501975901599,0.054794394444343406,-0.06157128208454014,0.06597058759696288
37.61677260451604,8.612544214282332,9.05638522909594,-2.3516541567892046,0.19066274135449737,0.2694036755206896,0.05483517188123464,-0.06157099795838019,0.06642002929017043
37.62677260451605,8.61508393509844,9.057434989583799,-2.3522698653440743,0.19132913640450133,0.26916112878964205,0.05487218187085928,-0.06157071285248659,0.06685687981790883
37.63677260451605,8.617620524836381,9.058486334484604,-2.352885571043,0.19199983785522087,0.2689225060470463,0.05490546081975616,-0.06157042677024919,0.0672813588834948
37.646772604516045,8.620154023417289,9.059539241844025,-2.353501273876236,0.1926747230167083,0.26868775671183504,0.05493504447005324,-0.061570139715046074,0.06769368430352288
37.65677260451604,8.622684470349277,9.060593689694818,-2.3541169738340684,0.1933536715405449,0.2684568310120026,0.0549609678587076,-0.06156985169024349,0.06809407182875298
37.66677260451604,8.625211904760219,9.061649656067374,-2.3547326709068193,0.1940365652090418,0.26822967992237357,0.054983265381597354,-0.061569562699196015,0.06848273536701516
37.676772604516046,8.627736365415617,9.062707118994421,-2.3553483650848426,0.19472328786596801,0.26800625513754356,0.055001970822124414,-0.061569272745246685,0.0688598869885364
37.686772604516044,8.630257890718594,9.063766056511012,-2.355964056358526,0.19541372541655194,0.2677865090718784,0.05501711735121449,-0.06156898183172696,0.06922573692594147
37.69677260451604,8.632776518709912,9.064826446654534,-2.35657974471829,0.19610776582748107,0.26757039485951456,0.05502873752731715,-0.06156868996195677,0.06958049357425279
37.70677260451605,8.635292287068895,9.065888267464894,-2.357195430154589,0.19680529912460443,0.26735786635305797,0.05503686329770476,-0.061568397139244495,0.06992436348815312
37.716772604516045,8.637805233129036,9.066951496986107,-2.3578111126579095,0.19750621741191715,0.2671488781101218,0.05504152601180404,-0.06156810336688707,0.07025755119031969
37.72677260451604,8.640315393857014,9.06801611325993,-2.3584267922187716,0.19821041499705588,0.2669433854331533,0.05504275638148336,-0.061567808648169825,0.07058025903855206
37.73677260451605,8.642822805887894,9.069082094336808,-2.359042468827729,0.1989177881687741,0.26674134430170365,0.05504058454919375,-0.06156751298636672,0.07089268746887156
37.746772604516046,8.645327505537624,9.070149418279062,-2.3596581424753666,0.19962823514415648,0.266542711352032,0.05503504010839845,-0.06156721638474048,0.07119503501599253
37.756772604516044,8.64782952880302,9.071218063160867,-2.3602738131523022,0.20034165606861917,0.26634744387710624,0.055026152103572874,-0.0615669188465425,0.07148749831332224
37.76677260451604,8.650328911361783,9.072288007068268,-2.3608894808491865,0.20105795301590904,0.26615549982660264,0.055013949030204665,-0.06156662037501294,0.07177027209296083
37.77677260451604,8.652825688573042,9.073359228099285,-2.361505145556702,0.20177702998641003,0.26596683780603597,0.054998458835597,-0.061566320973380675,0.07204354918530281
37.786772604516045,8.655319895491859,9.074431704365239,-2.362120807265564,0.2024987929103394,0.2657814170602254,0.054979708932740165,-0.06156602064486342,0.07230752039025319
37.79677260451604,8.657811566849352,9.075505413984386,-2.36273646596652,0.20322314978314748,0.2655991975142163,0.05495772616046517,-0.06156571939266755,0.07256237430060357
37.80677260451604,8.660300737082723,9.076580335091672,-2.363352121650349,0.20395001045457134,0.2654201397113773,0.054932536844422966,-0.061565417219988365,0.0728082975751589
37.816772604516046,8.66278744034869,9.077656445842099,-2.363967774307862,0.20467928656507772,0.26524420478953586,0.054904166819827176,-0.06156511413001015,0.0730454749853039
37.826772604516044,8.665271710523488,9.078733724410732,-2.3645834239299024,0.20541089154586326,0.26507135448097807,0.05487264143145404,-0.061564810125906186,0.073274089415003
37.83677260451604,8.66775358120287,9.0798121489927,-2.3651990705073445,0.20614474061885432,0.26490155111244856,0.05483798553364243,-0.06156450521083877,0.07349432186080052
37.84677260451605,8.670233085702106,9.080891697803194,-2.3658147140310937,0.20688075079670706,0.2647347576051508,0.054800223490293856,-0.061564199387959186,0.07370635143182046
37.856772604516046,8.672710257067122,9.081972349078692,-2.366430354492088,0.20761884086773402,0.2645709374582845,0.054759379187674345,-0.06156389266040783,0.07391035530588051
37.86677260451605,8.675185128062651,9.08305408107132,-2.3670459918812963,0.20835893152920248,0.2644100547800906,0.05471547600266134,-0.061563585031314066,0.07410650849098642
37.87677260451605,8.677657731186292,9.084136872054922,-2.367661626189719,0.20910094524398729,0.2642520742533429,0.05466853683800122,-0.06156327650379637,0.07429498406469703
37.88677260451604,8.680128098689446,9.08522070033045,-2.3682772574083875,0.2098448061285619,0.2640969610949059,0.0546185841593078,-0.0615629670809625,0.07447595329223396
37.896772604516045,8.682596262577329,9.086305544225963,-2.368892885528364,0.21059043995299437,0.2639446810557312,0.0545656399950647,-0.061562656765909454,0.0746495856264855
37.90677260451604,8.685062254608962,9.087391382096621,-2.3695085105407423,0.21133777414094435,0.26379520042085863,0.05450972593662552,-0.061562345561723554,0.07481604870800601
37.91677260451604,8.687526106297181,9.08847819232469,-2.3701241324366458,0.21208673776966505,0.2636484860094154,0.05445086313821371,-0.06156203347148038,0.07497550836501632
37.926772604516046,8.689987848913038,9.089565953320143,-2.370739751207229,0.21283726155785934,0.26350450516680396,0.05438907232276881,-0.06156172049824481,0.07512812861571776
37.936772604516044,8.692447513489657,9.090654643518043,-2.371355366843677,0.2135892779308321,0.2633632257653265,0.05432437377485052,-0.0615614066450711,0.07527407149543089
37.94677260451605,8.694905130812284,9.091744241377658,-2.3719709793372066,0.2143427210351982,0.2632246162210293,0.05425678732940037,-0.06156109191500275,0.0754134970755198
37.95677260451605,8.69736073144815,9.092834725390956,-2.372586588679064,0.21509752654867867,0.26308864543043153,0.054186332428706456,-0.06156077631107279,0.07554656372428734
37.966772604516045,8.699814345748525,9.093926074083065,-2.3732021948605255,0.21585363166997726,0.2629552827664564,0.05411302812584444,-0.061560459836303795,0.07567342811826233
37.97677260451605,8.702266003848722,9.095018266012273,-2.373817797872898,0.21661097511878033,0.26282449807843083,0.05403689308467752,-0.0615601424937079,0.07579424524219958
37.98677260451605,8.704715735668094,9.096111279770032,-2.3744333977075174,0.21736949713575685,0.2626962616920857,0.05395794557985645,-0.061559824286286785,0.07590916838907989
37.99677260451604,8.707163570910184,9.097205093980977,-2.3750489943557507,0.2181291394819045,0.26257054440924704,0.053876203497052244,-0.061559505217031685,0.07601834916089882
38.006772604516044,8.709609539073266,9.098299687303466,-2.3756645878089944,0.2188898454238895,0.26244731748865713,0.05379168434402885,-0.0615591852889235,0.07612193745671432
38.01677260451604,8.712053669434665,9.09939503842368,-2.3762801780586753,0.21965155986726037,0.26232655268363325,0.05370440521538794,-0.06155886450493262,0.07622008124687221
38.02677260451605,8.714495991069372,9.100491126062886,-2.3768957650962497,0.22041422918985157,0.26220822219741363,0.05361438283573968,-0.06155854286801913,0.07631292685090246
38.036772604516045,8.716936532862894,9.101587928980742,-2.3775113489132025,0.22117780116557437,0.26209229865520406,0.05352163358300108,-0.061558220381132935,0.07640061904835362
38.04677260451604,8.719375323511251,9.102685425975283,-2.3781269295010494,0.22194222496441682,0.26197875510417784,0.05342617348839601,-0.061557897047213754,0.07648330107879275
38.05677260451605,8.721812391520972,9.10378359588293,-2.3787425068513337,0.22270745115244378,0.26186756501347597,0.053328018236455194,-0.06155757286919115,0.07656111464180557
38.066772604516046,8.7242477652091,9.104882417578487,-2.3793580809556296,0.2234734316917969,0.26175870227420683,0.053227183165016186,-0.06155724784998448,0.07663419989699624
38.076772604516044,8.726681472705023,9.105981869975404,-2.3799736518055394,0.22424011993375773,0.2616521411954632,0.053123683267807996,-0.061556921992502976,0.0767026954738319
38.08677260451605,8.729113541957334,9.107081932024238,-2.3805892193926947,0.22500747064379173,0.2615478564925218,0.05301753319514457,-0.0615565952996458,0.0767667384057738
38.09677260451605,8.731544000719039,9.108182582709286,-2.381204783708757,0.22577544008156666,0.2614458233208265,0.05290874722879737,-0.06155626777430185,0.0768264639980115
38.106772604516046,8.733972876572546,9.10928380105675,-2.3818203447454147,0.2265439858120313,0.26134601721639145,0.05279733933376816,-0.061555939419350066,0.07688200614752977
38.11677260451604,8.736400196933806,9.110385566135738,-2.3824359024943877,0.22731306668135323,0.261248414086342,0.05268332316559119,-0.061555610237659486,0.07693349738205353
38.12677260451604,8.738825989052295,9.111487857058277,-2.383051456947422,0.22808264281691606,0.261152990208915,0.0525667120703336,-0.06155528023208924,0.07698106886004771
38.13677260451605,8.741250280011032,9.112590652979298,-2.3836670080962934,0.22885267562732123,0.2610597222334589,0.052447519084595134,-0.06155494940548857,0.07702485037071734
38.146772604516045,8.74367309672657,9.11369393309665,-2.3842825559328054,0.2296231278023876,0.26096858718043325,0.05232575693550822,-0.061554617760696796,0.07706497033400746
38.15677260451604,8.746094465948573,9.114797676650058,-2.38489810044879,0.23039396333341686,0.2608795624429962,0.05220143803671657,-0.061554285300543334,0.07710155576429403
38.15909904707714,8.746657578882978,9.11505452048511,-2.385041302867834,0.23057334503661633,0.26085915155412326,0.0521721506587431,-0.06155420783898966,0.07710957377806411
38.16909904707714,8.749077218576847,9.116158851294061,-2.3856565234792138,0.23134506718705586,0.2607723284343303,0.05204727884542732,-0.06155326716290646,0.07715474489968847
38.17909904707714,8.75149543068881,9.117263618279077,-2.3862720544830576,0.23211691982542484,0.2606875011024048,0.05192612436301044,-0.06155293328040004,0.07721904579035495
38.18909904707714,8.753912247568456,9.118368895992907,-2.386887582138321,0.23288951321102055,0.26060445986528763,0.051808257272735796,-0.06155259744777096,0.07730283366109496
38.19909904707714,8.756327678822146,9.119474720826128,-2.3875031064255356,0.23366303960717721,0.26052321292050584,0.05169362470113305,-0.06155225967176689,0.07740558496686999
38.20909904707714,8.758741733957212,9.12058112915593,-2.3881186273253014,0.23443768617065355,0.26044376768880423,0.05158217505401471,-0.06155191995911215,0.07752678552924303
38.21909904707714,8.761154422381953,9.121688157346114,-2.388734144818285,0.23521363495163233,0.2603661308141453,0.05147385801647616,-0.061551578316507725,0.07766593053637856
38.229099047077135,8.763565753402004,9.122795841745234,-2.38934965888522,0.2359910629769989,0.2602903081956815,0.05136862452533494,-0.06155123475063134,0.0778225242434377
38.23909904707714,8.765975736220565,9.123904218688361,-2.389965169506908,0.2367701422012567,0.2602163050025852,0.051266426771543756,-0.061550889268137406,0.07799607985859719
38.24909904707714,8.768384379931845,9.125013324492219,-2.3905806766642157,0.2375510396850169,0.260144125703768,0.05116721815785587,-0.0615505418756572,0.07818611922021412
38.259099047077136,8.770791693509157,9.126123195447477,-2.391196180338077,0.23833391790534092,0.26007377414973293,0.051070953211800905,-0.06155019257979912,0.07839217199502581
38.26909904707714,8.773197685804789,9.127233867818687,-2.39181168050949,0.23911893475855306,0.26000525357342197,0.050977587584851186,-0.06154984138714873,0.07861377567000287
38.27909904707714,8.775602365550029,9.12834537784428,-2.3924271771595196,0.23990624356024054,0.25993856659021586,0.05088707805242173,-0.06154948830426871,0.07885047555234913
38.28909904707714,8.778005741352867,9.129457761735104,-2.3930426702692964,0.24069599310243406,0.25987371521719704,0.050799382495476705,-0.06154913333769897,0.07910182460834884
38.29909904707714,8.780407821697223,9.130571055675043,-2.3936581598200157,0.2414883276313037,0.2598107008924287,0.050714459895023746,-0.06154877649395666,0.07936738336026233
38.30909904707714,8.78280861494105,9.13168529581952,-2.394273645792939,0.24228338690161838,0.25974952447775107,0.05063227032247251,-0.06154841777953615,0.07964671981920214
38.31909904707714,8.785208129304019,9.132800518286361,-2.3948891281693925,0.24308130652950458,0.2596901863434581,0.05055277484263545,-0.06154805720090946,0.0799394086966077
38.329099047077136,8.78760637286709,9.133916759155499,-2.395504606930765,0.24388221800384985,0.25963268637137393,0.05047593551042666,-0.0615476947645262,0.08024503137675293
38.339099047077134,8.790003353572537,9.135034054468976,-2.3961200820585122,0.24468624868630476,0.2595770239548526,0.050401715370861674,-0.06154733047681365,0.08056317591674693
38.34909904707714,8.792399079223335,9.13615244023046,-2.396735553534152,0.2454935218284846,0.259523198003765,0.05033007845375595,-0.06154696434417674,0.08089343700950288
38.35909904707714,8.794793557480165,9.137271952403202,-2.397351021339267,0.24630415663494726,0.25947120697755266,0.05026098974632694,-0.06154659637299817,0.0812354158021439
38.369099047077135,8.797186795864677,9.138392626913351,-2.397966485455504,0.24711826813855287,0.2594210488571325,0.05019441522764846,-0.06154622656963827,0.0815887201303861
38.37909904707714,8.799578801747757,9.139514499639787,-2.3985819458645734,0.24793596758360437,0.25937272122579863,0.050130321767251226,-0.06154585494043541,0.08195296377862911
38.38909904707714,8.801969582347569,9.140637606412438,-2.399197402548248,0.24875736248805255,0.25932622128421984,0.05006867710761466,-0.061545481491706085,0.08232776635494862
38.39909904707714,8.804359144729554,9.141761983012284,-2.399812855488364,0.24958255664349596,0.25928154585043967,0.05000944986416689,-0.06154510622974493,0.08271275329109629
38.40909904707714,8.80674749580643,9.142887665171349,-2.40042830466682,0.2504116501151809,0.2592386913598767,0.04995260952528474,-0.06154472916082468,0.08310755584249978
38.41909904707714,8.809134642336115,9.144014688570492,-2.401043750065578,0.25124473931186125,0.259197653886413,0.04989812642952696,-0.06154435029119634,0.08351181097499052
38.42909904707714,8.811520590923578,9.14514308884173,-2.401659191666662,0.252081916879122,0.2591584291335573,0.04984597178628438,-0.06154396962708906,0.08392516155313154
38.439099047077136,8.81390534801631,9.146272901563973,-2.402274629452158,0.2529232718697576,0.2591210124607953,0.04979611763608198,-0.06154358717471028,0.08434725602964807
38.449099047077134,8.81628891989834,9.14740416225672,-2.402890063404216,0.2537688899711536,0.25908539893179133,0.049748536789090754,-0.06154320294024606,0.08477774805626091
38.45909904707714,8.818671312690233,9.148536906380036,-2.403505493505044,0.25461885350587277,0.25905158331452877,0.049703202824959214,-0.061542816929861105,0.08521629648269499
38.46909904707714,8.821052532349068,9.149671169334558,-2.4041209197369144,0.2554732414316569,0.2590195600813097,0.04966009009281322,-0.06154242914969872,0.08566256535668051
38.479099047077135,8.823432584668256,9.150806986461175,-2.4047363420821593,0.2563321293515401,0.2589893234110485,0.049619173708344545,-0.061542039605880845,0.08611622391120909
38.48909904707714,8.825811475275936,9.151944393038287,-2.405351760523173,0.2571955895825329,0.25896086721224904,0.04958042952890497,-0.061541648304508215,0.08657694652433755
38.49909904707714,8.828189209637495,9.153083424285988,-2.4059671750424103,0.2580636910035167,0.2589341850956977,0.04954383419266491,-0.06154125525166012,0.08704441294511708
38.509099047077136,8.830565793048562,9.154224115357106,-2.4065825856223877,0.25893649938601215,0.2589092704333107,0.0495093650350154,-0.061540860453394845,0.08751830776314655
38.51909904707714,8.832941230633464,9.155366501335006,-2.4071979922456808,0.2598140774701654,0.2588861163732169,0.04947700006821512,-0.061540463915749785,0.08799832029841971
38.52909904707714,8.835315527345216,9.156510617233586,-2.4078133948949256,0.260696484964748,0.25886471583975806,0.049446717981390366,-0.06154006564474144,0.0884841446013252
38.539099047077144,8.837688687965525,9.157656497997284,-2.4084287935528184,0.26158377854715714,0.2588450615334888,0.04941849814053509,-0.06153966564636542,0.08897547945264651
38.54909904707714,8.840060717104457,9.158804178500189,-2.4090441882021154,0.2624760118899645,0.2588271459365904,0.04939232058104323,-0.061539263926596505,0.08947202834068765
38.55909904707713,8.842431619200303,9.15995369354422,-2.4096595788256314,0.26337323568669524,0.2588109613250961,0.04936816599484214,-0.06153886049138871,0.08997349954086656
38.56909904707714,8.844801398520042,9.161105077861983,-2.4102749654062436,0.26427549756434904,0.2587964997519539,0.04934601575476548,-0.06153845534667515,0.09047960618688193
38.579099047077136,8.847170059154571,9.16225836610786,-2.410890347926886,0.26518284240122114,0.2587837531005293,0.0493258518346779,-0.06153804849836848,0.09099006581723772
38.589099047077134,8.84953760501829,9.163413592857092,-2.411505726370552,0.2660953123575204,0.25877271309014366,0.049307656801448246,-0.06153763995236098,0.0915046003379836
38.59909904707714,8.851904039849098,9.16457079260578,-2.4121211007202947,0.2670129468753683,0.2587633712760737,0.04929141381494958,-0.061537229714524494,0.09202293602271472
38.60909904707714,8.8542693672084,9.165729999770887,-2.4127364709592234,0.26793578267879936,0.2587557190495518,0.049277106628059196,-0.06153681779071051,0.09254480351257159
38.619099047077135,8.856633590480987,9.166891248689165,-2.4133518370705085,0.26886385380501676,0.25874974764317776,0.0492647195783055,-0.06153640418675015,0.09306993779591771
38.62909904707714,8.858996712875536,9.168054573615352,-2.4139671990373768,0.26979719162601484,0.25874544813877176,0.04925423757792478,-0.061535988908454305,0.09359807832124502
38.63909904707714,8.861358737424169,9.169220008725015,-2.414582556843115,0.27073582476836877,0.2587428114537981,0.04924564613561442,-0.0615355719616134,0.09412896903170608
38.649099047077144,8.863719666979925,9.170387588105944,-2.415197910471066,0.271679779414395,0.25874182838751936,0.049238931282610886,-0.06153515335199795,0.09466235796306305
38.65909904707714,8.866079504216598,9.171557345757417,-2.415813259904632,0.2726290793265739,0.2587424896249079,0.04923407956650043,-0.06153473308535853,0.09519799721730737
38.66909904707713,8.868438251628744,9.17272931559019,-2.41642860512727,0.27358374584754896,0.2587447857366465,0.049231078051219075,-0.061534311167425845,0.0957356429626594
38.67909904707714,8.870795911531678,9.173903531426506,-2.4170439461224955,0.2745437979001294,0.2587487071791278,0.04922991431705267,-0.06153388760391069,0.0962750554335697
38.689099047077136,8.873152486061556,9.17508002699946,-2.417659282873882,0.2755092520057754,0.2587542442971039,0.0492305764559966,-0.06153346240050399,0.09681599891798885
38.699099047077134,8.875507977176373,9.176258835949843,-2.418274615365058,0.27648012235334696,0.2587613873347282,0.04923305305244443,-0.061533035562876946,0.09735824181399723
38.70909904707714,8.877862386655012,9.17743999183071,-2.41888994357971,0.2774564206532411,0.2587701264157764,0.04923733321880115,-0.061532607096680784,0.09790155677403851
38.71909904707714,8.880215716096622,9.17862352809898,-2.419505267501581,0.2784381564334607,0.2587804515843141,0.04924340652513393,-0.06153217700754719,0.09844572029502933
38.72909904707714,8.882567966920668,9.179809478113954,-2.42012058711447,0.2794253370881272,0.2587923528114663,0.04925126298736367,-0.0615317453010885,0.09899051266607058
38.73909904707714,8.884919140366936,9.180997875137312,-2.4207359024022312,0.280417967877481,0.2588058199954169,0.04926089306726501,-0.06153131198289759,0.09953571796844736
38.74909904707714,8.887269237495524,9.18218875233311,-2.421351213348775,0.281416051927881,0.25882084296140906,0.049272287672466365,-0.06153087705854797,0.10008112407562901
38.75909904707714,8.889618259186854,9.183382142767767,-2.4219665199380676,0.2824195902321276,0.25883741146178374,0.049285438156373346,-0.06153044053359374,0.10062652265297509
38.76909904707714,8.891966206143245,9.184578079406405,-2.4225818221541298,0.28342858174874114,0.2588555151876851,0.04930033629410004,-0.061530002413569776,0.10117170911718885
38.77909904707713,8.89431307888794,9.185776595116351,-2.423197119981039,0.28444302326476795,0.25887514375253773,0.04931697431367719,-0.06152956270399149,0.10171648288359687
38.78909904707714,8.896658877764947,9.186977722663132,-2.423812413402928,0.2854629095558257,0.2588962867124427,0.04933534485961363,-0.061529121410355096,0.10226064706766626
38.799099047077135,8.899003602940343,9.188181494705804,-2.424427702403984,0.28648823353805636,0.25891893358463236,0.049355440957288485,-0.06152867853813787,0.10280400830431641
38.80909904707714,8.901347254402268,9.18938794379697,-2.425042986968448,0.2875189862681289,0.25894307384747006,0.04937725601295122,-0.06152823409279822,0.10334637674792041
38.81909904707714,8.903689831960936,9.190597102382768,-2.4256582670806157,0.2885551569432387,0.25896869694045016,0.049400783813721566,-0.06152778807977564,0.10388756607230461
38.829099047077136,8.906031335248626,9.19180900280288,-2.4262735427248368,0.2895967329011074,0.2589957922641981,0.04942601852758958,-0.061527340504490706,0.10442739347074873
38.83909904707714,8.90837176372013,9.193023677289824,-2.4268888138855162,0.29064369964020753,0.2590243491824411,0.04945295469879558,-0.061526891372345155,0.10496567963780727
38.84909904707714,8.910711116655449,9.194241157965035,-2.4275040805471115,0.29169604091193496,0.25905435702971114,0.04948158722654103,-0.06152644068872204,0.10550224877008801
38.85909904707714,8.913049393155683,9.19546147684435,-2.4281193426941354,0.29275373855295567,0.2590858050950184,0.04951191140313434,-0.06152598845898531,0.1060369287555969
38.86909904707714,8.915386592146968,9.19668466583013,-2.4287346003111545,0.29381677275434437,0.2591186826511282,0.04954392285291846,-0.061525534688480446,0.10656955077033316
38.87909904707714,8.91772271238137,9.1979107567097,-2.4293498533827873,0.2948851221096966,0.2591529789595087,0.04957761752131934,-0.061525079382534514,0.10709994922019316
38.88909904707714,8.920057752436882,9.199139781155367,-2.429965101893705,0.29595876361512835,0.259188683270331,0.04961299167484593,-0.06152462254645618,0.10762796174096995
38.89909904707714,8.922391710717445,9.200371770724413,-2.430580345828634,0.2970376726692786,0.25922578482246955,0.049650041901090264,-0.06152416418553571,0.10815342919835465
38.909099047077135,8.924724585452921,9.201606756859093,-2.4311955851723517,0.2981218230733052,0.25926427284350134,0.049688765108727315,-0.06152370430504499,0.10867619568793445
38.91909904707714,8.927056374700083,9.202844770885552,-2.4318108199096877,0.29921118706137023,0.259304136552041,0.04972915852081939,-0.06152324291023755,0.10919610850189125
38.92909904707714,8.92938707634578,9.204085844010043,-2.432426050025525,0.3003057353853763,0.25934536516223644,0.049771219656564544,-0.06152278000634875,0.10971301811310097
38.939099047077136,8.93171668810093,9.20533000732459,-2.4330412755048,0.301405437154322,0.259387947871874,0.04981494636660867,-0.061522315598595355,0.11022677836373869
38.94909904707714,8.93404520750736,9.206577291799,-2.4336564963325005,0.3025102600944432,0.2594318738862696,0.04986033677526791,-0.06152184969217616,0.1107372460529333
38.95909904707714,8.936372631938749,9.207827728279778,-2.4342717124936657,0.30362017058196966,0.2594771324210248,0.04990738927329198,-0.061521382292272095,0.1112442808924777
38.96909904707714,8.938698958600646,9.209081347490134,-2.434886923973386,0.30473513364312493,0.2595237127020275,0.0499561025178642,-0.06152091340404617,0.11174774550682885
38.97909904707714,8.94102418453046,9.210338180029975,-2.435502130756804,0.3058551129541265,0.2595716039654513,0.050006475432601484,-0.06152044303264353,0.11224750543310773
38.98909904707714,8.943348306597468,9.211598256375911,-2.436117332829113,0.30698007084118556,0.2596207954577559,0.05005850720755435,-0.06151997118319143,0.11274342912109937
38.99909904707714,8.945671321503227,9.212861606880898,-2.4367325301755582,0.3081099682902539,0.25967127643626114,0.050112197297128125,-0.061519497860799244,0.11323538791924233
39.009099047077136,8.947993225787313,9.214128261768954,-2.437347722781435,0.30924476507904863,0.2597230361753889,0.05016754539246806,-0.06151902307055878,0.11372325592663367
39.019099047077134,8.950314015818273,9.215398251141599,-2.4379629106320913,0.3103844195864773,0.25977606395442493,0.05022455146268292,-0.061518546817543686,0.11420691031425405
39.02909904707714,8.952633687801264,9.21667160497171,-2.438578093712925,0.3115288889945891,0.25983034907374614,0.050283215710501095,-0.06151806910681005,0.11468623094071026
39.03909904707714,8.95495223778128,9.217948353100887,-2.4391932720093847,0.31267812936538547,0.25988588085992265,0.05034353855570621,-0.06151758994339658,0.11516110022807935
39.049099047077135,8.957269661643153,9.219228525239469,-2.4398084455069684,0.31383209564081926,0.25994264866571787,0.0504055206351371,-0.06151710933232462,0.11563140316190831
39.05909904707714,8.959585955111564,9.22051215096652,-2.440423614191224,0.3149907416427948,0.26000064187008853,0.05046916280268776,-0.061516627278598135,0.11609702729121414
39.06909904707714,8.96190111375102,9.221799259729835,-2.44103877804775,0.3161540200731678,0.2600598498781847,0.0505344661293074,-0.06151614378720374,0.11655786272848377
39.079099047077136,8.964215132965881,9.223089880845938,-2.4416539370621937,0.31732188251374555,0.26012026212134964,0.0506014319030004,-0.06151565886311066,0.1170138021496741
39.08909904707714,8.966528008003275,9.224384043498073,-2.4422690912202527,0.31849427947738873,0.26018186805890314,0.05067006161826553,-0.061515172511270894,0.117464740706452
39.09909904707714,8.968839733955896,9.225681776732884,-2.4428842405076745,0.31967116047434563,0.26024465717852957,0.050740356963521485,-0.061514684736619266,0.11791057596291639
39.109099047077144,8.971150305752095,9.226983109466598,-2.443499384910256,0.32085247386200444,0.26030861899261604,0.05081231985190942,-0.06151419554407298,0.11835120814780811
39.119099047077135,8.973459718169186,9.228288070477092,-2.444114524413844,0.3220381670712198,0.2603737430494938,0.05088595237301394,-0.061513704938532345,0.11878653970216327
39.12909904707713,8.975767965834375,9.22959668840331,-2.4447296590043326,0.32322818662168934,0.2604400189340841,0.05096125678963276,-0.06151321292488083,0.11921647525061195
39.13909904707714,8.978075043224736,9.230908991745272,-2.4453447886676654,0.324422478121949,0.260507436267898,0.05103823553777643,-0.061512719507985064,0.11964092160137656
39.14909904707714,8.98038094466723,9.232225008864072,-2.4459599133898333,0.3256209862693761,0.26057598470903676,0.051116891226668536,-0.06151222469269485,0.12005978774627299
39.159099047077135,8.982685664338694,9.233544767981872,-2.446575033156876,0.3268236548501885,0.2606456539521913,0.05119722663874566,-0.06151172848384313,0.12047298486071029
39.16909904707714,8.984989196265847,9.234868297181913,-2.447190147954882,0.32803042673944477,0.2607164337286429,0.05127924472965733,-0.061511230886246014,0.12088042630369064
39.17909904707714,8.987291534328287,9.236195624406845,-2.447805257769988,0.32924124393973153,0.26078831380667405,0.051362948620405774,-0.0615107319047029,0.12128202753362335
39.18909904707714,8.989592672264346,9.237526777453835,-2.448420362588377,0.33045604768344,0.2608612839918569,0.051448341577663294,-0.06151023154399663,0.12167770592040669
39.19909904707714,8.991892603654641,9.23886178398272,-2.4490354623962833,0.3316747782451559,0.2609353341264156,0.051535427051955324,-0.06150972980889282,0.12206738116320284
39.20909904707714,8.994191321939875,9.24020067150804,-2.449650557179987,0.3328973751483372,0.26101045409373336,0.05162420863401628,-0.061509226704140704,0.12245097479439283
39.219099047077144,8.996488820422817,9.241543467398055,-2.4502656469258155,0.33412377718924585,0.2610866338187107,0.05171469004983774,-0.06150872223447322,0.12282841012487798
39.229099047077135,8.998785092268294,9.242890198874742,-2.4508807316201433,0.3353539224369469,0.26116386326776553,0.05180687516066836,-0.06150821640460699,0.1231996122440798
39.23909904707713,9.001080130503203,9.244240893013805,-2.451495811249391,0.3365877482333114,0.2612421324488335,0.05190076796301413,-0.061507709219242375,0.12356450801994075
39.24909904707714,9.003373928016499,9.245595576744666,-2.452110885800028,0.33782519119301224,0.26132143141136727,0.051996372588637985,-0.061507200683063395,0.123923026098923
39.259099047077136,9.005666477559204,9.246954276850467,-2.4527259552585674,0.3390661872035269,0.2614017502463374,0.052093693304560096,-0.06150669080073782,0.12427509690600924
39.26909904707714,9.007957771744401,9.248317019968074,-2.453341019611572,0.34031067142513666,0.26148307908623153,0.05219273451305776,-0.06150617957691707,0.12462065264470255
39.27909904707714,9.010247803049463,9.249683832585363,-2.45395607884565,0.3415585783361014,0.26156540810384604,0.052293500743608154,-0.061505667016236325,0.12495962718967457
39.28142548963823,9.010780383788493,9.250002400003494,-2.454099168108229,0.3418493804274952,0.2615847038409844,0.052317191261188015,-0.061505547580747194,0.12503753710043627
39.29142548963823,9.013068837726415,9.25137415054441,-2.4547139007855323,0.3431014120329872,0.26166886344105267,0.05241782140941096,-0.061504425089599614,0.12536232712600667
39.301425489638234,9.015356055011809,9.252750104063487,-2.4553289424565485,0.3443565756837893,0.26175605745239966,0.05251666993548395,-0.061503908546510035,0.12566724241334462
39.31142548963823,9.017642043952067,9.254130150663238,-2.4559439789451365,0.3456146932439956,0.2618459599495432,0.05261344514842925,-0.06150338860585269,0.12595314499402965
39.32142548963824,9.019926826173721,9.255514285769998,-2.4565590102173798,0.3468755764893565,0.26193853161306185,0.05270818693880744,-0.06150286527937722,0.12622040954471936
39.331425489638235,9.022210423070044,9.256902504727632,-2.4571740362394783,0.348139040808316,0.26203373374176475,0.052800934415742996,-0.061502338578792656,0.1264694045327329
39.341425489638226,9.02449285580106,9.258294802797545,-2.4577890569777483,0.34940490520201056,0.2621315282526916,0.05289172590692425,-0.06150180851576734,0.1267004922160508
39.35142548963823,9.026774145295654,9.25969117515911,-2.4584040723986242,0.3506729922643089,0.2622318776787581,0.05298059896395159,-0.06150127510192904,0.1269140286177836
39.36142548963823,9.029054312256719,9.261091616906867,-2.4590190824686555,0.35194312822705487,0.2623347451819927,0.053067590358360034,-0.06150073834886512,0.12711036299396372
39.37142548963823,9.031333377154935,9.26249612304939,-2.4596340871545084,0.35321514301591145,0.2624400945605223,0.05315273606668137,-0.06150019826812227,0.12728983790071627
39.38142548963823,9.033611360256042,9.263904688522755,-2.4602490864229636,0.35448886980903554,0.262547890181707,0.053236071373063645,-0.06149965487120739,0.12745278975820382
39.39142548963823,9.035888281623889,9.265317308191717,-2.4608640802409174,0.3557641449956697,0.2626580969762341,0.053317630879296064,-0.06149910816958757,0.12759954887493485
39.401425489638235,9.038164161120433,9.266733976849702,-2.4614790685753793,0.3570408081761421,0.2627706804381185,0.05339744850480902,-0.06149855817469018,0.12773043944776377
39.41142548963823,9.040439018405747,9.26815468921881,-2.4620940513934726,0.3583187021618625,0.2628856066247019,0.05347555748667492,-0.06149800489790282,0.12784577956189366
39.42142548963823,9.042712872945435,9.26957943995068,-2.462709028662435,0.35959767290226624,0.2630028421478759,0.05355199039804422,-0.0614974483505736,0.12794588112631555
39.43142548963824,9.044985744001783,9.271008223619216,-2.463324000349618,0.36087756968938717,0.26312235420902014,0.05362677910355726,-0.06149688854401087,0.12803104936195187
39.441425489638235,9.047257650648556,9.272441034730232,-2.4639389664224876,0.36215824486234144,0.263244110551265,0.05369995482523138,-0.061496325489483604,0.12810158339100333
39.451425489638225,9.04952861178586,9.27387786772784,-2.4645539268486187,0.3634395535732479,0.26336807942397494,0.05377154819638513,-0.06149575919822195,0.12815777653511518
39.46142548963823,9.051798646140158,9.27531871699445,-2.465168881595701,0.3647213537872315,0.2634942295827491,0.05384158926163844,-0.06149518968141719,0.1281999163153775
39.47142548963823,9.054067772264254,9.276763576850762,-2.465783830631534,0.3660035062824182,0.26362253028942045,0.053910107476912356,-0.061494616950221785,0.12822828445232473
39.481425489638234,9.056336008537931,9.27821244155593,-2.4663987739240283,0.3672858746411569,0.2637529513107771,0.05397713171143142,-0.06149404101574934,0.12824315687419297
39.49142548963823,9.05860337317556,9.279665305306775,-2.4670137114412074,0.3685683251831698,0.263885462911384,0.05404269026370108,-0.061493461889074966,0.1282448036290191
39.50142548963823,9.060869884213979,9.281122162231977,-2.4676286431512042,0.3698507271740322,0.26402003588708844,0.05410681081483131,-0.06149287958123477,0.12823348851655406
39.511425489638235,9.063135559535118,9.282583006404058,-2.4682435690222637,0.37113295241570887,0.2641566414995977,0.05416952052018952,-0.061492294103226666,0.1282094698274505
39.52142548963823,9.065400416872695,9.284047831841987,-2.4688584890227387,0.37241487513959143,0.26429525146001237,0.05423084603353058,-0.061491705466010634,0.12817300049704436
39.53142548963823,9.067664473812203,9.28551663251116,-2.4694734031210914,0.37369637200649825,0.264435837928826,0.05429081350699682,-0.06149111368050872,0.1281243281053549
39.541425489638236,9.069927747790922,9.286989402323417,-2.4700883112858922,0.37497732210667456,0.2645783735159257,0.054349448591118045,-0.06149051875760503,0.12806369487708455
39.551425489638234,9.072190256098867,9.288466135137229,-2.4707032134858222,0.37625760694595944,0.2647228312785262,0.05440677643785262,-0.06148992070814576,0.1279913376990686
39.56142548963823,9.07445201588538,9.289946824756043,-2.471318109689668,0.37753711038273224,0.26486918471412674,0.05446282171411023,-0.06148931954293954,0.1279074880845948
39.57142548963823,9.0767130441475,9.291431464923722,-2.4719329998663286,0.37881571882077913,0.2650174077914442,0.054517608559130105,-0.061488715272756865,0.12781237183605612
39.58142548963823,9.078973357751844,9.292920049335518,-2.472547883984808,0.3800933208141374,0.26516747488657955,0.054571160672132905,-0.061488107908331015,0.12770620978915243
39.59142548963823,9.081232973439565,9.294412571639864,-2.4731627620142174,0.3813698069858476,0.2653193607702918,0.05462350133027472,-0.06148749746035823,0.12758921794507225
39.60142548963823,9.08349190782635,9.295909025438364,-2.473777633923774,0.38264507002795306,0.2654730406079978,0.054674653388647,-0.06148688393949775,0.12746160747049282
39.61142548963823,9.085750177402414,9.297409404285798,-2.4743924996828013,0.3839190047014992,0.26562848995977234,0.05472463928027656,-0.06148626735637178,0.12732358469758018
39.621425489638234,9.088007798532848,9.29891370169019,-2.47500735926073,0.3851915078312779,0.2657856847795387,0.054773481017251054,-0.06148564772156552,0.12717535113231165
39.63142548963823,9.09026478746477,9.30042191111186,-2.4756222126270946,0.38646247821465035,0.2659446014025679,0.054821200209361876,-0.06148502504562754,0.12701710353976114
39.64142548963823,9.092521160315222,9.301934025957658,-2.476237059751538,0.3877318168362512,0.2661052165810577,0.05486781801686239,-0.06148439933906918,0.12684903351380572
39.651425489638235,9.094776933088834,9.303450039590503,-2.476851900603808,0.38899942653926767,0.26626750742990035,0.054913355223129894,-0.06148377061236532,0.12667132814365337
39.66142548963823,9.097032121685062,9.304969945331905,-2.4774667351537536,0.39026521190341235,0.26643145140720986,0.054957832261202925,-0.06148313887595475,0.12648417023385244
39.67142548963823,9.099286741898197,9.30649373646197,-2.478081563371331,0.39152907924492275,0.26659702631432186,0.05500126921378127,-0.061482504140240174,0.12628773830429157
39.68142548963823,9.101540809417349,9.308021406219387,-2.4786963852265966,0.3927909366165611,0.26676421029579356,0.05504368581322591,-0.06148186641558818,0.1260822065901998
39.69142548963823,9.103794339826468,9.309552947801446,-2.4793112006897147,0.394050693807617,0.26693298183940417,0.05508510144155917,-0.061481225712329245,0.12586774504214615
39.70142548963823,9.106047348608715,9.31108835436398,-2.4799260097309483,0.39530826227872845,0.2671033197663795,0.055125535143708465,-0.06148058204075803,0.12564451942832128
39.71142548963823,9.108299851142858,9.3126276190157,-2.4805408123206676,0.39656355525070613,0.2672752032483491,0.05516500560609038,-0.06147993541113316,0.12541269109215383
39.72142548963823,9.110551862704671,9.31417073482242,-2.481155608429343,0.39781648765309297,0.2674486117973944,0.05520353116956786,-0.06147928583367725,0.1251724171036503
39.731425489638234,9.112803398482596,9.31571769481267,-2.4817703980275483,0.3990669758536521,0.2676235252220285,0.055241129887826666,-0.06147863331857773,0.12492385078519562
39.74142548963823,9.115054473577983,9.317268491977742,-2.482385181085957,0.4003149376546426,0.2677999236266044,0.05527781952816424,-0.06147797787598686,0.12466714171835891
39.75142548963823,9.11730510300508,9.318823119271698,-2.4829999575753456,0.40156029229281937,0.267977787411315,0.0553136175714897,-0.06147731951602173,0.12440243574389316
39.761425489638235,9.11955530169104,9.32038156961137,-2.4836147274665885,0.40280296043943314,0.2681570972721931,0.05534854121232384,-0.06147665824876424,0.12412987496173543
39.77142548963823,9.121805084476275,9.321943835876388,-2.4842294907306637,0.4040428641944992,0.2683378342002064,0.055382607359975904,-0.06147599408426118,0.12384959774165047
39.78142548963824,9.12405446612088,9.323509910907381,-2.4848442473386485,0.4052799269952052,0.26851997946810513,0.05541583265570744,-0.061475327032524583,0.12356173886565092
39.79142548963823,9.126303461292606,9.32507978750134,-2.4854589972617203,0.40651407382228066,0.2687035146650423,0.05544823342807871,-0.06147465710353105,0.12326642910422136
39.80142548963823,9.128552084582054,9.326653458419342,-2.486073740471159,0.40774523092387893,0.2688884216500161,0.055479825753716815,-0.06147398430722254,0.12296379579516029
39.81142548963823,9.130800350508816,9.328230916388245,-2.4866884769383404,0.40897332571163564,0.2690746825349245,0.055510625479359955,-0.06147330865350681,0.12265396304823097
39.82142548963823,9.133048273521469,9.32981215410068,-2.487303206634739,0.4101982867606717,0.2692622796845652,0.05554064822185756,-0.061472630152257346,0.12233705174516082
39.83142548963823,9.135295867997584,9.331397164215051,-2.4879179295319287,0.41142004380959263,0.26945119571663595,0.055569909368170224,-0.061471948813313436,0.12201317953964154
39.84142548963823,9.137543148243726,9.33298593935555,-2.488532645601581,0.4126385277604884,0.26964141350173443,0.055598424075369746,-0.06147126464648009,0.12168246085732909
39.85142548963823,9.139790128496248,9.334578472112144,-2.4891473548154655,0.41385367066612977,0.2698329161613383,0.055626207273206954,-0.06147057766152817,0.12134500691995827
39.861425489638236,9.142036822926615,9.336174755037506,-2.4897620571454486,0.4150654056560138,0.2700256870577266,0.05565327367664457,-0.06146988786819478,0.12100092585908466
39.871425489638234,9.144283245629618,9.337774780644427,-2.490376752563497,0.4162736671293109,0.27021970982592325,0.05567963774529983,-0.061469195276182394,0.12065032233067612
39.88142548963823,9.14652941063947,9.339378541412563,-2.4909914410416736,0.41747839047279095,0.2704149683260961,0.05570531374486002,-0.06146849989515995,0.12029329809871406
39.89142548963824,9.148775331933718,9.340986029789255,-2.491606122552136,0.4186795119957369,0.270611446632907,0.055730315760714404,-0.061467801734763065,0.11992995216410138
39.90142548963823,9.151021023433238,9.342597238189528,-2.4922207970671377,0.41987696892994386,0.27080912903551174,0.055754657697954214,-0.06146710080459408,0.11956038076466274
39.911425489638226,9.153266499002244,9.344212158996102,-2.4928354645590294,0.4210706994297224,0.2710080000375605,0.055778353281372754,-0.06146639711422204,0.11918467737514361
39.92142548963823,9.155511772448275,9.34583078455938,-2.493450125000255,0.4222606425718937,0.27120804435719703,0.05580141605546526,-0.06146569067318269,0.11880293270721161
39.93142548963823,9.15775685752248,9.347453107197444,-2.4940647783633567,0.42344673835145025,0.2714092469263688,0.055823859385296,-0.0614649814909785,0.11841523471761456
39.941425489638235,9.160001767925568,9.349079119193409,-2.494679424620968,0.42462892759327064,0.27161159287801306,0.0558456964722359,-0.061464269577079206,0.11802166875708632
39.95142548963823,9.162246517296065,9.350708812791973,-2.495294063745821,0.4258071521452829,0.2718150675787879,0.05586694031251141,-0.06146355494092083,0.11762231718113371
39.96142548963823,9.16449111922279,9.352342180205381,-2.4959086957107406,0.4269813546613894,0.2720196565917303,0.05588760374528477,-0.06146283759190662,0.11721725979988634
39.971425489638236,9.166735587250713,9.35397921361443,-2.4965233204886466,0.428151478504915,0.2722253456603669,0.055907699472804724,-0.06146211753940747,0.11680657406728474
39.981425489638234,9.168979934880966,9.355619905168469,-2.4971379380525502,0.4293174677486067,0.27243212070871353,0.05592724006040645,-0.06146139479276193,0.11639033508108042
39.99142548963823,9.171224175570844,9.357264246985396,-2.4977525483755554,0.43047926717463403,0.2726399678412757,0.055946237936511586,-0.061460669361276185,0.1159686155828358
40.00142548963824,9.173468322733797,9.358912231151661,-2.49836715143086,0.43163682227458877,0.2728488733430482,0.055964705392628246,-0.06145994125422411,0.11554148595792425
40.01142548963823,9.175712389739434,9.360563849722263,-2.498981747191753,0.43279007924948437,0.27305882367951506,0.05598265458335099,-0.0614592104808472,0.11510901423553037
40.02142548963823,9.177956389916769,9.362219094719775,-2.499596335631619,0.43393898496040084,0.273269805489156,0.05600009753564568,-0.06145847705035492,0.11467126617223616
40.03142548963823,9.180200336552055,9.363877958128986,-2.5002109167239306,0.4350834869713957,0.2734818055930293,0.05601704613611521,-0.061457740971924565,0.11422830513665218
40.04142548963823,9.182444242885358,9.365540431900747,-2.5008254904422573,0.4362235335927294,0.27369481100016096,0.05603351212502309,-0.06145700225470086,0.11378019205653167
40.051425489638234,9.184688122124067,9.367206507954318,-2.501440056760257,0.437359073661831,0.2739088088711314,0.05604950714249959,-0.06145626090779712,0.11332698583585055
40.06142548963823,9.186931987443268,9.36887617817736,-2.5020546156516787,0.4384900565372943,0.27412378651710734,0.056065042729758874,-0.06145551694029525,0.11286874336578262
40.07142548963823,9.189175851985754,9.37054943442594,-2.5026691670903602,0.43961643209887796,0.2743397313998419,0.056080130329099,-0.06145477036124576,0.11240551952469953
40.081425489638235,9.191419728862007,9.37222626852453,-2.5032837110502317,0.4407381507475056,0.27455663113167467,0.056094781283901926,-0.06145402117966778,0.11193736717817081
40.09142548963823,9.193663631150223,9.373906672266008,-2.5038982475053113,0.4418551634052656,0.2747744734755316,0.056109006838633506,-0.061453269404549024,0.11146433717896384
40.10142548963823,9.195907571896301,9.375590637411653,-2.5045127764297086,0.4429674215151679,0.2749932463448868,0.056122818138891695,-0.06145251504484583,0.1109864783674376
40.111425489638236,9.19815156411924,9.377278155688215,-2.5051272977976216,0.4440748769614078,0.27521293779225114,0.05613622624574175,-0.06145175810948369,0.11050383768419207
40.121425489638234,9.200395620801826,9.378969218784555,-2.5057418115833383,0.44517748221665415,0.27543353603490217,0.05614924210282475,-0.06145099860735642,0.11001645989111362
40.13142548963823,9.202639754896886,9.380663818356522,-2.5063563177612376,0.4462751902349667,0.2756550294352831,0.05616187656191427,-0.061450236547326634,0.10952438779483512
40.14142548963823,9.204883979335419,9.382361946027235,-2.506970816305786,0.447367954324427,0.2758774064802012,0.05617414040938554,-0.061449471938226495,0.10902766246687212
40.15142548963823,9.207128307026595,9.384063593387072,-2.5075853071915355,0.4484557281471345,0.27610065578082704,0.056186044366215354,-0.06144870478885774,0.10852632324362461
40.16142548963823,9.20937275085776,9.385768751993673,-2.5081997903931277,0.4495384657192092,0.27632476607269485,0.056197599087982164,-0.06144793510799165,0.10802040772637587
40.17142548963823,9.211617323694428,9.387477413371942,-2.50881426588529,0.4506161214107909,0.27654972621570273,0.05620881516486601,-0.0614471629043691,0.10750995178129273
40.18142548963823,9.213862038380286,9.389189569014047,-2.509428733642838,0.45168864994603913,0.2767755251941123,0.05621970312164856,-0.0614463881867005,0.10699498953942556
40.191425489638235,9.2161069077372,9.390905210379414,-2.510043193640674,0.452756006403055,0.27700215211653695,0.05623027341772861,-0.06144561096366584,0.10647555339681389
40.20142548963823,9.218351944570397,9.392624328891223,-2.5106576458537875,0.4538181461377431,0.27722959620533966,0.056240536460760895,-0.06144483124391525,0.1059516740960497
40.21142548963823,9.220597161659686,9.394346915933593,-2.5112720902572545,0.4548750249188276,0.27745784682021674,0.05625050257618139,-0.061444049036068114,0.10542338049027204
40.221425489638236,9.222842571764344,9.39607296285631,-2.511886526826239,0.4559265988458795,0.27768689344257946,0.05626018202764973,-0.06144326434871351,0.10489069971891572
40.231425489638234,9.22508818763143,9.397802460974287,-2.5125009555359896,0.4569728242222001,0.27791672565515063,0.056269585043445786,-0.06144247719041103,0.10435365739788878
40.24142548963823,9.22733402199579,9.399535401567537,-2.5131153763618395,0.4580136575548209,0.2781473331419643,0.05627872181646965,-0.06144168756969078,0.10381227761957283
40.25142548963823,9.229580087580054,9.401271775881193,-2.5137297892792065,0.45904905555450576,0.2783787056883663,0.056287602504241696,-0.061440895495053396,0.10326658295282178
40.26142548963823,9.231826397094638,9.4030115751255,-2.514344194263593,0.4600789751357476,0.2786108331810135,0.0562962372289025,-0.06144010097497002,0.10271659444296372
40.27142548963823,9.234072963237738,9.40475479047581,-2.514958591290586,0.46110337341677027,0.2788437056078743,0.05630463607721291,-0.06143930401788232,0.10216233161179969
40.28142548963823,9.236319798695341,9.40650141307259,-2.5155729803358575,0.46212220771952844,0.27907731305822847,0.05631280910055398,-0.0614385046322025,0.10160381245760398
40.29142548963823,9.238566916143913,9.408251434019565,-2.516187361375162,0.463135435529932,0.27931164571720174,0.05632076632232455,-0.06143770282631356,0.1010410534842555
40.301425489638234,9.24081432824967,9.410004844377681,-2.51680173438434,0.4641430145109106,0.27954669387124964,0.0563285177311827,-0.06143689860856938,0.10047406960712199
40.31142548963823,9.243062047662077,9.41176163517128,-2.5174160993393166,0.46514490259433927,0.27978244791996276,0.05633607326500849,-0.061436091987293835,0.09990287411116415
40.32142548963824,9.245310087026754,9.413521797386805,-2.5180304562160982,0.4661410577864506,0.2800188983451071,0.056343442852103326,-0.061435282970782205,0.09932747889423982
40.331425489638235,9.24755845898606,9.415285321972608,-2.5186448049907746,0.46713143815903896,0.2802560357093,0.05635063641296235,-0.061434471567301266,0.09874789447626531
40.34142548963823,9.249807176179088,9.41705219983895,-2.5192591456395173,0.46811600184946023,0.28049385065601,0.056357663860274375,-0.06143365778508925,0.09816412999921548
40.35142548963823,9.252056251241674,9.418822421858001,-2.5198734781385785,0.4690947070606315,0.2807323339095569,0.05636453509892194,-0.061432841632355885,0.09757619322712405
40.36142548963823,9.254305696806396,9.420595978863838,-2.520487802464294,0.4700675120610331,0.28097147627511204,0.0563712600259813,-0.06143202311728236,0.09698409054608219
40.37142548963823,9.256555525502566,9.422372861652445,-2.52110211859308,0.4710343751847053,0.28121126863869783,0.05637784853072239,-0.06143120224802136,0.09638782696424061
40.38142548963823,9.258805749956224,9.42415306098166,-2.5217164265014356,0.471995254831428,0.2814517019672488,0.056384310494538084,-0.06143037903269702,0.09578740611069103
40.39142548963823,9.26105638278958,9.425936567563742,-2.522330726165941,0.47295010947440586,0.28169276731428594,0.05639065578486142,-0.06142955347940501,0.09518283010325701
40.401425489638235,9.263307436625828,9.427723372067936,-2.5229450175632575,0.47389889758561166,0.2819344558064173,0.056396894272922556,-0.06142872559621296,0.09457409968275447
40.40375193219933,9.263831193083226,9.428139533742332,-2.523087927740556,0.4741187534143092,0.2819907716536662,0.05639833136195402,-0.06142853266073214,0.09443188634151986
40.413751932199325,9.266082733709387,9.429930278903472,-2.523701888157102,0.475059936980003,0.2822310642230766,0.056405656000940316,-0.06142709357243127,0.09384293112809462
40.42375193219932,9.268334716909052,9.431724420014131,-2.5243161549243336,0.47599560729208995,0.2824685163017064,0.056416130993992494,-0.06142625909815422,0.09329848019869552
40.43375193219933,9.270587067246055,9.433521848905155,-2.5249304133235757,0.4769260531023468,0.28270292100251465,0.056429357126580065,-0.06142541997715808,0.0927979490370774
40.443751932199326,9.27283975035291,9.435322566691903,-2.525544663308442,0.4778517099386268,0.2829343414935829,0.05644523726801252,-0.06142457622549415,0.09234058819972323
40.45375193219933,9.27509273209462,9.437126574772432,-2.5261589048327044,0.4787730060329993,0.2831628396484376,0.0564636758693853,-0.06142372785915806,0.09192567018559591
40.46375193219932,9.277345978567837,9.438933874827267,-2.526773137850296,0.4796903623415572,0.2833884760499614,0.056484578960160396,-0.061422874894089693,0.09155248932689836
40.47375193219932,9.27959945608938,9.440744468819817,-2.5273873623153094,0.48060419285079364,0.2836113100538703,0.056507854105529415,-0.06142201734617352,0.09122035966489848
40.483751932199326,9.28185313120319,9.442558359001096,-2.5280015781819953,0.4815149044511366,0.28383139976756855,0.05653341043730093,-0.061421155231238325,0.09092861523994832
40.493751932199324,9.284106970647,9.444375547891926,-2.5286157854047633,0.4824228976396247,0.2840488021825341,0.056561158505667945,-0.06142028856505807,0.09067660732896887
40.50375193219932,9.286360941343734,9.446196038279405,-2.529229983938179,0.48332856671034596,0.284263573210939,0.05659101024252858,-0.061419417363352095,0.09046370355401162
40.51375193219933,9.288615010401506,9.448019833216911,-2.529844173736965,0.48423229975443793,0.28447576768564975,0.05662287896148608,-0.061418541641785104,0.09028928788225844
40.523751932199325,9.290869145110625,9.449846936023304,-2.530458354756001,0.48513447871806187,0.28468543937177193,0.056656679348039515,-0.061417661415967266,0.09015276027976718
40.53375193219933,9.293123312936498,9.45167735028543,-2.531072526950321,0.4860354795428935,0.28489264099961326,0.056692327449558974,-0.061416776701454366,0.09005353521710328
40.54375193219933,9.295377481521724,9.453511079857934,-2.5316866902751185,0.4869356721290403,0.2850974242579271,0.05672974067952135,-0.0614158875137477,0.08999104196087057
40.553751932199326,9.297631618654362,9.455348128847008,-2.532300844685737,0.48783542094515575,0.28529983990765545,0.05676883768983253,-0.061414993868294965,0.08996472207308626
40.56375193219933,9.29988569226508,9.457188501609194,-2.5329149901376775,0.4887350850830261,0.2854999377923387,0.05680953836020542,-0.06141409578049032,0.08997402915037866
40.57375193219932,9.30213967042716,9.459032202751384,-2.533529126586591,0.48963501825757005,0.2856977668381157,0.05685176379816,-0.061413193265674404,0.0900184288239872
40.58375193219932,9.30439352135257,9.460879237129753,-2.534143253988285,0.49053556886340666,0.28589337506527557,0.05689543632995162,-0.06141228633913443,0.09009739836517434
40.593751932199325,9.306647213387846,9.462729609853005,-2.5347573722987176,0.4914370799897921,0.286086809598082,0.05694047951364648,-0.06141137501610427,0.09021042572115663
40.60375193219932,9.308900715012166,9.46458332627929,-2.5353714814740016,0.4923398894767105,0.2862781166738941,0.05698681812134598,-0.06141045931176449,0.09035700958321852
40.61375193219933,9.311153994809914,9.466440392001793,-2.535985581470399,0.4932443303809751,0.2864673417288216,0.05703437804034922,-0.061409539241243205,0.09053665745462215
40.623751932199326,9.313407021469246,9.468300812848105,-2.5365996722443236,0.4941507309990084,0.28665452940204866,0.05708308626869346,-0.06140861481961606,0.09074888553604353
40.633751932199324,9.315659763782103,9.470164594880236,-2.5372137537523387,0.4950594148668421,0.28683972353583326,0.05713287091515417,-0.061407686061906275,0.0909932187255725
40.64375193219933,9.317912190640186,9.472031744393258,-2.537827825951158,0.4959707007994766,0.2870229671838424,0.05718366119315817,-0.061406752983084734,0.09126919029110775
40.65375193219933,9.32016427103195,9.473902267918087,-2.5384418887976454,0.4968849028319423,0.2872043026073746,0.05723538744614553,-0.061405815598070075,0.09157634125626693
40.663751932199325,9.322415974040469,9.475776172218374,-2.5390559422488144,0.4978023302952364,0.2873837712875606,0.05728798112594231,-0.06140487392172875,0.09191422041231687
40.67375193219933,9.32466726881808,9.477653464276294,-2.5396699862618255,0.4987232881949447,0.28756141399366814,0.0573413747103403,-0.061403927968875796,0.09228238277142412
40.68375193219932,9.326918124585259,9.479534151291983,-2.5402840207939867,0.4996480772260877,0.287737270785894,0.0573955017001088,-0.0614029777542749,0.0926803894897659
40.69375193219932,9.329168510630618,9.481418240683558,-2.540898045802755,0.500576993773123,0.2879113810153643,0.05745029661899473,-0.06140202329263838,0.09310780786753108
40.703751932199324,9.3314183963078,9.483305740085745,-2.5415120612457316,0.5015103299291508,0.28808378332840795,0.057505695010739495,-0.06140106459862732,0.09356421115512402
40.71375193219932,9.333667751031074,9.48519665735078,-2.542126067080667,0.5024483734086708,0.2882545156575534,0.057561633467587824,-0.06140010168685166,0.09404917809714784
40.72375193219933,9.335916544277021,9.487091000548151,-2.5427400632654567,0.5033914075752626,0.2884236152254215,0.057618049621012274,-0.06139913457187014,0.09456229307136496
40.733751932199326,9.338164745559082,9.488988777948865,-2.543354049758142,0.50433971178421,0.2885911186049828,0.05767488206427308,-0.06139816326819116,0.09510314477715416
40.743751932199324,9.340412324425818,9.490889998024498,-2.5439680265169073,0.5052935614013564,0.2887570617230458,0.057732070348436054,-0.06139718779027285,0.0956713261388509
40.75375193219933,9.34265925046091,9.492794669447184,-2.5445819935000826,0.5062532278031048,0.2889214798602571,0.057789554982372635,-0.06139620815252305,0.0962664343057474
40.76375193219933,9.344905493281638,9.494702801088776,-2.54519595066614,0.5072189783828095,0.28908440765254634,0.05784727743159839,-0.06139522436929939,0.09688807058420107
40.773751932199325,9.347151022531557,9.496614402018336,-2.545809897973697,0.5081910764715434,0.2892458790827638,0.057905180141427835,-0.06139423645490951,0.09753584007704162
40.78375193219933,9.349395807888015,9.498529481506935,-2.546423835381514,0.5091697812641929,0.289405927468464,0.05796320655367721,-0.06139324442361079,0.09820935199402611
40.79375193219933,9.351639819036759,9.50044804901003,-2.5470377628484933,0.510155348152419,0.2895645855184866,0.05802130102818414,-0.061392248289611255,0.09890821855875098
40.803751932199326,9.35388302566788,9.502370114164878,-2.5476516803336784,0.511148028762409,0.28972188533974397,0.058079408834297803,-0.061391248067069734,0.09963205483275604
40.813751932199324,9.35612539747584,9.504295686790552,-2.548265587796254,0.512148070954878,0.28987785843722225,0.058137476150879074,-0.061390243770095866,0.10038047871552624
40.82375193219932,9.358366904159338,9.506224776887855,-2.5488794851955463,0.5131557188255418,0.29003253571407794,0.05819545006619027,-0.061389235412750084,0.10115311094095275
40.83375193219933,9.360607515412868,9.508157394633995,-2.5494933724910207,0.5141712126660032,0.2901859474682146,0.05825327858808748,-0.06138822300904395,0.10194957485817929
40.843751932199325,9.362847200935366,9.510093550389788,-2.5501072496422847,0.5151947887776261,0.290338123363949,0.058310910689373135,-0.06138720657293978,0.10276949677096056
40.85375193219932,9.365085930411803,9.5120332546851,-2.550721116609084,0.5162266797582561,0.2904890924786076,0.05836829623804918,-0.06138618611835135,0.10361250524046557
40.86375193219933,9.36732367350278,9.51397651821119,-2.5513349733513033,0.5172671145946788,0.29063888331853793,0.05842538597512888,-0.06138516165914433,0.10447823073590624
40.873751932199326,9.369560399844532,9.515923351820717,-2.5519488198289655,0.5183163186626203,0.2907875238191088,0.058482131514636854,-0.061384133209136243,0.10536630563453747
40.883751932199324,9.371796079048924,9.517873766527728,-2.5525626560022308,0.5193745137267471,0.29093504134471015,0.058538485343609045,-0.06138310078209652,0.10627636422165705
40.89375193219933,9.374030680700015,9.519827773504867,-2.5531764818313967,0.5204419179338107,0.29108146268844404,0.0585944008233359,-0.06138206439174659,0.10720804265002488
40.90375193219933,9.376264174351011,9.521785384081252,-2.553790297276899,0.5215187456291293,0.29122681404647077,0.05864983223263834,-0.061381024051760005,0.10816097910858215
40.913751932199325,9.378496529526188,9.52374660974386,-2.55440410229931,0.5226052074377662,0.2913711210301226,0.05870473474864531,-0.061379979775762324,0.109134813739895
40.92375193219932,9.380727715699775,9.525711462119679,-2.555017896859339,0.523701510477234,0.29151440870105294,0.058759064393759906,-0.061378931577332,0.11012918808503988
40.93375193219932,9.382957702294823,9.527679952974758,-2.5556316809178283,0.5248078583636409,0.2916567015723469,0.05881277803406977,-0.06137787947000045,0.11114374506053022
40.943751932199326,9.385186458683217,9.529652094214232,-2.556245454435756,0.5259244512116932,0.2917980236085215,0.05886583337934718,-0.06137682346725206,0.1121781289583189
40.953751932199324,9.387413954185615,9.531627897882245,-2.556859217374234,0.5270514856348271,0.2919383982255549,0.05891818898300446,-0.061375763582524154,0.11323198544553222
40.96375193219932,9.389640158063402,9.533607376153826,-2.55747296969451,0.5281891546879436,0.29207784828411343,0.05896980425344963,-0.061374699829207395,0.11430496165675896
40.97375193219933,9.391865039526651,9.535590541342176,-2.5580867113579657,0.5293376476822531,0.29221639606198224,0.05902063949875198,-0.0613736322206453,0.1153967065074522
40.983751932199326,9.394088567719708,9.53757740588514,-2.5587004423261153,0.530497150436415,0.2923540632933008,0.05907065586494298,-0.06137256077013495,0.11650687024218424
40.993751932199324,9.396310711710864,9.539567982335242,-2.5593141625606064,0.531667845355127,0.2924908711817567,0.059119815315362485,-0.061371485490927455,0.11763510429177135
41.00375193219933,9.398531440492377,9.541562283359687,-2.5599278720232173,0.532849911429125,0.2926268404005853,0.05916808063065866,-0.061370406396227976,0.11878106127327373
41.01375193219933,9.400750722980453,9.543560321740355,-2.560541570675858,0.5340435242351829,0.29276199109257,0.05921541540878804,-0.06136932349919569,0.11994439498999553
41.023751932199325,9.402968528014384,9.545562110372776,-2.5611552584805706,0.5352488559363706,0.2928963428702481,0.059261784064671766,-0.06136823681294385,0.12112476044276224
41.03375193219932,9.405184824348561,9.547567662255622,-2.5617689353995283,0.5364660751736933,0.29302991480217155,0.05930715185212243,-0.06136714635054017,0.12232181417960127
41.04375193219932,9.407399580662196,9.549576990501473,-2.5623826013950355,0.5376953469737406,0.29316272539842,0.05935148488784741,-0.06136605212500624,0.12353521435621553
41.053751932199326,9.409612765540352,9.551590108316399,-2.562996256429527,0.5389368330025585,0.293294792650703,0.05939475008749206,-0.06136495414931849,0.12476462042121637
41.063751932199324,9.411824347469178,9.553607028994582,-2.5636099004655653,0.5401906915978429,0.29342613403787776,0.05943691515676398,-0.061363852436408496,0.12600969310899218
41.07375193219932,9.414034294835917,9.55562776591831,-2.5642235334658423,0.5414570777689403,0.2935567665259485,0.05947794859143302,-0.06136274699916294,0.12727009443970846
41.08375193219933,9.416242575928898,9.55765233255797,-2.5648371553931786,0.5427361431968465,0.29368670656806667,0.059517819677331316,-0.061361637850423645,0.12854548771930788
41.093751932199325,9.418449158936397,9.559680742470402,-2.5654507662105224,0.5440280362352936,0.2938159701049815,0.059556498489645164,-0.06136052500298758,0.12983553757157962
41.10375193219933,9.420654011939174,9.561713009286308,-2.5660643658809503,0.5453329018088294,0.29394457255293494,0.059593955912556285,-0.061359408469607295,0.13113991044842618
41.11375193219933,9.422857102919949,9.56374914672294,-2.5666779543676683,0.5466508813440756,0.2940725287921169,0.05963016365820502,-0.061358288262990224,0.13245827451883543
41.123751932199326,9.425058399745499,9.565789168561789,-2.5672915316340075,0.5479821130142764,0.29419985320554765,0.059665094204789645,-0.0613571643957998,0.1337902995291785
41.133751932199324,9.427257870162995,9.567833088643676,-2.5679050976434246,0.5493267317661479,0.2943265596837692,0.05969872078909141,-0.061356036880655676,0.13513565684010653
41.14375193219932,9.429455481800007,9.56988092086875,-2.568518652359504,0.5506848693198827,0.294452661624846,0.05973101740647456,-0.06135490573013371,0.13649401942655362
41.15375193219932,9.4316512021645,9.571932679196475,-2.569132195745953,0.552056654169144,0.29457817193436414,0.05976195881088629,-0.06135377095676597,0.13786506187773218
41.163751932199325,9.43384499864447,9.573988377645003,-2.5697457277666054,0.5534422115827291,0.2947031030258017,0.059791520514315376,-0.06135263257304075,0.13924846041091066
41.17375193219932,9.436036838499927,9.576048030275217,-2.5703592483854196,0.5548416635704828,0.2948274668192509,0.05981967879032903,-0.06135149059140307,0.14064389341305283
41.18375193219933,9.438226688872357,9.578111651204614,-2.570972757566479,0.556255128748938,0.29495127472004606,0.05984641070775533,-0.061350345024253836,0.14205104139638478
41.193751932199326,9.440414516771199,9.580179254588447,-2.5715862552739925,0.5576827225842678,0.2950745376569349,0.05987169407081659,-0.0613491958839509,0.14346958686654443
41.203751932199324,9.442600289067991,9.582250854610312,-2.5721997414722892,0.5591245574495284,0.2951972660920982,0.059895507403765834,-0.06134804318280942,0.144899214434281
41.21375193219933,9.444783972496372,9.584326465482143,-2.5728132161258217,0.5605807426246588,0.29531947002114933,0.05991782995088677,-0.06134688693310185,0.14633961081545505
41.22375193219933,9.446965533652076,9.586406101444213,-2.5734266791991653,0.5620513842964815,0.29544115897313494,0.05993864167649378,-0.061345727147057987,0.1477904648310384
41.233751932199326,9.449144938992932,9.588489776765137,-2.5740401306570173,0.5635365855587017,0.29556234201053416,0.05995792326493194,-0.06134456383686492,0.14925146740711412
41.24375193219933,9.451322154835092,9.590577505732984,-2.574653570464196,0.5650364464322852,0.29568302773442756,0.05997565611397084,-0.06134339701466735,0.1507223118162269
41.25375193219932,9.453497147351705,9.59266930264714,-2.5752669985856413,0.5665510637736274,0.29580322427427563,0.059991822353230466,-0.061342226692567475,0.1522026942072125
41.26375193219933,9.455669882576203,9.594765181828764,-2.575880414986418,0.5680805313261816,0.2959229392924629,0.06000640483471837,-0.06134105288262471,0.15369231308516243
41.273751932199325,9.457840326388892,9.59686515759501,-2.576493819631707,0.5696249399135008,0.29604218001764027,0.06001938708372001,-0.06133987559685692,0.1551908696238401
41.28375193219932,9.460008444516552,9.598969244258177,-2.57710721248681,0.5711843774435692,0.2961609532455482,0.06003075329763365,-0.06133869484724039,0.15669806768236347
41.29375193219933,9.46217420253243,9.601077456125703,-2.577720593517148,0.572758928908801,0.2962792653390162,0.060040488345970394,-0.06133751064570984,0.15821361380520393
41.303751932199326,9.464337565856239,9.603189807500168,-2.57833396268826,0.574348676386041,0.29639712222796316,0.06004857777035413,-0.06133632300415844,0.15973721722218648
41.313751932199324,9.46649849975417,9.605306312679295,-2.5789473199658053,0.575953699036564,0.2965145294093971,0.06005500778452159,-0.06133513193443781,0.16126858984848957
41.32375193219933,9.468656969333857,9.607426985939982,-2.5795606653155603,0.5775740731695724,0.29663149196121774,0.06005976525705566,-0.061333937448358467,0.16280744668923988
41.33375193219933,9.470812939546851,9.609551841538936,-2.5801739987034202,0.5792098721613688,0.29674801453134686,0.06006283772861751,-0.06133273955768933,0.16435350603461155
41.343751932199325,9.472966375188308,9.611680893717633,-2.5807873200954004,0.5808611665299762,0.2968641013462236,0.06006421339625521,-0.06133153827415777,0.1659064890337372
41.35375193219933,9.475117240887272,9.613814156677217,-2.5814006294576313,0.5825280241092579,0.29697975624243955,0.060063881070107766,-0.06133033360945079,0.16746612011225906
41.36375193219932,9.477265501106631,9.615951644578395,-2.5820139267563587,0.584210510049509,0.2970949826668537,0.060061830173252874,-0.06132912557521499,0.16903212697459433
41.373751932199326,9.479411120143132,9.618093371541443,-2.5826272119579454,0.5859086868174607,0.29720978367659273,0.06005805074170693,-0.061327914183056574,0.170604240603939
41.383751932199324,9.48155406212736,9.620239351646191,-2.5832404850288686,0.5876226141962746,0.29732416193905065,0.06005253342442504,-0.06132669944454137,0.1721821952622622
41.39375193219932,9.483694291023761,9.622389598932035,-2.5838537459357225,0.5893523492855459,0.2974381197318891,0.060045269483301016,-0.0613254813711948,0.1737657284903099
41.40375193219933,9.485831770629307,9.624544127392037,-2.584466994645215,0.5910979465352219,0.29755165894984204,0.06003625078482866,-0.06132425997450213,0.17535458123395206
41.413751932199325,9.487966464568286,9.626702950944217,-2.5850802311241687,0.5928594578989463,0.2976647811363663,0.060025469760765365,-0.061323035265909015,0.1769484984626114
41.42375193219932,9.490098336301493,9.628866083470518,-2.585693455339524,0.5946369326415598,0.2977774874429128,0.06001291945479615,-0.061321807256819696,0.17854722818140853
41.43375193219933,9.492227349116085,9.631033538780379,-2.5863066672583352,0.5964304176007539,0.2978897786777742,0.05999859346087154,-0.061320575958599,0.18015052207019708
41.443751932199326,9.494353466123906,9.63320533060398,-2.586919866847768,0.5982399572289886,0.2980016553142805,0.05998248591310621,-0.06131934138257262,0.18175813562169993
41.453751932199324,9.496476650261494,9.63538147259224,-2.5875330540751005,0.6000655935934915,0.2981131174907994,0.05996459148577903,-0.061318103540027105,0.18336982814150918
41.46375193219933,9.498596864290077,9.637561978316816,-2.5881462289077226,0.6019073663762585,0.29822416501073595,0.059944905393333026,-0.0613168624422099,0.18498536274808614
41.47375193219932,9.500714070795574,9.6397468612701,-2.5887593913131366,0.6037653128740519,0.29833479734253276,0.059923423390375416,-0.06131561810032931,0.18660450637276033
41.483751932199326,9.502828232188604,9.641936134865228,-2.589372541258957,0.6056394679984054,0.2984450136196702,0.05990014177167756,-0.06131437052555452,0.18822702975973352
41.493751932199324,9.504939310704465,9.644129812436072,-2.589985678712911,0.6075298642756175,0.2985548126406658,0.059875057372175015,-0.061313119729015576,0.18985270746607363
41.50375193219932,9.507047268402333,9.646327907217092,-2.5905988036428362,0.609436532049934,0.29866419290475527,0.05984816751742767,-0.06131186572180344,0.19148131789925543
41.51375193219933,9.509152067162539,9.648530432322234,-2.5912119160166815,0.6113594996815721,0.29877315264699,0.059819469976208975,-0.06131060851497044,0.1931126434479365
41.523751932199325,9.511253668686876,9.650737400772195,-2.591825015802507,0.6132987932572765,0.29888168978790525,0.05978896303177323,-0.06130934811953063,0.1947464705072121
41.52607837476041,9.511742131676167,9.651251477789422,-2.5919676481377834,0.61375230224357,0.2989068794891224,0.05978160618564205,-0.061309054439748545,0.1951269072172924
41.536078374760415,9.513839773831442,9.653463758977164,-2.592580411367155,0.6157114597222464,0.2990159231327964,0.05974770082995686,-0.061307179946094054,0.19673768294035013
41.54607837476041,9.515934135191745,9.655680690691728,-2.593193476809165,0.6176866837569809,0.29912747604790874,0.05971064171853113,-0.061305907100350394,0.19829906216051976
41.55607837476042,9.5180252385289,9.657902108616293,-2.593806529482096,0.6196772806231579,0.2992411579304273,0.05967023597286844,-0.06130462613475655,0.19981238329190187
41.566078374760416,9.520113076775141,9.660128025550902,-2.5944195693048884,0.6216827753181771,0.2993568989876588,0.059626593395275186,-0.06130333707732471,0.20127877644473355
41.576078374760414,9.52219764260333,9.662358453848476,-2.5950325961967633,0.6237027038276124,0.29947463113651,0.05957982113247583,-0.061302039955969445,0.2026993616578126
41.58607837476041,9.52427892843476,9.664593405414786,-2.59564561007722,0.6257366134188554,0.29959428804609095,0.05953002361813942,-0.061300734798508005,0.20407524615561418
41.59607837476041,9.526356926441483,9.666832891703123,-2.596258610866038,0.6277840630041521,0.299715805190331,0.059477302493949454,-0.06129942163266026,0.20540752221308586
41.60607837476041,9.52843162857022,9.669076923753776,-2.5968715984832706,0.6298446220742981,0.2998391196991355,0.05942175687434887,-0.06129810048604975,0.20669726815284656
41.61607837476041,9.53050302654895,9.671325512202813,-2.5974845728492486,0.6319178705087826,0.2999641703320373,0.05936348339618965,-0.06129677138620403,0.20794554812182517
41.62607837476041,9.532571111888005,9.673578667282985,-2.598097533884576,0.6340033985668649,0.3000908974766922,0.05930257622167479,-0.06129543436055463,0.2091534119540775
41.636078374760416,9.534635875887783,9.675836398821993,-2.598710481510131,0.6361008072059787,0.300219243191117,0.05923912697212259,-0.0612940894364374,0.21032189243186117
41.646078374760414,9.536697309641752,9.678098716243403,-2.5993234156470666,0.6382097081385711,0.30034915121140987,0.059173224717423936,-0.06129273664109249,0.211452004534103
41.65607837476041,9.538755404058804,9.680365628603958,-2.5999363362168064,0.6403297227885393,0.30048056680225527,0.059104956232504814,-0.06129137600166547,0.2125447466448001
41.66607837476042,9.54081014986639,9.68263714459788,-2.600549243141044,0.6424604821873018,0.3006134367417901,0.059034406023620714,-0.06129000754520749,0.21360110052536307
41.676078374760415,9.542861537611763,9.684913272557864,-2.601162136341744,0.6446016269604735,0.3007477093190748,0.05896165633214232,-0.061288631298675365,0.21462203118779824
41.68607837476041,9.544909557669458,9.687194020452997,-2.60177501574114,0.6467528076041511,0.30088333436697,0.058886787074812506,-0.06128724728893178,0.2156084845200098
41.69607837476041,9.546954200244112,9.689479395891574,-2.6023878812617336,0.648913684440388,0.30102026325514797,0.058809875855707794,-0.06128585554274537,0.2165613870541502
41.70607837476041,9.548995455390111,9.691769406155391,-2.6030007328262954,0.6510839266053154,0.3011584487425074,0.058730998211760185,-0.06128445608679186,0.2174816475430021
41.716078374760414,9.551033313014026,9.694064058203164,-2.60361357035786,0.6532632119599374,0.301297844963717,0.058650227634804,-0.06128304894765416,0.21837015699085743
41.72607837476041,9.553067762875482,9.696363358671306,-2.6042263937797268,0.6554512270744071,0.3014384074263589,0.05856763557553718,-0.061281634151822445,0.21922778860320666
41.73607837476041,9.555098794594441,9.698667313873388,-2.604839203015461,0.6576476673929763,0.30158009302609445,0.058483291407078905,-0.061280211725694415,0.22005539607020216
41.746078374760415,9.557126397652347,9.700975929799336,-2.605451997988893,0.6598522372992403,0.30172286005479143,0.058397262410092535,-0.06127878169557527,0.22085381311789312
41.75607837476041,9.559150561409727,9.703289212148379,-2.6060647786241136,0.6620646490931866,0.3018666680501605,0.05830961401849284,-0.061277344087678855,0.22162385551513053
41.76607837476041,9.561171275109057,9.705607166333325,-2.6066775448454753,0.6642846228698966,0.3020114777771835,0.058220409848821854,-0.061275898928127855,0.22236632120439495
41.77607837476042,9.563188527875003,9.70792979748081,-2.6072902965775913,0.6665118865129834,0.3021572512269882,0.05812971170182338,-0.0612744462429538,0.2230819903007356
41.786078374760415,9.565202308721084,9.710257110433327,-2.607903033745335,0.6687461757154727,0.30230395161159745,0.05803757955796047,-0.061272986058097424,0.22377162418581117
41.79607837476041,9.567212606549509,9.712589109742387,-2.6085157562738397,0.6709872342577953,0.30245154340047886,0.057944071511460284,-0.06127151839940843,0.2244359643600533
41.80607837476042,9.569219410165731,9.714925799699014,-2.609128464088496,0.6732348130170983,0.3025999921755227,0.057849244006706095,-0.06127004329264663,0.22507573478398865
41.81607837476041,9.571222708283196,9.717267184341466,-2.609741157114952,0.6754886697320175,0.30274926459498375,0.057753151894444785,-0.06126856076348234,0.22569164227566432
41.826078374760414,9.573222489523348,9.719613267455228,-2.6103538352791102,0.6777485690026828,0.302899328393482,0.057655848431786665,-0.06126707083749635,0.22628437651064945
41.83607837476041,9.575218742419406,9.721964052575478,-2.61096649850713,0.6800142822399086,0.30305015237008054,0.05755738529381245,-0.061265573540180175,0.22685460982027536
41.84607837476041,9.577211455419256,9.724319542980256,-2.6115791467254263,0.6822855879675706,0.30320170642283356,0.05745781250067449,-0.06126406889693598,0.22740299565922312
41.856078374760415,9.579200616892027,9.726679741708615,-2.6121917798606664,0.6845622712048051,0.30335396146105664,0.05735717856483476,-0.06126255693307728,0.22793017037337945
41.86607837476041,9.58118621513733,9.729044651577304,-2.6128043978397706,0.6868441229299108,0.3035068893238199,0.05725553061822856,-0.06126103767382968,0.22843675436296002
41.87607837476041,9.583168238385323,9.731414275180844,-2.61341700058991,0.689130940077718,0.30366046277951964,0.05715291441288566,-0.06125951114433093,0.22892335208616654
41.886078374760416,9.585146674797496,9.733788614892358,-2.6140295880385067,0.6914225255157914,0.30381465552157716,0.05704937432640253,-0.06125797736963103,0.2293905520786786
41.896078374760414,9.587121512472532,9.736167672863544,-2.614642160113234,0.6937186880988195,0.30396944216567506,0.056944953346746055,-0.061256436374692455,0.22983892619904822
41.90607837476041,9.589092739445627,9.738551451022849,-2.615254716742015,0.6960192427388309,0.30412479826002475,0.056839693055599494,-0.061254888184390024,0.23026902940654642
41.91607837476042,9.591060343700008,9.740939951100836,-2.61586725785302,0.6983240095518766,0.30428070015914777,0.05673363383058117,-0.061253332823512176,0.23068140201242524
41.92607837476041,9.593024313168767,9.7433331746333,-2.6164797833746665,0.7006328137572724,0.3044371250081505,0.056626814868945906,-0.06125177031676118,0.23107656990110412
41.93607837476041,9.594984635734873,9.745731122961255,-2.6170922932356184,0.7029454856776036,0.30459405074272483,0.05651927418758475,-0.06125020068875309,0.231455044530171
41.94607837476041,9.59694129923369,9.748133797232992,-2.6177047873647856,0.7052618606798042,0.304751456077205,0.056411048636019194,-0.061248623964018034,0.23181732295515065
41.95607837476041,9.598894291456212,9.750541198399233,-2.6183172656913234,0.7075817793802274,0.30490932052438713,0.05630217384484481,-0.06124704016700019,0.232163886796372
41.966078374760414,9.600843600151377,9.752953327223366,-2.6189297281446318,0.7099050872861069,0.30506762434684026,0.056192684311775765,-0.06124544932205813,0.23249520340337923
41.97607837476041,9.602789213034209,9.755370184298128,-2.619542174654353,0.7122316342310138,0.3052263484716905,0.05608261353465379,-0.06124385145346594,0.23281172734820998
41.98607837476041,9.60473111778601,9.757791770045905,-2.620154605150371,0.714561274365371,0.3053854744890961,0.05597199401365575,-0.06124224658541319,0.2331139004465296
41.996078374760415,9.606669302054359,9.760218084718725,-2.620767019562811,0.7168938661564543,0.3055449846522473,0.05586085725129362,-0.061240634742004973,0.23340215175763088
42.00607837476041,9.608603753456704,9.762649128400898,-2.6213794178220393,0.7192292723104834,0.30570486186071855,0.05574923376901696,-0.06123901594726226,0.23367689763670782
42.01607837476042,9.610534459581103,9.76508490100218,-2.621991799858663,0.72156736003211,0.3058650896913467,0.05563715304331944,-0.06123739022512164,0.23393854072476047
42.02607837476042,9.612461407990446,9.767525402272842,-2.622604165603529,0.7239080004960511,0.3060256523246114,0.05552464363204709,-0.06123575759943605,0.2341874716125086
42.03607837476041,9.614384586227708,9.769970631814335,-2.62321651498772,0.7262510684831099,0.3061865344893186,0.055411733259809845,-0.06123411809397569,0.23442406983932745
42.04607837476041,9.616303981815934,9.772420589079289,-2.623828847942556,0.7285964423801342,0.3063477214625932,0.05529844881799209,-0.06123247173242799,0.23464870389335882
42.05607837476041,9.618219582258254,9.774875273371508,-2.6244411643995944,0.7309440041800075,0.30650919906987817,0.05518481636475308,-0.06123081853839759,0.2348617312115101
42.06607837476041,9.620131375041074,9.777334683848506,-2.6250534642906267,0.7332936394031998,0.3066709536687527,0.055070861141703696,-0.06122915853540677,0.23506349829132495
42.076078374760414,9.622039347634729,9.779798819515106,-2.625665747547682,0.7356452373375243,0.30683297217732264,0.05495660751457607,-0.06122749174689511,0.23525433978589513
42.08607837476041,9.623943487496486,9.782267679236202,-2.626278014103023,0.7379986905883671,0.3069952420126336,0.05484207908118194,-0.061225818196220236,0.23543457996082864
42.09607837476042,9.625843782075208,9.784741261746685,-2.6268902638891443,0.7403538947357535,0.30715775103887843,0.054727298751820454,-0.06122413790665876,0.2356045336832716
42.106078374760415,9.627740218811352,9.787219565651457,-2.6275024968387726,0.7427107483342398,0.30732048756737923,0.054612288749303184,-0.061222450901406246,0.23576450642218952
42.11607837476041,9.629632785136973,9.789702589425417,-2.6281147128848654,0.745069152912913,0.3074834403565878,0.05449707060895409,-0.061220757203577246,0.23591479424836728
42.12607837476042,9.631521468477391,9.792190331415142,-2.628726911960612,0.7474290129211498,0.30764659860194976,0.05438166519045106,-0.061219056836205536,0.23605568395526685
42.136078374760416,9.633406256253808,9.79468278983569,-2.6293390939994317,0.7497902358569093,0.3078099519463078,0.054266092643883664,-0.06121734982224418,0.23618745248752368
42.14607837476041,9.63528713588286,9.797179962774772,-2.6299512589349754,0.752152732116617,0.3079734904623945,0.05415037244711383,-0.06121563618456555,0.23631036748811848
42.15607837476041,9.637164094782122,9.799681848206083,-2.63056340670112,0.7545164145311196,0.3081372045842901,0.05403452351501874,-0.06121391594596271,0.236424688709516
42.16607837476041,9.6390371203703,9.80218844398965,-2.6311755372319694,0.7568811983534431,0.3083010851054995,0.0539185642023205,-0.06121218912914947,0.23653066804849093
42.176078374760415,9.640906200067246,9.804699747871833,-2.6317876504618534,0.7592470012587986,0.3084651231789521,0.053802512303585924,-0.061210455756760374,0.2366285495461282
42.18607837476041,9.642771321294157,9.80721575748563,-2.6323997463253286,0.7616137433345044,0.3086293103153271,0.053686385055506075,-0.06120871585135077,0.23671856941601419
42.19607837476041,9.644632471477296,9.80973647035256,-2.6330118247571765,0.7639813470264042,0.30879363836879875,0.05357019914648611,-0.06120696943539737,0.23680095610557972
42.206078374760416,9.646489638045985,9.812261883876614,-2.633623885692406,0.7663497373548928,0.30895809956768594,0.05345397066527314,-0.061205216531297395,0.23687592960088222
42.216078374760414,9.648342808436949,9.814791995358734,-2.6342359290662487,0.7687188414057167,0.30912268644291563,0.05333771522234828,-0.06120345716137015,0.23694370306413856
42.22607837476041,9.650191970095918,9.817326802000256,-2.6348479548141563,0.7710885882106773,0.30928739181005915,0.05322144797779878,-0.06120169134785748,0.23700448319810424
42.23607837476042,9.652037110477625,9.819866300902914,-2.6354599628718036,0.7734589087476305,0.3094522087693327,0.05310518364131797,-0.06119991911292376,0.23705847024607332
42.246078374760415,9.653878217045808,9.822410489068837,-2.636071953175086,0.7758297359404871,0.309617130705597,0.05298893647220534,-0.06119814047865593,0.23710585799187844
42.25607837476041,9.655715277273934,9.824959363401467,-2.636683925660119,0.7782010046291675,0.3097821512831956,0.052872720286043,-0.06119635546706367,0.2371468338451349
42.26607837476041,9.657548278648255,9.827512920705242,-2.6372958802632396,0.7805726515965156,0.30994726444308596,0.05275654844490367,-0.06119456410007973,0.2371815786664029
42.27607837476041,9.659377208665639,9.83007115768336,-2.6379078169210053,0.7829446156425917,0.31011246441619456,0.052640433841133,-0.06119276639955927,0.2372102665610064
42.286078374760415,9.661202054837906,9.832634070950377,-2.6385197355701906,0.7853168371452391,0.31027774566085803,0.052524389001583044,-0.061190962387281625,0.237233066293436
42.29607837476041,9.663022804692337,9.835201657033275,-2.639131636147786,0.787689258023561,0.3104431028572924,0.05240842609610703,-0.061189152084950536,0.23725014140066042
42.30607837476041,9.664839445771682,9.837773912371462,-2.639743518590998,0.790061821737919,0.31060853090759305,0.052292556937559354,-0.061187335514194106,0.23726165019212667
42.316078374760416,9.66665196563415,9.840350833316771,-2.6403553828372495,0.7924344732899341,0.3107740249357347,0.05217679298179556,-0.061185512696564824,0.23726774574975995
42.326078374760414,9.668460351854037,9.842932416134262,-2.640967228824178,0.794807159196566,0.31093958028322166,0.05206114533344872,-0.06118368365353975,0.2372685760052679
42.33607837476041,9.670264592024536,9.845518657002332,-2.641579056489637,0.7971798275042747,0.31110519250531576,0.05194562473941952,-0.06118184840652097,0.23726428363368784
42.34607837476042,9.672064673755438,9.848109552009705,-2.6421908657716955,0.7995524278874464,0.3112708573873707,0.05183024156684396,-0.06118000697683462,0.23725500575615355
42.356078374760415,9.673860584676797,9.850705097166687,-2.642802656608634,0.8019249112586812,0.3114365708901981,0.05171500589581241,-0.061178159385732886,0.23724087521307013
42.36607837476041,9.675652312439448,9.85330528840624,-2.643414428938944,0.8042972297322528,0.3116023291446153,0.05159992752788318,-0.06117630565439419,0.2372220206801225
42.37607837476041,9.677439844714998,9.855910121583989,-2.644026182701328,0.806669336624114,0.3117681284514454,0.05148501598608219,-0.061174445803923214,0.2371985666682753
42.38607837476041,9.679223169195835,9.85851959247821,-2.6446379178346984,0.8090411864518879,0.31193396528151707,0.05137028051490348,-0.06117257985535087,0.2371706335237731
42.396078374760414,9.681002273595192,9.86113369678995,-2.645249634278179,0.8114127349313381,0.31209983627511273,0.05125573008111485,-0.06117070782963438,0.23713833743927634
42.40607837476041,9.68277714564986,9.863752430145308,-2.6458613319711013,0.8137839389141663,0.3122657382295335,0.051141373386337965,-0.061168829747658096,0.2371017906269179
42.41607837476041,9.684547773118517,9.866375788089616,-2.646473010853009,0.8161547565905081,0.312431668126478,0.05102721881840935,-0.061166945630232096,0.2370611006444457
42.426078374760415,9.686314143783541,9.869003766096096,-2.647084670863653,0.8185251471861011,0.31259762309202527,0.050913274524683465,-0.06116505549809378,0.23701637140904755
42.43607837476041,9.68807624545248,9.871636359569303,-2.647696311942991,0.8208950708471628,0.31276360038004514,0.05079954843908778,-0.06116315937190872,0.23696770357143454
42.44607837476041,9.689834065958053,9.874273563845117,-2.648307934031183,0.8232644886403898,0.3129295973721979,0.05068604828212282,-0.06116125727227066,0.23691519451584073
42.456078374760416,9.691587593158145,9.876915374190753,-2.6489195370685974,0.8256333625529587,0.31309561157793453,0.05057278156086211,-0.0611593492197015,0.23685893836002345
42.466078374760414,9.693336814935817,9.879561785804752,-2.6495311209958055,0.8280016554925256,0.3132616406344965,0.05045975556895222,-0.0611574352346513,0.23679902595526306
42.47607837476041,9.695081719199734,9.882212793817606,-2.6501426857535835,0.8303693312688211,0.3134276823039914,0.050346977390742405,-0.06115551533749854,0.2367355449444686
42.48607837476041,9.696822293886683,9.884868393292626,-2.6507542312829115,0.8327363545885437,0.31359373446867234,0.05023445389994088,-0.06115358954855067,0.23666857975103556
42.49607837476041,9.69855852695902,9.887528579221893,-2.6513657575249763,0.8351026911801009,0.3137597951497924,0.05012219173102235,-0.061151657888042645,0.23659821117806948
42.50607837476041,9.700290406407435,9.890193346535057,-2.651977264421164,0.8374683074978795,0.31392586246766696,0.05001019735010472,-0.061149720376139166,0.23652451739128413
42.51607837476041,9.702017920251457,9.892862690100433,-2.652588751913062,0.8398331706868724,0.3140919346365868,0.0498984770632277,-0.06114777703293508,0.23644757403440664
42.52607837476041,9.703741056539473,9.895536604724999,-2.6532002199424563,0.8421972485826784,0.3142580099648182,0.04978703701635279,-0.061145827878455336,0.23636745422917751
42.536078374760415,9.705459803348711,9.898215085154407,-2.6538116684513318,0.8445605097115028,0.31442408685460294,0.04967588319536334,-0.06114387293265503,0.23628422857535059
42.54607837476041,9.707174148785255,9.900898126072967,-2.654423097381875,0.8469229232901565,0.3145901638021583,0.049565021426064476,-0.06114191221541938,0.23619796515069302
42.55607837476041,9.708884080984294,9.90358572210405,-2.6550345066764693,0.8492844592151794,0.31475623939602165,0.04945445737664474,-0.06113994574656388,0.23610872954583373
42.566078374760416,9.710589588112654,9.906277867811756,-2.655645896277696,0.8516450880349932,0.31492231231020495,0.04934419656213951,-0.06113797354583525,0.2360165849371621
42.576078374760414,9.712290658366186,9.908974557696018,-2.6562572661283377,0.8540047810992769,0.315088381325225,0.04923424430945411,-0.06113599563290935,0.23592159159802795
42.58607837476042,9.713987279972015,9.911675786200137,-2.656868616171373,0.8563635103092734,0.3152544452954374,0.04912460581765875,-0.061134012027393596,0.23582380773248787
42.59607837476041,9.715679441189263,9.914381547712296,-2.6574799463499743,0.8587212480712958,0.31542050314253417,0.0490152861689153,-0.061132022748827536,0.23572328962786307
42.60607837476041,9.71736713030905,9.917091836565564,-2.658091256607508,0.8610779672967338,0.3155865538555442,0.04890629032847706,-0.06113002781668285,0.2356200916547389
42.61607837476041,9.719050335654492,9.91980664703789,-2.6587025468875334,0.8634336414020446,0.31575259649083254,0.0487976231446892,-0.06112802725036335,0.23551426626696548
42.62607837476041,9.720729045580702,9.922525973352103,-2.6593138171338047,0.8657882443087588,0.3159186301721008,0.04868928934898841,-0.06112602106920498,0.2354058640016571
42.63607837476041,9.722403248474794,9.925249809675918,-2.659925067290269,0.8681417504434792,0.3160846540903871,0.04858129355590305,-0.061124009292475794,0.23529493347919272
42.646078374760414,9.724072932756666,9.927978150121522,-2.660536297301067,0.8704941347679213,0.3162506675067007,0.048473640254774235,-0.06112199193937603,0.23518152129493433
42.648404817321506,9.724460726085875,9.928613528040026,-2.6606784935577346,0.871041239994593,0.3162892879956432,0.04844864490836428,-0.061121521816246624,0.23515478556593525
42.658404817321504,9.726124870103405,9.93134719420655,-2.6612893751626845,0.8733919424403132,0.3164552904918915,0.04834014293922524,-0.0611188845320502,0.235032661817618
42.66840481732151,9.727784447846963,9.934085555496093,-2.6619005538259786,0.8757416005616383,0.31662225499550517,0.04823032707060859,-0.06111684599657341,0.2348967707250222
42.67840481732151,9.729439508765097,9.936828386112097,-2.662511712040079,0.8780898336639082,0.31678983372821573,0.04811894243978411,-0.06111479470036656,0.23474769332589127
42.68840481732151,9.731090060911338,9.939575672244317,-2.663122849677598,0.8804365123127548,0.3169580077727326,0.04800602282901685,-0.06111273068734572,0.23458592058571298
42.69840481732151,9.732736112374425,9.942327400045853,-2.663733966611585,0.8827815117579819,0.3171267588536333,0.04789160090239361,-0.06111065400127367,0.2344119273192021
42.7084048173215,9.734377671278338,9.945083555633298,-2.6643450627155265,0.8851247119280572,0.31729606933658216,0.04777570820709175,-0.061108564685759946,0.2342261722083115
42.718404817321506,9.736014745784697,9.9478441250891,-2.664956137863345,0.887465997324429,0.3174659222100277,0.047658375194472295,-0.061106462784261566,0.2340290981196424
42.728404817321504,9.737647344093554,9.950609094456134,-2.6655671919293997,0.8898052572091429,0.31763630110780305,0.047539631172698535,-0.06110434834008236,0.2338211314419685
42.7384048173215,9.739275474443698,9.953378449757812,-2.6661782247884807,0.8921423848919413,0.3178071902185692,0.047419504481120214,-0.061102221396375105,0.23360268448802932
42.74840481732151,9.740899145113344,9.956152177004064,-2.6667892363158074,0.8944772775117839,0.31797857425671333,0.04729802254244429,-0.061100081996142336,0.23337415622317365
42.758404817321505,9.742518364420139,9.958930262191338,-2.6674002263870276,0.8968098360368483,0.3181504384623488,0.04717521186273491,-0.06109793018223633,0.23313593226535967
42.7684048173215,9.744133140721267,9.961712691303168,-2.6680111948782166,0.8991399652425889,0.3183227685982065,0.04705109803650485,-0.06109576599735925,0.23288838496036304
42.77840481732151,9.745743482415463,9.96449945031187,-2.6686221416658773,0.9014675736232125,0.3184955509330253,0.046925705763547224,-0.06109358948406388,0.23263187368531493
42.788404817321506,9.747349397943234,9.96729052517304,-2.6692330666269406,0.9037925735892975,0.3186687722669125,0.046799058800538064,-0.06109140068475268,0.23236674416367792
42.79840481732151,9.748950895786852,9.970085901844934,-2.6698439696387593,0.906114880772066,0.3188424198418636,0.04667118013063695,-0.06108919964168039,0.2320933308414978
42.80840481732151,9.750547984470575,9.972885566291847,-2.670454850579105,0.9084344138989391,0.3190164813251672,0.0465420919933009,-0.06108698639695463,0.23181195731337742
42.8184048173215,9.752140672560644,9.97568950448411,-2.671065709326169,0.9107510947935352,0.31919094480940435,0.04641181588428442,-0.06108476099253585,0.2315229363224768
42.828404817321506,9.753728968665296,9.978497702398215,-2.671676545758564,0.9130648483710856,0.31936579881179483,0.046280372556708055,-0.06108252347023738,0.23122656977682526
42.8384048173215,9.755312881435986,9.981310146019126,-2.6722873597553174,0.9153756025270643,0.3195410322552066,0.04614778204436969,-0.06108027387172644,0.23092314916412193
42.8484048173215,9.75689241956832,9.984126821333291,-2.672898151195878,0.9176832883807824,0.3197166344980112,0.0460140636008139,-0.0610780122385228,0.23061295471105644
42.85840481732151,9.758467591801052,9.986947714343982,-2.673508919960108,0.9199878397296232,0.31989259526514197,0.045879235833747596,-0.061075738612001204,0.2302962572607213
42.868404817321505,9.760038406916127,9.98977281107668,-2.6741196659282798,0.922289192848053,0.3200689046211767,0.04574331675329289,-0.061073453033392434,0.22997331897530202
42.87840481732151,9.761604873738685,9.992602097579088,-2.6747303889810765,0.9245872864876213,0.3202455529703379,0.04560632377198715,-0.061071155543783305,0.22964439333607706
42.88840481732151,9.763167001137056,9.995435559921118,-2.6753410889995917,0.9268820618769608,0.3204225310564927,0.04546827370478294,-0.06106884618411666,0.22930972514341794
42.898404817321506,9.76472479802294,9.99827318419621,-2.6759517658653276,0.9291734626640615,0.32059982995416875,0.045329182781983966,-0.06106652499519192,0.22896955073408642
42.90840481732151,9.766278273352894,10.00111495651832,-2.6765624194601956,0.9314614349885901,0.3207774410721587,0.045189066626999966,-0.0610641920176651,0.22862409778333773
42.91840481732151,9.767827436127627,10.003960863024377,-2.677173049666516,0.9337459274128955,0.3209553561478712,0.04504794027566381,-0.061061847292048624,0.22827358550858576
42.92840481732151,9.769372295391092,10.006810889886276,-2.6777836563670103,0.9360268904784824,0.3211335671889065,0.04490581828389425,-0.06105949085871411,0.22791822623192629
42.938404817321505,9.770912860230473,10.009665023311262,-2.6783942394448017,0.9383042766908124,0.32131206647095006,0.04476271473130398,-0.06105712275789244,0.227558225434762
42.9484048173215,9.77244913977619,10.012523249541944,-2.6790047987834145,0.9405780405193098,0.3214908465377728,0.04461864322119936,-0.0610547430296738,0.2271937817578018
42.95840481732151,9.773981143201894,10.01538555485628,-2.679615334266773,0.9428481383973529,0.3216699002012306,0.0444736168805809,-0.061052351714007656,0.22682508700106188
42.968404817321506,9.775508879724539,10.018251925569242,-2.6802258457792005,0.9451145286384255,0.32184922052722004,0.04432764837839187,-0.061049948850703785,0.22645232645902164
42.978404817321504,9.77703235860576,10.021122348027067,-2.6808363332054213,0.94737717162252,0.3220288008564395,0.04418074987723947,-0.06104753447943111,0.22607567830214384
42.98840481732151,9.778551589150426,10.023996808615246,-2.6814467964305564,0.9496360295242247,0.32220863477228623,0.044032933102289167,-0.06104510863971912,0.22569531449487523
42.99840481732151,9.780066580705695,10.02687529376512,-2.6820572353401193,0.9518910660624015,0.322388716067231,0.043884209401795875,-0.061042671370959894,0.2253114016936031
43.008404817321505,9.781577342661027,10.029757789953857,-2.682667649820014,0.9541422465001667,0.32256903874281506,0.043734589747108706,-0.06104022271240813,0.22492410124673018
43.01840481732151,9.783083884448175,10.032644283704478,-2.6832780397565372,0.9563895376448898,0.32274959700965017,0.04358408473267095,-0.06103776270318112,0.22453356919467435
43.02840481732151,9.784586215541193,10.035534761585838,-2.683888405036375,0.9586329078481944,0.3229303852874184,0.04343270457602008,-0.061035291382258765,0.22413995626986893
43.038404817321506,9.786084345456123,10.038429210213877,-2.684498745546604,0.960872326937314,0.3231113981931426,0.043280459132775215,-0.06103280878848467,0.22374340817958713
43.048404817321504,9.787578283752337,10.041327616246518,-2.6851090611746904,0.96310776637451,0.3232926305582856,0.04312735785489807,-0.06103031496056494,0.2233440650877739
43.0584048173215,9.789068040031257,10.044229966389576,-2.68571935180849,0.9653391990649836,0.323474077407309,0.042973409840250394,-0.06102780993706927,0.22294206224684193
43.06840481732151,9.790553623934851,10.047136247402882,-2.6863296173362405,0.9675665991199959,0.32365573392573854,0.042818623890088635,-0.06102529375643332,0.22253753085529462
43.078404817321506,9.792035045145646,10.050046446100284,-2.6869398576465606,0.9697899418565403,0.3238375954601166,0.04266300850914242,-0.061022766456958755,0.22213059805897956
43.0884048173215,9.793512313386707,10.052960549349656,-2.6875500726284507,0.9720092037973411,0.3240196575180016,0.04250657190561469,-0.06102022807681324,0.22172138695108867
43.09840481732151,9.794985438421655,10.055878544072893,-2.688160262171293,0.974224362670853,0.32420191576796853,0.042349321991181674,-0.06101767865403044,0.2213100165721582
43.10840481732151,9.796454430054368,10.058800417246422,-2.6887704261648495,0.9764353973843674,0.32438436603523896,0.0421912663871012,-0.061015118226510526,0.2208966020189768
43.118404817321505,9.79791929812899,10.061726155899283,-2.68938056449926,0.9786422880459917,0.3245670042990963,0.042032412415369556,-0.06101254683202084,0.2204812544459258
43.12840481732151,9.799380052531024,10.064655747111779,-2.6899906770650492,0.9808450160433096,0.32474982670638364,0.041872767081201745,-0.06100996450819397,0.22006408073408543
43.13840481732151,9.800836703184345,10.067589178023844,-2.6906007637531135,0.9830435637251906,0.3249328295297741,0.04171233715145435,-0.0610073712925316,0.2196451846320483
43.148404817321506,9.802289260050955,10.070526435835635,-2.691210824454721,0.9852379143772377,0.3251160091642958,0.04155112916052071,-0.06100476722240491,0.21922466684774908
43.158404817321504,9.803737733130985,10.073467507807523,-2.691820859061511,0.9874280522217862,0.32529936212733185,0.04138914941033099,-0.061002152335054544,0.21880262504846448
43.1684048173215,9.805182132462699,10.076412381260102,-2.6924308674654953,0.9896139624179089,0.32548288505862083,0.04122640397035186,-0.06099952666759062,0.21837915386081239
43.17840481732151,9.806622468122484,10.079361043574181,-2.6930408495590568,0.9917956310614084,0.325666574720256,0.04106289867758702,-0.06099689025699273,0.21795434487075327
43.188404817321505,9.808058750223992,10.082313482191298,-2.6936508052349453,0.993973045143782,0.3258504279892447,0.04089863914560845,-0.06099424314011109,0.21752828680283337
43.1984048173215,9.809490988919007,10.08526968460985,-2.6942607343862837,0.9961461926566222,0.32603444186709973,0.04073363073629422,-0.06099158535366567,0.21710106520658035
43.20840481732151,9.810919194397396,10.088229638387801,-2.6948706369065647,0.9983150625277613,0.3262186134755547,0.04056787857787834,-0.06098891693424586,0.21667276262261587
43.218404817321506,9.81234337688421,10.091193331147787,-2.695480512689643,1.0004796444139168,0.3264029400282961,0.04040138761580135,-0.06098623791831407,0.2162434593452898
43.228404817321504,9.813763546639647,10.094160750577151,-2.6960903616297345,1.0026399286983017,0.32658741883060827,0.04023416261328015,-0.060983548342205714,0.2158132334319197
43.23840481732151,9.815179713959047,10.09713188442796,-2.6967001836214157,1.0047959064906238,0.32677204727937337,0.040066208151307965,-0.06098084824212925,0.21538216070279076
43.24840481732151,9.816591889172901,10.100106720516989,-2.6973099785596264,1.0069475696270864,0.3269568228630713,0.03989752862865435,-0.06097813765416614,0.21495031474115597
43.25840481732151,9.818000082646842,10.103085246725733,-2.697919746339665,1.0090949106703884,0.32714174316177996,0.03972812826186521,-0.06097541661427088,0.21451776689323596
43.2684048173215,9.819404304780754,10.106067451000623,-2.69852948685719,1.0112379228832689,0.327326805842223,0.03955801109115129,-0.060972685158272005,0.21408458638696024
43.2784048173215,9.82080456600875,10.109053321349892,-2.699139200008218,1.0133766002937068,0.3275120086617095,0.039387180961757126,-0.06096994332187193,0.21365084016862354
43.288404817321506,9.822200876800709,10.112042845844588,-2.6997488856891305,1.0155109377033442,0.3276973494735135,0.03921564152386527,-0.06096719114064519,0.2132165928047013
43.298404817321504,9.823593247658357,10.115036012623394,-2.7003585437966593,1.0176409304859044,0.32788282619930437,0.039043396282466405,-0.06096442865004278,0.21278190722716303
43.3084048173215,9.824981689115106,10.118032809892759,-2.7009681742278864,1.01976657458043,0.3280684368281238,0.03887044859898421,-0.06096165588539236,0.21234684476001447
43.31840481732151,9.82636621173606,10.121033225926894,-2.7015777768802467,1.021887866491282,0.32825417941638585,0.03869680169127536,-0.06095887288189827,0.21191146511929748
43.328404817321506,9.827746826118014,10.12403724906778,-2.7021873516515234,1.024004803288141,0.3284400520878769,0.03852245863362952,-0.06095607967464149,0.21147582641309012
43.33840481732151,9.829123542889445,10.127044867725157,-2.702796898439852,1.026117382606006,0.32862605303375564,0.03834742235676938,-0.06095327629857968,0.2110399851415066
43.34840481732151,9.830496372710439,10.130056070376558,-2.7034064171437184,1.0282256026432026,0.32881218051220507,0.03817169564831812,-0.060950462788547245,0.21060399620529818
43.35840481732151,9.831865326270195,10.133070845566415,-2.7040159076619523,1.0303294621348442,0.32899843284050945,0.037995281157639324,-0.060947639179257676,0.2101679130729657
43.36840481732151,9.83323041429088,10.13608918190278,-2.704625369893739,1.0324289604904133,0.32918480841405845,0.03781818136137793,-0.06094480550529926,0.2097317872669481
43.3784048173215,9.834591647524478,10.139111068062043,-2.705234803738609,1.0345240976283037,0.32937130568624706,0.037640398605895915,-0.06094196180113858,0.2092956689368301
43.3884048173215,9.835949036750803,10.142136492790188,-2.705844209096436,1.0366148739115855,0.32955792315891475,0.037461935123032364,-0.0609391081011226,0.20885960711008394
43.398404817321506,9.837302592777485,10.145165444902787,-2.706453585867431,1.0387012901479988,0.3297446593823449,0.03728279303010407,-0.060936244439478655,0.20842364969207106
43.408404817321504,9.838652326439979,10.148197913284994,-2.707062933952146,1.040783347589958,0.32993151295526496,0.03710297432990511,-0.06093337085031446,0.20798784346604093
43.41840481732151,9.839998248601555,10.15123388689156,-2.7076722532514723,1.04286104793455,0.33011848252484677,0.03692248091070699,-0.06093048736761812,0.2075522340931314
43.42840481732151,9.84134037015331,10.154273354746818,-2.7082815436666428,1.0449343933235358,0.3303055667867063,0.036741314546258605,-0.060927594025258124,0.20711686611236868
43.438404817321505,9.842678702014053,10.157316305944693,-2.7088908050992284,1.047003386341719,0.330492764484584,0.036559476896167536,-0.06092469085698343,0.20668178294832054
43.44840481732151,9.844013255127122,10.16036272964724,-2.7095000374511335,1.049068030001901,0.33068007440361763,0.036376969508134405,-0.06092177789642619,0.20624702704352577
43.45840481732151,9.84534404046517,10.163412615082201,-2.7101092406246083,1.0511283278607604,0.33086749538742527,0.03619379378886466,-0.060918855177096644,0.20581263940661834
43.468404817321506,9.846671069026774,10.166465951546932,-2.7107184145222387,1.053184283882428,0.33105502632134876,0.03600995103929597,-0.060915922732386926,0.20537866008928424
43.47840481732151,9.847994351834094,10.16952272840917,-2.71132755904694,1.0552359023882565,0.3312426661244538,0.035825442466969296,-0.06091298059557333,0.20494512839183696
43.4884048173215,9.849313899932874,10.172582935107016,-2.7119366741019566,1.05728318805682,0.33143041374953014,0.03564026918602902,-0.06091002879981637,0.20451208286321787
43.49840481732151,9.850629724392446,10.175646561148959,-2.7125457595908626,1.0593261459239176,0.3316182681830918,0.035454432217222484,-0.06090706737816069,0.2040795613009951
43.508404817321505,9.851941836305725,10.178713596113855,-2.71315481541756,1.0613647813825668,0.3318062284453765,0.03526793248790068,-0.060904096363535165,0.20364760075136515
43.5184048173215,9.853250246789209,10.18178402965094,-2.7137638414862804,1.0633991001830083,0.3319942935903459,0.035080770832017764,-0.06090111578875282,0.2032162375091518
43.52840481732151,9.854554966982983,10.184857851479823,-2.7143728377015846,1.065429108432705,0.3321824627056858,0.03489294799013122,-0.060898125686510894,0.20278550711780644
43.538404817321506,9.855856008049019,10.187935051389966,-2.714981803968359,1.0674548125873875,0.3323707349097718,0.034704464611250777,-0.0608951260893922,0.20235544443335507
43.548404817321504,9.857153381170185,10.191015619237326,-2.7155907401918142,1.0694762195048482,0.3325591093544769,0.03451532123777715,-0.060892117029865175,0.2019260834998814
43.55840481732151,9.858447097554944,10.194099544946543,-2.7161996462774973,1.071493336449099,0.3327475852317376,0.03432551830586782,-0.060889098540279914,0.20149745743326375
43.56840481732151,9.859737168431076,10.197186818512543,-2.7168085221312746,1.0735061709846356,0.3329361617564922,0.034135056172022685,-0.06088607065287427,0.20106959886046033
43.578404817321506,9.861023605045364,10.200277430000543,-2.71741736765933,1.0755147309727653,0.3331248381659433,0.03394393511397112,-0.06088303339977417,0.2006425399372033
43.58840481732151,9.86230641866358,10.20337136954605,-2.7180261827681655,1.0775190245716062,0.33331361371955764,0.03375215533067199,-0.06087998681299363,0.2002163123479986
43.5984048173215,9.86358562057049,10.20646862735485,-2.7186349673646006,1.079519060236087,0.33350248769906615,0.033559716942313786,-0.06087693092443472,0.1997909473061263
43.60840481732151,9.864861222069859,10.209569193703025,-2.719243721355774,1.0815148467179512,0.33369145940846445,0.03336661999031414,-0.060873865765887575,0.19936647555363943
43.618404817321505,9.866133234484444,10.21267305893694,-2.7198524446491406,1.0835063930657503,0.33388052817401204,0.03317286443732053,-0.06087079136903042,0.19894292736136576
43.6284048173215,9.867401669155996,10.215780213473247,-2.7204611371524745,1.085493708624848,0.33406969334423264,0.03297845016720981,-0.06086770776542954,0.19852033252890655
43.63840481732151,9.868666537443286,10.21889064779813,-2.721069798773863,1.0874768030338031,0.33425895428734476,0.03278337698567617,-0.060864614986540846,0.1980987204342368
43.648404817321506,9.869927850720513,10.222004352463722,-2.7216784294217056,1.0894556862739884,0.33444831039334105,0.03258764460639481,-0.06086151306371015,0.1976781199296199
43.658404817321504,9.871185620383766,10.225121318091048,-2.7222870290047303,1.091430368666959,0.3346377610810605,0.03239125265292269,-0.06085840202816795,0.19725855922306418
43.66840481732151,9.872439857843617,10.228241535370652,-2.7228955974319713,1.0934008607954815,0.3348273057833223,0.03219420067865584,-0.06085528191103646,0.19684006624524522
43.67840481732151,9.873690574524682,10.23136499506253,-2.7235041346127713,1.0953671735007506,0.335016943946193,0.031996488167496756,-0.06085215274332991,0.19642266866605626
43.688404817321505,9.874937781865619,10.234491687996146,-2.7241126404567777,1.0973293178823909,0.3352066750289865,0.031798114533854435,-0.060849014555954574,0.19600639389460822
43.69840481732151,9.876181491319125,10.237621605070416,-2.724721114873945,1.099287305298456,0.335396498504264,0.03159907912264438,-0.06084586737970879,0.19559126907922963
43.70840481732151,9.877421714351943,10.240754737253717,-2.7253295577745353,1.1012411473654282,0.33558641385783405,0.03139938120928858,-0.06084271124528293,0.19517732110746658
43.718404817321506,9.878658462444854,10.243891075583882,-2.725937969069115,1.1031908559582182,0.33577642058875257,0.031199019999715617,-0.060839546183259416,0.1947645766060831
43.728404817321504,9.879891747092683,10.24703061116821,-2.7265463486685593,1.1051364432101694,0.33596651820932305,0.030997994630360237,-0.060836372224112714,0.1943530619410601
43.7384048173215,9.881121579804294,10.250173335183424,-2.7271546964840483,1.107077921513421,0.3361567062451169,0.030796304168062987,-0.060833189398209336,0.1939428032167433
43.74840481732151,9.882347972100412,10.253319238871086,-2.7277630124270695,1.1090153035810346,0.3363469842377914,0.030593947593049182,-0.06082999773580798,0.19353382614530504
43.758404817321505,9.883570935512278,10.25646831353978,-2.72837129640941,1.110948602393023,0.3365373517391441,0.030390923813247143,-0.06082679726706146,0.1931261562240076
43.7684048173215,9.884790481582593,10.259620550568437,-2.7289795483431565,1.112877831147895,0.3367278083081623,0.030187231677482586,-0.06082358802201714,0.19271981885025677
43.7707312598826,9.885073713212124,10.260354352924187,-2.7291210500572056,1.1133260729862764,0.336772129659585,0.030139747911945902,-0.06082284015440938,0.19262548055446618
43.7807312598826,9.886289248873835,10.263510259422219,-2.729728935630731,1.11524988192408,0.33696211327157394,0.029933871297822125,-0.06081900436148398,0.19219622973585337
43.7907312598826,9.887501229573115,10.26666950482728,-2.7303371094697617,1.117169502096974,0.3371519618857981,0.02972556899673686,-0.06081576003316999,0.19172014006769778
43.8007312598826,9.888709865565692,10.269831856372116,-2.7309452507632774,1.1190841328553598,0.337341335491294,0.02951466950157881,-0.060812495269865284,0.19119849690372562
43.8107312598826,9.889915186620959,10.272997291145467,-2.731553359307278,1.1209933248533257,0.3375302152386974,0.029301292058831845,-0.06080921014163194,0.19063257868836214
43.8207312598826,9.891117222900348,10.276165786205155,-2.7321614348984613,1.122896641260888,0.3377185837309876,0.029085552669600993,-0.060805904718285585,0.19002361655757832
43.8307312598826,9.892316004958786,10.279337318584393,-2.7327694773342235,1.124793657462343,0.3379064249829524,0.028867564156623608,-0.06080257906939612,0.18937279470162238
43.840731259882595,9.89351156374822,10.2825118652924,-2.7333774864126594,1.126683961054929,0.3380937244131059,0.028647436155679835,-0.060799233264287586,0.18868124994969512
43.8507312598826,9.89470393060497,10.28568940334492,-2.7339854619325528,1.1285671504280663,0.338280468706544,0.02842527548296226,-0.06079586737204074,0.18795007561576382
43.8607312598826,9.895893137246771,10.288869909773318,-2.7345934036933746,1.1304428343310984,0.338466645770497,0.028201186244448954,-0.06079248146149393,0.1871803225782282
43.8707312598826,9.897079215772646,10.292053361625193,-2.7352013114952847,1.1323106318404699,0.3386522447306125,0.02797526984394696,-0.06078907560124316,0.18637299935936535
43.8807312598826,9.898262198664565,10.29523973596953,-2.735809185139127,1.1341701720425108,0.3388372558869642,0.027747625053557486,-0.06078564985964284,0.18552907269135227
43.8907312598826,9.899442118789496,10.298429009897001,-2.7364170244264314,1.1360210940261632,0.3390216707085075,0.027518348010442048,-0.060782204304805555,0.18464946737379895
43.9007312598826,9.900619009387261,10.301621160546794,-2.7370248291594055,1.1378630455236354,0.3392054817004425,0.02728753256825006,-0.06077873900460501,0.18373507004827305
43.9107312598826,9.901792904068678,10.304816165111554,-2.7376325991409334,1.139695682651103,0.3393886823774837,0.027055270362967183,-0.06077525402667654,0.18278672988810432
43.9207312598826,9.902963836815454,10.308014000837753,-2.7382403341745727,1.1415186698836246,0.33957126726104125,0.026821650819103253,-0.060771749438417226,0.18180525866345035
43.930731259882606,9.904131841981517,10.311214645029619,-2.738848034064556,1.1433316797237112,0.3397532318345889,0.02658676122514518,-0.060768225306986695,0.1807914314885831
43.9407312598826,9.905296954295633,10.314418075047774,-2.7394556986157887,1.145134392766129,0.33993457254494586,0.026350686711859375,-0.06076468169930671,0.17974598653946192
43.950731259882595,9.90645920885,10.31762426833124,-2.7400633276338437,1.1469264964711028,0.3401152866845254,0.02611351057130008,-0.06076111868206415,0.1786696285129473
43.9607312598826,9.907618641098207,10.3208332024021,-2.7406709209249556,1.1487076848848554,0.34029537236273816,0.025875314328071407,-0.060757536321711735,0.17756302939189755
43.9707312598826,9.908775286855231,10.324044854865507,-2.741278478296023,1.150477658638365,0.3404748285058591,0.02563617773963942,-0.060753934684468006,0.17642682844846755
43.980731259882596,9.909929182297754,10.32725920341239,-2.741885999554607,1.1522361246407697,0.3406536548196034,0.025396178869307628,-0.06075031383631818,0.17526163300666528
43.9907312598826,9.911080363968678,10.330476225816144,-2.742493484508929,1.1539827961844098,0.3408318517898193,0.02515539405064904,-0.060746673843013604,0.17406801804575042
44.0007312598826,9.912228868767718,10.333695899947886,-2.743100932967868,1.155717392021338,0.3410094205982649,0.024913898130682417,-0.06074301477007426,0.17284652878825213
44.010731259882604,9.913374733947752,10.336918203783465,-2.743708344740952,1.157439635868972,0.3411863630735456,0.02467176459694351,-0.0607393366827902,0.17159768204764825
44.0207312598826,9.914517997114823,10.340143115403468,-2.744315719638362,1.1591492564100963,0.3413626816911137,0.024429065577485077,-0.06073563964622154,0.17032196622836546
44.0307312598826,9.91565869622807,10.343370612993919,-2.7449230574709285,1.1608459871688157,0.34153837955954913,0.024185871871349775,-0.060731923725198894,0.16901984162798203
44.040731259882605,9.916796869603578,10.34660067484446,-2.74553035805013,1.1625295663176147,0.34171346038993095,0.02394225298774579,-0.06072818898432367,0.16769174081166177
44.0507312598826,9.917932555911566,10.349833279352355,-2.746137621188094,1.1641997364938157,0.34188792848217914,0.02369827719640553,-0.06072443548796857,0.16633806913304833
44.060731259882594,9.919065794169361,10.353068405033246,-2.746744846697586,1.1658562438888498,0.342061788640006,0.02345401176478134,-0.06072066330028051,0.16495920711812884
44.0707312598826,9.920196623741155,10.35630603052161,-2.7473520343920113,1.1674988382009177,0.34223504616621336,0.02320952297013683,-0.0607168724851808,0.16355551058614629
44.0807312598826,9.921325084338001,10.35954613457075,-2.7479591840854125,1.1691272726338904,0.34240770686258554,0.022964876099825515,-0.06071306310636512,0.16212731065203762
44.0907312598826,9.922451216018919,10.362788696052265,-2.748566295592469,1.1707413035942784,0.34257977699708875,0.022720135525025262,-0.0607092352273046,0.1606749143501188
44.1007312598826,9.92357505919521,10.366033693952165,-2.749173368728498,1.172340690830255,0.3427512633095153,0.02247536465767184,-0.060705388911244856,0.15919860421803206
44.1107312598826,9.924696654623617,10.369281107379113,-2.7497804033094457,1.173925196720747,0.34292217295258004,0.022230626140382192,-0.06070152422120867,0.15769864005142045
44.120731259882604,9.925816043403996,10.372530915567447,-2.7503873991518875,1.1754945858311967,0.34309251345147046,0.021985981961821385,-0.06069764121999758,0.15617525993587839
44.1307312598826,9.92693326697932,10.375783097877184,-2.7509943560730212,1.177048624913563,0.3432622927038461,0.0217414934567026,-0.060693739970191916,0.15462868024695153
44.1407312598826,9.928048367135704,10.379037633793947,-2.7516012738906723,1.1785870828857088,0.34343151897795826,0.02149722131101502,-0.06068982053415089,0.15305909568530407
44.150731259882605,9.92916138600554,10.382294502925207,-2.7522081524232878,1.1801097304898922,0.34360020087781523,0.021253225644456947,-0.060685882974013734,0.15146667976052902
44.1607312598826,9.93027236606968,10.385553684998664,-2.7528149914899402,1.181616340515917,0.343768347359503,0.0210095659490336,-0.06068192735169844,0.14985158432965903
44.1707312598826,9.93138135015217,10.388815159867184,-2.7534217909103185,1.183106686971451,0.34393596766475687,0.02076630130985737,-0.060677953728905235,0.14821394129797816
44.1807312598826,9.932488381419649,10.39207890750914,-2.754028550504725,1.18458054483756,0.3441030713000717,0.0205234904687538,-0.060673962167117595,0.14655386307740875
44.1907312598826,9.933593503381354,10.395344908028399,-2.754635270094073,1.1860376900687006,0.34426966803670156,0.020281191824262475,-0.06066995272760227,0.14487144258651732
44.2007312598826,9.934696759889235,10.398613141654137,-2.7552419494998897,1.1874778995719835,0.3444357679089635,0.0200394634369273,-0.06066592547140934,0.14316675327170222
44.2107312598826,9.935798195142578,10.40188358873437,-2.7558485885443114,1.1889009508499744,0.34460138118246864,0.019798363116522066,-0.06066188045937347,0.14143984933402956
44.2207312598826,9.93689785368929,10.405156229735566,-2.7564551870500873,1.190306622256467,0.34476651837207517,0.01955794835221919,-0.06065781775211245,0.13969076535130706
44.2307312598826,9.937995780423108,10.40843104524368,-2.7570617448405694,1.1916946922179237,0.3449311901845346,0.019318276520675817,-0.06065373741003074,0.1379195174695632
44.2407312598826,9.939092020583882,10.411708015963082,-2.7576682617397092,1.1930649389896164,0.3450954074995297,0.01907940494971736,-0.06064963949332057,0.13612610370999587
44.2507312598826,9.940186619757572,10.41498712271657,-2.7582747375720587,1.1944171406556283,0.3452591813696745,0.018841390918337513,-0.06064552406196198,0.13431050396897215
44.260731259882604,9.94127962387626,10.418268346445332,-2.7588811721627686,1.1957510751276934,0.34542252302043175,0.01860429165699656,-0.06064139117572279,0.13247268001829993
44.2707312598826,9.942371079223284,10.421551668201507,-2.7594875653375865,1.1970665198014,0.3455854438245938,0.018368164433524507,-0.060637240894159894,0.13061257545506388
44.2807312598826,9.94346103243604,10.424837069145513,-2.7600939169228584,1.1983632517389524,0.34574795531266844,0.018133066499643136,-0.060633073276617856,0.12873011538343335
44.2907312598826,9.944549530504283,10.428124530546356,-2.7607002267455254,1.1996410471391412,0.345910069138223,0.017899055234993872,-0.06062888838223161,0.12682520700004862
44.300731259882596,9.945636620772339,10.431414033777422,-2.7613064946331125,1.2008996809067092,0.34607179704809193,0.017666188260100284,-0.06062468626992846,0.12489773981139599
44.3107312598826,9.946722350939122,10.434705560316472,-2.7619127204137324,1.2021389266523534,0.3462331508823776,0.01743452343636752,-0.060620466998428026,0.12294758563380306
44.3207312598826,9.947806769058129,10.437999091745636,-2.762518903916083,1.2033585566927252,0.34639414257444967,0.017204118866082415,-0.06061623062624231,0.12097459859344005
44.3307312598826,9.948889923540314,10.441294609747425,-2.7631250449694487,1.2045583418875985,0.3465547841407172,0.01697503293371777,-0.06061197721167628,0.11897861496668276
44.3407312598826,9.949971863163256,10.444592096092578,-2.7637311434036964,1.2057380513829004,0.34671508766356074,0.016747324365153488,-0.06060770681282822,0.1169594525760367
44.3507312598826,9.951052637065995,10.447891532646702,-2.764337199049278,1.206897452727961,0.3468750652990728,0.0165210522005413,-0.060603419487589384,0.11491691117474735
44.3607312598826,9.952132294756142,10.451192901359317,-2.7649432117372195,1.2080363110637602,0.34703472922734985,0.016296276008597916,-0.060599115293647775,0.11285077222194008
44.370731259882604,9.953210886110435,10.45449618426305,-2.765549181299119,1.2091543890791363,0.34719409164978243,0.016073055897977202,-0.06059479428848835,0.11076079885696288
44.3807312598826,9.95428846137474,10.457801363473633,-2.7661551075671484,1.2102514470107875,0.3473531647890549,0.015851452517270166,-0.06059045652939303,0.10864673589938652
44.3907312598826,9.955365071164222,10.461108421189667,-2.766760990374053,1.21132724263408,0.34751196088863817,0.015631527057365584,-0.060586102073440715,0.10650830983308175
44.4007312598826,9.9564407664756,10.464417339676816,-2.767366829553147,1.212381530760579,0.3476704921852459,0.01541334137757913,-0.06058173097750879,0.10434522772878
44.410731259882596,9.957515598684532,10.467728101270927,-2.7679726249383183,1.2134140635599344,0.34782877092700604,0.015196957917569082,-0.060577343298271226,0.10215717749473854
44.4207312598826,9.95858961955124,10.47104068837039,-2.7685783763640193,1.2144245898940735,0.3479868093362513,0.014982439876308862,-0.060572939092201857,0.09994382739128277
44.4307312598826,9.959662881227011,10.474355083427687,-2.769184083665263,1.2154128549091807,0.34814461958689075,0.01476985131860322,-0.06056851841557606,0.09770482545646603
44.4407312598826,9.960735436254202,10.477671268949383,-2.769789746677622,1.2163786000356982,0.3483022138044096,0.014559257175088242,-0.060564081324470734,0.09543979950606968
44.4507312598826,9.961807337566235,10.48098922749613,-2.7703953652372286,1.2173215629883254,0.3484596040658694,0.014350723242231344,-0.06055962787476434,0.0931483571336031
44.4607312598826,9.962878638490668,10.484308941678973,-2.771000939180775,1.2182414776408208,0.3486168023935683,0.014144316214205836,-0.060555158122137236,0.09083008536709591
44.470731259882605,9.963949392767061,10.487630394137302,-2.771606468345508,1.2191380734409212,0.3487738207266366,0.013940103827084369,-0.0605506721220727,0.08848454874184392
44.4807312598826,9.965019654535146,10.490953567552502,-2.7722119525692355,1.2200110758677298,0.34893067094464153,0.013738154741694672,-0.06054616992985546,0.08611129062765102
44.4907312598826,9.966089478353489,10.494278444626161,-2.772817391690313,1.2208602053759847,0.3490873648121519,0.013538538821037394,-0.06054165160057583,0.08370983102758381
44.5007312598826,9.967158919202621,10.497605008076345,-2.7734227855476434,1.2216851772476456,0.34924391397107707,0.013341327168684029,-0.06053711718913019,0.08127966621761935
44.5107312598826,9.96822803248506,10.500933240637597,-2.7740281339806767,1.2224857015918955,0.3494003299406668,0.013146592128776436,-0.06053256675022103,0.07882026874663925
44.520731259882595,9.969296874025291,10.50426312506093,-2.7746334368294088,1.223261483345138,0.3495566241175112,0.012954407286027567,-0.06052800033835692,0.07633108743643846
44.5307312598826,9.97036550008048,10.507594644101646,-2.7752386939343805,1.2240122218754983,0.3497128077562211,0.012764847565786561,-0.060523418007853345,0.07381154598514321
44.5407312598826,9.97143396735395,10.510927780502508,-2.7758439051366777,1.224737610614617,0.349868891954147,0.012577989321204509,-0.06051881981283258,0.07126104133394284
44.5507312598826,9.972502332986986,10.514262517003385,-2.7764490702779296,1.2254373371985332,0.3500248876569458,0.012393910302261299,-0.060514205807224025,0.06867894461024682
44.5607312598826,9.973570654583849,10.517598836313985,-2.7770541892002996,1.2261110823573695,0.35018080560159953,0.012212689943698023,-0.060509576044767546,0.06606459769535854
44.5707312598826,9.974638990212467,10.520936721113097,-2.7776592617464857,1.2267585198871558,0.3503366563149986,0.012034409372244785,-0.060504930579013544,0.06341731313144738
44.580731259882604,9.975707398404436,10.524276154048579,-2.7782642877597192,1.2273793166498275,0.35049245011394164,0.011859151406620692,-0.06050026946332297,0.060736374121548656
44.5907312598826,9.976775938155267,10.527617117737107,-2.7788692670837665,1.227973132563984,0.35064819710466405,0.011687000559886654,-0.060495592750867355,0.058021034492584916
44.6007312598826,9.977844668950608,10.530959594735384,-2.7794741995629217,1.228539619653247,0.35080390713588555,0.011518043279088543,-0.060490900494630115,0.05527051477032383
44.6107312598826,9.97891365075814,10.534303567546633,-2.7800790850420154,1.2290784224216045,0.3509595898218266,0.011352367844587536,-0.06048619274740506,0.052484003548804226
44.6207312598826,9.979982944044881,10.537649018603958,-2.7806839233664045,1.2295891769937088,0.3511152544944621,0.01119006459668857,-0.06048146956179919,0.049660654555582544
44.630731259882594,9.981052609796016,10.54099593025077,-2.781288714381967,1.2300715103555688,0.3512709101637516,0.011031226130732411,-0.06047673099023433,0.04679958371369523
44.6407312598826,9.982122709514892,10.544344284740806,-2.7818934579351025,1.2305250403545511,0.3514265655176396,0.010875947297095248,-0.06047197708494719,0.043899869141651934
44.6507312598826,9.983193305223013,10.547694064238115,-2.782498153872732,1.2309493756993792,0.35158222892205554,0.010724325201188795,-0.06046720789798933,0.04096055115343723
44.6607312598826,9.984264459466981,10.55104525080985,-2.783102802042297,1.231344115694638,0.3517379084068236,0.010576459270606017,-0.06046242348122749,0.03798063105388675
44.6707312598826,9.985336235352191,10.554397826389183,-2.7837074022917587,1.2317088489860204,0.35189361160309857,0.010432451568393631,-0.06045762388634439,0.03495906540857952
44.6807312598826,9.986408696521934,10.557751772796385,-2.784311954469597,1.232043154296773,0.3520493457835897,0.010292406607399964,-0.060452809164837966,0.03189476958583226
44.690731259882604,9.987481907201044,10.561107071696105,-2.784916458424804,1.2323465986302022,0.3522051177609129,0.010156431812664011,-0.06044797936802474,0.028786609836931553
44.7007312598826,9.988555932201882,10.56446370459133,-2.785520914006881,1.2326187370336918,0.35236093387464895,0.010024637581580141,-0.06044313454704024,0.02563340223670952
44.7107312598826,9.989630836924343,10.567821652823376,-2.7861253210658385,1.2328591125987043,0.3525167999913438,0.009897137283898098,-0.06043827475283893,0.022433912683543812
44.7207312598826,9.990706687356179,10.571180897571544,-2.786729679452198,1.2330672564474867,0.3526727215037982,0.009774047265030514,-0.06043340003619427,0.019186856832896417
44.730731259882596,9.991783550102827,10.574541419820685,-2.7873339890169895,1.2332426865177917,0.35282870326630983,0.009655487149371086,-0.06042851044769904,0.015890894101627438
44.7407312598826,9.99286149240807,10.577903200340142,-2.7879382496117473,1.2333849066564841,0.35298474954319936,0.00954158007254246,-0.0604236060377667,0.012544623478056873
44.7507312598826,9.993940582158327,10.581266219681881,-2.788542461088508,1.2334934064441012,0.3531408639941824,0.009432452729832742,-0.06041868685663231,0.009146582705504988
44.7607312598826,9.995020887895507,10.584630458166636,-2.7891466232998097,1.2335676606528458,0.3532970496444359,0.009328235511903038,-0.060413752954352785,0.005695245544278022
44.7707312598826,9.99610247883602,10.58799589586382,-2.789750736098691,1.2336071283930015,0.353453308835371,0.009229062720801316,-0.060408804380807424,0.002189017464413303
44.7807312598826,9.997185424885707,10.591362512577302,-2.7903547993386875,1.2336112525113123,0.35360964318650867,0.009135072723036432,-0.06040384118569868,-0.0013737412442891047
44.7907312598826,9.998269796655487,10.594730287828757,-2.7909588128738316,1.2335794630833163,0.3537660536042282,0.009046407044461705,-0.060398863418552745,-0.004993585634374718
44.8007312598826,9.99935566546765,10.598099200844834,-2.7915627765586497,1.23351119386055,0.3539225404500278,0.008963206122324801,-0.0603938711287201,-0.008669508786064414
44.8107312598826,10.000443103349294,10.601469230547742,-2.7921666902481608,1.2334058898740938,0.3540791035805153,0.008885607343532784,-0.06038886436537626,-0.012400343044304511
44.8207312598826,10.001532183026294,10.604840355545146,-2.7927705537978738,1.2332630080646023,0.3542357422948795,0.008813744882742672,-0.06038384317752266,-0.016184870866217407
44.830731259882604,10.002622977911555,10.60821255413554,-2.79337436706379,1.233082017590451,0.354392455344755,0.008747749627390026,-0.06037880761398573,-0.02002182434306181
44.840731259882595,10.003715562085807,10.611585804281766,-2.7939781299023965,1.2328624008915936,0.3545492408041427,0.008687748903457334,-0.06037375772341922,-0.02390988851790149
44.8507312598826,10.004810010294962,10.614960083604638,-2.794581842170665,1.2326036538854668,0.35470609603986464,0.008633866424463541,-0.06036869355430482,-0.027847702129017743
44.8607312598826,10.005906397950117,10.618335369382924,-2.7951855037260502,1.2323052859669916,0.35486301771156403,0.008586222291464286,-0.06036361515495221,-0.03183385760989518
44.8707312598826,10.00700480110821,10.621711638546252,-2.795789114426491,1.2319668206265866,0.3550200017321183,0.008544932836293833,-0.06035852257349921,-0.035866902733325705
44.8807312598826,10.008105296438305,10.62508886765776,-2.7963926741304066,1.2315877965713253,0.35517704317990767,0.008510110336067394,-0.060353415857912616,-0.039945344042149666
44.8907312598826,10.009207961228425,10.628467032906986,-2.7969961826966947,1.2311677675287371,0.35533413628175586,0.008481863059446457,-0.0603482950559893,-0.044067647788809866
44.89305770244369,10.009464809223427,10.629253075301923,-2.7971365781508313,1.2310641244362528,0.3553706898042356,0.008476245473577117,-0.06034710171616833,-0.045032800209349966
44.9030577024437,10.010570544312657,10.632632174359813,-2.797739696203124,1.2305926736049784,0.3555275901072986,0.008458866701072184,-0.06034134633901583,-0.049128738216069286
44.913057702443695,10.011678272009167,10.636012361833645,-2.7983430838157584,1.2300813842255673,0.35568487891153955,0.008454171411584832,-0.060336171057639346,-0.05311007588758629
44.92305770244369,10.01278830781732,10.639393448017872,-2.7989464195218465,1.229530853583764,0.3558422790279153,0.008461533661539256,-0.06033096504704597,-0.056977012676821114
44.9330577024437,10.013900672052804,10.64277542931306,-2.7995497030146184,1.228942223668104,0.3559997927781574,0.008480635357455555,-0.06032572841191248,-0.06072997909617152
44.943057702443696,10.015015384345892,10.646158302259566,-2.80015293398835,1.2283166319712195,0.3561574208186407,0.008511159994187622,-0.060320461256543785,-0.06436951908400382
44.953057702443694,10.016132463620687,10.64954206353417,-2.8007561121383606,1.2276552094213815,0.35631516235573174,0.008552793193671745,-0.06031516368487362,-0.0678962819854259
44.96305770244369,10.01725192810343,10.652926709952037,-2.8013592371610057,1.2269590798418764,0.3564730153740694,0.008605222817496929,-0.06030983580046727,-0.0713110149695841
44.97305770244369,10.018373795323015,10.656312238466764,-2.8019623087536725,1.2262293595539517,0.35663097673297256,0.008668139061198395,-0.060304477706522544,-0.07461455969682178
44.983057702443695,10.019498082101682,10.659698646169636,-2.8025653266147796,1.2254671561551822,0.3567890422976551,0.008741234772843021,-0.060299089505870415,-0.07780784626830889
44.99305770244369,10.020624804543472,10.663085930289277,-2.803168290443775,1.2246735670171642,0.35694720710059985,0.008824205845128795,-0.06029367130097563,-0.08089188578125488
45.00305770244369,10.021753978048677,10.666474088194404,-2.803771199941126,1.2238496789969278,0.35710546554173483,0.008916751263034753,-0.06028822319393965,-0.0838677624837145
45.013057702443696,10.022885617315957,10.66986311739426,-2.8043740548083202,1.222996568240062,0.3572638114450782,0.009018573149364379,-0.06028274528650133,-0.08673663141565113
45.023057702443694,10.024019736335376,10.673253015539393,-2.804976854747859,1.2221152990204558,0.35742223817676994,0.009129377070038953,-0.06027723768003757,-0.08949971173131677
45.03305770244369,10.02515634838284,10.676643780423197,-2.80557959946326,1.2212069226156326,0.35758073877036883,0.00924887232861402,-0.060271700475564,-0.09215827975372767
45.0430577024437,10.026295466039901,10.680035409985175,-2.8061822886590466,1.220272477354417,0.357739306083065,0.009376771928131425,-0.06026613377373797,-0.09471366193450263
45.053057702443695,10.027437101196666,10.683427902311534,-2.806784922040746,1.2193129885144764,0.35789793283443705,0.009512792593582833,-0.06026053767485909,-0.0971672329417451
45.06305770244369,10.028581265048125,10.68682125563732,-2.8073874993148857,1.2183294673857665,0.35805661169759856,0.009656655020850039,-0.060254912278869914,-0.09952040935489204
45.07305770244369,10.029727968091454,10.690215468349226,-2.807990020188997,1.21732291037398,0.35821533539307143,0.009808084114319975,-0.06024925768535657,-0.10177464331004396
45.08305770244369,10.030877220149813,10.69361053898893,-2.8085924843715997,1.216294299351754,0.35837409680438836,0.009966808871239689,-0.060243573993551736,-0.10393141657128038
45.093057702443694,10.032029030376368,10.697006466253862,-2.8091948915722043,1.2152446016329457,0.35853288900767116,0.010132562384513707,-0.060237861302335265,-0.10599223883699839
45.10305770244369,10.033183407253796,10.700403249000086,-2.8097972415013093,1.2141747693388778,0.35869170533165784,0.010305082013265947,-0.060232119710234844,-0.10795864258398845
45.11305770244369,10.034340358591994,10.703800886246148,-2.810399533870399,1.2130857385917007,0.35885053942625755,0.010484109601171937,-0.060226349315426454,-0.10983217713323713
45.123057702443695,10.035499891554435,10.707199377176185,-2.8110017683919355,1.2119784301296495,0.359009385341193,0.010669391293356065,-0.06022055021573736,-0.11161440408265873
45.13305770244369,10.036662012664168,10.71059872114091,-2.811603944779357,1.210853749367489,0.3591682375515275,0.010860677516088612,-0.06021472250864693,-0.11330689560042807
45.14305770244369,10.037826727805482,10.713998917660321,-2.812206062747074,1.209712586074861,0.35932709098832133,0.011057723064958459,-0.06020886629128715,-0.11491123099272801
45.1530577024437,10.038994042221402,10.717399966428884,-2.8128081220104697,1.2085558135895864,0.3594859410883769,0.011260287322789995,-0.060202981660443064,-0.1164289908237657
45.163057702443695,10.04016396053951,10.720801867317936,-2.813410122285893,1.2073842895930296,0.3596447838387969,0.01146813403713078,-0.06019706871255552,-0.1178617539868665
45.1730577024437,10.041336486781907,10.724204620377105,-2.8140120632906527,1.2061988563187793,0.35980361580071546,0.011681031259337029,-0.060191127543722384,-0.1192110957689909
45.18305770244369,10.042511624367128,10.727608225835999,-2.8146139447430163,1.2050003404574625,0.3599624341189229,0.011898751371763347,-0.06018515824969892,-0.12047858624127959
45.19305770244369,10.043689376109322,10.731012684110762,-2.815215766362212,1.2037895524850706,0.36012123655367106,0.01212107127860327,-0.06017916092589827,-0.1216657845186221
45.203057702443694,10.044869744237962,10.73441799580579,-2.8158175278684188,1.202567287331949,0.3602800214993476,0.012347772217046294,-0.06017313566739357,-0.12277423720922014
45.21305770244369,10.04605273041454,10.73782416171552,-2.816419228982762,1.201334324881869,0.3604387880028406,0.012578639616570733,-0.060167082568919915,-0.12380547643349678
45.22305770244369,10.047238335733867,10.741231182825105,-2.8170208694273127,1.2000914299758616,0.3605975357649906,0.01281346309851051,-0.06016100172487458,-0.12476101932288118
45.233057702443695,10.04842656072598,10.744639060316885,-2.817622448925086,1.1988393520308194,0.3607562651508716,0.013052036589497667,-0.06015489322931766,-0.12564236358482272
45.24305770244369,10.049617405365808,10.748047795572917,-2.818223967200039,1.1975788252845587,0.36091497719598076,0.01329415825469298,-0.06014875717597315,-0.12645098595780638
45.2530577024437,10.050810869096969,10.751457390176409,-2.818825423977059,1.1963105696966292,0.3610736736120976,0.0135396302464247,-0.06014259365823179,-0.12718834095014525
45.263057702443696,10.052006950833652,10.754867845912049,-2.8194268189819667,1.1950352910040827,0.36123235678791676,0.01378825868891613,-0.06013640276915135,-0.12785586058578513
45.273057702443694,10.053205648964576,10.758279164770249,-2.820028151941512,1.1937536806833755,0.3613910297845221,0.014039853695389034,-0.06013018460145736,-0.12845495215764016
45.2830577024437,10.054406961353672,10.76169134895238,-2.8206294225833735,1.1924664157179006,0.36154969633291895,0.014294229440172505,-0.060123939247543286,-0.12898699564636462
45.29305770244369,10.055610885365022,10.76510440087104,-2.8212306306361494,1.191174159703894,0.36170836082741525,0.014551203850595544,-0.060117666799473626,-0.12945334368029995
45.30305770244369,10.056817417870137,10.768518323150822,-2.8218317758293563,1.1898775631374854,0.3618670283227678,0.014810598528189839,-0.06011136734898492,-0.1298553211263896
45.31305770244369,10.058026555249638,10.771933118629393,-2.822432857893426,1.1885772634615335,0.36202570453022465,0.015072238737737925,-0.06010504098748604,-0.13019422467212188
45.32305770244369,10.05923829339541,10.775348790364667,-2.8230338765597045,1.1872738849256592,0.362184395799875,0.015335953458914975,-0.06009868780605879,-0.13047131999912337
45.333057702443696,10.060452627721784,10.778765341635372,-2.823634831560449,1.1859680391035474,0.36234310911361284,0.015601575243224648,-0.060092307895459246,-0.13068784187181914
45.343057702443694,10.061669553183902,10.782182775941635,-2.8242357226288197,1.1846603257757222,0.3625018520699165,0.015868939970452113,-0.06008590134612051,-0.1308449942195281
45.35305770244369,10.06288906427852,10.785601097005136,-2.824836549498878,1.1833513329636391,0.36266063288286393,0.016137886839491675,-0.0600794682481528,-0.1309439500915668
45.3630577024437,10.064111155047629,10.789020308772722,-2.8254373119055853,1.1820416370659659,0.3628194603648763,0.016408258337977166,-0.0600730086913443,-0.13098585068021854
45.373057702443695,10.065335819078316,10.7924404154219,-2.8260380095848046,1.180731802723738,0.3629783439101385,0.016679900289974812,-0.06006652276516106,-0.13097180366028735
45.38305770244369,10.066563049521747,10.795861421359707,-2.8266386422732883,1.1794223838804192,0.3631372934773105,0.016952661560650277,-0.06006001055875006,-0.13090288430587332
45.3930577024437,10.067792839100784,10.799283331223242,-2.827239209708677,1.1781139241963041,0.36329631957807,0.017226393943035937,-0.060053472160940584,-0.13078013560587404
45.40305770244369,10.069025180110419,10.802706149879917,-2.827839711629498,1.1768069570769075,0.36345543327529073,0.017500952150701708,-0.0600469076602443,-0.1306045682382943
45.413057702443695,10.070260064420722,10.80612988243302,-2.828440147775164,1.1755020058434962,0.3636146461537158,0.01777619378234287,-0.06004031714485618,-0.13037715948342177
45.42305770244369,10.071497483478554,10.809554534224183,-2.8290405178859706,1.1741995837880328,0.36377397030969166,0.018051979311248106,-0.060033700702654555,-0.1300988527652318
45.43305770244369,10.072737428324828,10.81298011083241,-2.8296408217030877,1.1729001952959386,0.3639334183266071,0.018328171773767273,-0.06002705842120467,-0.12977055897021114
45.443057702443696,10.073979889597188,10.816406618074375,-2.830241058968557,1.1716043360228898,0.3640930032687634,0.018604636721268043,-0.06002039038775928,-0.1293931565467311
45.453057702443694,10.075224857530634,10.819834062004935,-2.8308412294252934,1.1703124929551334,0.3642527386772321,0.018881242204592252,-0.06001369668925888,-0.12896749148583211
45.46305770244369,10.076472321958969,10.82326244892328,-2.8314413328170787,1.169025144608856,0.3644126385352725,0.019157858732097882,-0.060006977412332504,-0.12849437647478967
45.4730577024437,10.077722272317702,10.826691785373658,-2.832041368888564,1.167742761203107,0.36457271726193036,0.019434359223117408,-0.060000232643298096,-0.12797459100448347
45.483057702443695,10.078974697656976,10.830122078144647,-2.832641337385259,1.1664658057099104,0.36473298968596435,0.0197106187170162,-0.05999346246816604,-0.12740888272250658
45.49305770244369,10.080229586642757,10.833553334269368,-2.833241238053529,1.1651947339576707,0.36489347104186975,0.019986514345155526,-0.059986666972639525,-0.1267979675155781
45.5030577024437,10.08148692755717,10.836985561025951,-2.833841070640596,1.163929994695208,0.3650541769657881,0.02026192531421351,-0.05997984624211482,-0.1261425295223085
45.51305770244369,10.082746708298668,10.840418765943493,-2.834440834894535,1.1626720298585975,0.36521512345969204,0.020536732845048023,-0.05997300036168209,-0.12544322062663235
45.523057702443694,10.084008916383834,10.843852956802555,-2.8350405305642763,1.1614212746766943,0.36537632688738597,0.020810820144389564,-0.05996612941612556,-0.12470066054647704
45.53305770244369,10.08527353895654,10.84728814163443,-2.8356401573995904,1.1601781587110385,0.3655378039491208,0.02108407211604755,-0.05995923348992721,-0.12391543825201357
45.54305770244369,10.086540562788798,10.850724328721366,-2.83623971515109,1.1589431059699604,0.36569957167725936,0.021356375329890223,-0.05995231266726726,-0.1230881120758648
45.553057702443695,10.08780997428077,10.854161526596748,-2.836839203570228,1.1577165349367735,0.3658616474347728,0.021627618014370617,-0.05994536703202426,-0.12221920972755826
45.56305770244369,10.089081759459624,10.857599744050066,-2.8374386224092976,1.1564988589309417,0.36602404888263534,0.021897689966759525,-0.05993839666777618,-0.12130922813722139
45.57305770244369,10.090355903979388,10.861038990128788,-2.8380379714214277,1.1552904860332491,0.36618679397356246,0.022166482577849648,-0.05993140165779983,-0.12035863316278828
45.583057702443696,10.091632393126238,10.86447927413726,-2.838637250360578,1.1540918201176356,0.36634990093136627,0.022433888543303453,-0.05992438208507483,-0.11936786100930052
45.593057702443694,10.092911211819207,10.867920605637122,-2.8392364589815324,1.1529032610862233,0.3665133882429803,0.022699801799325806,-0.059917338032284474,-0.11833731846696252
45.60305770244369,10.094192344610178,10.87136299444732,-2.839835597039901,1.1517252048693165,0.3666772746584593,0.02296411752266396,-0.05991026958181577,-0.11726738291114133
45.6130577024437,10.095475775681901,10.874806450646687,-2.8404346642921157,1.150558043709768,0.36684157917334786,0.02322673205650108,-0.0599031768157604,-0.11615840232201154
45.62305770244369,10.09676148884539,10.878250984578935,-2.841033660495432,1.1494021662328233,0.3670063210043882,0.023487542901537605,-0.05989605981591432,-0.11501069482851811
45.63305770244369,10.098049467541934,10.881696606850678,-2.841632585407924,1.1482579580164762,0.367171519587068,0.02374644855258438,-0.059888918663780155,-0.11382454956919831
45.64305770244369,10.0993396948419,10.8851433283325,-2.8422314387884735,1.1471258022400161,0.36733719455738306,0.024003348319541488,-0.05988175344056982,-0.11260022726867389
45.65305770244369,10.100632153444721,10.888591160158972,-2.8428302203967726,1.1460060796858078,0.367503365751765,0.024258142326917056,-0.05987456422720451,-0.11133796023868434
45.663057702443695,10.101926825678277,10.892040113729008,-2.843428929993321,1.1448991687932617,0.36767005320474255,0.02451073149934373,-0.059867351104314924,-0.11003795238022619
45.67305770244369,10.103223693491781,10.895490200711599,-2.8440275673394244,1.1438054461277782,0.3678372771171041,0.024761017441245623,-0.05986011415224249,-0.10870037893408709
45.68305770244369,10.104522738458122,10.898941433045811,-2.8446261321971966,1.142725286230061,0.36800505785740645,0.025008902479916047,-0.059852853451038364,-0.10732538640852599
45.693057702443696,10.10582394176761,10.902393822941542,-2.845224624329547,1.1416590626363396,0.36817341594434416,0.025254289379256136,-0.059845569080467904,-0.10591309329191123
45.703057702443694,10.107127284226257,10.9058473828802,-2.8458230435001775,1.1406071480736355,0.3683423720410611,0.025497081286061853,-0.05983826112001142,-0.10446359012851053
45.7130577024437,10.108432746255772,10.909302125614698,-2.8464213894735826,1.1395699144597617,0.36851194695515066,0.02573718173002401,-0.05983092964886422,-0.10297693951849096
45.7230577024437,10.109740307890535,10.912758064170765,-2.847019662015049,1.13854773306782,0.36868216163202455,0.0259744945795119,-0.05982357474593712,-0.10145317602425687
45.73305770244369,10.111049948767784,10.916215211853261,-2.847617860890652,1.1375409749577936,0.36885303712475276,0.02620892393205786,-0.05981619648985716,-0.09989230563081954
45.74305770244369,10.112361648131333,10.919673582244128,-2.848215985867258,1.1365500109363778,0.36902459460205095,0.026440374122243163,-0.05980879495896745,-0.09829430601162259
45.75305770244369,10.113675384817514,10.92313318920536,-2.84881403671251,1.1355752125691878,0.36919685532894664,0.02666874943892922,-0.05980137023133162,-0.09665912651607644
45.76305770244369,10.114991137254039,10.926594046879373,-2.8494120131948266,1.1346169522514762,0.3693698406647946,0.02689395410581541,-0.05979392238473401,-0.09498668815117856
45.773057702443694,10.11630888346,10.930056169689005,-2.850009915083404,1.133675603208133,0.3695435720632767,0.027115892281438903,-0.0597864514966797,-0.0932768835815144
45.78305770244369,10.117628601040343,10.933519572339419,-2.8506077421482128,1.1327515397204748,0.36971807106459126,0.027334467997741675,-0.05977895764439524,-0.09152957684454585
45.7930577024437,10.118950267173105,10.93698426982452,-2.8512054941599954,1.1318451375915937,0.3698933592682287,0.027549585040217935,-0.059771440904829075,-0.0897446025124022
45.803057702443695,10.120273858614286,10.94045027742434,-2.8518031708902685,1.130956774081507,0.3700694583425139,0.02776114696186558,-0.05976390135465164,-0.08792176607068494
45.81305770244369,10.121599351675536,10.943917610709857,-2.852400772111309,1.1300868289733759,0.3702463900051535,0.02796905678508823,-0.05975633907025976,-0.08606084305799216
45.8230577024437,10.122926722222841,10.947386285543374,-2.852998297596152,1.1292356846310325,0.37042417602178,0.02817321698582727,-0.05974875412777682,-0.08416157900750981
45.833057702443696,10.124255945676529,10.950856318078511,-2.8535957471185953,1.1284037259989792,0.37060283820595236,0.028373529493561873,-0.0597411466030528,-0.08222368944701183
45.84305770244369,10.125586997005952,10.954327724761741,-2.8541931204531914,1.1275913407845917,0.3707823984138978,0.028569895641462104,-0.059733516571664765,-0.08024685953346664
45.85305770244369,10.126919850708399,10.957800522340097,-2.854790417375251,1.1267989201572057,0.37096287851614085,0.028762215980270858,-0.05972586410891788,-0.07823074247346176
45.86305770244369,10.128254480820981,10.961274727857454,-2.855387637660842,1.1260268584217796,0.3711443004090838,0.028950390366774825,-0.05971818928984446,-0.07617496036224758
45.873057702443695,10.129590860886857,10.964750358661576,-2.855984781086776,1.1252755542831274,0.3713266859936791,0.029134317608882587,-0.05971049218920882,-0.07407910208763065
45.88305770244369,10.130928963951472,10.968227432405051,-2.856581847430608,1.1245454109792028,0.3715100571724136,0.029313895428656773,-0.059702772881507736,-0.07194272308483077
45.89305770244369,10.13226876256257,10.97170596704529,-2.857178836470636,1.1238368362810993,0.37169443584930917,0.029489020462314074,-0.059695031440970436,-0.06976534533648102
45.9030577024437,10.133610228768173,10.975185980845032,-2.8577757479859005,1.123150242554566,0.3718798439283504,0.02965958824323494,-0.059687267941558764,-0.0675464572015222
45.913057702443695,10.134953334084353,10.978667492381492,-2.858372581756179,1.1224860477504819,0.37206630328357776,0.02982549293191302,-0.05967948245696887,-0.0652855105758461
45.92305770244369,10.136298049513933,10.982150520542367,-2.858969337561993,1.1218446748809028,0.37225383576913146,0.029986627463902512,-0.05967167506062923,-0.06298192240951324
45.9330577024437,10.13764434550614,10.985635084533643,-2.859566015184594,1.121226553332061,0.37244246319805097,0.030142883178576045,-0.05966384582570531,-0.0606350714252252
45.943057702443696,10.138992191942588,10.989121203882826,-2.8601626144059593,1.12063211930104,0.37263220733276303,0.030294149697328656,-0.05965599482510091,-0.05824429694547365
45.953057702443694,10.140341558137294,10.992608898438935,-2.8607591350087924,1.1200618157957767,0.37282308988508167,0.030440314923577776,-0.05964812213145811,-0.05580889889254036
45.96305770244369,10.14169241283667,10.996098188372509,-2.861355576776523,1.1195160926350598,0.3730151325162081,0.030581265042763168,-0.05964022781715733,-0.05332813778849875
45.97305770244369,10.143044724196525,10.999589094181612,-2.861951939493306,1.1189954071251542,0.37320835681666986,0.030716884336931163,-0.05963231195431804,-0.050801232297237126
45.983057702443695,10.144398459762037,11.003081636696932,-2.862548222944018,1.118500224715,0.37340278428761103,0.03084705500617814,-0.059624374614799226,-0.04822735703507046
45.99305770244369,10.14575358645771,11.006575837082448,-2.863144426914251,1.1180310193208856,0.37359843634070583,0.030971657071408434,-0.05961641587020158,-0.045605641753036136
46.00305770244369,10.147110070558993,11.01007171684214,-2.8637405511903116,1.1175882741442722,0.37379533427723316,0.031090568146669148,-0.059608435791869196,-0.042935168423505095
46.013057702443696,10.148467877692212,11.013569297819993,-2.8643365955592155,1.1171724816734987,0.3739934992880288,0.03120366343867991,-0.05960043445088959,-0.04021497123399039
46.01538414500479,10.148783949700075,11.014383236232154,-2.8644752503779696,1.1170796678783954,0.37403978516919406,0.03122912699555346,-0.0595985699437138,-0.03957489620512397
46.025384145004786,10.1501436231289,11.017882812145052,-2.8650708692431035,1.1166998089108218,0.374236993445584,0.031333097861188465,-0.059589919570566516,-0.03684702433443246
46.03538414500479,10.151504251124493,11.02138421038264,-2.8656667280423562,1.1163446723993493,0.3744309095448866,0.03143058399150593,-0.05958183223999768,-0.03419130615438652
46.04538414500479,10.152866077313544,11.024887281877662,-2.866262505727362,1.1160157652341036,0.3746213791645232,0.03152079986384995,-0.05957369674737996,-0.03160090970999109
46.05538414500479,10.154229061542173,11.02839199909816,-2.8668582018173105,1.115712443141769,0.374808415118303,0.03160393448615211,-0.05956551325519413,-0.0290739735997751
46.06538414500479,10.15559316407814,11.031898334625199,-2.867453815833012,1.1154340802770975,0.37499202985127345,0.03168017177665991,-0.05955728192533631,-0.026608719807221813
46.07538414500478,10.156958345604924,11.035406261149754,-2.868049347296894,1.1151800685322777,0.37517223547933226,0.0317496907393757,-0.05954900291911923,-0.02420345004629423
46.08538414500479,10.158324567212409,11.038915751464033,-2.868644795733003,1.1149498164458096,0.3753490438684338,0.031812665729787505,-0.0595406763972724,-0.021856539610365884
46.095384145004786,10.159691790389157,11.042426778468714,-2.8692401606669864,1.1147427484705292,0.37552246664603506,0.03186926666603593,-0.059532302519946144,-0.01956643408914391
46.105384145004784,10.161059977011243,11.045939315174142,-2.8698354416260865,1.1145583037506128,0.3756925152487553,0.031919659356921266,-0.059523881446715984,-0.017331643362208597
46.11538414500479,10.162429089342169,11.049453334700297,-2.870430638139136,1.1143959361109432,0.37585920092288333,0.03196400550468167,-0.05951541333658269,-0.015150741544930662
46.12538414500479,10.163799090029759,11.052968810275113,-2.871025749736556,1.1142551136613295,0.37602253474405356,0.03200246280616113,-0.059506898347973236,-0.013022365042434479
46.135384145004785,10.16516994209862,11.056485715227609,-2.8716207759503547,1.1141353178374607,0.37618252767838684,0.03203518518858466,-0.05949833663874151,-0.010945207537010457
46.14538414500479,10.166541608945936,11.060004022992645,-2.8722157163141175,1.1140360429682443,0.37633919058412024,0.032062322936604604,-0.059489728366171224,-0.008918018215182037
46.15538414500479,10.167914054332588,11.063523707112095,-2.872810570362993,1.1139567951938265,0.3764925342437124,0.03208402298539909,-0.05948107368698092,-0.00693959688000348
46.165384145004786,10.169287242382898,11.067044741234788,-2.8734053376336934,1.113897092435165,0.37664256936503065,0.03210042892869309,-0.059472372757324136,-0.005008793808096544
46.17538414500479,10.17066113758358,11.07056709911511,-2.874000017664492,1.1138564642276798,0.376789306591257,0.03211168105915487,-0.05946362573278951,-0.003124508937635789
46.18538414500478,10.172035704776617,11.074090754608406,-2.8745946099952167,1.1138344507078242,0.37693275654818703,0.03211791662591109,-0.05945483276840317,-0.0012856871219411787
46.19538414500479,10.173410909156496,11.077615681675397,-2.8751891141672417,1.1138306023378812,0.37707292983833296,0.032119269921286296,-0.059445994018631945,0.0005086859401378253
46.205384145004786,10.174786716267944,11.081141854380471,-2.8757835297234844,1.1138444787015673,0.37720983701934796,0.03211587260468862,-0.05943710963738452,0.0022593286303037897
46.21538414500478,10.176163092005163,11.084669246889716,-2.8763778562083955,1.1138756442151854,0.3773434884466134,0.032107854877071025,-0.059428179778013505,0.003966561826630232
46.22538414500479,10.177540002614315,11.08819783346738,-2.87697209316796,1.1139236661385175,0.3774738942126087,0.03209534602200802,-0.05941920459331708,0.005630657131238394
46.23538414500479,10.178917414696793,11.091727588471695,-2.8775662401496853,1.113988114521102,0.3776010641784446,0.03207847441424947,-0.05941018423554118,0.007251902313931793
46.245384145004785,10.180295295211574,11.095258486351913,-2.8781602967025983,1.1140685623051365,0.3777250080033983,0.0320573674871555,-0.059401118856381344,0.00883059477330637
46.25538414500479,10.181673611478717,11.098790501644189,-2.8787542623772446,1.1141645855434905,0.37784573517953735,0.03203215166367778,-0.059392008606983134,0.010367041329297048
46.26538414500479,10.1830523311823,11.102323608968,-2.879348136725674,1.114275763380913,0.37796325507227624,0.032002952358154764,-0.05938285363794658,0.011861557132772592
46.275384145004786,10.1844314223709,11.105857783025565,-2.879941919301439,1.114401678046153,0.37807757692722505,0.03196989397800132,-0.05937365409932698,0.013314465474869936
46.28538414500479,10.185810853461366,11.109392998597533,-2.8805356096595918,1.1145419150693292,0.37818870990790776,0.03193309985431381,-0.05936441014063597,0.014726096773010258
46.29538414500479,10.187190593241825,11.112929230539777,-2.88112920735668,1.1146960634438643,0.3782966631265242,0.03189269218994237,-0.05935512191084248,0.016096787728673536
46.30538414500479,10.18857061087319,11.116466453781694,-2.8817227119507343,1.1148637155114833,0.37840144567007705,0.03184879209083336,-0.059345789558377486,0.017426880429197742
46.315384145004785,10.18995087588961,11.120004643325707,-2.882316123001267,1.1150444669584683,0.3785030666062706,0.03180151956645037,-0.05933641323113471,0.01871672216085054
46.32538414500478,10.191331358201012,11.123543774244592,-2.8829094400692643,1.1152379169453233,0.3786015350084819,0.0317509934875169,-0.059326993076471796,0.019966664615073043
46.33538414500479,10.19271202809665,11.12708382167803,-2.8835026627171914,1.1154436683450348,0.3786968599877331,0.03169733151056405,-0.05931752924121049,0.021177062943048944
46.345384145004786,10.194092856245575,11.130624760832214,-2.884095790508975,1.1156613275646523,0.3787890507076534,0.03164065012868368,-0.059308021871641484,0.02234827501973858
46.355384145004784,10.19547381369723,11.13416656697921,-2.8846888230099985,1.1158905045121592,0.3788781163934768,0.03158106467999751,-0.059298471113526145,0.0234806610772461
46.36538414500479,10.196854871882076,11.137709215456365,-2.8852817597871017,1.1161308126191891,0.378964066337894,0.03151868933978652,-0.05928887711209698,0.02457458347199487
46.37538414500479,10.198236002615763,11.141252681662548,-2.8858746004085756,1.1163818690950835,0.37904690993693063,0.03145363703862432,-0.05927924001205861,0.025630405421102953
46.38538414500479,10.19961717809941,11.144796941058198,-2.88646734444416,1.1166432948592213,0.37912665669616746,0.031386019481085305,-0.059269559957589736,0.02664849062252273
46.39538414500479,10.200998370919867,11.148341969165028,-2.8870599914650277,1.1169147143763345,0.379203316240443,0.03131594719207667,-0.05925983709234773,0.02762920257926822
46.40538414500479,10.202379554049788,11.15188774156593,-2.8876525410437845,1.117195755653553,0.3792768983148783,0.031243529517493665,-0.059250071559468806,0.02857290454873099
46.415384145004786,10.203760700849225,11.155434233903717,-2.888244992754465,1.1174860503008983,0.379347412797834,0.03116887460294939,-0.059240263501569294,0.029479958918195416
46.425384145004784,10.205141785068877,11.158981421878808,-2.888837346172535,1.1177852337538068,0.37941486972529814,0.031092089322603027,-0.059230413060745515,0.030350726258792392
46.43538414500478,10.206522780848882,11.162529281250356,-2.8894296008748754,1.1180929450172958,0.37947927928692765,0.03101327935405024,-0.05922052037857834,0.03118556501493559
46.44538414500479,10.207903662718923,11.166077787836096,-2.890021756439776,1.1184088265671974,0.3795406518294804,0.030932549205708742,-0.05921058559613588,0.03198483109654194
46.455384145004786,10.209284405598238,11.169626917512346,-2.8906138124469347,1.118732524349447,0.3795989978569414,0.030850002216954504,-0.05920060885397355,0.032748877866459726
46.46538414500479,10.210664984797582,11.1731766462127,-2.891205768477454,1.1190636878490245,0.37965432804349186,0.030765740532871424,-0.05919059029213569,0.03347805532855408
46.47538414500479,10.21204537602127,11.176726949927108,-2.8917976241138392,1.1194019702429954,0.37970665324709524,0.030679865055568765,-0.059180530050155035,0.03417270954705048
46.48538414500479,10.213425555365474,11.180277804703074,-2.892389378939987,1.1197470280758002,0.3797559844997371,0.030592475538858282,-0.05917042826705831,0.03483318234310741
46.49538414500479,10.214805499318134,11.183829186645626,-2.8929810325411762,1.1200985211857912,0.37980233300727273,0.030503670608673535,-0.059160285081368086,0.035459811061002676
46.50538414500479,10.21618518475898,11.18738107191732,-2.8935725845040685,1.1204561127037198,0.3798457101494519,0.03041354776342872,-0.05915010063110281,0.03605292855550544
46.51538414500479,10.217564588961183,11.190933436737408,-2.8941640344167046,1.120819469088901,0.3798861274873285,0.030322203358256965,-0.05913987505377857,0.036612862444247204
46.525384145004786,10.218943689593027,11.194486257381463,-2.8947553818685052,1.1211882602658771,0.37992359677329934,0.030229732561686887,-0.05912960848640831,0.03713993463293687
46.535384145004784,10.22032246471582,11.198039510182488,-2.8953466264502548,1.1215621592679808,0.3799581299355332,0.030136229459602273,-0.05911930106550763,0.0376344611437998
46.54538414500479,10.22170089278366,11.201593171530943,-2.895937767754095,1.1219408421510881,0.37998973907533407,0.03004178707935825,-0.0591089529270967,0.03809675192657282
46.55538414500479,10.223078952643453,11.205147217874742,-2.896528805373527,1.1223239879935067,0.38001843646713696,0.02994649738981075,-0.05909856420670021,0.0385271108580643
46.565384145004785,10.224456623535827,11.208701625718911,-2.8971197389034034,1.1227112788807958,0.38004423455911335,0.029850451301704384,-0.05908813503934913,0.03892583523277474
46.57538414500479,10.22583388509713,11.212256371625395,-2.8977105679399333,1.1231024000567227,0.38006714598274355,0.029753738619002483,-0.05907766555957984,0.03929321516384881
46.58538414500479,10.227210717357178,11.215811432213926,-2.898301292080666,1.123497039588624,0.380087183534885,0.029656448137113323,-0.05906715590143916,0.039629533623942476
46.595384145004786,10.228587100738734,11.219366784162023,-2.898891910924484,1.1238948882125246,0.3801043601701381,0.02955866768647731,-0.059056606198487294,0.03993506623767795
46.60538414500479,10.229963016057507,11.222922404205011,-2.8994824240716013,1.1242956393331394,0.380118689000846,0.029460484132566994,-0.05904601658379786,0.0402100812816437
46.61538414500479,10.231338444522425,11.226478269135896,-2.900072831123562,1.1246989889942367,0.3801301832949639,0.029361983382688677,-0.05903538718995884,0.040454839492765245
46.62538414500479,10.232713367737613,11.230034355805357,-2.9006631316832374,1.125104635955808,0.3801388564788464,0.029263250356680242,-0.05902471814907323,0.04066959329659773
46.635384145004785,10.234087767701046,11.233590641122333,-2.9012533253548214,1.1255122815456982,0.380144722128717,0.029164369031564157,-0.05901400959276073,0.04085458697175492
46.64538414500478,10.235461626803312,11.237147102053802,-2.901843411743815,1.1259216293440992,0.3801477939518219,0.02906542253105044,-0.059003261652163234,0.04101005646048593
46.65538414500479,10.236834927827598,11.24070371562474,-2.902433390457025,1.1263323851749771,0.3801480857858969,0.02896649312787229,-0.05899247445794507,0.041136229353246505
46.665384145004786,10.238207653949711,11.244260458918102,-2.9030232611025655,1.1267442570983477,0.380145611598558,0.028867662245802117,-0.05898164814029307,0.041233324870500535
46.675384145004784,10.239579788739169,11.247817309074657,-2.9036130232898474,1.1271569553469478,0.3801403854793993,0.02876901047183367,-0.0589707828289188,0.0413015532994766
46.68538414500479,10.240951316159704,11.25137424329394,-2.904202676629588,1.1275701924345949,0.3801324216453297,0.028670617523704794,-0.05895987865305689,0.041341115829778494
46.69538414500479,10.242322220567429,11.254931238833361,-2.904792220733789,1.1279836827300926,0.38012173441381,0.028572562372171414,-0.05894893574147169,0.041352204581842925
46.705384145004786,10.243692486710664,11.258488273007906,-2.905381655215732,1.1283971423595374,0.38010833819616324,0.02847492326810067,-0.05893795422245906,0.04133500252719894
46.71538414500479,10.24506209972993,11.262045323190135,-2.905970979689979,1.1288102892063185,0.38009224749757486,0.028377777742470925,-0.058926934223846324,0.04128968348846791
46.72538414500479,10.246431045158156,11.265602366809963,-2.906560193772368,1.129222842865111,0.3800734769127787,0.02828120261802854,-0.05891587587299319,0.04121641202597552
46.73538414500479,10.24779930892205,11.26915938135506,-2.9071492970800135,1.1296345246224404,0.3800520411177125,0.028185274007720213,-0.05890477929679278,0.04111534283871166
46.745384145004785,10.249166877341139,11.272716344371245,-2.907738289231301,1.130045057403017,0.3800279548674237,0.02809006733218368,-0.058893644621672,0.04098662093599356
46.75538414500478,10.250533737127173,11.27627323346047,-2.9083271698458724,1.1304541653678963,0.3800012329683728,0.02799565743216328,-0.058882471973598055,0.040830381528770686
46.76538414500479,10.251899875384122,11.279830026280695,-2.9089159385446224,1.1308615738937127,0.3799718902768465,0.02790211857414673,-0.05887126147807886,0.04064675000979646
46.775384145004786,10.253265279608186,11.283386700545904,-2.9095045949496985,1.1312670095726785,0.37993994169895723,0.02780952445036488,-0.05886001326016302,0.040435841953628
46.785384145004784,10.254629937688366,11.286943234025486,-2.9100931386844975,1.1316702001150136,0.3799054021808886,0.027717948203306135,-0.058848727444441445,0.040197762902971695
46.79538414500479,10.255993837907376,11.29049960454541,-2.9106815693736654,1.1320708743793286,0.37986828670336426,0.027627462411343767,-0.05883740415504697,0.039932607915688784
46.80538414500479,10.257356968940696,11.29405578998718,-2.911269886643092,1.1324687621878116,0.3798286102719568,0.027538139143387916,-0.0588260435156569,0.03964046176506603
46.815384145004785,10.258719319857,11.297611768285186,-2.9118580901198934,1.132863593985389,0.3797863878920728,0.027450050052247037,-0.058814645649498516,0.039321398775981155
46.82538414500479,10.260080880118167,11.301167517426682,-2.912446179432411,1.13325510083646,0.3797416345686857,0.027363266375497592,-0.058803210679349106,0.03897548282149941
46.83538414500479,10.261441639579278,11.304723015451778,-2.913034154210214,1.133643014424897,0.37969436530633566,0.027277858935484046,-0.05879173872753595,0.03860276732287359
46.845384145004786,10.262801588489573,11.308278240452342,-2.913622014084093,1.1340270669243055,0.3796445950962204,0.027193898171884775,-0.05878022991593825,0.03820329500137784
46.855384145004784,10.264160717492958,11.311833170573506,-2.9142097586860607,1.1344069910233214,0.37959233890978955,0.027111454129338408,-0.05876868436598627,0.03777709749684484
46.86538414500478,10.265519017627563,11.31538778401189,-2.9147973876493474,1.1347825197395431,0.3795376116894362,0.02703059651179713,-0.05875710219866411,0.037324195533490825
46.87538414500479,10.266876480327252,11.318942059011743,-2.9153849006083816,1.135153386057268,0.3794804283211572,0.026951394779957193,-0.058745483534515336,0.03684459868027956
46.885384145004785,10.26823309742165,11.32249597386492,-2.915972297198792,1.135519322925073,0.3794208036343495,0.026873918151893827,-0.05873382849364294,0.03633830534823245
46.89538414500478,10.269588861136128,11.32604950691088,-2.916559577057405,1.1358800632558141,0.3793587524018109,0.026798235603061306,-0.05872213719570941,0.035805302790428775
46.90538414500479,10.270943764092827,11.329602636535464,-2.917146739822245,1.136235339818354,0.37929428932939724,0.026724415893445135,-0.058710409759938055,0.03524556690968691
46.915384145004786,10.27229779931186,11.333155341171038,-2.917733785132529,1.1365848851367895,0.3792274290385699,0.026652527588051988,-0.05869864630511356,0.03465906175767349
46.925384145004784,10.273650960210103,11.336707599296764,-2.918320712628668,1.1369284314930503,0.37915818607078744,0.026582639060039288,-0.05868684694958212,0.03404573977876514
46.93538414500479,10.275003240604878,11.340259389431758,-2.9189075219522462,1.1372657104267945,0.3790865748497487,0.026514818623002343,-0.05867501181125867,0.03340554137517011
46.94538414500479,10.276354634714096,11.343810690134838,-2.919494212746019,1.1375964527160876,0.37901260967978634,0.02644913453597832,-0.058663141007627186,0.03273839488315766
46.95538414500479,10.27770513715627,11.347361480004526,-2.9200807846539143,1.1379203883774034,0.3789363047458671,0.026385655003446234,-0.05865123465574066,0.032044216573058074
46.96538414500478,10.279054742950922,11.350911737678533,-2.920667237321031,1.1382372466307098,0.3788576741104256,0.026324448184045782,-0.05863929287222154,0.03132291058599566
46.97538414500478,10.280403447522211,11.354461441830232,-2.921253570393631,1.1385467555922013,0.3787767316803969,0.02626558226439597,-0.05862731577326458,0.03057436818847853
46.98538414500479,10.281751246694956,11.358010571173853,-2.92183978351915,1.1388486425394884,0.37869349122738094,0.026209125391531054,-0.058615303474633056,0.029798468158812663
46.995384145004785,10.283098136700989,11.36155910445433,-2.9224258763461717,1.1391426333088779,0.37860796634352406,0.026155145830380293,-0.05860325609166719,0.02899507613769399
47.00538414500478,10.284444114180747,11.365107020445087,-2.923011848524426,1.1394284521572127,0.37852017043020053,0.026103711999026075,-0.05859117373928589,0.028164044426186474
47.01538414500479,10.285789176183266,11.368654297948046,-2.9235976997047866,1.1397058217618687,0.3784301166980125,0.026054892468703905,-0.058579056531986785,0.027305211985722094
47.025384145004786,10.287133320166182,11.372200915793616,-2.9241834295392715,1.1399744632207578,0.37833781816679,0.026008755963802428,-0.05856690458384619,0.026418404438100843
47.03538414500479,10.28847654399875,11.375746852837361,-2.924769037681037,1.1402340958442176,0.37824328764573767,0.025965371412437554,-0.05855471800852107,0.025503433586314937
47.04538414500479,10.289818845962682,11.37929208796004,-2.925354523784381,1.1404844370356957,0.3781465377140857,0.02592480797159148,-0.05854249691924866,0.0245600968938645
47.05538414500479,10.29116022475103,11.382836600067517,-2.925939887504739,1.1407252023144407,0.3780475807286956,0.025887135025644256,-0.05853024142884712,0.023588177786701317
47.06538414500479,10.292500679477442,11.38638036807905,-2.926525128498663,1.140956104689904,0.3779464287730103,0.02585242234331992,-0.058517951649722906,0.022587444521783715
47.07538414500479,10.293840209676382,11.38992337092706,-2.927110246423822,1.1411768546479453,0.37784309365585045,0.025820740081099882,-0.058505627693870944,0.021557650159169158
47.08538414500478,10.295178815303121,11.393465587557099,-2.9276952409390025,1.141387160150833,0.37773758691141435,0.02579215878322294,-0.058493269672874604,0.020498532562014893
47.095384145004786,10.296516496733755,11.397006996927878,-2.9282801117041064,1.1415867266363584,0.3776299197991799,0.025766749381889508,-0.058480877697905685,0.01940981439370933
47.105384145004784,10.297853254769608,11.40054757800705,-2.9288648583801495,1.1417752567262538,0.3775201032711486,0.02574458326453817,-0.05846845187972561,0.018291202173276906
47.11538414500479,10.29918909064,11.404087309767293,-2.9294494806292564,1.1419524499752887,0.3774081479485074,0.02572573233556908,-0.05845599232868753,0.017142385710647513
47.12538414500479,10.300524006005727,11.407626171181688,-2.930033978114648,1.142118002706625,0.3772940641140947,0.02571026906040793,-0.05844349915473945,0.015963037975863997
47.135384145004785,10.301858002962065,11.411164141220752,-2.930618350500642,1.142271607845719,0.3771778616956202,0.02569826650458873,-0.05843097246742541,0.0147528146127697
47.13771058756588,10.302168218267646,11.411987099575597,-2.9307542834067184,1.1423055970474005,0.37715052512852043,0.025695978238472954,-0.05842805341195428,0.014466797793886967
47.147710587565875,10.303501453244449,11.415523778656185,-2.9313381732178994,1.1424445309685707,0.3770342296009248,0.02568808036412694,-0.058414853796631264,0.013258746210570447
47.15771058756587,10.304833432274853,11.419059740418728,-2.9319222585138136,1.1425712731786477,0.3769216902675182,0.02568464526687981,-0.05840219300645478,0.012097581310673787
47.16771058756588,10.306164537073103,11.422594848972198,-2.932506216830836,1.1426866391583974,0.3768126038282102,0.025685027360882996,-0.05838945805842697,0.010983404151088807
47.177710587565876,10.307494787464197,11.42612913623018,-2.933090047428616,1.142791095389378,0.37670695507963853,0.025689085820952882,-0.05837664919884076,0.00991551004073548
47.187710587565874,10.30882420279946,11.429662634025929,-2.9336737495692624,1.1428851013636192,0.37660472853504684,0.025696682334707708,-0.05836376667308225,0.008893228364914995
47.19771058756587,10.310152801961003,11.433195374109525,-2.9342573225173343,1.1429691099856518,0.37650590847351806,0.025707680971627223,-0.05835081072563308,0.007915920631738793
47.20771058756587,10.311480603364213,11.436727388145899,-2.9348407655398425,1.1430435677520634,0.37641047896458774,0.02572194812389178,-0.058337781600070866,0.00698297952397872
47.217710587565875,10.312807624969292,11.44025870771186,-2.9354240779062204,1.1431089154433576,0.37631842393043385,0.025739352281098433,-0.05832467953907827,0.006093826322073805
47.22771058756587,10.314133884283674,11.44378936429535,-2.936007258888318,1.1431655882893264,0.37622972716206204,0.02575976397647988,-0.058311504784444856,0.0052479102405165986
47.23771058756587,10.315459398362734,11.447319389295242,-2.936590307760401,1.143214016035697,0.3761443723261746,0.02578305576517027,-0.058298257577067726,0.0044447081270156535
47.24771058756588,10.316784183812892,11.450848814019707,-2.937173223799145,1.1432546232767524,0.37606234300517644,0.025809102115004073,-0.05828493815695342,0.003683722744788622
47.257710587565875,10.31810825679532,11.454377669685377,-2.9377560062836254,1.1432878296705817,0.37598362271620556,0.02583777933597485,-0.05827154676322068,0.0029644819458538663
47.26771058756587,10.319431633033162,11.457905987416794,-2.9383386544952956,1.143314050469812,0.375908194954508,0.025868965408022825,-0.05825808363410826,0.0022865367233579396
47.27771058756588,10.32075432781207,11.461433798246347,-2.9389211677179854,1.1433336965640202,0.37583604319725017,0.025902539967254945,-0.05824454900697545,0.0016494610419416473
47.287710587565876,10.322076355981304,11.4649611331143,-2.9395035452378955,1.1433471746489687,0.37576715091813123,0.025938384251926464,-0.05823094311830355,0.0010528538457796207
47.297710587565874,10.323397731955408,11.46848802286821,-2.9400857863435936,1.1433548873182078,0.3757015016070135,0.025976381065512887,-0.05821726620369687,0.0004963267008783879
47.30771058756587,10.324718469718702,11.47201449826358,-2.9406678903259986,1.1433572334946895,0.37563907879604524,0.026016414641198467,-0.058203518497889004,-2.0484203338642882e-05
47.31771058756587,10.32603858282811,11.475540589964474,-2.9412498564783647,1.1433546088326274,0.37557986608465865,0.02605837051796752,-0.05818970023474723,-0.0004979044974835812
47.327710587565875,10.327358084413222,11.479066328543626,-2.941831684096281,1.1433474057514694,0.3755238471415668,0.026102135530298564,-0.05817581164727288,-0.0009362224996907491
47.33771058756587,10.328676987176674,11.482591744483369,-2.942413372477666,1.1433360138924316,0.37547100573152303,0.02614759767252771,-0.05816185296760322,-0.0013357085801748592
47.34771058756587,10.32999530339547,11.486116868176088,-2.9429949209227613,1.1433208201823828,0.37542132572380327,0.026194646073401485,-0.05814782442701353,-0.0016966277851829838
47.357710587565876,10.331313044923549,11.489641729926552,-2.9435763287341077,1.1433022090000853,0.3753747911065585,0.02624317093238105,-0.05813372625592451,-0.002019237655023505
47.367710587565874,10.332630223192062,11.493166359952266,-2.9441575952165464,1.143280562233164,0.37533138599042243,0.026293063501336426,-0.05811955868390325,-0.0023037888177571846
47.37771058756587,10.333946849209408,11.496690788384406,-2.94473871967721,1.1432562592916347,0.37529109461207677,0.02634421607479686,-0.05810532193966482,-0.0025505245717297293
47.38771058756588,10.33526293356138,11.500215045268499,-2.9453197014255217,1.143229677065259,0.3752539013377465,0.026396521994794316,-0.058091016251073095,-0.002759680275539923
47.397710587565875,10.33657848641279,11.503739160566928,-2.945900539773175,1.1432011901856254,0.37521979067579353,0.026449875564122576,-0.05807664184514756,-0.002931483003224361
47.40771058756588,10.337893517507938,11.507263164160257,-2.946481234034125,1.1431711711287824,0.37518874728234736,0.026504172010887676,-0.058062198948066406,-0.003066151286564112
47.41771058756587,10.339208036170502,11.510787085847706,-2.947061783524583,1.1431399902353303,0.37516075596224324,0.026559307480748362,-0.05804768778516732,-0.0031638949743296764
47.42771058756587,10.340522051303155,11.5143109553485,-2.947642187563019,1.1431080157060012,0.37513580167079696,0.026615179030357584,-0.05803310858094884,-0.0032249145429135875
47.437710587565874,10.341835571388046,11.517834802303417,-2.948222445470142,1.1430756137453815,0.3751138695192285,0.02667168457982065,-0.05801846155907398,-0.00324940084610511
47.44771058756587,10.343148604486771,11.521358656277895,-2.9488025565688885,1.1430431488074806,0.37509494478305744,0.026728722832369853,-0.05800374694237668,-0.0032375347007910994
47.45771058756587,10.344461158240351,11.524882546762203,-2.949382520184417,1.143010983606814,0.37507901290246665,0.026786193270618038,-0.05798896495286207,-0.0031894868548974177
47.467710587565875,10.345773239868258,11.528406503173164,-2.949962335644104,1.142979479184964,0.37506605948288607,0.026843996131915397,-0.057974115811708624,-0.0031054174999786683
47.47771058756587,10.34708485616839,11.531930554854588,-2.9505420022775417,1.142948994899052,0.3750560702943521,0.02690203240773735,-0.05795919973926821,-0.002985475874984559
47.48771058756588,10.34839601351577,11.535454731081456,-2.9511215194165183,1.1429198887576213,0.37504903127897044,0.026960203737882715,-0.05794421695507402,-0.002829799866883798
47.49771058756588,10.349706717861906,11.538979061061422,-2.951700886395005,1.1428925175235354,0.3750449285529455,0.027018412377468413,-0.05792916767784311,-0.002638515811995792
47.507710587565875,10.351016974734444,11.542503573935225,-2.952280102549159,1.1428672367368493,0.3750437484065295,0.027076561189534717,-0.057914052125476935,-0.002411738414919018
47.51771058756588,10.352326789235294,11.546028298778838,-2.9528591672173157,1.1428444007995542,0.3750454773017655,0.02713455361488638,-0.0578988705150633,-0.002149570084630492
47.52771058756588,10.353636166040403,11.549553264604352,-2.9534380797399837,1.1428243630526185,0.37505010187330495,0.027192293647138464,-0.05788362306287791,-0.0018521007467820964
47.53771058756587,10.35494510939614,11.553078500365112,-2.9540168394598223,1.1428074761383733,0.3750576089324037,0.027249685720770644,-0.05786830998439251,-0.0015194073271056873
47.547710587565874,10.356253623118889,11.556604034956246,-2.954595445721638,1.1427940920349218,0.37506798546715214,0.027306634700357785,-0.05785293149427562,-0.0011515536799086186
47.55771058756587,10.357561710594142,11.560129897215386,-2.955173897872383,1.1427845620724137,0.3750812186406419,0.027363045874503087,-0.05783748780639325,-0.0007485924484468215
47.56771058756588,10.358869374773596,11.563656115925165,-2.9557521952611476,1.1427792371348728,0.3750972957891088,0.027418824893674504,-0.05782197913381095,-0.0003105563626011308
47.577710587565875,10.360176618173158,11.56718271981576,-2.956330337239151,1.1427784678336257,0.37511620442317883,0.02747387771686673,-0.05780640568879815,0.00016253344010128037
47.58771058756587,10.361483442869265,11.57070973756838,-2.9569083231597233,1.1427826045101408,0.3751379322192885,0.02752811060430803,-0.057790767682832755,0.0006706419257992596
47.59771058756588,10.362789850498208,11.57423719781578,-2.957486152378307,1.142791997202285,0.375162467016385,0.027581430125493172,-0.05777506532660176,0.001213720486527757
47.607710587565876,10.364095842253912,11.577765129143785,-2.9580638242524517,1.1428069953419095,0.3751897967954024,0.027633743236717495,-0.0577592988300027,0.00179171887546424
47.617710587565874,10.365401418885519,11.581293560093481,-2.9586413381418026,1.1428279478390573,0.3752199096744718,0.027684957252477996,-0.057743468402147044,0.002404589600265257
47.62771058756588,10.366706580693057,11.58482251916489,-2.9592186934080877,1.1428552031956802,0.37525279390182165,0.027734979807094936,-0.057727574251365564,0.003052287057282788
47.63771058756588,10.368011327526464,11.58835203481765,-2.959795889415112,1.1428891095106772,0.37528843785312366,0.027783718851796584,-0.05771161658520927,0.0037347675663468383
47.647710587565875,10.369315658783282,11.591882135472336,-2.960372925528754,1.1429300144330512,0.3753268300196498,0.02783108266258186,-0.05769559561045121,0.004451988892174257
47.65771058756587,10.370619573409419,11.595412849509676,-2.9609498011169704,1.1429782650770466,0.3753679590027942,0.02787697986251423,-0.05767951153308521,0.005203910147569878
47.66771058756587,10.371923069889569,11.598944205277377,-2.961526515549761,1.1430342081940892,0.37541181349470126,0.027921319361012106,-0.05766336455833651,0.005990490611767195
47.677710587565876,10.373226146246152,11.602476231090876,-2.9621030681991702,1.1430981901905481,0.375458382276067,0.027964010347479067,-0.057647154890662855,0.006811689598087484
47.687710587565874,10.374528800039295,11.606008955233355,-2.962679458439283,1.1431705571277146,0.37550765421606475,0.028004962291280733,-0.05763088273375452,0.007667466451315718
47.69771058756587,10.375831028361864,11.609542405957919,-2.9632556856462178,1.1432516546574096,0.37555961825103296,0.028044084952023873,-0.057614548290537915,0.008557779866936635
47.70771058756588,10.377132827842123,11.613076611485514,-2.9638317491981323,1.1433418278615977,0.37561426337786596,0.028081288423229985,-0.05759815176317247,0.009482587852763813
47.717710587565875,10.378434194635348,11.616611600009907,-2.9644076484752,1.1434414213862323,0.37567157863653233,0.02811648308556413,-0.05758169335305938,0.010441846894694703
47.72771058756587,10.37973512441769,11.620147399700977,-2.9649833828595953,1.1435507794782365,0.37573155309335265,0.028149579589280237,-0.057565173260847084,0.011435511301922425
47.73771058756588,10.381035612386166,11.623684038704724,-2.9655589517354892,1.1436702459855037,0.37579417584099994,0.028180488854221114,-0.05754859168643129,0.01246353320693577
47.74771058756588,10.382335653258277,11.627221545143392,-2.966134354489052,1.1438001643538036,0.375859435997023,0.02820912207020051,-0.05753194882895523,0.013525862526059024
47.757710587565875,10.383635241264672,11.630759947117227,-2.96670959050844,1.143940877458538,0.3759273226657424,0.028235390732323506,-0.05751524488681452,0.014622446040139634
47.76771058756587,10.38493437015662,11.634299272700716,-2.96728465918381,1.1440927274824544,0.3759978249483455,0.028259206679099598,-0.05749848005765095,0.015753227808958586
47.77771058756587,10.386233033191852,11.637839549948772,-2.9678595599072852,1.1442560560187751,0.37607093190645896,0.02828048204943328,-0.05748165453836513,0.01691814797608385
47.787710587565876,10.387531223129347,11.641380806898772,-2.9684342920729425,1.1444312040687956,0.37614663254560277,0.02829912927754497,-0.057464768525120606,0.018117142288634612
47.797710587565874,10.388828932229327,11.644923071570538,-2.969008855076811,1.1446185120418828,0.37622491581518985,0.028315061092970977,-0.0574478222133439,0.019350142097280598
47.80771058756587,10.390126152253258,11.64846637196636,-2.9695832483168747,1.1448183197554758,0.37630577060852605,0.02832819052056351,-0.057430815797724515,0.02061707435624207
47.81771058756588,10.391422874457486,11.65201073607157,-2.970157471193058,1.1450309662998852,0.37638918573067415,0.028338430909228867,-0.05741374947221924,0.02191786100760664
47.827710587565875,10.392719089595897,11.655556191851103,-2.9707315231072347,1.1452567897437331,0.37647514987699365,0.028345696008964718,-0.05739662343004912,0.02325241874610728
47.83771058756587,10.3940147879178,11.659102767251138,-2.9713054034632207,1.1454961272771038,0.37656365163770883,0.02834989993043043,-0.05737943786370258,0.024620658968790968
47.84771058756588,10.395309959151893,11.662650490202967,-2.971879111666736,1.1457493151430451,0.3766546794423575,0.028350957147291227,-0.05736219296494777,0.026022486554761772
47.857710587565876,10.396604592506108,11.666199388623014,-2.9724526471254036,1.1460166886362309,0.37674822155927074,0.028348782496440583,-0.05734488892483265,0.02745779985443318
47.867710587565874,10.397898676667626,11.66974949041283,-2.9730260092487533,1.1462985821029603,0.37684426609557303,0.028343291178000198,-0.057327525933685036,0.028926490689527164
47.87771058756587,10.39919219980288,11.673300823459114,-2.973599197448219,1.1465953289411592,0.37694280099718225,0.028334398755320005,-0.05731010418111252,0.030428444353077802
47.88771058756587,10.400485149548345,11.6768534156321,-2.974172211137121,1.1469072613382623,0.3770438139954594,0.02832202121430484,-0.0572926238560089,0.031963538886084004
47.897710587565875,10.401777513018734,11.680407294780512,-2.974745049730684,1.1472347099819333,0.37714729260037116,0.02830607504244491,-0.05727508514654753,0.03353164513783982
47.90771058756587,10.403069276802901,11.683962488734084,-2.9753177126460253,1.147578004256575,0.3772532241052313,0.028286477173595802,-0.057257488240185936,0.03513262669048163
47.91771058756587,10.404360426945669,11.687519025304418,-2.9758901993021154,1.1479374720626125,0.3773615955146427,0.028263145019099135,-0.057239833323679504,0.03676633876454324
47.927710587565876,10.405650948947786,11.691076932284979,-2.976462509119777,1.1483134398159347,0.3774723935443425,0.02823599646789764,-0.057222120583081446,0.038432628216723816
47.937710587565874,10.406940827765936,11.69463623745109,-2.977034641521685,1.1487062324478958,0.377585604621202,0.028204949886535154,-0.05720435020374287,0.0401313335398879
47.94771058756588,10.408230047812728,11.69819696855994,-2.977606595932366,1.1491161734053144,0.377701214883227,0.028169924119156628,-0.057186522370312735,0.04186228486306541
47.95771058756588,10.409518592954887,11.70175915334983,-2.978178371778197,1.1495435845995043,0.3778192101690471,0.02813083849915665,-0.05716863726673924,0.04362530386889766
47.967710587565875,10.410806446501084,11.705322819529508,-2.9787499684873753,1.1499887857239943,0.37793957591102306,0.028087613012892906,-0.05715069507627916,0.04542020300022746
47.97771058756588,10.412093591227505,11.708887994781643,-2.979321385489976,1.1504520946004866,0.3780622972407506,0.028040168227306282,-0.05713269598147886,0.047246786309289864
47.98771058756587,10.413380009350517,11.712454706760346,-2.979892622217885,1.1509338269803806,0.37818735888835336,0.02798842532025847,-0.05711464016419642,0.04910484855697339
47.99771058756587,10.41466568251965,11.716022983089433,-2.9804636781047877,1.1514342964181854,0.3783147451491539,0.027932306107715296,-0.05709652780560708,0.05099417493928979
48.007710587565875,10.415950591817596,11.719592851362412,-2.981034552586165,1.1519538142715176,0.3784444398836734,0.0278717330437469,-0.057078359086203276,0.05291454108736718
48.01771058756587,10.417234717760207,11.723164339142492,-2.981605245099294,1.1524926897011027,0.37857642651763146,0.02780662922052763,-0.05706013418579461,0.05486571306745463
48.02771058756588,10.418518040296497,11.726737473962576,-2.9821757550832504,1.153051229670775,0.37871068804194674,0.027736918368336055,-0.057041853283507846,0.056847447380921005
48.037710587565876,10.419800538808571,11.730312283325208,-2.982746081978905,1.1536297389451844,0.37884720701230196,0.02766252485609453,-0.05702351655778703,0.05885949096421621
48.047710587565874,10.42108219209824,11.7338887946847,-2.98331622522889,1.1542285193721809,0.37898596543412755,0.027583373864033846,-0.057005124186406485,0.060901581152925946
48.05771058756588,10.422362978411595,11.737467035449642,-2.9838861842776527,1.1548478699672895,0.37912694483413467,0.02749939137248013,-0.056986676346451,0.06297344559196101
48.06771058756588,10.423642875426719,11.741047032985106,-2.9844559585714254,1.1554880871194884,0.37927012624623113,0.02741050410191734,-0.056968173214326824,0.06507480225392889
48.077710587565875,10.424921860235605,11.744628814601322,-2.98502554755818,1.1561494641738028,0.37941549011688247,0.02731663960820478,-0.05694961496577804,0.0672053594439408
48.08771058756588,10.42619990934415,11.748212407553691,-2.9855949506876236,1.1568322914313038,0.3795630163051121,0.027217726282577105,-0.05693100177588657,0.06936481579961166
48.09771058756587,10.42747699867216,11.751797839042764,-2.9861641674112027,1.1575368561491086,0.37971268408250075,0.0271136933516444,-0.05691233381907219,0.07155286029105884
48.107710587565876,10.428753103553346,11.755385136214269,-2.986733197182102,1.1582634425403817,0.3798644721331874,0.027004470877391898,-0.056893611269092446,0.07376917222090738
48.117710587565874,10.43002819873533,11.758974326159086,-2.9873020394552428,1.1590123317743335,0.38001835855386834,0.026889989757180387,-0.056874834299042776,0.07601342122428213
48.12771058756587,10.431302258379636,11.76256543591326,-2.987870693687285,1.1597838019762203,0.3801743208537977,0.026770181723745935,-0.05685600308135645,0.07828526726881292
48.13771058756588,10.43257525605507,11.766158492430465,-2.9884391593365898,1.1605781274988018,0.3803323358561514,0.026644979524863766,-0.056837117787817144,0.08058436173886901
48.147710587565875,10.433847164756203,11.769753522578085,-2.9890074358632646,1.1613955787977088,0.3804923797221482,0.026514316954486427,-0.056818178589544154,0.08291034677267876
48.15771058756587,10.435117956898257,11.773350553156666,-2.989575522729158,1.1622364230856623,0.38065442800865895,0.026378128686279447,-0.05679918565699334,0.0852628547836219
48.16771058756588,10.436387604299226,11.776949610872578,-2.9901434193977954,1.1631009236687695,0.38081845555074506,0.0262363504352502,-0.05678013915997981,0.08764150996556704
48.177710587565876,10.437656078179852,11.780550722337987,-2.9907111253343786,1.1639893399455572,0.3809844364615109,0.026088918957985402,-0.05676103926767795,0.09004592829464997
48.187710587565874,10.43892334916364,11.78415391407085,-2.9912786400057865,1.164901927406971,0.3811523441321033,0.025935772052651147,-0.056741886148621426,0.09247571752927372
48.19771058756588,10.440189387276837,11.78775921249492,-2.9918459628805745,1.1658389376363765,0.38132215123171165,0.025776848558992864,-0.05672267997070319,0.09493047721010851
48.20771058756587,10.441454161948453,11.791366643939737,-2.992413093428975,1.166800618309557,0.38149382970756784,0.025612088358335467,-0.05670342090117548,0.09740979866009021
48.217710587565875,10.442717642010248,11.79497623464064,-2.9929800311228982,1.1677872131947176,0.38166735078494674,0.025441432373582908,-0.056684109106649776,0.09991326498442643
48.22771058756587,10.443979795699098,11.798588010732773,-2.993546775435928,1.168798962062578,0.3818426849611605,0.02526482259118954,-0.05666474475309704,0.10244045129023639
48.23771058756587,10.44524059067897,11.802201998186845,-2.9941133258433146,1.1698360997290786,0.382019801933051,0.025082202294056426,-0.05664532800585257,0.10499092710899569
48.24771058756588,10.446499994013344,11.805818222856029,-2.9946796818219483,1.1708988567850085,0.3821986706248472,0.02489351588178509,-0.05662585902962335,0.10756425499273464
48.257710587565875,10.447757972166551,11.809436710470838,-2.9952458428503586,1.1719874595235067,0.38237925918371246,0.02469870888957052,-0.056606337988488936,0.11015999086235156
48.260037030126966,10.448050425580421,11.810278858034303,-2.995377528953443,1.1722444463154624,0.38242151520905565,0.024652504858620045,-0.05660178908258619,0.11076703891428598
48.27003703012697,10.449307004004886,11.813900009780811,-2.9959431184716423,1.1733654428835132,0.3825994065075583,0.02444884741394931,-0.05658155880234531,0.11333541795525263
48.28003703012697,10.450561655307657,11.817523534408982,-2.9965088355134952,1.1745112667318092,0.38277032098658553,0.024238222339165127,-0.056561830593407574,0.11581482974727436
48.29003703012697,10.45181473122541,11.821149227288956,-2.997074354704629,1.1756814507899105,0.3829339723562134,0.024020385320466898,-0.05654198871923728,0.1182076538160013
48.30003703012697,10.453066179089063,11.824777025368588,-2.9976396749102276,1.176875136341409,0.3830903739372593,0.023795595363017636,-0.056522033548014904,0.12051535034303208
48.31003703012697,10.454315947173518,11.828406865655786,-2.998204794999154,1.1780914790661352,0.3832395399713604,0.02356410732730993,-0.056501965446516214,0.12273939908616613
48.32003703012697,10.455563984713752,11.832038685213613,-2.998769713843937,1.1793296502051838,0.3833814857483754,0.02332617155258339,-0.05648178478011437,0.12488129187687438
48.33003703012697,10.456810241895697,11.835672421176772,-2.999334430320754,1.18058883596609,0.38351622760750703,0.023082034015143273,-0.0564614919127882,0.12694253000354483
48.340037030126965,10.458054669851187,11.83930801076194,-2.9998989433094034,1.1818682372457676,0.3836437829526326,0.02283193639387787,-0.056441087207128704,0.12892462148450995
48.35003703012697,10.459297220659147,11.842945391268717,-3.000463251693306,1.1831670697392054,0.3837641702659165,0.022576116031379923,-0.05642057102434011,0.13082907975854427
48.36003703012697,10.460537847358259,11.846584500078393,-3.0010273543594943,1.1844845648518612,0.3838774091934931,0.02231480563385665,-0.056399943724242084,0.13265741719412733
48.370037030126966,10.461776503939015,11.850225274667313,-3.001591250198594,1.1858199692412086,0.3839835205357132,0.022048233391716077,-0.056379205665276357,0.13441114307292515
48.38003703012697,10.46301314533328,11.853867652621547,-3.002154938104799,1.1871725442588603,0.3840825262329774,0.021776623127265925,-0.05635835720451495,0.13609176137984266
48.39003703012697,10.464247727414161,11.857511571638039,-3.002718416975866,1.1885415659629126,0.3841744493681649,0.021500194287599073,-0.056337398697661044,0.13770077022782445
48.40003703012697,10.465480207003974,11.861156969526714,-3.0032816857131084,1.189926325716168,0.38425931421127113,0.021219161741368217,-0.056316330499051576,0.13923965680033018
48.41003703012697,10.466710541871466,11.864803784218726,-3.003844743221382,1.1913261300632763,0.38433714621739073,0.0209337358012337,-0.056295152961661175,0.14070989528361247
48.42003703012697,10.467938690714572,11.8684519537854,-3.004407588409056,1.192740299836327,0.38440797197834686,0.020644122471548176,-0.0562738664371127,0.14211294554932707
48.43003703012697,10.469164613159212,11.872101416439945,-3.004970220188005,1.1941681701023752,0.38447181922011553,0.020350523461207828,-0.056252471275678284,0.14345025281965015
48.440037030126966,10.470388269761505,11.87575211054166,-3.005532637473605,1.1956090903933347,0.38452871681085043,0.02005313609758284,-0.05623096782628215,0.14472324468718736
48.450037030126964,10.47160962201245,11.879403974599455,-3.0060948391847244,1.1970624250205097,0.38457869477532486,0.01975215321699302,-0.056209356436502,0.1459333281755225
48.46003703012697,10.472828632315636,11.883056947292085,-3.0066568242436915,1.1985275519517762,0.3846217842207966,0.019447763483598196,-0.05618763745258051,0.14708188964896568
48.47003703012697,10.47404526398261,11.88671096747292,-3.0072185915762843,1.2000038625983693,0.38465801732188637,0.0191401514471832,-0.056165811219428284,0.14817029440308402
48.480037030126965,10.47525948123216,11.890365974172612,-3.007780140111726,1.2014907618258561,0.3846874273145722,0.018829497532990326,-0.056143878080625494,0.14919988573686427
48.49003703012697,10.476471249196154,11.89402190660372,-3.008341468782679,1.2029876683696612,0.38471004850187135,0.018515977896982744,-0.05612183837842377,0.1501719813275155
48.50003703012697,10.477680533903088,11.897678704174044,-3.00890257652522,1.2044940140232705,0.38472591619620133,0.01819976465966555,-0.05609969245375379,0.15108787379422126
48.510037030126966,10.47888730226386,11.90133630649821,-3.0094634622788177,1.2060092429901494,0.38473506666873586,0.01788102608827328,-0.056077440646233066,0.15194883059112022
48.52003703012697,10.480091522071158,11.904994653398372,-3.0100241249863324,1.207532811863056,0.38473753714637066,0.017559926601728955,-0.05605508329416639,0.15275609390469008
48.53003703012697,10.481293161999602,11.90865368491028,-3.0105845635940036,1.2090641897450018,0.38473336579353673,0.017236626718101545,-0.05603262073454896,0.1535108784140941
48.54003703012697,10.48249219160431,11.912313341288657,-3.0111447770514452,1.2106028582069805,0.38472259169654227,0.016911283058709547,-0.05601005330306826,0.1542143703279115
48.550037030126965,10.483688581295977,11.915973563023185,-3.011704764311611,1.2121483101645536,0.3847052547774586,0.01658404867227956,-0.055987381334115974,0.1548677285165222
48.56003703012696,10.48488230233756,11.919634290840932,-3.012264524330786,1.2137000497393116,0.38468139578151844,0.016255073073656052,-0.05596460516078993,0.15547208450246675
48.57003703012697,10.486073326842252,11.923295465709064,-3.0128240560685833,1.2152575922069695,0.38465105626329144,0.015924502254295186,-0.055941725114895854,0.15602854203602845
48.58003703012697,10.487261627775792,11.926957028840937,-3.0133833584879364,1.2168204642068317,0.38461427856642294,0.01559247860430371,-0.05591874152694914,0.15653817491843783
48.590037030126965,10.488447178940135,11.930618921705195,-3.0139424305550784,1.2183882030078113,0.384571105770386,0.015259141127456157,-0.05589565472618197,0.15700202821918205
48.60003703012697,10.489629954956618,11.934281086035167,-3.0145012712395176,1.2199603558084426,0.3845215816312316,0.014924625642277287,-0.055872465040551954,0.15742111902834455
48.61003703012697,10.490809931265604,11.93794346382912,-3.0150598795140344,1.2215364797233437,0.3844657505800255,0.01458906478576537,-0.055849172796742334,0.157796436454854
48.62003703012697,10.491987084122496,11.941605997355635,-3.015618254354671,1.223116141696277,0.38440365769196255,0.014252588029834345,-0.05582577832016543,0.15812894089591595
48.63003703012697,10.493161390600033,11.94526862915778,-3.016176394740734,1.2246989186424748,0.38433534867359825,0.013915321631057522,-0.05580228193496255,0.15841956291178066
48.64003703012697,10.494332828562655,11.948931302063611,-3.016734299654754,1.226284396384331,0.38426086978449087,0.013577388942835382,-0.05577868396401616,0.15866920520685568
48.650037030126974,10.49550137665877,11.95259395918983,-3.0172919680824757,1.227872169350568,0.38418026781019116,0.013238910501818342,-0.055754984728953946,0.15887874301476762
48.660037030126965,10.496667014319916,11.956256543942265,-3.0178493990128565,1.2294618405496998,0.38409359005845495,0.012900004035129801,-0.05573118455014931,0.1590490241020332
48.67003703012696,10.497829721756593,11.95991900002211,-3.018406591438055,1.2310530215021955,0.38400088432158813,0.012560784470267615,-0.05570728374672498,0.15918086801510378
48.68003703012697,10.498989479956505,11.963581271429447,-3.0189635443534275,1.2326453321773863,0.3839021988614368,0.012221363950588777,-0.05568328263655382,0.15927506592210322
48.690037030126966,10.500146270658616,11.967243302471317,-3.0195202567574904,1.23423839998483,0.3837975823341395,0.011881852131042675,-0.055659181536271835,0.1593323826215994
48.70003703012697,10.501300076349503,11.970905037763096,-3.020076727651913,1.2358318596409243,0.3836870837778149,0.011542356216546942,-0.05563498076128023,0.15935355674414073
48.71003703012697,10.502450880261884,11.974566422229234,-3.0206329560415157,1.2374253531245543,0.3835707526061973,0.01120298097416207,-0.05561068062574625,0.15933930078087305
48.72003703012697,10.503598666370198,11.978227401109375,-3.02118894093426,1.2390185296105367,0.38344863856984657,0.010863828743650758,-0.05558628144260657,0.15929030051320348
48.73003703012697,10.504743419386463,11.981887919961078,-3.021744681341241,1.2406110453035055,0.38332079174099565,0.010524999485602527,-0.05556178352356899,0.15920721530731796
48.74003703012697,10.505885124735885,11.985547924664996,-3.0223001762766524,1.2422025625412383,0.38318726244799906,0.010186591044420325,-0.05553718717912534,0.15909068002112473
48.75003703012697,10.507023768554575,11.989207361425523,-3.0228554247577795,1.243792749715612,0.38304810126808725,0.009848699171107514,-0.055512492718552846,0.15894130514137766
48.76003703012697,10.508159337687985,11.99286617677138,-3.023410425804998,1.2453812812272516,0.3829033590213711,0.0095114175358776,-0.05548770044991502,0.158759676836954
48.770037030126964,10.509291819685481,11.996524317561128,-3.023965178441763,1.246967837387442,0.382753086732623,0.009174837749446793,-0.05546281068006536,0.15854635665377534
48.78003703012696,10.51042120279726,12.000181730985155,-3.0245196816946054,1.2485521042954315,0.38259733562082354,0.008839049398815633,-0.0554378237146482,0.15830188176773993
48.79003703012697,10.51154747595041,12.003838364568248,-3.0250739345930913,1.2501337729974156,0.3824361570416388,0.008504140294062443,-0.055412739858112396,0.15802676687683836
48.800037030126965,10.512670628746534,12.007494166170027,-3.025627936169819,1.251712539408253,0.38226960248063335,0.008170196490964152,-0.05538755941371264,0.15772150435291882
48.81003703012697,10.51379065146084,12.011149083985138,-3.0261816854604167,1.2532881042851165,0.3820977235502836,0.007837302298405536,-0.055362282683510074,0.15738656428345427
48.82003703012697,10.514907535035045,12.014803066547527,-3.0267351815035295,1.2548601730714029,0.3819205719540908,0.007505540318197832,-0.05533690996837659,0.15702239446782595
48.83003703012697,10.516021271077921,12.018456062732712,-3.027288423340822,1.2564284559174745,0.3817381994812983,0.007174991437863301,-0.0553114415679938,0.1566294202959372
48.84003703012697,10.517131851841363,12.02210802175765,-3.027841410016937,1.257992666865275,0.38155065795785326,0.006845735069960595,-0.05528587778086741,0.15620804665767182
48.85003703012697,10.518239270216327,12.025758893180996,-3.0283941405794867,1.2595525237185117,0.3813579992362934,0.006517849189640253,-0.055260218904329736,0.1557586582134078
48.86003703012697,10.519343519732747,12.029408626903104,-3.0289466140790537,1.261107748040317,0.3811602751955334,0.006191410335306629,-0.05523446523453976,0.1552816193982893
48.87003703012697,10.520444594552155,12.033057173168041,-3.029498829569176,1.2626580649695358,0.3809575377141668,0.005866493658386298,-0.05520861706648778,0.154777274635929
48.880037030126964,10.521542489469724,12.036704482567602,-3.0300507861063535,1.264203203329282,0.3807498386602724,0.005543172888352308,-0.05518267469399316,0.1542459479094377
48.89003703012697,10.52263719989479,12.040350506038667,-3.0306024827500146,1.265742894964648,0.3805372298602238,0.005221520527293793,-0.0551566384097168,0.15368794435819466
48.90003703012697,10.523728721841744,12.043995194862644,-3.031153918562492,1.2672768744576948,0.380319763079583,0.004901607932219635,-0.05513050850516727,0.15310355088698174
48.910037030126965,10.52481705193002,12.047638500665474,-3.0317050926090294,1.2688048791274558,0.3800974900230994,0.004583505315057682,-0.05510428527070076,0.152493036165982
48.92003703012697,10.525902187380819,12.05128037541782,-3.032256003957769,1.2703266489435288,0.3798704623254971,0.004267281766355315,-0.05507796899552332,0.15185665075602467
48.93003703012697,10.52698412601225,12.05492077143897,-3.0328066516797496,1.2718419264520544,0.3796387315240324,0.003953005270995083,-0.05505155996769312,0.1511946269906248
48.940037030126966,10.528062866234272,12.058559641395552,-3.033357034848894,1.2733504565818101,0.37940234905478765,0.0036407427661583613,-0.05502505847412354,0.15050717949913128
48.95003703012697,10.529138407030532,12.062196938297877,-3.0339071525419734,1.2748519860739196,0.37916136622222923,0.003330560305370082,-0.05499846480059633,0.14979450641223946
48.96003703012697,10.530210747957641,12.065832615499847,-3.034457003838603,1.276346263460752,0.3789158341977255,0.003022523064475707,-0.054971779231762066,0.14905678940196093
48.97003703012697,10.531279889144928,12.06946662669893,-3.035006587821243,1.2778330390588577,0.37866580401902133,0.0027166953435846988,-0.054945002051140404,0.14829419369218416
48.98003703012697,10.53234583128647,12.073098925936597,-3.035555903575184,1.2793120647712082,0.3784113265670432,0.002413140619123211,-0.054918133541125444,0.14750686824490133
48.99003703012696,10.533408575643799,12.076729467602046,-3.0361049501885544,1.2807830941981453,0.37815245256162167,0.0021119215103790312,-0.05489117398298217,0.14669494546377063
49.00003703012697,10.534468124028205,12.080358206425526,-3.0366537267522813,1.2822458820549139,0.3778892325412648,0.0018130999467877648,-0.054864123656860615,0.14585854240466495
49.010037030126966,10.535524478794217,12.083985097476475,-3.037202232360075,1.2837001839726876,0.3776217168526493,0.0015167372239149116,-0.054836982841801066,0.14499776113261142
49.020037030126964,10.536577642839603,12.087610096163532,-3.037750466108428,1.2851457564985729,0.3773499556506204,0.0012228940034551285,-0.05480975181573405,0.14411268872178964
49.03003703012697,10.537627619602247,12.09123315823443,-3.0382984270966102,1.286582357041099,0.377073998894327,0.0009316304263620887,-0.05478243085548187,0.1432033972951259
49.04003703012697,10.538674413054483,12.094854239776993,-3.0388461144266605,1.2880097437192888,0.3767938963237945,0.0006430059930920447,-0.054755020236762604,0.14226994400173046
49.050037030126965,10.539718027711084,12.098473297217208,-3.0393935272033845,1.2894276753524123,0.37650969746069446,0.0003570790207328003,-0.054727520234189315,0.1413123712091748
49.06003703012697,10.540758468599707,12.102090287314695,-3.0399406645343143,1.2908359109054657,0.3762214515909447,7.39080447803922e-05,-0.054699931121285426,0.14033070727019584
49.07003703012697,10.541795741258134,12.105705167162448,-3.0404875255297,1.2922342094413417,0.3759292077625395,-0.00020644805844699196,-0.05467225317048601,0.13932496657519147
49.08003703012697,10.542829851734282,12.109317894186836,-3.041034109302514,1.2936223301208303,0.3756330147855494,-0.00048393007180901645,-0.05464448665313783,0.13829514955222083
49.09003703012697,10.54386080657536,12.112928426148228,-3.0415804149684376,1.2950000320797754,0.3753329212248593,-0.0007584784546286417,-0.05461663183950276,0.13724124263643547
49.10003703012697,10.544888612804723,12.11653672114903,-3.0421264416458618,1.2963670743764946,0.37502897538809093,-0.001030033831642282,-0.054588688998758315,0.13616321786495886
49.11003703012697,10.545913277929568,12.120142737625896,-3.0426721884558714,1.2977232157989746,0.3747212253233334,-0.0012985372606529914,-0.05456065839900282,0.1350610334019453
49.120037030126966,10.54693480992823,12.123746434342486,-3.0432176545222105,1.2990682144467522,0.3744097188047564,-0.001563930094106935,-0.0545325403072675,0.1339346339712962
49.130037030126964,10.547953217249868,12.127347770389418,-3.0437628389712805,1.300401827724945,0.3740945033323546,-0.0018261539772372638,-0.054504334989516776,0.13278395085996472
49.14003703012697,10.548968508814465,12.130946705184256,-3.044307740932141,1.301723812344192,0.3737756261319445,-0.002085150848049521,-0.0544760427106482,0.13160890191796304
49.15003703012697,10.549980694009202,12.134543198468073,-3.0448523595364936,1.3030339241226918,0.37345313414249337,-0.0023408628904243536,-0.05444766373449788,0.13040939150295905
49.160037030126965,10.550989782689943,12.138137210309004,-3.045396693918694,1.304331918051226,0.37312707400794476,-0.0025932325559111,-0.05441919832383703,0.12918531025551355
49.17003703012697,10.551995785173954,12.141728701093838,-3.045940743215718,1.3056175479465895,0.3727974920733336,-0.0028422024702307635,-0.054390646740382485,0.12793653547643716
49.18003703012697,10.552998712233919,12.145317631521193,-3.0464845065671393,1.3068905661453656,0.3724644343748349,-0.0030877153551240218,-0.05436200924480591,0.12666293126748032
49.19003703012697,10.55399857509793,12.148903962601521,-3.0470279831151252,1.3081507235039294,0.3721279466397633,-0.003329714028351226,-0.05433328609673377,0.12536434853133363
49.20003703012697,10.554995385449493,12.152487655657097,-3.0475711720044383,1.3093977693983223,0.3717880742865684,-0.0035681414036628427,-0.05430447755474735,0.12404062497155917
49.21003703012697,10.555989155424705,12.15606867231724,-3.0481140723824214,1.310631451491636,0.37144486241214103,-0.003802940436941768,-0.054275583876388776,0.12269158486144978
49.22003703012697,10.556979897614179,12.159646974522445,-3.048656683399007,1.3118515158279782,0.37109835578526856,-0.004034054154691953,-0.054246605318156435,0.12131703884321277
49.230037030126965,10.55796762505723,12.163222524515238,-3.04919900420669,1.3130577064883544,0.3707485988434797,-0.004261425563659528,-0.05421754213551565,0.11991678408924232
49.24003703012696,10.558952351237043,12.166795284831927,-3.049741033960496,1.3142497652554035,0.3703956356831866,-0.00448499756781081,-0.05418839458290871,0.11849060421606397
49.25003703012697,10.559934090080679,12.170365218302614,-3.050282771817982,1.3154274316134005,0.37003951005968405,-0.004704712968332874,-0.05415916291375479,0.11703826928433134
49.260037030126966,10.560912855959078,12.17393228805119,-3.0508242169392386,1.3165904427482564,0.3696802653871498,-0.004920514463633414,-0.05412984738044999,0.11555953579882691
49.27003703012697,10.561888663686112,12.177496457491616,-3.0513653684868767,1.317738533384017,0.369317944730964,-0.0051323446122031055,-0.05410044823437124,0.11405414643146043
49.28003703012697,10.562861528519036,12.181057690326671,-3.0519062256260248,1.3188714356563631,0.3689525907924128,-0.005340145809952704,-0.05407096572587711,0.1125218295068983
49.29003703012697,10.563831466157035,12.184615950546926,-3.052446787524328,1.319988879096597,0.36858424591453054,-0.005543860281145476,-0.054041400104309086,0.11096229926970394
49.30003703012697,10.564798492736207,12.188171202416017,-3.0529870533518997,1.321090590059382,0.36821295206631144,-0.005743429940581999,-0.05401175161800768,0.10937525531605059
49.31003703012697,10.565762624829459,12.191723410470273,-3.0535270222813202,1.3221762917073145,0.36783875084216494,-0.005938796389972439,-0.05398202051431281,0.10776038257386392
49.32003703012697,10.5667238794465,12.195272539518717,-3.0540666934876377,1.3232457040109264,0.3674616834619154,-0.006129900917936544,-0.0539522070395638,0.10611735130282192
49.33003703012697,10.567682274033904,12.19881855464247,-3.0546060661483665,1.324298543722223,0.36708179076943803,-0.006316684494260729,-0.05392231143909987,0.10444581702200563
49.340037030126965,10.568637826476612,12.202361421187346,-3.0551451394434714,1.3253345240128482,0.3666991132103551,-0.006499087693954849,-0.05389233395726584,0.10274541938066617
49.35003703012697,10.56959055509671,12.205901104765344,-3.0556839125553714,1.3263533545386152,0.3663136908366353,-0.006677050709534158,-0.05386227483741087,0.10101578246620603
49.36003703012697,10.570540478651433,12.20943757124215,-3.056222384668902,1.3273547409628161,0.36592556329493764,-0.006850513237442412,-0.05383213432190127,0.0992565140893206
49.370037030126966,10.571487616333167,12.212970786734147,-3.0567605549713077,1.3283383848314332,0.36553476982153843,-0.007019414449931269,-0.05380191265212331,0.09746720550177056
49.38003703012697,10.572431987769438,12.216500717608417,-3.057298422652242,1.3293039835731377,0.3651413492423315,-0.007183692995060293,-0.0537716100684832,0.09564743139638195
49.38236347268806,10.572651295856872,12.217321461222504,-3.0574235110014776,1.3295260045532282,0.36504944962757857,-0.007221242047391642,-0.05376454877028563,0.0952196563297139
49.39236347268806,10.573592758404283,12.220847208746555,-3.0579606697961297,1.3304684569760032,0.3646547901392277,-0.007379446978082211,-0.05373348416338731,0.09340684970987347
49.402363472688066,10.574531032714678,12.224369735954113,-3.0584978517022594,1.3313937144409365,0.36426246052978095,-0.00753243279277242,-0.053702868710716216,0.09165442214145521
49.412363472688064,10.575466613512988,12.227888963382895,-3.05903472660417,1.3323017385508202,0.36387210803369635,-0.007680394602195064,-0.05367208340547613,0.08995997092561522
49.42236347268806,10.576399523900516,12.231404904032383,-3.059571292805967,1.333193101681299,0.3634837188718236,-0.007823507211186607,-0.05364112877560956,0.08832196495478004
49.43236347268807,10.577329786385377,12.234917570917519,-3.0601075486170273,1.3340683610242483,0.3630972786740985,-0.007961940430600393,-0.05361000534692769,0.08673894248635504
49.44236347268806,10.57825742289561,12.238426977058463,-3.0606434923519785,1.3349280593753061,0.3627127725567624,-0.008095859324016493,-0.05357871364311586,0.08520950655202436
49.452363472688056,10.579182454784645,12.241933135474675,-3.061179122330699,1.33577272551979,0.3623301851663657,-0.008225424328707485,-0.053547254185733875,0.0837323225306745
49.46236347268806,10.580104902868214,12.245436059174024,-3.061714436878252,1.3366028755697743,0.36194950075588866,-0.008350791671429627,-0.053515627494235433,0.08230611209346148
49.47236347268806,10.581024787433826,12.2489357611491,-3.0622494343248743,1.3374190133550061,0.3615707032116794,-0.00847211349028377,-0.05348383408597294,0.08092965128307322
49.482363472688064,10.581942128242785,12.252432254376204,-3.062784113005969,1.3382216305193508,0.36119377606081554,-0.008589537864984892,-0.05345187447619872,0.07960177001450501
49.49236347268806,10.582856944541096,12.255925551806637,-3.0633184712620896,1.3390112071897635,0.36081870253583526,-0.008703209028153252,-0.0534197491780701,0.07832134818871128
49.50236347268806,10.583769255065793,12.25941566636377,-3.0638525074389285,1.3397882122450413,0.36044546559503343,-0.008813267449518795,-0.05338745870265162,0.07708731432429448
49.512363472688065,10.584679078076595,12.26290261093465,-3.0643862198872576,1.3405531044810215,0.36007404798272785,-0.008919850198710506,-0.05335500355893517,0.07589864042861617
49.52236347268806,10.585586431359442,12.266386398368795,-3.0649196069629174,1.3413063327541508,0.35970443223808574,-0.009023090990101785,-0.05332238425384217,0.07475434132136972
49.53236347268806,10.58649133222885,12.269867041477156,-3.0654526670268143,1.3420483360914695,0.35933660070272433,-0.009123120217491733,-0.05328960129222531,0.07365347408151483
49.542363472688066,10.587393797536734,12.273344553025325,-3.0659853984448997,1.342779544225186,0.35897053557050207,-0.009220065124634648,-0.05325665517687345,0.07259513495552478
49.55236347268806,10.588293843678182,12.276818945731986,-3.0665177995881625,1.3435003777954926,0.35860621889794714,-0.009314049868558641,-0.05322354640851452,0.07157845846720252
49.56236347268806,10.589191486617974,12.280290232263186,-3.067049868832566,1.3442112493219804,0.3582436326468346,-0.009405195822058513,-0.053190275485835874,0.0706026133179712
49.57236347268806,10.590086741892838,12.28375842523167,-3.067581604559037,1.3449125632944734,0.357882758689075,-0.009493621602123135,-0.05315684290548615,0.06966680197430228
49.58236347268806,10.590979624612965,12.287223537196365,-3.0681130051534686,1.3456047162399818,0.357523578810642,-0.00957944309111938,-0.05312324916207651,0.06877026034361652
49.59236347268806,10.591870149469965,12.290685580657396,-3.0686440690066927,1.346288097164295,0.35716607474788803,-0.009662773578805314,-0.05308949474818674,0.06791225529435409
49.60236347268806,10.592758330738874,12.294144568055215,-3.069174794514483,1.346963087624569,0.3568102281930827,-0.009743723785528347,-0.05305558015436527,0.06709208427833173
49.61236347268806,10.593644182301917,12.297600511766968,-3.069705180077484,1.347630062587159,0.35645602082342137,-0.00982240212888218,-0.053021505869151414,0.06630907189480356
49.622363472688065,10.594527717651426,12.301053424105836,-3.0702352241012028,1.34828939054189,0.356103434306045,-0.009898914759487521,-0.05298727237907812,0.06556256939350898
49.63236347268806,10.595408949890173,12.304503317320972,-3.070764924996007,1.3489414335163747,0.35575245029868535,-0.00997336556552444,-0.05295288016867231,0.06485195460863462
49.64236347268806,10.596287891738637,12.307950203594459,-3.071294281177101,1.349586547427366,0.35540305047208337,-0.010045856286004374,-0.052918329720462516,0.06417663010059267
49.652363472688066,10.597164555533366,12.311394095040066,-3.071823291064536,1.3502250820548445,0.3550552165175806,-0.010116486505234633,-0.05288362151497493,0.06353602297372637
49.66236347268806,10.59803895324689,12.314835003701708,-3.07235195308314,1.350857381741436,0.3547089301620578,-0.01018535386908777,-0.05284875603075581,0.06292958226423645
49.67236347268806,10.598911096493486,12.318272941552618,-3.0728802656624974,1.3514837856137811,0.35436417317510804,-0.0102525541542178,-0.052813733744378026,0.06235677802138413
49.68236347268806,10.59978099652918,12.321707920495333,-3.073408227236951,1.3521046275825337,0.3540209273690382,-0.010318181268059947,-0.05277855513044117,0.06181710130749333
49.69236347268806,10.600648664255388,12.32513995236079,-3.0739358362455826,1.3527202365021682,0.35367917460603887,-0.010382327300356637,-0.05274322066157649,0.06131006339532185
49.70236347268806,10.601514110220586,12.32856904890597,-3.0744630911322095,1.3533309362944197,0.35333889681379416,-0.010445082567283851,-0.0527077308084477,0.060835194736296186
49.71236347268806,10.60237734462862,12.331995221814209,-3.074989990345355,1.3539370462138625,0.35300007598557465,-0.010506535691876498,-0.05267208603976128,0.06039204414612329
49.72236347268806,10.60323837735105,12.335418482694385,-3.075516532338192,1.354538881312674,0.3526626941894017,-0.010566773748799935,-0.052636286822283836,0.05998017696547017
49.732363472688064,10.604097217927297,12.338838843080904,-3.0760427155685433,1.3551367524460105,0.35232673356820304,-0.010625882266045815,-0.052600333620842266,0.05959917503656667
49.74236347268806,10.604953875565181,12.342256314433648,-3.0765685384988792,1.3557309662942059,0.3519921763403518,-0.010683945232057119,-0.052564226898324726,0.05924863659770032
49.75236347268806,10.605808359145932,12.345670908136524,-3.077093999596289,1.3563218255834828,0.3516590048101049,-0.010741045169755914,-0.05252796711568904,0.058928174968005044
49.762363472688065,10.6066606772224,12.349082635496947,-3.077619097332496,1.356909629008682,0.35132720136971174,-0.010797263114106621,-0.05249155473195751,0.05863741873197799
49.77236347268806,10.607510838033827,12.352491507746285,-3.078143830183784,1.3574946717731289,0.3509967485014577,-0.010852678778266891,-0.05245499020424188,0.05837600978334934
49.78236347268806,10.60835884950875,12.355897536039786,-3.078668196630976,1.3580772457010761,0.3506676287790626,-0.010907370588826841,-0.052418273987748336,0.05814360286265939
49.79236347268806,10.609204719265021,12.359300731456592,-3.07919219515944,1.3586576392377059,0.3503398248676802,-0.010961415685809201,-0.05238140653577751,0.05793986555725797
49.80236347268806,10.610048454611556,12.3627011049996,-3.079715824259074,1.3592361375184603,0.35001331952494164,-0.011014889945530647,-0.05234438829972844,0.057764477927552384
49.81236347268806,10.610890062550482,12.366098667594247,-3.0802390824242907,1.359813022450727,0.3496880956077569,-0.011067868013148456,-0.052307219729102544,0.0576171316451162
49.82236347268806,10.611729549779492,12.369493430088923,-3.0807619681540115,1.3603885727830831,0.34936413607050354,-0.01112042332212117,-0.05226990127150641,0.05749752989636557
49.83236347268806,10.612566922702712,12.372885403255705,-3.0812844799515955,1.360963064516118,0.3490414239635012,-0.011172628221595121,-0.05223243337267477,0.05740538578963216
49.84236347268806,10.61340218743115,12.376274597790372,-3.081806616324835,1.3615367709200934,0.3487199424330579,-0.011224553982001544,-0.05219481647647147,0.057340422277283774
49.85236347268806,10.614235349782698,12.379661024312417,-3.082328375785958,1.362109962534946,0.3483996747214702,-0.011276270795056591,-0.05215705102488953,0.05730237215572441
49.86236347268807,10.615066415284641,12.383044693364974,-3.082849756851604,1.3626829072577644,0.34808060416679554,-0.011327847803869988,-0.052119137458058004,0.057290977501740385
49.872363472688065,10.615895389173406,12.386425615413819,-3.0833707580428285,1.36325587030137,0.34776271420682736,-0.011379353097031846,-0.052081076214240477,0.05730598935069559
49.88236347268806,10.616722276399793,12.389803800848336,-3.0838913778850694,1.3638291143892933,0.3474459883748429,-0.011430853765758387,-0.05204286772984647,0.05734716717638039
49.89236347268806,10.617547081635877,12.393179259982332,-3.084411614908089,1.3644029000177864,0.347130410295467,-0.011482415985840284,-0.0520045124394497,0.05741427779742366
49.90236347268806,10.61836980927504,12.39655200305405,-3.0849314676459776,1.3649774854569812,0.34681596368465745,-0.011534105018016053,-0.05196601077578812,0.05750709537162615
49.91236347268806,10.619190463431972,12.39992204022614,-3.085450934637148,1.3655531267508862,0.3465026323497067,-0.011585985207971869,-0.051927363169764006,0.05762540139596019
49.92236347268806,10.620009047945162,12.403289381585756,-3.0859700144243134,1.3661300777867789,0.34619040018670244,-0.011638120012027459,-0.05188857005045248,0.057768984127765
49.93236347268806,10.62082556637589,12.406654037143571,-3.0864887055544985,1.3667085902014486,0.34587925118358,-0.011690571974784408,-0.05184963184509698,0.05793763851667016
49.942363472688065,10.621640022013564,12.41001601683499,-3.087007006578995,1.3672889135956576,0.3455691694139878,-0.011743402792079435,-0.051810548979124134,0.058131165585255114
49.95236347268806,10.622452417880817,12.41337533052099,-3.0875249160533103,1.3678712957228079,0.34526013903112285,-0.011796673370577574,-0.05177132187616046,0.05834937157388793
49.96236347268806,10.623262756733505,12.416731987988136,-3.0880424325371676,1.3684559824889813,0.34495214426772913,-0.011850443827785282,-0.05173195095803238,0.05859206794050281
49.972363472688066,10.624071041060708,12.42008599894856,-3.0885595545945073,1.369043217952939,0.34464516943609774,-0.011904773492050442,-0.05169243664476622,0.05885907136060014
49.982363472688064,10.624877273086591,12.42343737304007,-3.0890762807934604,1.3696332443614938,0.3443391989242234,-0.011959720917477828,-0.051652779354596,0.059150203300056305
49.99236347268806,10.625681454770197,12.426786119825264,-3.089592609706356,1.3702263020533196,0.34403421719660576,-0.012015343862657723,-0.051612979503961286,0.059465289849679304
50.00236347268806,10.626483587808556,12.430132248792427,-3.090108539909694,1.370822629602799,0.34373020879005606,-0.012071699331082136,-0.05157303750751665,0.05980416141726178
50.01236347268806,10.627283673641914,12.4334757693566,-3.0906240699840786,1.3714224640041162,0.3434271583036625,-0.012128843629972495,-0.05153295377815252,0.06016665181355111
50.02236347268806,10.62808171345376,12.436816690859576,-3.091139198514221,1.3720260406722353,0.34312505039872576,-0.012186832370614863,-0.05149272872699548,0.06055259824582493
50.03236347268806,10.628877708170823,12.440155022569904,-3.0916539240889374,1.3726335934429017,0.34282386979875823,-0.012245720468360078,-0.05145236276340815,0.06096184131789195
50.04236347268806,10.629671658463963,12.44349077368293,-3.0921682453011368,1.3732453545825438,0.3425236012867946,-0.012305562147812369,-0.05141185629499356,0.06139422483808487
50.052363472688064,10.630463564749768,12.446823953320115,-3.0926821607478003,1.3738615547096384,0.34222422970007016,-0.012366410930176585,-0.051371209727601556,0.06184959536745229
50.06236347268806,10.631253427190227,12.450154570529088,-3.093195669029998,1.3744824228124568,0.3419257399336329,-0.012428319634754381,-0.05133042346532352,0.06232780244413191
50.07236347268806,10.63204124569886,12.453482634285027,-3.0937087687528004,1.3751081864581964,0.3416281169242782,-0.012491340445810385,-0.05128949791052172,0.06282869750595385
50.082363472688066,10.632827019941113,12.456808153490705,-3.094221458525272,1.3757390718031968,0.3413313456494193,-0.01255552491618879,-0.051248433463831206,0.06335213381312153
50.09236347268806,10.633610749334357,12.460131136976504,-3.0947337369604715,1.3763753035929391,0.3410354111270873,-0.012620923967313371,-0.05120723052415988,0.06389796644821168
50.10236347268806,10.634392433047966,12.463451593500402,-3.095245602675451,1.3770171051625775,0.3407402984156639,-0.01268758788951983,-0.05116588948868886,0.06446605230214168
50.11236347268806,10.635172070005975,12.466769531747563,-3.0957570542912154,1.3776646983943444,0.3404459926036366,-0.01275556633960918,-0.05112441075288604,0.06505624953460261
50.12236347268806,10.635949658885323,12.470084960329428,-3.0962680904327646,1.378318303596538,0.3401524788173176,-0.012824908306345622,-0.05108279471049138,0.06566841795297237
50.13236347268806,10.636725198120574,12.473397887784945,-3.0967787097290187,1.3789781396961154,0.33985974220664167,-0.012895662168634067,-0.05104104175354267,0.06630241823663116
50.14236347268806,10.637498685906118,12.476708322580855,-3.0972889108127784,1.3796444242867167,0.3395677679374833,-0.012967875713069557,-0.05099915227238787,0.06695811153072713
50.15236347268806,10.63827012019616,12.4800162731117,-3.097798692320727,1.3803173736286636,0.339276541191656,-0.01304159613393722,-0.05095712665568515,0.06763535944617606
50.162363472688064,10.639039498704715,12.483321747699815,-3.098308052893431,1.3809972026489594,0.3389860471669132,-0.013116870033212281,-0.05091496529040286,0.06833402405966127
50.17236347268806,10.639806818906248,12.486624754595224,-3.0988169911753256,1.3816841249338419,0.33869627107441846,-0.013193743420331212,-0.05087266856182297,0.06905396781096042
50.18236347268806,10.640572078038387,12.48992530197427,-3.099325505814689,1.3823783525855822,0.3384071981282322,-0.013272261684122684,-0.05083023685355193,0.06979505310354274
50.192363472688065,10.64133527310018,12.493223397939785,-3.0998335954636786,1.3830800962308933,0.3381188135553205,-0.013352469589387541,-0.05078767054750612,0.07055714268897043
50.20236347268806,10.642096400857444,12.496519050521663,-3.1003412587782337,1.3837895651530345,0.3378311025748185,-0.013434411322354857,-0.05074497002394589,0.07134009875444039
50.21236347268806,10.642855457843451,12.499812267676852,-3.100848494418063,1.3845069672969519,0.33754405039523505,-0.013518130493689353,-0.050702135661479804,0.07214378280498021
50.222363472688066,10.643612440358941,12.503103057289344,-3.101355301046642,1.3852325092692785,0.3372576422144522,-0.013603670138491394,-0.05065916783706462,0.07296805566344818
50.23236347268806,10.644367344472105,12.506391427170174,-3.1018616773312155,1.3859663963383342,0.3369718632197257,-0.013691072716296939,-0.05061606692600531,0.07381277747053269
50.24236347268806,10.645120166019645,12.509677385057064,-3.102367621942781,1.3867088324094992,0.3366866985836576,-0.013780380107385581,-0.0505728333019604,0.07467780755857753
50.25236347268806,10.645870900609827,12.512960938612315,-3.1028731335560624,1.3874600198305647,0.33640213345477576,-0.013871633571221035,-0.050529467336950344,0.07556300421287189
50.26236347268806,10.646619543620542,12.51624209542377,-3.103378210849552,1.3882201594687724,0.3361181529675119,-0.013964873760240235,-0.05048596940134418,0.07646822495223438
50.27236347268806,10.647366090204628,12.519520863004463,-3.1038828525054023,1.3889894507766822,0.33583474222038867,-0.014060140748310523,-0.050442339863895104,0.07739332574458715
50.28236347268806,10.648110535290321,12.522797248792527,-3.1043870572094203,1.3897680917899171,0.3355518862741955,-0.014157474031213518,-0.05039857909174322,0.07833816094555321
50.29236347268806,10.648852873581266,12.526071260151202,-3.1048908236510657,1.3905562791271642,0.3352695701519884,-0.014256912526645104,-0.05035468745041555,0.07930258329845644
50.302363472688064,10.649593099556501,12.529342904368825,-3.1053941505234524,1.3913542079901746,0.33498777883908987,-0.014358494574215445,-0.050310665303825976,0.08028644393432162
50.31236347268806,10.650331207471218,12.532612188658481,-3.1058970365233356,1.3921620721444898,0.33470649728065877,-0.014462257932172807,-0.05026651301427889,0.08128959231457009
50.32236347268807,10.651067191361514,12.535879120154988,-3.106399480351074,1.392980063696456,0.3344257103692461,-0.014568239731060082,-0.050222230942483286,0.08231187600493116
50.332363472688066,10.651801045041008,12.539143705916326,-3.1069014807106927,1.3938083731573903,0.33414540295902906,-0.014676476481982231,-0.050177819447530046,0.0833531410175881
50.342363472688056,10.652532762106476,12.542405952922577,-3.107403036309772,1.3946471894916679,0.33386555984412325,-0.014787004100335017,-0.05013327888693043,0.0844132311623965
50.35236347268806,10.653262335938903,12.545665868075579,-3.10790414585943,1.3954967001052574,0.333586165754869,-0.01489985790510739,-0.05008860961662198,0.08549198794867698
50.36236347268806,10.653989759703471,12.548923458198903,-3.1084048080743196,1.396357090845717,0.33330720535783204,-0.01501507261888109,-0.05004381199096871,0.08658925058521141
50.37236347268806,10.654715026349567,12.552178730037873,-3.108905021672632,1.3972285460021965,0.3330286632558032,-0.015132682367830904,-0.049998886362760946,0.08770485598024545
50.38236347268806,10.655438128610783,12.555431690259551,-3.1094047853760958,1.3981112483053233,0.33275052398778493,-0.015252720681705665,-0.04995383308321542,0.08883863874127342
50.39236347268806,10.656159059010042,12.558682345449705,-3.1099040979099217,1.3990053787650418,0.3324727720177929,-0.015375220462330275,-0.04990865250199321,0.08999043103813693
50.402363472688066,10.65687780985897,12.561930702112212,-3.1104029580028634,1.3999111165569007,0.3321953917424894,-0.015500213952967043,-0.049863344967180354,0.09116006283234097
50.412363472688064,10.657594373259096,12.565176766669762,-3.110901364387166,1.4008286391600153,0.3319183674846717,-0.015627732775155476,-0.04981791082530476,0.09234736162331589
50.42236347268806,10.658308741106376,12.568420545461864,-3.111399315798492,1.4017581223045552,0.3316416834803321,-0.01575780792401645,-0.04977235042136105,0.09355215219828852
50.43236347268807,10.659020905091214,12.571662044744855,-3.111896810975923,1.4026997399717434,0.3313653238786584,-0.015890469768252174,-0.04972666409881055,0.09477425663228227
50.442363472688065,10.65973085669845,12.574901270691896,-3.112393848661959,1.4036536643938569,0.3310892727420337,-0.01602574805014623,-0.04968085219958129,0.09601349428811702
50.452363472688056,10.66043858720736,12.57813822939296,-3.1128904276025176,1.404620066054225,0.3308135140460363,-0.016163671885563464,-0.04963491506406803,0.09726968181640842
50.46236347268806,10.661144087691962,12.581372926854652,-3.1133865465469346,1.4055991136752264,0.3305380316792345,-0.016304269761379293,-0.049588853031132536,0.0985426331637249
50.47236347268806,10.66184734902895,12.584605368994673,-3.1138822042479353,1.4065909739143745,0.33026280943739633,-0.016447569470924992,-0.049542666438113496,0.09983215975233767
50.482363472688064,10.662548361896826,12.587835561643297,-3.1143773994616106,1.4075958115018954,0.32998783102050244,-0.016593598147465607,-0.049496355620834064,0.10113807026431211
50.49236347268806,10.663247116776276,12.59106351054366,-3.11487213094739,1.408613789292879,0.3297130800293664,-0.016742382278324773,-0.04944992091361167,0.10246017055611402
50.50236347268806,10.663943603951795,12.594289221350646,-3.115366397468032,1.4096450682050299,0.329438539964306,-0.01689394769172275,-0.049403362649260776,0.10379826370082522
50.50468991524916,10.664105311486976,12.595039344131234,-3.1154813189348407,1.4098869134899121,0.32937469826916027,-0.016929610004689465,-0.04939251345577859,0.10411183524737644
50.514689915249164,10.66479911876002,12.598262368622633,-3.1159746712045724,1.4109323191197545,0.32909966619022546,-0.017084656590705072,-0.04934511849244666,0.10542483168128194
50.52468991524916,10.665490526479687,12.601483085364416,-3.116467887503407,1.411992888785957,0.3288241795406781,-0.01724528606547384,-0.049298100049685045,0.10667860744568218
50.53468991524916,10.66617967184684,12.60470155710592,-3.116960632382245,1.4130656824957153,0.32854797129342744,-0.017410387569984278,-0.049250834609688196,0.1078697827902117
50.544689915249165,10.666866564339205,12.607917776913544,-3.1174529033746836,1.4141500796080484,0.3282710490203561,-0.017579794803760634,-0.04920332288902385,0.10899944034769314
50.55468991524916,10.667551213922358,12.61113173782812,-3.1179446980214767,1.4152454700831525,0.3279934204187438,-0.017753344770090627,-0.049155565601088635,0.11006865704344854
50.56468991524916,10.668233631045258,12.614343432869616,-3.1184360138705007,1.4163512547353945,0.327715093330637,-0.01793087782424321,-0.049107563456115846,0.11107850131112462
50.57468991524916,10.66891382664046,12.617552855039598,-3.11892684847675,1.4174668454654167,0.32743607575308714,-0.01811223772538213,-0.049059317161176216,0.11203003141495071
50.58468991524916,10.669591812097352,12.62075999733058,-3.1194171994022466,1.4185916644817596,0.32715637586999025,-0.018297271410038757,-0.049010827420204205,0.11292429468969675
50.59468991524916,10.67026759925621,12.62396485272843,-3.119907064216021,1.4197251441821992,0.3268760020607939,-0.01848582895413231,-0.048962094934004156,0.11376232701855715
50.60468991524916,10.670941200406904,12.627167414213172,-3.120396440494104,1.4208667271449724,0.32659496290194057,-0.018677763568369768,-0.04891312040025209,0.11454515258503362
50.61468991524916,10.671612628285374,12.630367674764543,-3.120885325819497,1.4220158663734648,0.32631326717481,-0.018872931645166464,-0.048863904513502816,0.11527378122260679
50.624689915249164,10.672281896069096,12.633565627364712,-3.1213737177821566,1.4231720252016886,0.32603092387124727,-0.019071192727970716,-0.04881444796519418,0.11594920792595723
50.63468991524916,10.672949017352233,12.636761265006674,-3.1218616139789046,1.4243346765496205,0.3257479422131485,-0.019272409296315778,-0.048764751443673336,0.11657241239726322
50.64468991524916,10.673614006143302,12.639954580695209,-3.1223490120134216,1.4255033028686483,0.3254643316544774,-0.0194764467490438,-0.04871481563419939,0.11714435889275282
50.654689915249165,10.67427687686312,12.643145567448173,-3.122835909496234,1.4266773961156305,0.3251801018814952,-0.019683173394266392,-0.0486646412189463,0.11766599591176292
50.66468991524916,10.674937644342204,12.646334218302286,-3.1233223040446894,1.4278564579452446,0.3248952628099061,-0.019892460485231096,-0.048614228877009086,0.11813825400644305
50.67468991524916,10.6755963238133,12.649520526315712,-3.123808193282928,1.4290399994423768,0.3246098245893303,-0.020104182145604516,-0.04856357928441111,0.1185620458985547
50.68468991524916,10.676252930889532,12.652704484575002,-3.124293574841802,1.4302275404231939,0.32432379761252594,-0.020318215170600416,-0.04851269311412906,0.11893826642204773
50.69468991524916,10.676907481563198,12.655886086195569,-3.1247784463588704,1.4314186094036643,0.32403719251577734,-0.020534439017588405,-0.04846157103609469,0.11926779247030088
50.70468991524916,10.677559992203697,12.659065324322961,-3.125262805478386,1.432612743556413,0.32375002017752563,-0.020752735792012374,-0.048410213717197816,0.1195514827829452
50.71468991524916,10.678210479554886,12.662242192138665,-3.125746649851267,1.43380948881479,0.3234622917078292,-0.020972990262744972,-0.0483586218212929,0.11979017628978393
50.72468991524916,10.678858960728675,12.66541668286188,-3.1262299771350777,1.4350083996202516,0.32317401845137905,-0.021195089793036796,-0.04830679600920539,0.11998469239415864
50.73468991524916,10.67950545318424,12.668588789755391,-3.1267127849939405,1.4362090382018755,0.32288521199040476,-0.021418924138985895,-0.04825473693875813,0.12013583131172614
50.74468991524916,10.680149974726909,12.671758506125991,-3.12719507109853,1.4374109745421846,0.32259588414456214,-0.02164438543966238,-0.04820244526477287,0.12024437405012418
50.754689915249166,10.680792543506817,12.67492582532519,-3.1276768331260656,1.4386137863379325,0.3223060469694529,-0.02187136820545449,-0.048149921639072474,0.12031108234286574
50.764689915249164,10.681433178015066,12.6780907407548,-3.128158068760276,1.4398170589768713,0.3220157127413314,-0.022099769302316743,-0.04809716671048971,0.12033669755431696
50.77468991524916,10.682071897082015,12.681253245867966,-3.128638775691398,1.4410203854690062,0.3217248939575029,-0.022329487932701612,-0.04804418112486807,0.12032194070816724
50.78468991524917,10.682708719855958,12.684413334173955,-3.129118951616074,1.4422233656391374,0.3214336033361114,-0.022560425413749405,-0.0479909655250918,0.12026751327753979
50.79468991524916,10.683343665801024,12.687570999238822,-3.1295985942373457,1.4434256060532886,0.3211418538153707,-0.022792485156637378,-0.04793752055108907,0.12017409720509602
50.804689915249156,10.683976754696895,12.690726234685545,-3.1300777012646495,1.4446267200081548,0.3208496585532269,-0.023025572663615244,-0.04788384683983239,0.1200423549029605
50.81468991524916,10.684608006633667,12.693879034198286,-3.1305562704137753,1.4458263273708258,0.3205570309124711,-0.023259595479577403,-0.047829945025350144,0.11987292881395471
50.82468991524916,10.685237442015282,12.697029391524152,-3.1310342994068843,1.447024054740307,0.3202639844542292,-0.023494463233188073,-0.04777581573872077,0.11966644086121288
50.834689915249164,10.685865081539903,12.700177300475907,-3.1315117859724064,1.4482195346356095,0.3199705329387251,-0.02373008741787741,-0.04772145960810332,0.1194234935993885
50.84468991524916,10.686490946194379,12.703322754933293,-3.1319887278450134,1.4494124052769815,0.31967669032270163,-0.023966381331902015,-0.04766687725874688,0.11914467040681193
50.85468991524916,10.687115057254235,12.706465748843035,-3.1324651227656153,1.4506023105859098,0.31938247075942044,-0.024203260078344935,-0.04761206931299058,0.11883053548549036
50.864689915249166,10.687737436281052,12.709606276220228,-3.13294096848134,1.4517889000704467,0.3190878885925439,-0.024440640533331875,-0.04755703639026993,0.11848163385035886
50.874689915249164,10.688358105122358,12.712744331152681,-3.1334162627455155,1.4529718288271642,0.3187929583362913,-0.024678441342523717,-0.0475017791071206,0.11809849070276177
50.88468991524916,10.688977085905059,12.71587990780066,-3.13389100331764,1.4541507572456795,0.31849769468133243,-0.02491658284336925,-0.04744629807718761,0.11768161205262274
50.89468991524917,10.689594401021406,12.719013000398796,-3.134365187963295,1.4553253503893961,0.3182021124893002,-0.025154986898923253,-0.04739059391125275,0.11723148550940056
50.90468991524916,10.690210073128691,12.722143603256148,-3.1348388144541386,1.4564952779821503,0.31790622679249325,-0.025393576894227537,-0.04733466721723518,0.11674858029369
50.914689915249156,10.690824125149136,12.725271710756251,-3.1353118805679108,1.457660214402106,0.3176100527936881,-0.02563227773468724,-0.047278518600191666,0.11623334724243031
50.92468991524916,10.691436580265785,12.728397317359711,-3.13578438408838,1.4588198384447022,0.3173136058505368,-0.025871015782226888,-0.04722214866233022,0.11568621881376642
50.93468991524916,10.692047461926837,12.731520417606305,-3.1362563228053744,1.4599738335128913,0.31701690146743994,-0.026109718904468632,-0.04716555800300061,0.11510760858898694
50.944689915249164,10.692656793831238,12.73464100611444,-3.136727694514683,1.4611218869235567,0.31671995529787356,-0.026348316292310874,-0.04710874721872505,0.11449791241575558
50.95468991524916,10.693264599923154,12.737759077581616,-3.137198497018012,1.4622636896297938,0.3164227831406865,-0.02658673838649226,-0.04705171690321173,0.11385750875826076
50.96468991524916,10.693870904391956,12.740874626784423,-3.137668728122982,1.46339893622091,0.31612540094010044,-0.026824916877591684,-0.04699446764735477,0.11318675869721562
50.974689915249165,10.694475731671826,12.743987648578612,-3.138138385643127,1.4645273248948127,0.31582782478482163,-0.027062784698872196,-0.0469370000392358,0.11248600595307745
50.98468991524916,10.695079106439007,12.74709813790144,-3.1386074673978404,1.465648557198014,0.3155300708892812,-0.027300275958853933,-0.04687931466413861,0.11175557689937973
50.99468991524916,10.695681053615392,12.750206089772986,-3.1390759712124123,1.4667623382219688,0.3152321555923773,-0.027537325992003685,-0.046821412104537004,0.11099578025147774
51.004689915249166,10.696281598355077,12.75331149929432,-3.139543894917913,1.467868375859155,0.31493409535796657,-0.02777387116587869,-0.046763292940132026,0.11020690817794647
51.01468991524916,10.69688076604164,12.756414361647451,-3.1400112363511616,1.4689663806387145,0.3146359067725727,-0.028009848838533233,-0.046704957747860605,0.10938923649818363
51.02468991524916,10.697478582288138,12.759514672095323,-3.1404779933547307,1.4700560657264568,0.31433760654538573,-0.02824519735851921,-0.046646407101895465,0.10854302468240758
51.03468991524916,10.698075072936877,12.762612425981784,-3.140944163776936,1.4711371469016916,0.3140392115076482,-0.02847985605905888,-0.04658764157364658,0.10766851586914047
51.04468991524916,10.698670264057716,12.765707618732717,-3.141409745471785,1.472209342257175,0.3137407385957558,-0.028713765183308235,-0.04652866173177768,0.10676593692925891
51.05468991524916,10.699264181951724,12.768800245858056,-3.1418747362990205,1.4732723724400127,0.31344220484915924,-0.02894686594545655,-0.04646946814219059,0.10583549814195932
51.06468991524916,10.69985685314054,12.771890302948282,-3.1423391341240037,1.4743259599492615,0.3131436274132747,-0.029179100352027563,-0.04641006136806348,0.10487739413148983
51.07468991524916,10.700448304363954,12.774977785673835,-3.1428029368176764,1.4753698289442645,0.3128450235373934,-0.029410411153401646,-0.046350441969861635,0.10389180406749914
51.084689915249164,10.701038562579894,12.77806268978511,-3.1432661422565626,1.4764037052446506,0.31254641057468147,-0.029640741843815783,-0.04629061050533742,0.10287889166503654
51.09468991524916,10.701627654964431,12.78114501111245,-3.143728748322768,1.4774273163301443,0.31224780598217683,-0.029870036661316976,-0.04623056752953035,0.1018388051846542
51.10468991524916,10.702215608911093,12.784224745565556,-3.144190752903926,1.4784403910520707,0.3119492273110349,-0.030098240518253397,-0.04617031359478314,0.10077167749343026
51.114689915249166,10.702802452034463,12.787301889136499,-3.14465215389323,1.479442659781618,0.31165069219546127,-0.03032529903961944,-0.04610984925073009,0.09967762575007345
51.12468991524916,10.703388212164189,12.79037643789605,-3.1451129491893637,1.4804338539998632,0.3113522183615547,-0.03055115845996766,-0.04604917504432074,0.09855675194209787
51.13468991524916,10.703972917341463,12.79344838799114,-3.1455731366964192,1.4814137058834986,0.31105382362519096,-0.03077576552146664,-0.04598829151984416,0.09740914319878934
51.14468991524916,10.704556595819023,12.796517735644839,-3.146032714323899,1.4823819483048295,0.31075552589202377,-0.030999067473900153,-0.04592719921892919,0.09623487179120947
51.15468991524916,10.705139276061145,12.799584477156372,-3.146491679986714,1.4833383148317754,0.310457343157484,-0.031221012074667716,-0.04586589868054426,0.09503399513219299
51.16468991524916,10.70572098674377,12.802648608900537,-3.146950031605171,1.4842825396409551,0.3101592935052584,-0.0314415475685094,-0.04580439044100238,0.0938065557673695
51.17468991524916,10.706301756757489,12.805710127327146,-3.147407767104914,1.485214357198516,0.30986139509202654,-0.0316606226156058,-0.045742675033976256,0.09255258115268844
51.18468991524916,10.706881615206951,12.808769028963448,-3.147864884416988,1.486133502530187,0.3095636661517137,-0.031878186354270914,-0.04568075299048068,0.09127208371400555
51.194689915249164,10.707460591407129,12.811825310406908,-3.1483213814776883,1.4870397104713766,0.3092661249994551,-0.03209418822114494,-0.045618624838918514,0.08996506113925647
51.20468991524916,10.708038714883113,12.814878968324438,-3.148777256228546,1.4879327155775777,0.3089687900311317,-0.03230857792998744,-0.04555629110508604,0.08863149639230819
51.21468991524916,10.708616015370131,12.817929999452414,-3.1492325066163263,1.4888122521243676,0.3086716797233706,-0.03252130547167738,-0.04549375231217299,0.08727135771295913
51.224689915249165,10.709192522813538,12.82097840059666,-3.1496871305930294,1.4896780541074086,0.3083748126335448,-0.032732321114213044,-0.04543100898076247,0.0858845986169391
51.234689915249156,10.709768267370585,12.824024168630498,-3.1501411261158516,1.4905298550222599,0.3080782073968921,-0.03294157535365923,-0.04536806162884274,0.08447115771756408
51.24468991524916,10.710343279415113,12.827067300495285,-3.150594491147174,1.4913673877047438,0.30778188271353685,-0.03314901888243409,-0.04530491077180981,0.0830309583711107
51.25468991524916,10.710917589533967,12.830107793200606,-3.1510472236545732,1.4921903844197284,0.3074858573570944,-0.03335460260579198,-0.04524155692246425,0.08156390897445266
51.26468991524916,10.711491228528411,12.833145643815982,-3.1514993216106877,1.4929985761496414,0.30719015017808754,-0.03355827747845681,-0.0451780005910538,0.0800699026913051
51.27468991524916,10.712064227414215,12.836180849470672,-3.151950782993213,1.4937916925746642,0.30689478010389115,-0.03375999450013318,-0.04511424228527445,0.07854881744084749
51.28468991524916,10.712636617421664,12.839213407353675,-3.1524016057849025,1.4945694620727308,0.3065997661387324,-0.033959704715506356,-0.04505028251027052,0.07700051589772372
51.29468991524916,10.713208429995545,12.842243314713716,-3.1528517879735656,1.495331611719529,0.3063051273636905,-0.03415735921424228,-0.044986121768634625,0.07542484549204202
51.30468991524916,10.713779696798891,12.845270568856145,-3.1533013275520276,1.49607786700711,0.3060108829349267,-0.03435290907084714,-0.044921760560421034,0.07382163797269932
51.31468991524916,10.714350449718745,12.848295167143114,-3.1537502225181195,1.4968079516734998,0.30571705207293587,-0.0345463053125468,-0.04485719938314666,0.07219070893854383
51.32468991524917,10.714920720861222,12.85131710699434,-3.154198470874694,1.4975215878368915,0.3054236540703787,-0.03473749894412886,-0.044792438731787475,0.07053185828645232
51.334689915249164,10.715490542557761,12.854336385876499,-3.154646070629484,1.4982184952091295,0.30513070829782274,-0.034926440774713075,-0.04472747909882251,0.06884486926454328
51.344689915249155,10.716059947365318,12.85735300130299,-3.1550930197951015,1.4988983910776001,0.3048382342037675,-0.03511308141381576,-0.04466232097423485,0.06712950844744164
51.35468991524916,10.716628968066354,12.860366950833939,-3.1555393163890377,1.4995609903052312,0.30454625131464347,-0.0352973712713502,-0.04459696484551142,0.06538552573627461
51.36468991524916,10.71719763766885,12.8633782320762,-3.1559849584336606,1.5002060053304915,0.30425477923481314,-0.03547926055762603,-0.04453141119764331,0.0636126543586779
51.37468991524916,10.717765989409829,12.866386842680717,-3.15642994395619,1.5008331459589352,0.30396383764655094,-0.035658699240275774,-0.044465660513134136,0.06181061039078708
51.38468991524916,10.718334056766752,12.869392780338078,-3.156874270988648,1.5014421188618414,0.3036734463029545,-0.03583563694443469,-0.04439971327201387,0.05997909147025573
51.39468991524916,10.718901873447308,12.872396042785423,-3.1573179375679317,1.5020326281045266,0.3033836250296995,-0.03601002306039907,-0.04433356995181706,0.05811777813471706
51.404689915249165,10.719469473402187,12.875396627791098,-3.157760941735649,1.502604374116044,0.303094393735593,-0.03618180652459132,-0.04426723102763437,0.056226331734928574
51.41468991524916,10.720036890826323,12.878394533153473,-3.1582032815381074,1.5031570536034025,0.30280577241301715,-0.03635093580157997,-0.04420069697211655,0.054304394248830296
51.42468991524916,10.720604160158913,12.88138975670094,-3.158644955026313,1.5036903595515656,0.30251778113792926,-0.03651735888407971,-0.04413396825547442,0.05235158828154474
51.434689915249166,10.721171316083398,12.884382296291912,-3.1590859602559695,1.5042039812234527,0.30223044006986177,-0.03668102329295137,-0.044067045345478874,0.05036751706537694
51.444689915249164,10.721738393528538,12.88737214981408,-3.159526295287476,1.504697604104559,0.30194376945213264,-0.03684187606604266,-0.04399992870746279,0.04835176429345155
51.454689915249155,10.722305427687502,12.89035931517368,-3.1599659581858366,1.5051709089993905,0.301657789611451,-0.03699986357855545,-0.04393261880434723,0.04630389135556241
51.46468991524916,10.72287245400398,12.893343790307943,-3.1604049470207687,1.505623572822078,0.3013725209513025,-0.03715493170432298,-0.043865116096608266,0.044223439749918936
51.47468991524916,10.723439508186589,12.896325573169044,-3.1608432598665583,1.5060552675975112,0.3010879839652809,-0.03730702560803277,-0.043797421042322295,0.0421099283068427
51.48468991524916,10.724006626216077,12.899304661718206,-3.1612808948020144,1.5064656600520376,0.3008041992399858,-0.037456089661858066,-0.04372953409718149,0.03996285198485432
51.49468991524916,10.724573844345333,12.90228105392571,-3.1617178499104654,1.5068544116134632,0.30052118745502293,-0.03760206744545776,-0.04366145571449386,0.037781681870674676
51.50468991524916,10.725141199099372,12.905254747770883,-3.162154123279762,1.5072211784110512,0.30023896938300415,-0.03774490174597636,-0.04359318634518324,0.035565865179224984
51.514689915249164,10.725708727275348,12.908225741242106,-3.162589713002276,1.5075656112755225,0.2999575658895474,-0.03788453455804404,-0.0435247264377893,0.03331482525362669
51.52468991524916,10.726276465957286,12.911194032328284,-3.163024617174847,1.5078873550467018,0.29967699793529134,-0.038020906947756464,-0.04345607643848395,0.03102795903315844
51.53468991524916,10.726844452522839,12.914159619019168,-3.1634588338987917,1.5081860483594023,0.29939728657198217,-0.038153959014095185,-0.04338723679106742,0.028704636371366516
51.544689915249165,10.727412724635533,12.91712249930602,-3.1638923612799004,1.5084613238537747,0.29911845294746636,-0.0382836299256627,-0.043318207936971116,0.02634420092726044
51.55468991524916,10.72798132026936,12.920082671163415,-3.16432519742831,1.5087128068950748,0.2988405183143354,-0.03840985766526158,-0.04324899031529631,0.02394596548213497
51.56468991524916,10.728550277709017,12.923040132549076,-3.164757340458508,1.508940115561892,0.29856350402998294,-0.03853257902756368,-0.04317958436281449,0.021509211896392495
51.57468991524916,10.729119635549912,12.925994881403877,-3.1651887884893273,1.5091428606461494,0.29828743155660536,-0.03865172961911005,-0.04310999051396736,0.019033191109544538
51.58468991524916,10.729689432698157,12.928946915651848,-3.1656195396439517,1.5093206456531048,0.2980123224612009,-0.03876724385831127,-0.043040209200866764,0.01651712314020568
51.59468991524916,10.730259708375787,12.93189623319805,-3.1660495920499034,1.5094730665705804,0.29773819841562305,-0.03887905493117307,-0.042970240853297016,0.013960196126922295
51.60468991524916,10.730830502150953,12.934842831914777,-3.1664789438389898,1.509599710473311,0.29746508119911136,-0.03898709452158909,-0.04290008589873213,0.011361560642724425
51.61468991524916,10.731401853927679,12.937786709641072,-3.1669075931472728,1.509700155842575,0.29719299270333266,-0.039091292867399464,-0.042829744762345176,0.008720331143250333
51.624689915249164,10.731973803956874,12.940727864176946,-3.1673355381150445,1.5097739720628733,0.2969219549331197,-0.039191578662683524,-0.04275921786701694,0.006035583794356959
51.62701635781024,10.732106954950849,12.941411716186453,-3.167434995864624,1.509787280051959,0.2968590525675756,-0.03921434083710955,-0.042742783600021546,0.0054046510766437295
51.637016357810246,10.73267973400049,12.944349542435198,-3.1678617228863617,1.5098256553286977,0.29658763247433917,-0.0393078162510911,-0.04267131688584183,0.0026946068733012685
51.647016357810244,10.733253136817352,12.947284573435319,-3.1682880804494618,1.5098391655461272,0.2963146382685088,-0.03939598019199663,-0.04260013831829717,1.1012529836320131e-05
51.65701635781024,10.733827222156368,12.950216818680204,-3.1687137245058916,1.5098259454533514,0.2960398243414159,-0.03947810010658953,-0.04252861569972188,-0.0026515511416764456
51.66701635781025,10.73440200695181,12.953146248399916,-3.169138651619569,1.509786204517851,0.2957631978779766,-0.03955425012911929,-0.04245674991484638,-0.005293117253914341
51.677016357810245,10.734977508041583,12.95607283291663,-3.1695628583632276,1.5097201538494005,0.29548476516844574,-0.03962450452600304,-0.042384541843841335,-0.007913462902906537
51.687016357810236,10.735553742162178,12.958996542640936,-3.169986341318398,1.5096280067307415,0.2952045315967818,-0.03968893780400145,-0.042311992362319896,-0.010512377798403874
51.69701635781024,10.736130725940354,12.961917348066006,-3.1704090970753462,1.5095099784287402,0.2949225016921981,-0.0397476246598142,-0.04223910234135378,-0.013089663952861243
51.70701635781024,10.736708475889875,12.964835219765332,-3.170831122232996,1.509366286141732,0.2946386791601126,-0.03980063996580894,-0.0421658726474921,-0.01564513576966034
51.717016357810245,10.737287008410075,12.967750128391772,-3.171252413398925,1.5091971489650566,0.29435306689115953,-0.03984805876103729,-0.04209230414276392,-0.018178620039229963
51.72701635781024,10.737866339774973,12.970662044670028,-3.17167296718932,1.5090027876024383,0.2940656670175231,-0.03988995617573113,-0.042018397684685224,-0.020689955869201873
51.73701635781024,10.738446486128826,12.973570939393706,-3.1720927802289434,1.508783424248511,0.29377648094237796,-0.03992640740149444,-0.04194415412626796,-0.023178994641302433
51.747016357810246,10.73902746348157,12.976476783422786,-3.172511849151025,1.508539282502778,0.29348550938679163,-0.039957487670021954,-0.04186957431604854,-0.025645600016239493
51.757016357810244,10.73960928770831,12.9793795476833,-3.172930170597254,1.5082705873584081,0.2931927523938774,-0.03998327225022904,-0.041794659098089826,-0.028089647933257703
51.76701635781024,10.740191974544622,12.982279203164376,-3.1733477412177455,1.5079775650696292,0.2928982093581111,-0.0400038364150208,-0.04171940931198842,-0.0305110265102055
51.77701635781025,10.740775539575221,12.98517572091055,-3.1737645576710216,1.5076604428071192,0.2926018790825511,-0.040019255353944724,-0.04164382579287683,-0.03290963580638457
51.787016357810245,10.741359998232936,12.988069072021942,-3.1741806166239286,1.5073194486472241,0.2923037598039354,-0.04002960417276944,-0.041567909371445146,-0.0352853877507001
51.79701635781024,10.74194536579516,12.99095922765265,-3.174595914751558,1.5069548114910725,0.2920038492294283,-0.04003495787465686,-0.041491660873962714,-0.037638206042943836
51.80701635781024,10.742531657383836,12.993846159010744,-3.175010448737245,1.5065667610638003,0.2917021445368495,-0.04003539135997279,-0.04141508112227808,-0.03996802615311085
51.81701635781024,10.743118887960367,12.996729837355316,-3.17542421527253,1.5061555277553964,0.2913986424080232,-0.04003097938787007,-0.041338170933828015,-0.04227479511520951
51.827016357810244,10.743707072314368,12.999610233989156,-3.17583721105714,1.5057213422441365,0.2910933390872754,-0.0400217964834181,-0.041260931121638686,-0.044558471129185796
51.83701635781024,10.7442962250646,13.002487320260592,-3.1762494327989086,1.5052644355441462,0.2907862303966886,-0.04000791695253754,-0.04118336249434769,-0.04681902347457635
51.84701635781024,10.744886360655922,13.005361067562632,-3.1766608772136897,1.5047850389269921,0.29047731177243946,-0.03998941486541411,-0.04110546585622755,-0.04905643230629374
51.857016357810245,10.74547749335927,13.008231447332955,-3.177071541025356,1.5042833839210006,0.2901665782649905,-0.03996636405633962,-0.04102724200718582,-0.05127068865349969
51.86701635781024,10.746069637269175,13.011098431052668,-3.1774814209657727,1.5037597022258824,0.2898540245568933,-0.039938838103946835,-0.040948691742770806,-0.053461794258541875
51.87701635781024,10.746662806291125,13.01396199023886,-3.177890513774757,1.5032142252626772,0.2895396450354761,-0.03990691022381528,-0.040869815854179564,-0.05562976089962986
51.887016357810246,10.747257014143202,13.016822096446331,-3.178298816200045,1.5026471842331224,0.2892234337917743,-0.03987065328462463,-0.04079061512826592,-0.057774610383240305
51.897016357810244,10.747852274354106,13.019678721268354,-3.1787063249971683,1.5020588100699666,0.2889053846607135,-0.03983013980161064,-0.04071109034757501,-0.05989637419053155
51.90701635781024,10.748448600262876,13.022531836336585,-3.179113036929445,1.5014493334280996,0.28858549122381877,-0.03978544193465064,-0.040631242290344725,-0.06199509345327423
51.91701635781024,10.749046005018599,13.02538141332095,-3.179518948767976,1.500818984673628,0.28826374681167427,-0.039736631485888456,-0.04055107173050693,-0.06407081892393515
51.92701635781024,10.749644501570854,13.028227423925,-3.1799240572915757,1.500167993521773,0.28794014456699046,-0.03968377981707225,-0.04047057943770276,-0.06612361021092816
51.93701635781024,10.750244102665647,13.031069839883289,-3.180328359286795,1.499496588876855,0.2876146774598662,-0.039626957810741915,-0.04038976617727528,-0.06815353557816495
51.94701635781024,10.75084482084744,13.033908632965254,-3.1807318515477756,1.4988049989184593,0.28728733831035713,-0.03956623589840165,-0.040308632710309156,-0.07016067164420436
51.95701635781024,10.751446668458268,13.036743774975319,-3.1811345308762125,1.4980934510704949,0.28695811980159963,-0.03950168405514571,-0.04022717979364101,-0.07214510322012628
51.967016357810245,10.752049657637732,13.039575237752903,-3.181536394081353,1.4973621720011945,0.28662701447981054,-0.039433371799658376,-0.04014540817985943,-0.0741069233095317
51.97701635781024,10.752653800320719,13.042402993171642,-3.1819374379799665,1.4966113875300329,0.28629401477182226,-0.03936136817420145,-0.040063318617312244,-0.07604623283775354
51.98701635781024,10.753259108225953,13.045227013133804,-3.182337659396301,1.4958413221649258,0.2859591130512312,-0.03928574163929799,-0.0399809118501145,-0.07796313965497617
51.997016357810246,10.753865592859592,13.048047269573116,-3.1827370551620597,1.4950521992443948,0.2856223016253368,-0.03920656010872741,-0.039898188618155535,-0.0798577586926101
52.007016357810244,10.75447326551571,13.050863734457494,-3.183135622116265,1.4942442409529382,0.2852835727607204,-0.03912389096108551,-0.03981514965713552,-0.08173021151721106
52.01701635781025,10.755082137276156,13.053676379789053,-3.1835333571052566,1.4934176683153264,0.2849429186849895,-0.03903780103874959,-0.039731795698566816,-0.08358062630245727
52.02701635781024,10.755692219010557,13.056485177604117,-3.1839302569826877,1.4925727011964098,0.28460033158682485,-0.038948356647843276,-0.03964812746977404,-0.08540913782821603
52.03701635781024,10.756303521371187,13.059290099971737,-3.1843263186094637,1.491709558079448,0.28425580365303066,-0.03885562351152628,-0.03956414569390939,-0.08721588678180067
52.04701635781024,10.756916054785034,13.062091118989615,-3.1847215388537506,1.4908284557345048,0.2839093271050774,-0.038759666693376216,-0.0394798510899464,-0.08900101912363638
52.05701635781024,10.757529829459692,13.064888206789435,-3.185115914590875,1.4899296094520735,0.2835608941897753,-0.038660550658157045,-0.03939524437270974,-0.09076468613199494
52.06701635781024,10.758144855383561,13.067681335538479,-3.1855094427032395,1.4890132330421726,0.2832104971933351,-0.038558339276869316,-0.03931032625289717,-0.09250704408416577
52.077016357810244,10.758761142325847,13.070470477439617,-3.185902120080324,1.4880795388343464,0.2828581284413678,-0.038453095826750196,-0.03922509743707952,-0.09422825425645585
52.08701635781024,10.759378699836429,13.07325560473134,-3.1862939436186797,1.487128737671266,0.28250378030020773,-0.03834488299013147,-0.039139558627701805,-0.09592848289193216
52.09701635781025,10.759997537239096,13.076036689686097,-3.1866849102218517,1.4861610386026778,0.28214744522182184,-0.03823376279081993,-0.03905371052310179,-0.09760790019776744
52.107016357810245,10.76061766362749,13.078813704608086,-3.1870750168004163,1.485176648716164,0.2817891157571981,-0.0381197965536722,-0.0389675538174979,-0.09926668010912894
52.11701635781024,10.761239087871376,13.081586621839216,-3.187464260271834,1.4841757733806322,0.2814287845498573,-0.03800304497001434,-0.038881089201030575,-0.10090500020282138
52.12701635781025,10.761861818616905,13.084355413760106,-3.1878526375604044,1.4831586162498303,0.2810664443418784,-0.03788356810162102,-0.038794317359774684,-0.10252304151422115
52.13701635781024,10.762485864286639,13.087120052790073,-3.188240145597262,1.4821253792623459,0.2807020879738988,-0.037761425380715585,-0.03870723897573954,-0.10412098853727536
52.14701635781024,10.763111233079288,13.089880511387223,-3.188626781320373,1.4810762626289944,0.2803357083874483,-0.037636675607846684,-0.038619854726871135,-0.1056990291549156
52.15701635781024,10.763737932962737,13.09263676204713,-3.189012541674448,1.4800114645054916,0.27996729866775905,-0.037509376884950985,-0.03853216528707083,-0.10725735352594074
52.16701635781024,10.764365971672166,13.095388777301752,-3.189397423610989,1.4789311809179295,0.2795968520470621,-0.03737958659627619,-0.03844417132618306,-0.10879615405957169
52.177016357810245,10.764995356716655,13.098136529725382,-3.189781424088129,1.4778356060186566,0.2792243618948198,-0.03724736147693012,-0.03835587351003968,-0.11031562533814242
52.18701635781024,10.765626095379519,13.100879991935388,-3.190164540070599,1.4767249320934033,0.27884982172039774,-0.037112757616763616,-0.038267272500468595,-0.11181596399937904
52.19701635781024,10.766258194718302,13.103619136592211,-3.1905467685297286,1.4755993495612831,0.27847322517306455,-0.03697583046037051,-0.038178368955293654,-0.11329736873639998
52.20701635781025,10.766891661564594,13.106353936399499,-3.1909281064434336,1.4744590469631251,0.2780945660440026,-0.03683663480535461,-0.03808916352833759,-0.11476004022235382
52.217016357810245,10.767526502517711,13.109084364103479,-3.191308550796137,1.473304210655915,0.27771383830262725,-0.03669522474146906,-0.03799965686944064,-0.11620418000910739
52.22701635781024,10.768162723943233,13.111810392492075,-3.191688098578812,1.4721350247566267,0.2773310360985418,-0.03655165363549092,-0.03790984962444762,-0.11762999054922589
52.23701635781025,10.768800331980245,13.11453199440076,-3.1920667467888206,1.4709516714273148,0.276946153745891,-0.036405974205797643,-0.03781974243525315,-0.11903767522210157
52.24701635781024,10.769439332541799,13.117249142713275,-3.1924444924298854,1.4697543308882028,0.27655918572435406,-0.036258238527417434,-0.03772933593980957,-0.12042743824340098
52.257016357810244,10.770079731314917,13.119961810361634,-3.1928213325120876,1.4685431814176806,0.27617012667914403,-0.036108498032028875,-0.037638630772126785,-0.12179948466506843
52.26701635781024,10.770721533760522,13.122669970326244,-3.1931972640518587,1.4673183993470962,0.275778971421902,-0.03595680350744602,-0.037547627562274664,-0.1231540203291556
52.27701635781024,10.771364745108558,13.125373595636141,-3.193572284071895,1.466080158811762,0.27538571495795544,-0.0358032050502998,-0.037456326936403016,-0.12449125087863365
52.287016357810245,10.77200937035524,13.128072659367664,-3.193946389601211,1.4648286316388015,0.27499035249386766,-0.03564775203838515,-0.037364729516726106,-0.12581138165304226
52.29701635781024,10.772655414271233,13.13076713465012,-3.1943195776749795,1.463563987677496,0.2745928794147597,-0.03549049321402049,-0.03727283592156738,-0.12711461789909112
52.30701635781024,10.773302881402449,13.133456994666737,-3.194691845334495,1.462286394826608,0.2741932912836825,-0.03533147669277372,-0.037180646765369675,-0.12840116468988994
52.317016357810246,10.773951776070069,13.136142212654669,-3.19506318962717,1.4609960190343814,0.27379158384161717,-0.035170749963462235,-0.03708816265869524,-0.12967122692494842
52.327016357810244,10.77460210237054,13.138822761905033,-3.1954336076065357,1.4596930242981856,0.2733877530075717,-0.03500835988826289,-0.03699538420822639,-0.13092500931988224
52.33701635781024,10.775253864172743,13.141498615763885,-3.1958030963321518,1.458377572506,0.27298179489454644,-0.03484435267539908,-0.03690231201678663,-0.13216271565993504
52.34701635781025,10.775907065112932,13.144169747630519,-3.19617165286966,1.4570498232128148,0.27257370582730905,-0.0346787738282206,-0.03680894668332454,-0.13338454837167898
52.35701635781024,10.776561708603372,13.146836130962356,-3.1965392742906484,1.4557099340052668,0.27216348231424414,-0.03451166823313877,-0.03671528880295258,-0.13459070897677297
52.36701635781024,10.777217797834124,13.149497739276548,-3.196905957672586,1.4543580605661248,0.27175112104342075,-0.03434308017801403,-0.036621338966964095,-0.1357813980293772
52.37701635781024,10.777875335773029,13.152154546149962,-3.197271700098821,1.452994356674295,0.271336618882594,-0.034173053352156584,-0.036527097762833645,-0.13695681511614888
52.38701635781024,10.77853432516572,13.154806525219195,-3.197636498658584,1.4516189742048191,0.2709199728792041,-0.034001630846325966,-0.036432565774216774,-0.13811715885624506
52.397016357810244,10.77919476853475,13.157453650181536,-3.1980003504469225,1.4502320630681207,0.2705011802656678,-0.03382885514442735,-0.03633774358096548,-0.13926262652747623
52.40701635781024,10.779856668173226,13.16009589479423,-3.1983632525647003,1.4488337709039218,0.27008023848391205,-0.03365476805977693,-0.036242631759125274,-0.14039341320739182
52.41701635781024,10.780520026151413,13.16273323287703,-3.198725202118547,1.4474242433794164,0.2696571451613055,-0.03347941080183188,-0.03614723088095116,-0.14150971239322407
52.427016357810245,10.781184844320833,13.165365638315116,-3.1990861962207324,1.44600362434814,0.2692318980985436,-0.03330282401820117,-0.036051541514940555,-0.1426117160300487
52.43701635781024,10.781851124314262,13.167993085059088,-3.19944623198917,1.4445720558501256,0.2688044952696392,-0.033125047794706375,-0.03595556422583337,-0.14369961450987137
52.44701635781024,10.782518867545736,13.170615547124982,-3.1998053065474137,1.443129678111902,0.26837493482192226,-0.0329461216553817,-0.03585929957461201,-0.14477359667162742
52.45701635781025,10.783188075210566,13.173232998594683,-3.2001634170246342,1.4416766295395267,0.2679432150763358,-0.03276608456268808,-0.03576274811850753,-0.14583384971058236
52.46701635781024,10.783858748280936,13.175845413616925,-3.2005205605555442,1.4402130464776535,0.26750933454474446,-0.03258497487296956,-0.03566591041101612,-0.14688055828078275
52.47701635781024,10.784530887506426,13.178452766407002,-3.2008767342804494,1.4387390632492487,0.26707329192699497,-0.03240283034173532,-0.035568787001885635,-0.14791390473152402
52.48701635781024,10.785204493421617,13.181055031250734,-3.201231935345075,1.437254812471762,0.26663508608533754,-0.03221968820099781,-0.035471378437163366,-0.1489340694724016
52.49701635781024,10.78587956634651,13.183652182504803,-3.2015861609005496,1.435760425071897,0.2661947160431519,-0.03203558516347944,-0.03537368525920028,-0.14994123096488365
52.507016357810244,10.786556106386525,13.186244194596751,-3.201939408103403,1.4342560302856144,0.26575218098494746,-0.03185055742261263,-0.03527570800665108,-0.15093556572231046
52.51701635781024,10.787234113432508,13.188831042025003,-3.2022916741155667,1.4327417556584396,0.26530748025632556,-0.03166464065265169,-0.03517744721447442,-0.15191724830884348
52.52701635781024,10.78791358715997,13.191412699360356,-3.202642956104283,1.4312177269749091,0.26486061336699085,-0.03147787000010122,-0.035078903413954775,-0.15288645091295375
52.537016357810245,10.788594527023774,13.193989141245355,-3.202993251242157,1.4296840680073444,0.26441158000907633,-0.031290280029528765,-0.03498007713268582,-0.1538433427559116
52.54701635781024,10.789276932265993,13.196560342396836,-3.203342556707048,1.4281409008702997,0.2639603800295665,-0.031101904803447274,-0.034880968894602335,-0.15478809079085604
52.55701635781025,10.789960801918763,13.199126277607522,-3.203690869681976,1.4265883461322955,0.26350701342057764,-0.030912777910792742,-0.03478157922000376,-0.1557208597940886
52.567016357810246,10.790646134804266,13.201686921746038,-3.2040381873551245,1.425026522815818,0.2630514803193576,-0.030722932466924167,-0.034681908625554224,-0.1566418123650734
52.57701635781024,10.791332929534747,13.2042422497569,-3.2043845069198396,1.4234555483973212,0.26259378100828623,-0.03053240111362368,-0.03458195762428259,-0.15755110892643662
52.58701635781024,10.792021184512674,13.206792236660856,-3.2047298255746086,1.421875538807944,0.26213391591421836,-0.03034121602048658,-0.0344817267255874,-0.1584489076819836
52.59701635781024,10.792710897927938,13.20933685755656,-3.205074140522972,1.4202866082519072,0.2616718856175947,-0.0301494088537871,-0.034381216435256864,-0.15933536391113176
52.60701635781024,10.793402067756862,13.211876087619908,-3.2054174489736007,1.4186888691819302,0.261207690855702,-0.029957010767523534,-0.034280427255448546,-0.160210630040233
52.61701635781024,10.794094691770132,13.214409902106883,-3.2057597481401117,1.4170824326382319,0.26074133249508874,-0.029764052482644774,-0.03417935968473892,-0.16107485621263778
52.62701635781024,10.794788767533424,13.216938276353922,-3.206101035241046,1.4154674082724037,0.2602728115293015,-0.029570564293298896,-0.03407801421812964,-0.16192819030520564
52.637016357810246,10.795484292407421,13.219461185777913,-3.2064413074998668,1.413843904347411,0.25980212907888517,-0.029376576066833117,-0.033976391347047614,-0.16277077792830522
52.647016357810244,10.7961812635478,13.221978605876206,-3.2067805621449597,1.4122120277375914,0.2593292863913829,-0.02918211724379384,-0.03387449155934496,-0.16360276242581423
52.65701635781024,10.796879677905508,13.224490512227403,-3.2071187964095804,1.410571883919558,0.2588542848401018,-0.02898721683897521,-0.03377231533931177,-0.1644242847591256
52.66701635781025,10.797579532222734,13.226996880492674,-3.207456007531818,1.4089235767364452,0.25837712593685735,-0.02879190339683213,-0.033669863167681245,-0.16523548276676175
52.677016357810245,10.798280823035899,13.229497686415623,-3.207792192754616,1.407267208564148,0.2578978113219575,-0.02859620502398119,-0.03356713552162688,-0.1660364916516494
52.68701635781024,10.798983546681448,13.231992905824296,-3.2081273493256033,1.4056028805488838,0.2574163427441187,-0.02840014944542695,-0.033464132874806374,-0.16682744436986305
52.69701635781024,10.799687699295943,13.234482514631244,-3.2084614744970916,1.4039306926104638,0.2569327220601212,-0.028203764005447402,-0.03336085569736283,-0.16760847163247167
52.70701635781024,10.800393276816068,13.236966488833527,-3.208794565526075,1.4022507434422893,0.25644695123480793,-0.028007075667593535,-0.033257304455924445,-0.1683797019055408
52.71701635781024,10.80110027497863,13.239444804512704,-3.2091266196742287,1.4005631305113577,0.2559590323410862,-0.027810111014690025,-0.03315347961360496,-0.1691412614101296
52.72701635781024,10.80180868931873,13.2419174378358,-3.209457634207872,1.3988679499352845,0.2554689675654571,-0.027612896226521452,-0.03304938163001031,-0.16989327372481447
52.73701635781024,10.802518515170343,13.24438436505713,-3.2097876063978776,1.3971652964636505,0.2549767592052658,-0.027415457081053862,-0.032945010961260006,-0.17063585959149952
52.747016357810246,10.803229747671525,13.246845562517635,-3.210116533519658,1.3954552637637239,0.2544824096518103,-0.027217819011600766,-0.03284036805999496,-0.17136913769343204
52.74934280037133,10.803395412982653,13.247417321897963,-3.2101929063890147,1.3950563863119876,0.25436709531881196,-0.02717181381056789,-0.032815984504340805,-0.1715384085161718
52.75934280037133,10.804108379459148,13.249871455846053,-3.2105201816543616,1.393338060336,0.25386645245144895,-0.02697307441925232,-0.03271027355264054,-0.17225339923406624
52.769342800371334,10.804822700360601,13.252319701164216,-3.210846757184911,1.3916120383068444,0.2533576402576772,-0.026773053907568782,-0.03260475760715155,-0.17294750665137618
52.77934280037133,10.805538360515751,13.2547620189642,-3.211172275308906,1.3898791804662094,0.25284027855618796,-0.026571602793125697,-0.03249879238487203,-0.17362060445631683
52.78934280037133,10.806255328762653,13.257198325766929,-3.211496731538138,1.388139694430553,0.2523144072518333,-0.026368778596897534,-0.03239237880316128,-0.174273190109667
52.799342800371335,10.806973573543468,13.259628538700307,-3.2118201213935307,1.3863937830395043,0.251780066163348,-0.02616463762356061,-0.03228551777314865,-0.17490574933222208
52.809342800371326,10.807693062904761,13.262052575498982,-3.212142440405131,1.384641644362718,0.25123729502265646,-0.02595923496299398,-0.03217821019973456,-0.17551875610592307
52.81934280037133,10.808413764502687,13.26447035449952,-3.2124636841119885,1.3828834717089244,0.2506861334652113,-0.02575262449507976,-0.03207045698160798,-0.17611267219449614
52.82934280037133,10.809135645599445,13.266881794643556,-3.212783848062191,1.3811194534228732,0.25012662104073236,-0.025544858848290546,-0.03196225901123538,-0.17668794657662784
52.83934280037133,10.809858673079006,13.269286815468083,-3.2131029278126717,1.3793497735764289,0.24955879716690843,-0.02533598954323606,-0.03185361717490367,-0.17724501686882407
52.84934280037133,10.810582813451697,13.27168533710213,-3.213420918929136,1.3775746121277959,0.24898270111705195,-0.025126067026297272,-0.03174453235273396,-0.17778430955974883
52.85934280037133,10.811308032854228,13.274077280266754,-3.213737816986064,1.375794144921519,0.2483983720200994,-0.024915140669626416,-0.031635005418681576,-0.17830624001022424
52.86934280037133,10.812034297050873,13.276462566273947,-3.214053617566686,1.3740085437157,0.24780584885790446,-0.024703258777246002,-0.031525037240539844,-0.17881121247545712
52.87934280037133,10.812761571438438,13.2788411170216,-3.2143683162628616,1.3722179761458577,0.24720517045734658,-0.02449046858240541,-0.031414628679956154,-0.1792996196233699
52.88934280037133,10.813489821043516,13.281212854997014,-3.2146819086751304,1.37042260563961,0.24659637549618443,-0.0242768162295766,-0.031303780592420866,-0.17977184237253996
52.89934280037133,10.814219010538908,13.283577703263884,-3.2149943904124796,1.3686225920783708,0.24597950245894049,-0.024062346912304817,-0.03119249382731708,-0.18022825129666703
52.909342800371334,10.814949104245713,13.285935585460495,-3.2153057570923083,1.366818091867319,0.24535458963163403,-0.02384710488807834,-0.03108076922792725,-0.18066920674881115
52.919342800371325,10.815680066133332,13.288286425799724,-3.2156160043404274,1.3650092579354016,0.24472167510178158,-0.023631133478328622,-0.030968607631433206,-0.18109505886139263
52.92934280037133,10.81641185982075,13.290630149067693,-3.215925127791037,1.3631962397621518,0.24408079675580122,-0.02341447507457481,-0.030856009868920124,-0.1815061475818835
52.93934280037133,10.81714444858217,13.292966680617598,-3.2162331230865897,1.361379183349826,0.24343199227068663,-0.023197171138929086,-0.030742976765394364,-0.18190280232341058
52.949342800371326,10.817877795343703,13.295295946374306,-3.216539985877863,1.3595582311380976,0.24277529912016757,-0.02297926218554889,-0.030629509139769476,-0.18228534179868372
52.95934280037133,10.818611862699013,13.297617872819446,-3.2168457118237135,1.357733522621104,0.24211075453597508,-0.02276078790862668,-0.030515607804917945,-0.1826540754402253
52.96934280037133,10.819346612911383,13.299932386989317,-3.2171502965910403,1.3559051944124512,0.24143839550315635,-0.022541787196266667,-0.030401273567678074,-0.18300930353251402
52.97934280037133,10.820082007913703,13.302239416474896,-3.217453735854787,1.354073380245211,0.24075825876007464,-0.022322298130484832,-0.03028650722885397,-0.18335131721198494
52.98934280037133,10.820818009309052,13.304538889421147,-3.217756025297926,1.3522382109846252,0.24007038079735515,-0.02210235799007412,-0.030171309583217565,-0.18368039849175433
52.99934280037133,10.821554578377615,13.306830734518739,-3.218057160611311,1.3503998146668805,0.2393747978476535,-0.021882003264768034,-0.03005568141953089,-0.18399682019646382
53.00934280037133,10.822291676071615,13.309114881011029,-3.218357137493768,1.3485583162905972,0.2386715458962913,-0.02166126961300191,-0.02993962352052445,-0.184300845425484
53.019342800371334,10.823029263029431,13.311391258678348,-3.218655951651862,1.3467138383988002,0.23796066064868976,-0.021440191980629596,-0.029823136662948436,-0.1845927290046759
53.029342800371325,10.823767299579336,13.313659797833619,-3.218953598799824,1.3448665011968366,0.23724217752268495,-0.02121880462586816,-0.0297062216175863,-0.18487271775832106
53.03934280037133,10.824505745739497,13.315920429322368,-3.2192500746595525,1.3430164225523702,0.23651613164852603,-0.02099714111929735,-0.029588879149254434,-0.18514105050912197
53.04934280037133,10.825244561217977,13.318173084522707,-3.2195453749606133,1.3411637179953886,0.23578255786887792,-0.02077523434386039,-0.02947111001680262,-0.1853979580782011
53.059342800371326,10.82598370541804,13.320417695338186,-3.2198394954401213,1.3393085007891365,0.2350414907314165,-0.02055311651277638,-0.02935291497313253,-0.1856436634206525
53.06934280037133,10.826723137437275,13.322654194199828,-3.2201324318427464,1.3374508817140598,0.23429296449408749,-0.020330819130942722,-0.029234294765188153,-0.18587838098902923
53.07934280037133,10.827462816072902,13.324882514059833,-3.220424179920631,1.3355909693962786,0.23353701311108258,-0.02010837305825603,-0.02911525013397786,-0.18610231762303314
53.08934280037133,10.82820269983109,13.327102588378997,-3.2207147354332015,1.3337288706086838,0.23277367021577877,-0.019885808572043622,-0.028995781814611196,-0.18631567331062862
53.09934280037133,10.828942746926971,13.329314351126698,-3.22100409414717,1.3318646902711837,0.23200296912072196,-0.019663155367117314,-0.028875890536298948,-0.1865186411886365
53.10934280037133,10.829682915284637,13.331517736780889,-3.2212922518365303,1.3299985314507048,0.23122494281762684,-0.019440442555773423,-0.028755577022353113,-0.1867114075427341
53.119342800371335,10.83042316253816,13.333712680326538,-3.221579204282539,1.3281304953796702,0.23043962397611978,-0.019217698671956253,-0.02863484199019094,-0.18689415185509312
53.12934280037133,10.831163446038698,13.335899117245253,-3.22186494727354,1.3262606814607496,0.22964704493754462,-0.0189949516789568,-0.02851368615135847,-0.18706704678272038
53.13934280037133,10.831903722848768,13.338076983525331,-3.2221494766051073,1.3243891871080125,0.2288472377223903,-0.01877222893682314,-0.028392110211503164,-0.18723025772458168
53.14934280037133,10.832643949755099,13.340246215641832,-3.222432788079766,1.322516108237004,0.22804023400820267,-0.018549557299454175,-0.028270114870431618,-0.18738394414604445
53.15934280037133,10.833384083271127,13.342406750552673,-3.2227148775069336,1.320641539334742,0.22722606512592214,-0.0183269631290901,-0.02814770082211993,-0.18752825976546172
53.169342800371325,10.834124079637013,13.344558525698616,-3.222995740702923,1.3187655734597217,0.22640476205988636,-0.01810447229631323,-0.028024868754714143,-0.18766335255417158
53.17934280037133,10.834863894819616,13.346701479003281,-3.22327537349094,1.3168883022419138,0.22557635544782847,-0.017882110180047445,-0.02790161935052995,-0.18778936473649746
53.18934280037133,10.835603484515063,13.348835548868758,-3.2235537717010194,1.3150098159180172,0.22474087557862923,-0.017659901675683494,-0.02777795328606327,-0.1879064328920277
53.19934280037133,10.836342804153714,13.350960674168224,-3.2238309311698976,1.3131302032422334,0.22389835239101957,-0.017437871184217364,-0.027653871232003073,-0.18801468771893365
53.20934280037133,10.837081808896276,13.353076794253424,-3.2241068477411257,1.3112495514911455,0.223048815474858,-0.017216042610203125,-0.02752937385321473,-0.18811425403110446
53.21934280037133,10.837820453645802,13.355183848933098,-3.22438151726477,1.3093679468586812,0.22219229405534707,-0.016994439439066228,-0.027404461808798443,-0.18820525186601553
53.229342800371334,10.838558693048471,13.357281778471613,-3.2246549355973912,1.3074854744749203,0.22132881699217244,-0.01677308474095255,-0.027279135752092752,-0.18828779653802336
53.23934280037133,10.839296481493584,13.35937052358895,-3.224927098602048,1.3056022184060951,0.22045841277950273,-0.016552001170728387,-0.02715339633067457,-0.18836199863836559
53.24934280037133,10.840033773113568,13.361450025460718,-3.225198002148292,1.3037182616545906,0.2195811095459896,-0.016331210967980465,-0.02702724418635916,-0.18842796403516096
53.25934280037133,10.840770521786736,13.363520225712794,-3.2254676421120956,1.301833686191398,0.218696935053125,-0.01611073596430634,-0.026900679955212357,-0.18848579398030482
53.26934280037133,10.841506681141936,13.365581066413926,-3.2257360143757263,1.2999485728517761,0.21780591669540617,-0.01589059756916273,-0.026773704267561257,-0.1885355848610433
53.27934280037133,10.842242204554388,13.367632490084238,-3.2260031148278725,1.2980630013533585,0.21690808150061103,-0.015670816770522032,-0.026646317747977044,-0.18857742821270812
53.28934280037133,10.842977045156905,13.369674439672178,-3.2262689393633317,1.2961770506433101,0.2160034561185347,-0.01545141420058142,-0.026518521015334456,-0.18861141172861245
53.29934280037133,10.843711155840534,13.371706858553237,-3.2265334838829887,1.2942907989122165,0.21509206682048285,-0.015232410138509676,-0.026390314682814976,-0.18863761930180734
53.30934280037133,10.844444489254549,13.373729690529968,-3.22679674429382,1.2924043235940836,0.21417393949927177,-0.015013824510447187,-0.026261699357906818,-0.18865613102508144
53.31934280037133,10.845176997806453,13.375742879831972,-3.227058716508891,1.2905177013663371,0.2132490996692284,-0.014795676889505945,-0.026132675642404936,-0.18866702319096135
53.32934280037133,10.8459086336634,13.377746371112789,-3.227319396447312,1.2886310081664938,0.2123175724656561,-0.014577986499174406,-0.026003244132417846,-0.18867036835098303
53.339342800371334,10.846639348759023,13.379740109436426,-3.2275787800340425,1.286744319143992,0.21137938264450165,-0.014360772208759255,-0.025873405418391757,-0.18866623526168297
53.34934280037133,10.8473690947866,13.381724040293324,-3.2278368632001055,1.2848577085544504,0.21043455458465526,-0.014144052513306535,-0.02574316008507377,-0.1886546885287126
53.35934280037133,10.84809782320985,13.383698109575004,-3.228093641882254,1.2829712501143409,0.20948311227930935,-0.013927845597013754,-0.025612508711576387,-0.18863578965529876
53.36934280037133,10.84882548526459,13.385662263570257,-3.2283491120229146,1.2810850170371788,0.20852507933501344,-0.013712169339955999,-0.02548145187138661,-0.1886095971555765
53.379342800371326,10.849552031958742,13.387616448965158,-3.228603269570192,1.2791990820335186,0.2075604789716719,-0.013497041318085403,-0.025349990132365625,-0.18857616655458917
53.38934280037133,10.850277414072341,13.38956061284305,-3.228856110477865,1.2773135173109607,0.20658933402254748,-0.013282478803231943,-0.025218124056749256,-0.18853555038828823
53.39934280037133,10.851001582157556,13.391494702684467,-3.229107630705388,1.2754283945746174,0.2056116669342508,-0.013068498763186512,-0.02508585420114786,-0.18848779820520686
53.40934280037133,10.851724486545333,13.393418666351415,-3.229357826217671,1.273543785050539,0.20462749976629288,-0.012855117867067058,-0.024953181116577003,-0.18843295671507565
53.41934280037133,10.852446077341527,13.39533245209917,-3.2296066929852305,1.2716597592756036,0.2036368541941803,-0.012642352451133024,-0.0248201053484243,-0.18837106919187407
53.42934280037133,10.853166304430895,13.3972360085647,-3.229854226984042,1.2697763873537136,0.20263975150455185,-0.012430218561147073,-0.024686627436482863,-0.1883021761889144
53.43934280037133,10.853885117483046,13.399129284751341,-3.2301004241953346,1.2678937390905556,0.20163621259283185,-0.012218731975411238,-0.024552747914986676,-0.18822631596690112
53.44934280037133,10.854602465952455,13.401012230028785,-3.2303452806055946,1.2660118839936025,0.20062625796323008,-0.012007908204766929,-0.024418467312610572,-0.18814352449393104
53.45934280037133,10.855318299078457,13.40288479413309,-3.2305887922065595,1.264130891272112,0.19960990772874185,-0.011797762492594923,-0.024283786152470246,-0.1880538354454932
53.46934280037133,10.856032565885242,13.404746927166668,-3.230830954995223,1.2622508298371273,0.19858718161114794,-0.011588309814815373,-0.024148704952122242,-0.18795728020446903
53.47934280037133,10.856745215182928,13.4065985795954,-3.2310717649737932,1.2603717683097904,0.1975580989409851,-0.011379564881161661,-0.024013224223569704,-0.1878538878980039
53.489342800371325,10.857456195574638,13.40843970223071,-3.231311218149448,1.2584937749620404,0.19652267865896308,-0.011171542125906401,-0.023877344473290634,-0.1877436853507495
53.49934280037133,10.858165455448736,13.41027024625175,-3.231549310534627,1.2566169176023958,0.1954809393164812,-0.010964255690717219,-0.02374106620219143,-0.18762669667959733
53.50934280037133,10.858872942988151,13.412090163177774,-3.2317860381466725,1.2547412638666153,0.19443289907182817,-0.010757719469987052,-0.02360438990567155,-0.18750294417167884
53.51934280037133,10.859578606172425,13.413899404862363,-3.232021397007752,1.2528668812535098,0.1933785756898186,-0.010551947116378486,-0.02346731607363592,-0.18737244840569953
53.52934280037133,10.860282392777703,13.415697923493417,-3.2322553831448593,1.250993837124943,0.19231798654179277,-0.010346952040823747,-0.023329845190494917,-0.18723522825193872
53.53934280037133,10.860984250376745,13.41748567159316,-3.2324879925898133,1.2491221987058305,0.19125114860561698,-0.0101427474125247,-0.023191977735164387,-0.1870913008722497
53.54934280037133,10.86168412633892,13.419262602018144,-3.232719221379258,1.247252033084141,0.19017807846568324,-0.009939346158952865,-0.023053714181065624,-0.18694068172005962
53.55934280037133,10.862381967832013,13.421028667953792,-3.232949065554592,1.2453834072182306,0.18909879231300034,-0.009736760966418345,-0.02291505499613505,-0.18678338458627852
53.56934280037133,10.86307772182806,13.422783822898227,-3.2331775211617493,1.2435163878281772,0.188013305947113,-0.00953500426204805,-0.022776000642844584,-0.18661942141703983
53.579342800371336,10.863771335095798,13.424528020685225,-3.233404584251502,1.2416510413604664,0.18692163477536416,-0.009334088211184585,-0.022636551578159823,-0.18644880211263898
53.589342800371334,10.8644627542103,13.426261215453218,-3.2336302508790573,1.2397874342322417,0.18582379381052463,-0.009134024751594982,-0.022496708253606945,-0.1862715352854827
53.599342800371325,10.865151925554102,13.427983361641754,-3.233854517104014,1.2379256328472403,0.18471979767070007,-0.008934825595541094,-0.02235647111527976,-0.1860876283172996
53.60934280037133,10.86583879531722,13.429694413991495,-3.2340773789903587,1.2360657035957885,0.18360966057932826,-0.008736502229779106,-0.022215840603839358,-0.18589708735913968
53.61934280037133,10.866523309497136,13.431394327544211,-3.2342988326064703,1.234207712854809,0.18249339636518322,-0.008539065915560265,-0.022074817154514634,-0.18569991733137506
53.629342800371326,10.867205413898805,13.433083057642792,-3.234518874025116,1.2323517269878166,0.1813710184623725,-0.008342527688630393,-0.021933401197101937,-0.18549612192369955
53.63934280037133,10.867885054135993,13.434760559926737,-3.234737499323395,1.2304978123483066,0.18024253991033734,-0.008146898358935728,-0.02179159315597246,-0.18528570362319413
53.64934280037133,10.868562175637589,13.436426790311785,-3.2349547045824765,1.2286460351746677,0.17910797335512868,-0.00795218849161822,-0.021649393450096966,-0.1850686635514876
53.659342800371334,10.869236723639363,13.438081705017705,-3.2351704858879535,1.226796461533417,0.17796733104948673,-0.007758408403985161,-0.0215068024929976,-0.18484500120814268
53.66934280037133,10.869908643193066,13.439725260536262,-3.235384839329436,1.224949157549966,0.17682062485037392,-0.00756556819409812,-0.021363820692813142,-0.18461471517066716
53.67934280037133,10.87057787916799,13.44135741362584,-3.235597761000481,1.2231041894280625,0.17566786621879849,-0.007373677742696921,-0.021220448452308745,-0.1843778031652297
53.689342800371335,10.87124437625098,13.44297812131144,-3.235809246998596,1.2212616234497913,0.17450906621981435,-0.007182746713199621,-0.021076686168875935,-0.18413426206666
53.69934280037133,10.871908078946419,13.444587340884679,-3.2360192934252345,1.2194215259755727,0.1733442355225213,-0.006992784551702526,-0.020932534234532608,-0.18388408789844862
53.709342800371324,10.872568931576241,13.446185029903798,-3.236227896385799,1.2175839634441654,0.17217338440006544,-0.006803800486980299,-0.020787993035923116,-0.18362727583274727
53.71934280037133,10.873226878280187,13.447771146192666,-3.236435051989628,1.2157490023735225,0.17099652272958993,-0.0066158035303729565,-0.020643062954319412,-0.18336382019592853
53.72934280037133,10.873881863022694,13.449345647815036,-3.2366407563496757,1.2139167093000016,0.16981365999172043,-0.00642880246108646,-0.02049774436565385,-0.18309371441550376
53.73934280037133,10.874533829585607,13.45090849310168,-3.236845005582851,1.2120871506336124,0.1686248052726642,-0.006242805812425061,-0.020352037640469115,-0.1828169505826777
53.74934280037133,10.875182721573855,13.45245964062846,-3.237047795809741,1.2102603928801312,0.16742996726124296,-0.0060578218984516305,-0.02020594314396504,-0.18253352006072543
53.75934280037133,10.875828482419285,13.45399904920189,-3.237249123154435,1.2084365026895618,0.16622915424789078,-0.005873858817469532,-0.02005946123602262,-0.18224341365155128
53.769342800371334,10.876471055380653,13.45552667785915,-3.237448983744524,1.2066155468561337,0.1650223741246544,-0.005690924452022616,-0.019912592271204052,-0.18194662159568858
53.77934280037133,10.877110383543625,13.457042485868064,-3.237647373711099,1.2047975923183036,0.16380963438519297,-0.005509026468895227,-0.019765336598752705,-0.1816431335723
53.78934280037133,10.877746409820785,13.458546432727124,-3.237844289188752,1.2029827061587541,0.16259094212477818,-0.005328172319112195,-0.01961769456259314,-0.1813329386991772
53.799342800371335,10.878379076951626,13.460038478165472,-3.2380397263155762,1.201170955604395,0.16136630404029415,-0.005148369237938842,-0.019469666501331105,-0.1810160255327411
53.80934280037133,10.879008327504755,13.461518582133252,-3.2382336812330523,1.1993624079792728,0.16013572642947121,-0.004969624235851466,-0.019321252748262078,-0.1806923819825658
53.81934280037133,10.879634103880944,13.462986704787188,-3.238426150085878,1.197557130556012,0.1588992151901067,-0.004791944074292338,-0.019172453631377633,-0.18036199500049102
53.82934280037133,10.880256348310086,13.464442806504422,-3.2386171290221273,1.19575519075636,0.15765677582035523,-0.004615335297010599,-0.019023269473362688,-0.18002485101959426
53.83934280037133,10.880875002856639,13.46588684785979,-3.2388066141929794,1.1939566561810655,0.15640841341617143,-0.00443980422822161,-0.01887370059162729,-0.17968093608521477
53.84934280037133,10.881490009419824,13.467318789624949,-3.2389946017527094,1.1921615946079307,0.1551541326712257,-0.004265356972109907,-0.01872374729830719,-0.17933023585267782
53.85934280037133,10.882101309733628,13.468738592768371,-3.239181087858687,1.1903700739918137,0.153893937876905,-0.004091999412829299,-0.01857340990026396,-0.17897273558729504
53.86934280037133,10.882708845366803,13.47014621845536,-3.239366068671376,1.1885821624646276,0.1526278329223128,-0.0039197372145028785,-0.01842268869908496,-0.17860842016436437
53.871669242932434,10.882849638998666,13.470471944309164,-3.2394088871508195,1.1881667398878026,0.15233243383604556,-0.003879819045970811,-0.018387569277930425,-0.17852268544303407
53.88166924293244,10.883452405551775,13.47186450712423,-3.239591631944647,1.1863839183166673,0.15106105087872243,-0.003709381285677035,-0.018235795334106426,-0.17813905906922156
53.89166924293244,10.8840513574732,13.473244850387461,-3.2397732334087097,1.1846045562051368,0.14978937241669849,-0.0035418858873923387,-0.01808446032517891,-0.1777289281929173
53.901669242932435,10.884646420932759,13.474612974344899,-3.239953320407816,1.1828294294082535,0.14851683834377655,-0.00337704988317069,-0.017932902322295396,-0.1772920169773224
53.91166924293244,10.885237569885813,13.475968881677524,-3.2401318907115804,1.181058803915296,0.1472434293271182,-0.0032148885009538938,-0.017781121237522315,-0.17682867976378633
53.92166924293244,10.885824778116353,13.47731257492976,-3.240308942088708,1.179292942366019,0.1459691262418054,-0.0030554158780331858,-0.017629116980460033,-0.17633926146015272
53.931669242932436,10.886408019236992,13.478644056509477,-3.240484472306998,1.1775321040506532,0.14469391017084118,-0.0028986450610493236,-0.01747688945824293,-0.17582409754075945
53.941669242932434,10.886987266690422,13.479963328687733,-3.240658479133333,1.1757765449264854,0.14341776240133092,-0.002744588011016868,-0.017324438575538947,-0.1752835140600594
53.95166924293243,10.887562493764763,13.481270393597917,-3.240830960333608,1.1740265176729543,0.1421406643727214,-0.002593255654199082,-0.017171764234545375,-0.17471782743426273
53.96166924293244,10.888133673580533,13.482565253239882,-3.241001913672781,1.1722822714775294,0.14086259770212795,-0.0024446578388527913,-0.017018866334985748,-0.17412734409586528
53.971669242932435,10.888700779118638,13.483847909471082,-3.2411713369147686,1.1705440526585176,0.1395835441363727,-0.0022988034413391977,-0.016865744774117702,-0.1735123616389731
53.98166924293243,10.88926378322766,13.485118364004787,-3.241339227822417,1.1688121047838333,0.13830348553597493,-0.0021557003922697032,-0.016712399446733757,-0.17287316899252364
53.99166924293244,10.889822658623867,13.486376618410084,-3.241505584157499,1.1670866686710013,0.137022403875151,-0.0020153556765059115,-0.016558830245161315,-0.17221004642028567
54.00166924293244,10.890377377891193,13.487622674111874,-3.241670403680718,1.1653679823871541,0.13574028124181442,-0.0018777753331596266,-0.01640503705926266,-0.1715232655208594
54.011669242932435,10.890927913487268,13.48885653238912,-3.2418336841516733,1.163656281318701,0.13445709982224852,-0.0017429644748268088,-0.016251019776434023,-0.17081308929429392
54.02166924293244,10.891474237750089,13.490078194375029,-3.2419954233288193,1.1619517980968577,0.1331728418678641,-0.0016109273075625833,-0.016096778281597595,-0.1700797717831368
54.03166924293244,10.892016322892175,13.49128766105835,-3.2421556189694964,1.160254762615433,0.1318874897154379,-0.0014816671170052064,-0.01594231245720466,-0.16932355822979928
54.041669242932436,10.892554141027874,13.49248493327295,-3.242314268829814,1.1585654025582224,0.13060102573765295,-0.0013551863601990195,-0.015787622183239973,-0.16854468596704014
54.051669242932434,10.893087664174654,13.49367001169737,-3.242471370664642,1.1568839434197937,0.1293134323403554,-0.0012314866698472922,-0.015632707337221417,-0.16774338444847836
54.06166924293243,10.893616864253113,13.494842896854824,-3.2426269222276125,1.1552106085054918,0.1280246919625591,-0.001110568854312685,-0.015477567794200559,-0.16691987524859606
54.07166924293244,10.894141713086967,13.496003589113192,-3.2427809212711187,1.1535456189314366,0.12673478707644267,-0.0009924328976169375,-0.015322203426762295,-0.16607437206273654
54.081669242932435,10.89466218241131,13.497152088681448,-3.24293336554627,1.1518891937200142,0.1254437001678289,-0.0008770779828691842,-0.01516661410502264,-0.16520708079665822
54.09166924293243,10.895178243874218,13.49828839561044,-3.2430842528028654,1.1502415496753013,0.12415141371455152,-0.0007645024927655762,-0.015010799696619479,-0.1643181991920978
54.10166924293244,10.89568986903454,13.499412509793281,-3.243233580789416,1.1486029014794865,0.12285791020098305,-0.000654704013019664,-0.014854760066718087,-0.16340791711243624
54.111669242932436,10.896197029387,13.50052443095313,-3.2433813472530235,1.1469734621471341,0.12156317207601533,-0.0005476794114843606,-0.014698495078012908,-0.16247641725087544
54.121669242932434,10.896699696362711,13.50162415864294,-3.243527549939378,1.1453534430330115,0.12026718175206824,-0.0004434248396811564,-0.014542004590727508,-0.16152387514114694
54.13166924293244,10.89719784132917,13.502711692245468,-3.243672186592756,1.143743053832091,0.11896992160508986,-0.0003419357328001203,-0.014385288462614595,-0.16055045915751165
54.14166924293244,10.897691435590266,13.50378703097327,-3.243815254956023,1.1421425025795482,0.11767137397455632,-0.00024320680969989875,-0.014228346548956,-0.15955633051476018
54.151669242932435,10.898180450391827,13.504850173865375,-3.243956752770598,1.1405519957238615,0.11637152115192528,-0.00014723214380226566,-0.014071178702560878,-0.1585416433331478
54.16166924293243,10.898664856931534,13.50590111978201,-3.2440966777763913,1.1389717381199849,0.11507034535065189,-5.400538121245498e-05,-0.013913784773754025,-0.1575065444315475
54.17166924293243,10.899144626347304,13.50693986741184,-3.2442350277118828,1.1374019328943166,0.11376782873422753,3.6480611760787945e-05,-0.013756164610381462,-0.15645117325279
54.181669242932436,10.899619729744863,13.507966415254927,-3.244371800313969,1.1358427819881358,0.11246395337323056,0.00012423365201885721,-0.013598318057810992,-0.15537566262514343
54.191669242932434,10.900090138199651,13.508980761621565,-3.2445069933179527,1.1342944861896291,0.11115870124189388,0.0002092622234368679,-0.013440244958932033,-0.15428013880130745
54.20166924293243,10.900555822756822,13.509982904632281,-3.244640604457541,1.1327572451338899,0.10985205421810497,0.00029157547686365596,-0.013281945154155624,-0.15316472145841323
54.21166924293244,10.901016754431247,13.510972842217825,-3.2447726314648464,1.131231257302918,0.1085439940834059,0.0003711832301217775,-0.01312341848141442,-0.1520295236980237
54.221669242932435,10.901472904207635,13.511950572119087,-3.2449030720703878,1.1297167200276381,0.10723450252276272,0.00044809596772331107,-0.01296466477616265,-0.15087465204750328
54.23166924293244,10.901924243055308,13.512916091875367,-3.2450319240029786,1.1282138296744453,0.10592356109247653,0.000522324808203977,-0.012805683871366201,-0.1497002064999408
54.24166924293244,10.9023707419121,13.513869398835793,-3.245159184989815,1.126722781322687,0.1046111512334705,0.0005938815349507876,-0.012646475597498291,-0.14850628011492162
54.25166924293244,10.902812371699417,13.514810490148937,-3.2452848527563996,1.1252437691246522,0.1032972542607839,0.0006627785627405193,-0.012487039782545221,-0.1472929595240571
54.26166924293244,10.903249103337526,13.515739362751402,-3.2454089250264477,1.1237769865696623,0.10198185134101746,0.00072902890495676,-0.012327376252003633,-0.14606032517339113
54.27166924293243,10.903680907745535,13.516656013367818,-3.2455313995218895,1.1223226264840724,0.10066492349233425,0.0007926461735898718,-0.012167484828880604,-0.1448084513234008
54.28166924293243,10.904107755841407,13.517560438510854,-3.245652273962869,1.1208808810312676,0.09934645158445644,0.0008536445792371441,-0.012007365333693263,-0.1435374060489935
54.291669242932436,10.904529618541948,13.518452634481202,-3.2457715460677443,1.1194519417116686,0.09802641633867021,0.0009120389311025609,-0.01184701758446937,-0.14224725123951124
54.301669242932434,10.90494646676382,13.519332597366688,-3.2458892135530797,1.1180359993777793,0.09670479832636181,0.0009678446355350692,-0.011686441396746416,-0.14093804259993103
54.31166924293244,10.905358271441546,13.52020032302474,-3.2460052741335113,1.1166332444656926,0.09538157793518147,0.0010210776690182401,-0.011525636583555892,-0.1396098295341648
54.32166924293244,10.90576500350135,13.521055807104137,-3.2461197255219,1.115243866558586,0.09405673539580033,0.0010717546135579031,-0.011364602955426668,-0.13826265493978107
54.331669242932435,10.906166633886397,13.52189904502476,-3.2462325654291924,1.1138680548772093,0.09273025076038974,0.0011198926184093074,-0.011203340320385946,-0.1368965555762924
54.34166924293244,10.906563133568518,13.522730031967434,-3.2463437915643443,1.1125059984737278,0.09140210388813835,0.0011655093828823859,-0.011041848483955653,-0.13551156213378768
54.35166924293244,10.90695447354822,13.523548762873926,-3.2464534016343256,1.1111578862317222,0.09007227444525218,0.0012086231563417536,-0.010880127249152435,-0.13410769923293245
54.361669242932436,10.907340624854672,13.524355232446945,-3.2465613933441153,1.109823906866188,0.08874074190495448,0.0012492527382067084,-0.010718176416487656,-0.13268498542496868
54.37166924293244,10.90772155854572,13.525149435150148,-3.2466677643967055,1.1085042489235355,0.08740748554748583,0.001287417477951231,-0.010555995783967407,-0.1312434331917149
54.38166924293243,10.908097245707875,13.525931365208129,-3.2467725124930986,1.1071991007815918,0.08607248446010492,0.0013231372751039633,-0.010393585147092594,-0.12978304894556705
54.39166924293244,10.908467657472237,13.526701016589605,-3.2468756353321986,1.1059086508788136,0.08473571751639483,0.0013564325680819002,-0.010230944298845975,-0.12830383282285535
54.401669242932435,10.908832765003552,13.527458383013911,-3.2469771306108446,1.1046330874986985,0.08339716337361072,0.0013873243415057058,-0.010068073029682595,-0.1268057784990709
54.41166924293243,10.909192539495406,13.528203457958574,-3.247076996023865,1.1033725987687746,0.08205680048756343,0.001415834126524227,-0.009904971127543195,-0.12528887348378176
54.42166924293244,10.909546952202168,13.528936234628995,-3.247175229263883,1.1021273731773282,0.08071460708279476,0.0014419839772991743,-0.009741638377842261,-0.12375309895974979
54.431669242932436,10.909895974439166,13.529656705958296,-3.247271828021315,1.1008975995759342,0.07937056115240013,0.0014657964708875372,-0.009578074563467954,-0.12219842978155822
54.441669242932434,10.91023957758269,13.53036486460731,-3.2473667899843712,1.0996834671794564,0.07802464045802844,0.0014872947072415844,-0.009414279464782089,-0.12062483447561159
54.45166924293244,10.910577733069983,13.53106070296459,-3.247460112839056,1.0984851655660477,0.07667682252988214,0.0015065023092088645,-0.009250252859620153,-0.11903227524013575
54.46166924293244,10.910910412399248,13.531744213146393,-3.2475517942691674,1.0973028846771502,0.07532708466671725,0.0015234434225322045,-0.009085994523291297,-0.1174207079451779
54.471669242932435,10.911237587129643,13.532415386996703,-3.2476418319562965,1.0961368148174941,0.07397540393584329,0.0015381427158497121,-0.008921504228578335,-0.11579008213260653
54.48166924293244,10.911559228906846,13.53307421605863,-3.247730223579664,1.0949871470396666,0.07262175714911283,0.0015506253828525387,-0.008756781745716589,-0.11414034037882885
54.49166924293243,10.911875309437194,13.533720691595065,-3.247816966816234,1.0938540727406105,0.0712661208698211,0.0015609171427406812,-0.008591826842390774,-0.11247141854923877
54.50166924293244,10.912185800485304,13.534354804595438,-3.2479020593407544,1.092737783677768,0.06990847142420288,0.0015690442359210922,-0.008426639283749949,-0.11078324611824014
54.511669242932435,10.912490673914245,13.53497654573541,-3.2479854988255275,1.0916384725977142,0.06854878487360307,0.00157503342492955,-0.008261218832388995,-0.10907574540876266
54.52166924293243,10.912789901685576,13.535585905376832,-3.2480672829404096,1.0905563332365293,0.06718703701445401,0.0015789119944319592,-0.008095565248348193,-0.10734883159173278
54.53166924293244,10.913083455859331,13.536182873567764,-3.248147409352811,1.0894915603198012,0.06582320337827632,0.0015807077512243442,-0.007929678289113324,-0.10560241268607472
54.541669242932436,10.913371308594032,13.536767440042459,-3.2482258757276976,1.0884443495626235,0.06445725923167889,0.00158044902423285,-0.007763557709615669,-0.1038363895587105
54.551669242932434,10.913653432146676,13.537339594221374,-3.248302679727588,1.087414897669597,0.06308917957635884,0.0015781646645137404,-0.0075972032622320124,-0.10205065592455988
54.56166924293244,10.91392979887275,13.53789932521116,-3.248377819012555,1.086403402334829,0.06171893914910159,0.0015738840452533998,-0.007430614696784639,-0.1002450983465404
54.57166924293244,10.914200381226989,13.538446621803883,-3.248451291240223,1.0854100622537906,0.0603465124213992,0.0015676370623879498,-0.0072637917605408745,-0.09841959620789761
54.581669242932435,10.91446515182341,13.53898147241164,-3.2485230940654364,1.084435078062784,0.05897187356447832,0.0015594541848097518,-0.007096734198168142,-0.09657401942440215
54.59166924293244,10.914724083339706,13.539503865155911,-3.248593225140707,1.0834786509240504,0.057594996483672375,0.0015493663811383483,-0.00692944175176796,-0.09470823157938452
54.60166924293243,10.91497714854679,13.540013787843405,-3.248661682116093,1.0825409830056585,0.05621585481400953,0.0015374051393232005,-0.006761914160875861,-0.09282208911401042
54.611669242932436,10.915224320363757,13.540511227911253,-3.2487284626389275,1.081622278329202,0.054834421895785496,0.0015236025099357908,-0.006594151162433059,-0.0909154394168882
54.621669242932434,10.915465571857885,13.540996172427024,-3.248793564353813,1.0807227427698038,0.05345067077456862,0.0015079911061696668,-0.0064261524907870595,-0.08898812082407567
54.63166924293243,10.915700876244632,13.541468608088715,-3.2488569849026274,1.0798425840561139,0.05206457420119651,0.0014906041038404124,-0.006257917877691255,-0.08703996261907551
54.64166924293244,10.915930206887637,13.541928521224754,-3.24891872192452,1.0789820117703088,0.05067610463177685,0.0014714752413856548,-0.006089447052305025,-0.08507078503283648
54.651669242932435,10.91615353729872,13.542375897793999,-3.248978773055914,1.0781412373480925,0.049285234227687436,0.0014506388198650658,-0.005920739741193737,-0.08308039924375332
54.66166924293243,10.916370841137882,13.542810723385738,-3.2490371359305046,1.0773204740786964,0.04789193485557615,0.0014281297029603594,-0.005751795668328742,-0.0810686073776669
54.67166924293244,10.916582092213307,13.543232983219694,-3.24909380817926,1.0765199371048788,0.04649617808736096,0.0014039833169752945,-0.005582614555087382,-0.07903520250786406
54.681669242932436,10.916787264481355,13.543642662146013,-3.2491487874304212,1.0757398434229253,0.04509793520022995,0.0013782356508356723,-0.005413196120252984,-0.07697996865507767
54.69166924293244,10.916986332049023,13.544039744642326,-3.24920207130949,1.0749804119305397,0.043697177175511887,0.0013509232605297555,-0.005243540080012062,-0.07490268063354409
54.70166924293244,10.91717926923517,13.544424214734187,-3.2492536574388913,1.0742418647077383,0.04229387466506163,0.0013220833856265135,-0.005073646147871416,-0.072803099988874
54.71166924293244,10.917366050499751,13.544796056074428,-3.2493035434383017,1.0735244257484824,0.04088799801785125,0.0012917538237796544,-0.004903514034726909,-0.0706809792785136
54.721669242932435,10.917546650478108,13.545155251917738,-3.249351726924537,1.0728283214313628,0.03947951727906145,0.001259972973667746,-0.00473314344886252,-0.06853606058800978
54.73166924293243,10.917721044011559,13.54550178508633,-3.24939820551141,1.0721537810832178,0.03806840217839223,0.0012267798876225654,-0.00456253409592092,-0.06636807371129669
54.74166924293243,10.91788920614739,13.545835637969953,-3.2494429768097324,1.0715010369791376,0.03665462213006801,0.0011922142716292135,-0.004391685678904101,-0.06417673615070359
54.75166924293244,10.918051112138857,13.546156792525876,-3.249486038427313,1.0708703243424613,0.03523814623283418,0.00115631648532604,-0.004220597898172956,-0.06196175311694965
54.761669242932435,10.918206737445189,13.546465230278901,-3.249527387968957,1.0702618813447777,0.03381894326995799,0.001119127542004662,-0.004049270451447388,-0.059722817529145225
54.77166924293244,10.918356057731584,13.546760932321353,-3.2495670230364686,1.0696759491059256,0.032396981709228535,0.0010806891086099634,-0.003877703033806304,-0.057459610014791856
54.78166924293244,10.918499048869212,13.547043879313089,-3.2496049412286485,1.069112771693993,0.030972229702956752,0.001041043505740095,-0.003705895337687618,-0.055171798909782264
54.791669242932436,10.918635686970442,13.547314051444902,-3.2496411401411565,1.0685725968598927,0.02954465508148941,0.0010002337871821338,-0.0035338470528582695,-0.05285903758397684
54.80166924293244,10.918765948375183,13.547571428441156,-3.249675617366517,1.068055676042978,0.028114225348179357,0.0009583037294854987,-0.003361557866400782,-0.05052096483349196
54.81166924293244,10.918889809622321,13.547815989595,-3.2497083704942487,1.0675622636758295,0.02668090768841496,0.0009152977567889021,-0.0031890274627508143,-0.04815720737058968
54.82166924293244,10.919007247520735,13.548047713703323,-3.2497393971106225,1.0670926184634821,0.025244668962304956,0.0008712610853679795,-0.0030162555236561248,-0.045767374923871215
54.831669242932435,10.919118239149972,13.548266579066121,-3.2497686947986577,1.0666470033961275,0.02380547570458795,0.0008262397250468142,-0.0028432417281762175,-0.043351060190620135
54.84166924293243,10.919222761860237,13.548472563486495,-3.249796261138122,1.0662256857491148,0.02236329412462893,0.0007802804791978272,-0.0026699857526819217,-0.04090783883679646
54.85166924293243,10.919320793272394,13.548665644270649,-3.249822093705533,1.0658289370829508,0.020918090106424515,0.0007334309447419421,-0.002496487270856023,-0.038437269497045505
54.861669242932436,10.919412311277975,13.54884579822789,-3.2498461900741558,1.0654570332432995,0.019469829208599458,0.000685739512148475,-0.0023227459536928428,-0.035938893774692
54.871669242932434,10.919497294039171,13.549013001670627,-3.249868547814005,1.0651102543609823,0.0180184766644075,0.0006372553654351628,-0.0021487614694983446,-0.03341223624174154
54.88166924293244,10.919575720003804,13.549167230400343,-3.249889164491797,1.0647888852086669,0.016563997381746173,0.0005880285238538429,-0.001974533483878755,-0.030856803011302263
54.89166924293244,10.919647567953804,13.5493084596546,-3.249908037670768,1.0644932166297258,0.01510635593960614,0.0005381099956660572,-0.0018000616596875831,-0.02827207655504224
54.901669242932435,10.919712816922287,13.549436664183233,-3.2499251649109215,1.0642235436405818,0.013645516587184766,0.00048755155020308754,-0.0016253456570863108,-0.025657523519701964
54.91166924293244,10.919771446280693,13.549551818178257,-3.249940543768802,1.0639801671040316,0.012181443249441395,0.0004364059308609895,-0.0014503851335038076,-0.0230125872987665
54.92166924293244,10.919823435750668,13.54965389526348,-3.2499541717974583,1.0637633939862405,0.010714099527450517,0.00038472688628488603,-0.0012751797436288972,-0.020336686956308987
54.931669242932436,10.919868765404045,13.549742868494498,-3.2499660465464446,1.0635735373567416,0.00924344869840178,0.0003325691703689673,-0.0010997291394103576,-0.017629217226990665
54.941669242932434,10.919907415662852,13.549818710358693,-3.249976165561819,1.063410916388436,0.007769453715600873,0.00027998854225652305,-0.0009240329700570282,-0.014889548516062535
54.95166924293243,10.919939367299309,13.54988139277524,-3.2499845263861475,1.0632758563575928,0.0062920772084659495,0.0002270417663398138,-0.0007480908820373809,-0.012117026899358643
54.96166924293244,10.919964601435831,13.549930887095103,-3.2499911265584984,1.0631686886438496,0.004811281482532997,0.00017378661226026331,-0.0005719025190801638,-0.009310974123306146
54.971669242932435,10.919983099565265,13.549967164080268,-3.2499959636143814,1.0630897515325037,0.0033270285227425126,0.00012028194069381293,-0.00039546752215113536,-0.00647068458336798
54.98166924293243,10.919994843595193,13.549990193864177,-3.2499990350856214,1.0630393915371703,0.001839279999834906,6.65878548004083e-05,-0.00021878552941918285,-0.0035954199634252873
54.99166924293244,10.919999815830687,13.549999945976264,-3.2500003385004366,1.0630179622639593,0.0003479972676280821,1.2765590529089364e-05,-4.1856176293178895e-05,-0.0006844130385610988
54.99399568549352,10.91999999977439,13.550000307641204,-3.2500003879576775,1.0630171634606218,5.480064193610912e-07,2.3240886457424393e-07,-6.59071932937981e-07,-1.974569850805505e-06
