t,x,y,z,yaw,u,v,w,r
0.0,4.334310688136611e-13,5.000000000000565,-0.1999999999999513,1.1333156635373598e-12,9.549375179496169e-13,-4.8572257327350605e-17,5.717648576819556e-15,4.571343303894083e-14
0.01,7.475513345631747e-06,5.000001578347501,-0.20000098424060667,1.5123383154686331e-05,0.0014942728730277556,0.0003154978093541342,-0.00019677141416931136,0.0030173011218081708
0.02,2.9868618535706794e-05,5.000006307531887,-0.20000393389361554,6.0196760495351607e-05,0.0029835508417158183,0.0006299988955667085,-0.0003930824451477614,0.005989829883073622
0.030000000000000002,6.71289134693295e-05,5.000014179274463,-0.20000884435434474,0.00013476704615915483,0.00446782769482859,0.0009434407724955776,-0.0005889329305490057,0.008916504418892931
0.04,0.00011920565928792721,5.000025185969805,-0.2000157110165649,0.00023837057460012866,0.005947096921186384,0.0012557629451544607,-0.0007843227154268295,0.011796293600485336
0.05,0.00018604778413522277,5.000039320673467,-0.20002452927250866,0.00037053349615631713,0.00742135169514892,0.001566906929757507,-0.000979251652248168,0.014628217323944134
0.060000000000000005,0.0002676038854161453,5.000056577099431,-0.20003529451297267,0.0005307723093061796,0.008890584852534886,0.0018768162864725446,-0.0011737196008672589,0.017411347305604456
0.07,0.0003638222372402233,5.000076949585508,-0.20004800212741522,0.0007185946528242206,0.010354788865744159,0.002185436649870694,-0.001367726428481973,0.02014480716701908
0.08,0.0004746507969344982,5.000100433063438,-0.2000626475040322,0.0009334999350270061,0.011813955822727042,0.00249271575486217,-0.0015612720095983428,0.022827772542073334
0.09,0.0006000372050525712,5.000127023058848,-0.20007922602975728,0.0011749793346950486,0.013268077426951252,0.002798603436737843,-0.001754356226030511,0.025459471077336236
0.1,0.000739928788720983,5.000156715676685,-0.20009773309033624,0.001442516295591575,0.014717144987599603,0.003103051641996247,-0.0019469789668740414,0.028039182235774916
0.11,0.0008942725658722566,5.000189507586065,-0.20011816407049088,0.0017355875160546532,0.016161149394516225,0.0034060144591085313,-0.00213914012845712,0.030566237435334855
0.12000000000000001,0.0010630152493055671,5.000225395997251,-0.20014051435394362,0.002053663251925514,0.01760008111889474,0.0037074481141270935,-0.0023308396143205644,0.033040019336258566
0.13,0.0012461032549476844,5.000264378621097,-0.2001647793235267,0.0023962081702947153,0.01903393020290879,0.0040073109784955615,-0.0025220773351671815,0.03545996089109485
0.14,0.001443482701961755,5.000306453668542,-0.20019095436118414,0.00276268136260004,0.02046268625950315,0.004305563569251134,-0.0027128532088610204,0.03782554533471229
0.15,0.001655099414488435,5.000351619842154,-0.20021903484800793,0.0031525365845028234,0.021886338472406782,0.004602168546882302,-0.002903167160413089,0.0401363057907252
0.16,0.0018808989271624043,5.000399876309849,-0.20024901616443316,0.003565223470525576,0.023304875588867187,0.004897090716941018,-0.0030930191219165947,0.04239182395207159
0.17,0.0021208264848475203,5.000451222704762,-0.20028089369023602,0.0040001875405461015,0.024718285920810323,0.005190297028206113,-0.0032824090325471325,0.044591730017661105
0.18,0.002374827054751536,5.0005056590645545,-0.20031466280467333,0.004456871240944751,0.026126557356427653,0.005481756543935989,-0.003471336838490175,0.04673569996578307
0.19,0.0026428453273980215,5.00056318582663,-0.20035031888649696,0.004934714046959743,0.027529677360735628,0.00577144044001787,-0.003659802492934452,0.04882345533660001
0.2,0.0029248257166263588,5.000623803828128,-0.20038785731395395,0.005433152462687153,0.028927632975575678,0.006059322004967801,-0.003847805956071946,0.050854763232147625
0.21000000000000002,0.0032207123657697232,5.000687514276135,-0.2004272734649198,0.005951620819482887,0.03032041083385326,0.006345376610024008,-0.004035347195044075,0.0528294341975233
0.22,0.003530449145836198,5.000754318753268,-0.20046856271701102,0.0064895519176849025,0.03170799715591253,0.0066295817114479525,-0.0042224261839169525,0.054747321827524835
0.22999999999999998,0.003853979663128324,5.000824219181974,-0.20051172044762328,0.007046377293369088,0.03309037776977368,0.006911916813857941,-0.004409042903647528,0.05660832081349999
0.24000000000000002,0.004191247269528442,5.000897217776453,-0.20055674203405402,0.007621527981672596,0.034467538135566717,0.007192363422857876,-0.004595197342019929,0.0584123640121496
0.25,0.00454219506250074,5.000973317042651,-0.20060362285350292,0.008214434516986573,0.035839463345536164,0.007470905045027681,-0.0047808894936454465,0.06015942244490162
0.26,0.004906765885091259,5.001052519778254,-0.20065235828307146,0.008824526932956187,0.03720613812404114,0.007747527187923314,-0.0049661193599625335,0.06184950529791123
0.27,0.005284902331251904,5.001134829049793,-0.20070294369986072,0.009451235251455801,0.038567546847771216,0.008022217321850543,-0.005150886949194325,0.06348265795304214
0.28,0.005676546749027194,5.0012202481740555,-0.20075537448118944,0.01009399065046163,0.039923673571239326,0.008294964829947444,-0.0053351922762783985,0.06505895911181457
0.29,0.006081641238140928,5.001308780728782,-0.20080964600450715,0.010752225006220511,0.04127450201641594,0.008565761028825244,-0.005519035362897402,0.0665785220286435
0.3,0.006500127669659359,5.001400430472398,-0.20086575364759424,0.011425371826441683,0.04262001563539937,0.008834599052099676,-0.005702416237366392,0.0680414888650999
0.31,0.006931947686603571,5.001495201341467,-0.20092369278857006,0.012112866289544295,0.043960197612498676,0.009101473846489879,-0.005885334934628821,0.06944803049553099
0.32,0.007377042703949465,5.001593097450696,-0.20098345880589288,0.012814145244657422,0.04529503086423368,0.009366382171818389,-0.006067791496256531,0.07079834650706023
0.33,0.007835353908627777,5.001694123092927,-0.20104504707836,0.013528647211620054,0.04662449803933497,0.009629322601011146,-0.006249785970449754,0.07209266519958746
0.34,0.008306822268312808,5.001798282706905,-0.20110845298528696,0.014255813092103168,0.04794858156170322,0.009890295438552504,-0.0064313184119612656,0.07333124012661735
0.35000000000000003,0.008791388532256705,5.001905580869624,-0.20117367190668517,0.01499508702149984,0.04926726365794545,0.010149302669336033,-0.00661238888204342,0.07451434772232861
0.36,0.009288993235290232,5.002016022285005,-0.20124069922316237,0.01574591581968181,0.05058052635225513,0.010406347968556025,-0.006792997448465243,0.07564228790269156
0.37,0.009799576713874698,5.00212961172851,-0.2013095303161026,0.016507749573354484,0.05188835152402435,0.010661436591897727,-0.00697314418541594,0.07671537957488828
0.38,0.010323079106165747,5.002246354046913,-0.20138016056766705,0.01728004163959643,0.05319072090810809,0.010914575375034319,-0.007152829173504451,0.07773396061636421
0.39,0.010859440352013356,5.002366254158304,-0.20145258536079425,0.018062248645859393,0.05448761609482422,0.011165772733626915,-0.007332052499759441,0.07869838787482811
0.4,0.011408600194123701,5.002489317048707,-0.20152680007921792,0.018853830537601517,0.05577901853482914,0.011415038653674991,-0.007510814257620909,0.07960903682207611
0.41000000000000003,0.011970498191623371,5.002615547731645,-0.20160280010775636,0.019654251458893338,0.05706490960965272,0.011662384553694905,-0.007689114546820055,0.0804662965328019
0.42000000000000004,0.012545073712388905,5.002744951269185,-0.20168058083224139,0.020462979638511847,0.05834527060865575,0.011907823332501215,-0.007866953473421553,0.08127057131298562
0.43,0.013132265952245176,5.002877532717785,-0.20176013763963008,0.0212794874025454,0.05962008277791663,0.012151369269411579,-0.008044331149737814,0.08202227726076462
0.44,0.013732013940128504,5.00301329711352,-0.2018414659180634,0.022103251295213927,0.060889327338144617,0.012393037988382179,-0.008221247694297848,0.08272184099829133
0.45,0.01434425653808667,5.003152249472075,-0.20192456105686607,0.022933752078868924,0.06215298548467981,0.01263284645800775,-0.008397703231847265,0.08336969967173317
0.45999999999999996,0.014968932441335736,5.003294394788617,-0.20200941844654732,0.023770474734909182,0.06341103838767784,0.012870812991127788,-0.008573697893347918,0.08396630093900148
0.47000000000000003,0.015605980189984915,5.003439738010321,-0.20209603347898947,0.02461290881006225,0.06466346723827752,0.01310695714844756,-0.008749231815892078,0.0845120999318042
0.48000000000000004,0.01625533816685135,5.0035882840415935,-0.20218440154752296,0.025460548733923172,0.06591025326016801,0.013341299719319197,-0.008924305142688643,0.08500755855950105
0.49,0.016916944609833322,5.003740037714229,-0.2022745180469426,0.026312893537804374,0.06715137772606915,0.013573862681731236,-0.009098918023023383,0.08545314433494652
0.5,0.017590737622886227,5.003895003761425,-0.20236637837360696,0.027169446908098305,0.06838682198717785,0.013804669138099721,-0.0092730706121998,0.08584932839638092
0.51,0.01827665517602254,5.004053186817786,-0.20245997792543835,0.028029717186277406,0.06961656747316802,0.014033743315268183,-0.009446763071539127,0.08619658550743037
0.52,0.018974635105311836,5.004214591419325,-0.20255531210192282,0.02889321736889414,0.07084059569219059,0.014261110564507646,-0.009619995568380321,0.08649539405710682
0.53,0.019684615119855347,5.004379221990927,-0.2026523763042304,0.029759465255591953,0.07205888825553962,0.014486797305990964,-0.009792768276027243,0.0867462345304869
0.54,0.020406532811636263,5.0045470828284255,-0.20275116593539735,0.030627983697012823,0.07327142691538806,0.01471083094638438,-0.00996508137367157,0.08694958716991626
0.55,0.021140325659936024,5.004718178087223,-0.202851676400258,0.03149830027170977,0.07447819355725704,0.014933239890096438,-0.010136935046398066,0.08710593229420233
0.56,0.021885931040568008,5.00489251176441,-0.20295390310553965,0.03236994729403248,0.0756791702218757,0.015154053486546443,-0.010308329485131551,0.08721574888272145
0.569151076978758,0.02257853776266761,5.005054886838158,-0.20304895152225896,0.033168369746063936,0.07677310449651488,0.015354749539071158,-0.010464771612194848,0.08727587827817063
0.579151076978758,0.023346515106750603,5.005235370063431,-0.20315435659663747,0.03404101406913984,0.07796248457793054,0.015572963619874298,-0.01063494089818839,0.08732749708025637
0.5891510769787579,0.024126189374858064,5.005419176272928,-0.20326155650906166,0.034914617641984065,0.07914588967678812,0.01579097154531968,-0.010804961016146093,0.08739576453622026
0.5991510769787579,0.024917421224224936,5.00560625766886,-0.20337045420566635,0.0357889805439973,0.08032306092939022,0.016008572445440725,-0.010974497796985642,0.08747933302590113
0.609151076978758,0.025720143210017157,5.0057966289064275,-0.2034810448545011,0.036664254348974495,0.08149399787964172,0.016225760384421643,-0.01114355151353462,0.08757791929782463
0.6191510769787579,0.026534287842233755,5.0059903045658185,-0.20359332362640725,0.03754058788587217,0.08265870054968348,0.016442529250834878,-0.01131212244446207,0.08769124447052609
0.6291510769787579,0.02735978758570687,5.006187299152204,-0.20370728569501798,0.03841812723880839,0.08381716943989244,0.016658872757641115,-0.011480210874278501,0.08781903403255056
0.639151076978758,0.028196574860101718,5.006387627095742,-0.2038229262367583,0.03929701574706278,0.08496940552888144,0.016874784442189275,-0.011647817093335872,0.08796101784245275
0.649151076978758,0.029044582039916604,5.006591302751575,-0.20394024043084502,0.040177394005076486,0.08611541027349934,0.017090257666216514,-0.011814941397827601,0.08811693012879707
0.659151076978758,0.029903741469455854,5.006798340406229,-0.20405922345951452,0.04105939998527222,0.08725518558332612,0.017305285652380303,-0.011981584089659356,0.08828650920056529
0.6691510769787579,0.03077398548002659,5.007008754278919,-0.20417987050826858,0.041943169064433974,0.08838873380342141,0.017519861510343765,-0.012147745476366538,0.08846949729791688
0.679151076978758,0.031655246369846395,5.007222558517697,-0.20430217676558163,0.042828833945882654,0.08951605774094067,0.017733978197963303,-0.012313425871244161,0.08866564083448705
0.689151076978758,0.03254745642129587,5.007439767212535,-0.20442613742317778,0.04371652490824689,0.09063716062518677,0.01794762857738562,-0.012478625593139328,0.08887468988889677
0.6991510769787579,0.033450547901212116,5.0076603943954945,-0.20455174767603537,0.04460636980859583,0.09175204610703741,0.018160805415860053,-0.012643344966448287,0.0890963981979008
0.7091510769787579,0.03436445306088878,5.007884454040721,-0.20467900272238695,0.045498494082439216,0.09286071825894511,0.0183735013857386,-0.012807584321116448,0.08933052315638768
0.7191510769787579,0.03528910413607596,5.008111960064447,-0.2048078977637194,0.046393020743727274,0.09396318157493716,0.01858570906447589,-0.012971343992638362,0.08957682581737968
0.7291510769787579,0.03622443334698029,5.008342926324989,-0.20493842800477377,0.04729007038485083,0.09505944097061568,0.018797420934629192,-0.01313462432205774,0.08983507089203291
0.7391510769787579,0.03717037290794056,5.008577366626358,-0.20507058865370242,0.04818976126107902,0.09614950176453271,0.01900862940636319,-0.013297425655868526,0.0901050266006266
0.749151076978758,0.03812685504928847,5.008815294721472,-0.205204374922402,0.049092209363283505,0.09723336965028069,0.019219326852675543,-0.013459748345872114,0.0903864644983259
0.7591510769787579,0.03909381199582001,5.009056724305756,-0.2053397820261717,0.049997528265547146,0.09831105073489088,0.01942950556246813,-0.013621592749378375,0.09067915975522861
0.769151076978758,0.040071175982793715,5.009301669028517,-0.20547680518399736,0.05090582939236082,0.09938255149343712,0.019639157793730076,-0.013782959228957944,0.09098289073286703
0.779151076978758,0.041058879256869046,5.009550142493419,-0.20561543961856718,0.05181722202964668,0.1004478787668999,0.0198482757760818,-0.013943848152430726,0.09129743896583277
0.789151076978758,0.042056854076106445,5.009802158258481,-0.20575568055627186,0.052731813324758285,0.10150703976216634,0.020056851710775033,-0.014104259892865907,0.09162258916177686
0.799151076978758,0.04306503270996724,5.010057729836076,-0.20589752322720442,0.05364970828648048,0.10256004205203026,0.020264877770692795,-0.014264194828581947,0.09195812920140968
0.809151076978758,0.04408334743931375,5.010316870692931,-0.20604096286516035,0.054571009785029476,0.10360689357519212,0.02047234610034941,-0.014423653343146584,0.09230385013850098
0.819151076978758,0.04511173055691576,5.010579594250282,-0.20618599470764656,0.055495818557193086,0.1046476026351068,0.020679248817031256,-0.014582635825370352,0.09265954619333418
0.8291510769787579,0.04615011439314854,5.0108459138896855,-0.20633261399631955,0.05642423339973487,0.10568217785084677,0.020885578060379432,-0.014741142669033633,0.09302501449758423
0.8391510769787579,0.04719843130767942,5.011115842947158,-0.20648081597680748,0.05735635096534161,0.10671062819352269,0.021091325957861166,-0.014899174273096427,0.09340005533568733
0.8491510769787579,0.04825661368749247,5.011389394717452,-0.20663059589871846,0.05829226590557733,0.1077329629695703,0.021296484638874846,-0.015056731041594697,0.09378447198035977
0.859151076978758,0.0493245939558591,5.011666582457744,-0.20678194901580824,0.059232070995054016,0.1087491917959002,0.02150104625887493,-0.015213813383498805,0.09417807053843417
0.8691510769787579,0.050402304572338075,5.011947419387637,-0.20693487058598037,0.06017585713143166,0.10975932459989773,0.021705002999371954,-0.015370421712713512,0.09458065995085953
0.8791510769787579,0.05148967803277554,5.012231918689155,-0.20708935587128607,0.061123713335418293,0.11076337161942308,0.021908347067932515,-0.015526556448077974,0.09499205199270117
0.889151076978758,0.05258664686930495,5.012520093506748,-0.20724540013792433,0.06207572675076987,0.11176134340281116,0.022111070698179282,-0.015682218013365744,0.09541206127314082
0.899151076978758,0.05369314365034714,5.012811956947291,-0.2074029986562418,0.06303198264429039,0.11275325080887172,0.022313166149790984,-0.015837406837284778,0.09584050523547656
0.909151076978758,0.054809100980994584,5.013107522080143,-0.2075621467007403,0.06399256440995342,0.11373910500592734,0.022514625709262822,-0.015992123353471648,0.0962772041532172
0.919151076978758,0.055934451528338175,5.0134068019403,-0.20772283955054335,0.06495755377293665,0.11471891741941465,0.022715441732241926,-0.01614636800018045,0.09672198093582601
0.9291510769787579,0.05706912801420142,5.013709809525575,-0.20788507248920926,0.06592703058217794,0.11569269977241745,0.022915606612970197,-0.016300141220531326,0.09717466131932567
0.9391510769787579,0.05821306321005147,5.014016557798345,-0.208048840804693,0.06690107292324911,0.11666046407298886,0.02311511279165209,-0.016453443462423476,0.09763507375558196
0.9491510769787579,0.059366189946222746,5.0143270596875675,-0.208214139789538,0.06787975725365351,0.11762222258534208,0.023313952776693573,-0.01660627517836007,0.09810304928394215
0.959151076978758,0.06052844111191705,5.014641328088781,-0.2083809647408762,0.06886315840282617,0.11857798782985046,0.023512119144702127,-0.016758636825448245,0.09857842153123493
0.969151076978758,0.06169974965520355,5.014959375864111,-0.20854931096042778,0.06985134957213372,0.11952777258304753,0.023709604540486755,-0.0169105288653991,0.0990610267117705
0.979151076978758,0.06288004858301875,5.015281215842261,-0.20871917375450158,0.07084440233487443,0.12047158987762695,0.02390640167705798,-0.017061951764527714,0.09955070362734046
0.989151076978758,0.06406927096116655,5.0156068608185205,-0.2088905484339947,0.07184238663627823,0.12140945300244248,0.024102503335627835,-0.017212905993753125,0.10004729366721792
0.9991510769787579,0.06526734991431815,5.015936323554761,-0.20906343031439276,0.07284537079350661,0.12234137550250807,0.024297902365609875,-0.017363392028598337,0.10055064080815738
1.009151076978758,0.06647421863177597,5.016269616779444,-0.2092378147158909,0.07385342155688679,0.12326737116421514,0.024492591693507097,-0.017513410349094333,0.10106059156795413
1.019151076978758,0.0676898103956938,5.016606753188141,-0.20941369696392834,0.0748666042923041,0.12418745396619879,0.024686564353540247,-0.017662961439465993,0.10157699486555909
1.0291510769787577,0.06891405855403913,5.016947745443957,-0.20959107238860755,0.0758849826693258,0.1251016381562378,0.024879813440875878,-0.01781204578862892,0.10209970224754535
1.0391510769787577,0.07014689653139256,5.017292606177197,-0.20976993632500127,0.07690861893784029,0.12600993819360154,0.025072332144192286,-0.01796066388980532,0.10262856767282766
1.049151076978758,0.07138825783139122,5.017641347985333,-0.20995028411320832,0.07793757396299125,0.12691236874107914,0.025264113750367866,-0.018108816240471712,0.10316344748602146
1.059151076978758,0.07263807603672888,5.0179939834330165,-0.21013211109835372,0.07897190722517777,0.12780894466497944,0.025455151644481127,-0.01825650334235896,0.10370420041744298
1.069151076978758,0.07389628480915587,5.0183505250520675,-0.2103154126305885,0.08001167682005433,0.12869968103513119,0.025645439309810694,-0.018403725701452257,0.10425068758310918
1.079151076978758,0.07516281788947915,5.018710985341483,-0.2105001840650899,0.08105693945853078,0.12958459312488277,0.025834970327835303,-0.018550483827991134,0.10480277248473781
1.089151076978758,0.07643760909756223,5.0190753767674305,-0.2106864207620612,0.08210775046677232,0.13046369641110248,0.02602373837823381,-0.018696778236469452,0.10536032100974733
1.099151076978758,0.07772059233232523,5.0194437117632535,-0.21087411808673184,0.08316416378619956,0.13133700657417832,0.026211737238885185,-0.01884260944563541,0.105923201431257
1.109151076978758,0.07901170157266255,5.019816002729428,-0.2110632714093754,0.08422623197872993,0.13220453949677052,0.026398960786293026,-0.01898797797848237,0.10649128440377213
1.119151076978758,0.08031087091096695,5.020192262032006,-0.21125387610597934,0.08529400643755625,0.13306631121491366,0.026585403012718604,-0.01913288436189063,0.10706444278909104
1.129151076978758,0.08161803453288294,5.020572502003131,-0.21144592755788144,0.08636753733519542,0.13392233793417385,0.026771058022060597,-0.019277329126748417,0.10764255169864256
1.138302153957516,0.08282117916597385,5.020923961120265,-0.21162293913243205,0.08735501954162822,0.13470067438497507,0.026940257608057894,-0.0194091075983138,0.10817581716169693
1.148302153957516,0.08414340059693956,5.021311784027967,-0.21181764276755807,0.08843932808882604,0.13554605873043246,0.027123635366924467,-0.01955233222585748,0.10874678159217852
1.158302153957516,0.08547350588321727,5.021703683414617,-0.21201388215891812,0.08952954731521404,0.13638713362306945,0.027305281625867674,-0.019695473692377334,0.10929282176301897
1.1683021539575158,0.08681137341422346,5.02209959044368,-0.21221155079489123,0.09062509928320009,0.1372236397341094,0.027485036473270975,-0.01983818123274123,0.10981337519053122
1.1783021539575158,0.0881569501322705,5.022499506689527,-0.21241064433870258,0.09172573099347395,0.13805557552027872,0.02766292708752638,-0.0199804553364263,0.11030880267551155
1.1883021539575158,0.08951018302735042,5.022903433619717,-0.21261115845847914,0.0928311929722171,0.1388829396147081,0.02783898073905443,-0.02012229649662254,0.11077946485628717
1.1983021539575158,0.09087101913713508,5.023311372594999,-0.2128130888272499,0.09394123927110286,0.13970573082693236,0.028013224790304242,-0.0202637052102328,0.11122572220871627
1.2083021539575158,0.09223940554808789,5.023723324868285,-0.21301643112295998,0.09505562747037996,0.14052394814502517,0.028185686690518647,-0.02040468197786167,0.11164793493937158
1.218302153957516,0.09361528940570804,5.0241392915741026,-0.2132211810286715,0.09617411888057448,0.14133759076891886,0.028356393900569852,-0.020545227303689455,0.11204646154032066
1.2283021539575159,0.0949986179077996,5.024559273734265,-0.21342733423251747,0.09729647862210744,0.14214665810540325,0.02852537390994356,-0.02068534169552823,0.11242165917087348
1.2383021539575159,0.09638933831913189,5.024983272246889,-0.21363488642774298,0.09842247529410465,0.14295114976716417,0.02869265422609094,-0.020825025664728044,0.11277388323461877
1.2483021539575159,0.09778739797488649,5.025411287883485,-0.21384383331273368,0.0995518809445543,0.14375106557630962,0.028858262364358477,-0.020964279726147898,0.11310348715280077
1.2583021539575159,0.0991927442806575,5.025843321288959,-0.21405417059101584,0.10068447107030706,0.1445464055643699,0.029022225847988005,-0.02110310439815577,0.11341082236431924
1.2683021539575159,0.10060532471245137,5.026279372981608,-0.21426589397125634,0.10182002461707604,0.1453371699722976,0.029184572208116696,-0.021241500202628605,0.11369623832572939
1.278302153957516,0.10202508682119062,5.0267194433499025,-0.21447899916732502,0.10295832398229769,0.14612335925724204,0.02934532896415088,-0.021379467664904877,0.11396008215981891
1.288302153957516,0.10345197823867941,5.027163532647126,-0.21469348189847226,0.10409915524206213,0.14690497411889641,0.029504523563133753,-0.021517007313692577,0.11420269763397578
1.298302153957516,0.10488594667503258,5.027611640994077,-0.214909337889235,0.10524230800773267,0.14768201548477575,0.029662183413910054,-0.021654119681118345,0.11442442571365949
1.308302153957516,0.10632693993248077,5.028063768370622,-0.21512656286951318,0.10638757516423517,0.14845448451002793,0.02981833586949095,-0.02179080530261946,0.11462560415902479
1.318302153957516,0.1077749059058424,5.028519914615382,-0.2153451525745742,0.10753475286530231,0.14922238257775122,0.029973008225789428,-0.021927064716939542,0.114806567500695
1.328302153957516,0.10922979258252367,5.028980079425737,-0.21556510274505283,0.10868364053347361,0.14998571129899432,0.03012622772162032,-0.02206289846612856,0.11496764703976198
1.3383021539575157,0.11069154804252349,5.029444262357817,-0.21578640912695132,0.10983404086004085,0.15074447251275813,0.03027802153868797,-0.022198307095542772,0.1151091708475935
1.348302153957516,0.11216012046691673,5.029912462822035,-0.2160090674717642,0.1109857597940619,0.15149866829510203,0.030428416768114454,-0.02233329115375072,0.11523146325076675
1.358302153957516,0.11363545813680657,5.03038468008276,-0.21623307353656707,0.11213860677581272,0.15224830097578068,0.03057744037919736,-0.022467851192517246,0.11533484435772376
1.368302153957516,0.11511750943829044,5.030860913257017,-0.21645842308395977,0.11329239443626138,0.15299337312127273,0.030725119246163647,-0.022601987766789133,0.11541963043940912
1.378302153957516,0.1166062228714041,5.0313411613104435,-0.21668511188212658,0.11444693842469471,0.15373388753214118,0.030871480137861295,-0.022735701434616822,0.11548613375874713
1.388302153957516,0.1181015470501217,5.031825423057287,-0.21691313570483609,0.11560205740871829,0.15446984724303348,0.031016549717759297,-0.022868992757154424,0.11553466257064177
1.3983021539575158,0.11960343070235566,5.032313697160408,-0.21714249033144117,0.11675757307425638,0.15520125552268133,0.031160354543947662,-0.023001862298659713,0.11556552112197668
1.4083021539575158,0.12111182267020158,5.032805982131197,-0.2173731715468818,0.1179133101225085,0.15592811587388627,0.031302921068630335,-0.023134310626491544,0.11557900964553952
1.4183021539575158,0.12262667192022922,5.033302276325913,-0.2176051751418455,0.11906909624086716,0.15665043204031567,0.031444275601874946,-0.023266338310989485,0.1155754238919706
1.428302153957516,0.12414792753876044,5.03380257794671,-0.21783849691279117,0.12022476232541614,0.1573682080191289,0.031584444297364,-0.023397945925508385,0.11555505489656297
1.4383021539575158,0.12567553874039425,5.034306885039855,-0.2180731326619268,0.12138014211873194,0.1580814480413898,0.03172345317431379,-0.02352913404636021,0.11551818931995257
1.4483021539575158,0.12720945487384458,5.0348151954940334,-0.21830907819725143,0.12253507208685531,0.15879015656795337,0.03186132811308027,-0.023659903252758123,0.11546510941170424
1.4583021539575158,0.12874962542194016,5.035327507040349,-0.2185463293325551,0.12368939141929114,0.1594943382894658,0.03199809485515896,-0.023790254126816422,0.11539609301031162
1.4683021539575158,0.13029600000162464,5.035843817252323,-0.21878488188741893,0.12484294202900853,0.1601939981263644,0.03213377900318503,-0.023920187253550593,0.11531141354319727
1.4783021539575159,0.13184852836425504,5.036364123545845,-0.2190247316872185,0.1259955685480289,0.1608891412287207,0.032268406020476,-0.024049703220873856,0.11521134002343228
1.4883021539575159,0.13340716040595524,5.03688842317716,-0.21926587456328833,0.1271471182714829,0.16157977297799564,0.03240200120096421,-0.02417880261947019,0.11509613674135015
1.498302153957516,0.1349718461627034,5.037416713243188,-0.21950830635293686,0.12829744138033533,0.16226589900083713,0.03253458965550759,-0.02430748604284013,0.11496606301962752
1.5083021539575159,0.13654253581814194,5.037948990681152,-0.21975202289942175,0.1294463905824777,0.16294752514705987,0.0326661963365129,-0.02443575408723779,0.11482137361751511
1.5183021539575159,0.1381191797087704,5.038485252267894,-0.21999702005198848,0.13059382099075,0.1636246574835781,0.03279684603668727,-0.024563607351616015,0.11466231876455371
1.528302153957516,0.13970172832394556,5.039025494619874,-0.22024329366587006,0.13173959012294068,0.16429730229440556,0.03292656338903811,-0.024691046437626377,0.11448914416057414
1.538302153957516,0.14129013230588128,5.039569714193171,-0.22049083960228724,0.1328835579017867,0.16496546608065552,0.03305537286687322,-0.02481807194961918,0.11430209097569734
1.548302153957516,0.14288434244968246,5.040117907283484,-0.22073965372844875,0.1340255866543562,0.1656291555605043,0.03318329878377279,-0.024944684494643033,0.11410139585044092
1.558302153957516,0.1444843097121002,5.040670070025821,-0.22098973191768617,0.1351655410281837,0.16628837766539367,0.033310365275603195,-0.02507088468233146,0.11388729077995066
1.568302153957516,0.14608998521001829,5.0412261983937565,-0.2212410700495238,0.13630328820318968,0.16694313955543713,0.03343659627635001,-0.025196673124913666,0.11366000276327762
1.578302153957516,0.147701320223591,5.041786288200317,-0.22149366400961254,0.13743869761850042,0.16759344860019112,0.03356201554711481,-0.025322050437193912,0.11341975422288808
1.588302153957516,0.14931826620292513,5.042350335098216,-0.2217475096897772,0.1385716407917767,0.1682393123671232,0.03368664667902588,-0.025447017236472753,0.11316676313663879
1.598302153957516,0.15094077476808,5.042918334579855,-0.22200260298801697,0.13970199131921382,0.16888073862161193,0.033810513093238195,-0.025571574142547036,0.11290124303777696
1.608302153957516,0.1525687977090675,5.043490281977323,-0.2222589398085051,0.14082962487554157,0.16951773532694717,0.03393363804093343,-0.025695721777709884,0.11262340301494027
1.618302153957516,0.15420228698585206,5.044066172462394,-0.22251651606158906,0.14195441921402427,0.17015031064432976,0.034056044603319985,-0.02581946076675072,0.11233344771215682
1.6283021539575158,0.1558411947324737,5.0446460010470515,-0.222775327663852,0.14307625410886401,0.1707784729285233,0.03417775568666829,-0.025942791736897175,0.11203157733426655
1.638302153957516,0.15748547326397577,5.045229762583457,-0.2230353705382931,0.14419501142501767,0.17140223073320457,0.034298793991592934,-0.026065715317716127,0.11171798735816706
1.648302153957516,0.15913507507087743,5.045817451763652,-0.22329664061420557,0.1453105751112182,0.17202159281068158,0.034419182032344245,-0.026188232141199776,0.11139286867909554
1.6583021539575158,0.1607899528285573,5.046409063121733,-0.22355913382722917,0.1464228308806863,0.17263656808785952,0.03453894215153702,-0.02631034284163936,0.1110564079611685
1.6683021539575158,0.16245005939762241,5.047004591033913,-0.22382284611935394,0.14753166620245828,0.17324716566558637,0.03465809652018877,-0.026432048055620046,0.11070878764418067
1.6783021539575158,0.16411534782390816,5.047604029718522,-0.2240877734389204,0.1486369703013859,0.17385339481865297,0.03477666713771968,-0.02655334842202092,0.11035018594360503
1.6883021539575158,0.16578577133847833,5.048207373236006,-0.2243539117406193,0.14973863415813649,0.17445526499579295,0.03489467583195263,-0.026674244582014995,0.10998077685059283
1.6983021539575158,0.16746128335791827,5.048814615488973,-0.22462125698549998,0.1508365505117657,0.1750527858197829,0.03501214425795753,-0.026794737179064585,0.10960073012252548
1.7074532309362738,0.1689989766806688,5.049373718552166,-0.2248669608454629,0.1518378885666803,0.1755957788776589,0.0351191853726834,-0.026904647803801113,0.10924376590558157
1.7174532309362738,0.17068404038606724,5.049988332884576,-0.22513650095465007,0.1529280800276214,0.17618498120696216,0.03523552216858708,-0.027024030830516996,0.10885548203645913
1.727453230936274,0.17237412521209902,5.050606902996064,-0.22540733833506804,0.15401475821144972,0.17677059952616378,0.035351579399006454,-0.027143381724343118,0.10848251305908924
1.7374532309362738,0.17406912719168072,5.051229349198596,-0.22567936731893865,0.1550977782935879,0.17735239861076152,0.03546716696359586,-0.027262351626606646,0.10812385070881184
1.7474532309362738,0.17576900525087072,5.051855666190009,-0.22595258409940935,0.1561772823030971,0.17793039804890143,0.03558227383111348,-0.027380941139717264,0.10777929667614258
1.7574532309362738,0.1774737184912688,5.052485848651304,-0.22622698487565746,0.15725341040306842,0.17850461741206974,0.03569688902976006,-0.027499150868085347,0.107448657742559
1.7674532309362738,0.17918322619001634,5.053119891246646,-0.22650256585289008,0.15832630089062266,0.1790750762550929,0.035811001647178854,-0.027616981418121963,0.10713174578050046
1.7774532309362738,0.18089748779979606,5.053757788623366,-0.2267793232423442,0.15939609019691048,0.17964179411613748,0.03592460083045567,-0.027734433398238875,0.10682837775336809
1.7874532309362738,0.18261646294883224,5.054399535411956,-0.22705725326128667,0.1604629128871123,0.18020479051671034,0.03603767578611886,-0.02785150741884855,0.10653837571552492
1.797453230936274,0.18434011144058787,5.055045126228884,-0.2273363521330526,0.16152690172273465,0.18076408495931173,0.03615021578021491,-0.02796820409232449,0.106261566599548
1.807453230936274,0.18606839326038632,5.055694555687896,-0.22761661608728737,0.16258818784895385,0.18131969690982783,0.03626221014818196,-0.028084524032832386,0.10599778147565211
1.8174532309362736,0.18780126857736518,5.056347818387303,-0.22789804135978567,0.16364690052018982,0.18187164580843285,0.03637364829379694,-0.028200467856507545,0.10574685649137418
1.8274532309362737,0.189538697731167,5.057004908921272,-0.2281806241925171,0.16470316745812288,0.1824199510734503,0.036484519673586,-0.02831603618130854,0.1055086318123123
1.8374532309362737,0.19128064123108035,5.057665821881454,-0.228464360833641,0.16575711489378608,0.18296463210072475,0.036594813795993976,-0.028431229626994906,0.10528295148743987
1.8474532309362737,0.19302705975603998,5.05833055185699,-0.22874924753750647,0.1668088675675655,0.18350570826362203,0.03670452022138436,-0.028546048815127147,0.1050696634491054
1.8574532309362737,0.1947779141546268,5.058999093434508,-0.2290352805646524,0.16785854872920003,0.1840431989130292,0.03681362856203934,-0.028660494369066744,0.10486861951303261
1.867453230936274,0.19653316544506785,5.059671441198123,-0.2293224561818075,0.16890628013778153,0.18457712337735457,0.036922128482159776,-0.028774566913976153,0.10467967537832039
1.877453230936274,0.19829277481517205,5.060347589729561,-0.22961077066189153,0.16995218206450416,0.18510750096244455,0.03703000969782779,-0.02888826707681688,0.10450269061870675
1.887453230936274,0.2000567036215819,5.0610275336183275,-0.22990022028417892,0.17099637348518495,0.18563435094017872,0.03713726197908469,-0.029001595486185573,0.10433752802653966
1.897453230936274,0.20182491340275419,5.0617112674556415,-0.230190801334348,0.17203897187263759,0.18615769254343206,0.03724387516212687,-0.02911455277239827,0.10418405418259599
1.907453230936274,0.20359736586617325,5.06239878583654,-0.23048251010437626,0.1730800933431991,0.1866775449766521,0.037349839134493905,-0.029227139567467933,0.10404213910931749
1.917453230936274,0.2053740228823521,5.063090083366001,-0.23077534289257617,0.17411985281679407,0.18719392741449067,0.0374551438299518,-0.029339356505011384,0.10391165578971832
1.927453230936274,0.2071548464848322,5.063785154658944,-0.23106929600359502,0.17515836401693474,0.18770685900180406,0.037559779228492976,-0.02945120422024928,0.10379248016738497
1.9374532309362738,0.20893979887018357,5.0644839943402244,-0.23136436574841499,0.17619573947072092,0.18821635885365284,0.0376637353563363,-0.029562683350006107,0.10368449114647632
1.9474532309362738,0.21072884239800502,5.065186597044642,-0.23166054844435313,0.17723209050884012,0.18872244605530206,0.03776700228592707,-0.029673794532710223,0.1035875705917236
1.9574532309362738,0.21252193959092364,5.065892957416933,-0.23195784041506134,0.17826752726556735,0.18922513966222101,0.037869570135936996,-0.029784538408393804,0.10350160332843046
1.9674532309362738,0.21431905313422475,5.066603070112437,-0.23225623799053483,0.1793021586915579,0.1897244586994315,0.03797142907120632,-0.029894915618680972,0.1034264771013911
1.9774532309362738,0.21612014587597642,5.067316929807955,-0.23255573750732236,0.18033609271916942,0.1902204221453772,0.03807256930792942,-0.03000492680658779,0.10336208199148196
1.9874532309362738,0.21792518083990853,5.068034531191758,-0.23285633530849095,0.18136943602312294,0.19071304893576435,0.03817298112100369,-0.03011457261669492,0.10330831112759871
1.9974532309362738,0.21973412120930527,5.068755868969343,-0.2331580277435514,0.1824022942300555,0.19120235796978258,0.038272654829864354,-0.03022385369505344,0.1032650601291682
2.007453230936274,0.22154693032309722,5.069480937867091,-0.2334608111684831,0.18343477200295732,0.19168836810818776,0.038371580796248736,-0.0303327706891205,0.10323222685127062
2.017453230936274,0.2233635716758614,5.0702097326322635,-0.23376468194573405,0.18446697304117182,0.1921710981733021,0.03846974942419621,-0.03044132424775932,0.10320971138463957
2.027453230936274,0.2251840089178212,5.070942248033007,-0.23406963644422074,0.1854990000803957,0.1926505669490141,0.03856715116004826,-0.0305495150212392,0.103197416055662
2.037453230936274,0.22700820585484638,5.0716784788583515,-0.23437567103932827,0.18653095489267874,0.19312679318077847,0.038663776492448454,-0.030657343661235507,0.10319524542637826
2.0474532309362736,0.22883612644845328,5.072418419918208,-0.23468278211291024,0.1875629382864241,0.19359979557561624,0.038759615952342445,-0.030764810820829696,0.10320310629448202
2.057453230936274,0.2306677348157013,5.073162066043494,-0.23499096605329034,0.18859505010858943,0.194069592801976,0.03885466011297161,-0.03087191715450674,0.10322090768620125
2.0674532309362736,0.2325029952264802,5.073909412095367,-0.23530021925543415,0.18962738937701346,0.1945362034753654,0.038948899593759086,-0.030978663317962056,0.10324856039142888
2.077453230936274,0.23434187211890403,5.0746604529592645,-0.23561053812100613,0.19066005410977596,0.19499964615727286,0.039042325069029195,-0.031085049968219067,0.10328597744367006
2.0874532309362737,0.23618433008580583,5.075415183545792,-0.23592191905823254,0.19169314143043037,0.1954599393646782,0.03913492725605342,-0.031191077763615665,0.10333307387955713
2.097453230936274,0.23803033386744918,5.076173598795877,-0.2362343584819286,0.1927267476803349,0.19591710156661182,0.039226696912125276,-0.03129674736369892,0.10338976639797995
2.1074532309362737,0.23987984835152787,5.076935693680768,-0.23654785281349844,0.19376096841865248,0.19637115118415452,0.03931762483456033,-0.03140205942922505,0.10345597336008594
2.117453230936274,0.24173283857316621,5.077701463202039,-0.23686239848093515,0.19479589842235082,0.19682210659043772,0.03940770186069621,-0.03150701462215947,0.10353161478928007
2.127453230936274,0.24358926971491884,5.078470902391584,-0.2371779919188207,0.19583163168620232,0.19726998611064325,0.03949691886789256,-0.03161161360567676,0.10361661237122483
2.137453230936274,0.2454491071067707,5.079244006311621,-0.237494629568326,0.1968682614227841,0.19771480802200353,0.03958526677353109,-0.03171585704416066,0.10371088945384026
2.147453230936274,0.24731231622613722,5.080020770054687,-0.237812307877211,0.19790588006247808,0.19815659055380141,0.039672736535015546,-0.0318197456032041,0.10381437104730394
2.157453230936274,0.24917886269586453,5.080801188746091,-0.23813102329986344,0.19894457928857565,0.198595351883473,0.03975931915058095,-0.03192327994954975,0.10392698369978529
2.1674532309362737,0.25104871228789305,5.081585257551545,-0.23845077229754233,0.19998445008990176,0.19903111011789035,0.03984500566886447,-0.03202646075090449,0.10404865523631432
2.177453230936274,0.2529218309330239,5.082372971666507,-0.23877155133822642,0.20102558260714065,0.1994638833101663,0.03992978718527553,-0.03212928867619737,0.1041793153027805
2.1874532309362738,0.2547981847017479,5.083164326323796,-0.23909335689658195,0.20206806632068933,0.1998936894564281,0.040013654834694934,-0.032231764395393665,0.1043188948045562
2.197453230936274,0.25667773980287534,5.0839593167945205,-0.23941618545397025,0.20311199006762598,0.20032054649475337,0.04009659979132825,-0.032333888579472336,0.10446732585122986
2.2074532309362738,0.25856046258353504,5.084757938388079,-0.23974003349844764,0.2041574420417099,0.20074447230517004,0.04017861326870584,-0.03243566190042599,0.10462454175660607
2.217453230936274,0.26044631952917535,5.085560186452157,-0.24006489752476537,0.20520450979338156,0.20116548470965634,0.040259686519682855,-0.03253708503126091,0.10479047703870548
2.227453230936274,0.2623352772635633,5.086366056372732,-0.24039077403436981,0.20625328022976253,0.2015836014721409,0.04033981083643922,-0.03263815864599705,0.10496506741976483
2.237453230936274,0.26422730254878524,5.08717554357407,-0.2407176595354023,0.20730383961465554,0.20199884029850265,0.04041897755047968,-0.032738883419668,0.105148249826237
2.247453230936274,0.2661223622852463,5.0879886435187265,-0.24104555054269916,0.20835627356854447,0.20241121883657082,0.04049717803263372,-0.03283926002832105,0.1053399623887909
2.2574532309362736,0.2680204235140933,5.088805351709769,-0.24137444357789192,0.2094106670690568,0.20282075466880936,0.04057440369746928,-0.032939289148953145,0.10554014439645341
2.267453230936274,0.26992145341955814,5.089625663697785,-0.24170433516965878,0.21046710448787576,0.2032274652931533,0.04065064601292678,-0.033038971459310236,0.10574873607268453
2.276604307915032,0.27166367403271247,5.090379491638109,-0.24200709355462363,0.21143572088092408,0.20359718853889675,0.04071954703134195,-0.0331298881890787,0.10594693896160694
2.2866043079150318,0.273570240238884,5.091206612483043,-0.24233878283858057,0.21249596520341993,0.20399836280230002,0.04079380696381731,-0.033228569216717296,0.10615850203169117
2.296604307915032,0.27547973764083394,5.092037404481267,-0.24267156230358158,0.21355854553719117,0.20439715972270867,0.04086744407166784,-0.033327269002161604,0.10635497479513027
2.306604307915032,0.27739207884414324,5.092871787099531,-0.24300532712371903,0.21462301232991873,0.20479333010839737,0.04094031268262296,-0.03342564034872825,0.10653581977485714
2.316604307915032,0.2793072328205955,5.093709757804638,-0.2433400740178273,0.21568921069730174,0.20518687732121116,0.04101243897639471,-0.03352368389549948,0.1067013070230433
2.326604307915032,0.28122516866099995,5.0945513139618805,-0.24367579971111766,0.21675698835447657,0.205577804893512,0.04108384880796014,-0.03362140028235416,0.10685170268856424
2.3366043079150316,0.2831458555751916,5.095396452835042,-0.2440125009351781,0.2178261956160169,0.20596611652817895,0.04115456770756126,-0.033718790149967794,0.10698726901699947
2.346604307915032,0.28506926289203155,5.096245171586401,-0.24435017442797344,0.21889668539593382,0.20635181609860806,0.04122462088070509,-0.0338158541398125,0.10710826435063249
2.3566043079150316,0.2869953600620218,5.0970974672767575,-0.24468881693388245,0.21996831316689736,0.20673490764800914,0.04129403320380133,-0.03391259289411112,0.10721494297274722
2.366604307915032,0.28892411665793066,5.097953336863614,-0.24502842520380017,0.22104093710103653,0.20711539540463497,0.04136282919074355,-0.03400900705578756,0.1073075546452621
2.3766043079150316,0.29085550237531577,5.098812777203022,-0.24536899599505876,0.22211441792421777,0.20749328376711515,0.04143103302405177,-0.034105097268503096,0.10738634500245255
2.386604307915032,0.29278948703835794,5.099675785051491,-0.24571052607141927,0.22318861867895728,0.20786857728773647,0.04149866857766079,-0.03420086417659586,0.10745155563267823
2.3966043079150317,0.2947260405999181,5.100542357066006,-0.24605301220307163,0.22426340472270995,0.20824128067234268,0.04156575941700701,-0.03429630842508012,0.10750342407739004
2.406604307915032,0.296665133141537,5.101412489804023,-0.24639645116663492,0.22533864372786935,0.20861139878033425,0.0416323287990284,-0.03439143065964629,0.10754218383113007
2.4166043079150317,0.2986067348734357,5.10228617972347,-0.24674083974515718,0.22641420568176768,0.20897893662466865,0.041698399672164516,-0.03448623152666089,0.10756806434153166
2.426604307915032,0.30055081613628715,5.103163423183217,-0.2470861747281366,0.22748996284060385,0.20934389936913317,0.04176399467701966,-0.034580711673134285,0.1075812909710679
2.436604307915032,0.302497347403159,5.104044216442114,-0.24743245291163,0.22856578980892853,0.2097062923380725,0.041829136120009505,-0.03467487174665384,0.10758208462828643
2.4466043079150315,0.3044462992780393,5.104928555659348,-0.24777967109819493,0.2296415635198935,0.21006612101265726,0.04189384598685,-0.03476871239543386,0.10757066197202454
2.4566043079150317,0.30639764250166196,5.105816436897678,-0.24812782609686126,0.23071716293668967,0.21042339100734433,0.04195814597650569,-0.034862234268250344,0.10754723567078901
2.4666043079150315,0.30835134795171537,5.1067078561235215,-0.2484769147231315,0.23179246904411466,0.21077810806925992,0.042022057501905595,-0.03495543801443794,0.1075120144059506
2.4766043079150317,0.3103073866428431,5.107602809206961,-0.2488269337989809,0.23286736484857312,0.21113027807819962,0.0420856016899432,-0.03504832428388997,0.1074652028717441
2.486604307915032,0.31226572972664335,5.108501291921737,-0.24917788015285747,0.23394173537807655,0.21147990704662825,0.04214879938147646,-0.03514089372705845,0.1074070017752683
2.4966043079150317,0.31422634849212766,5.109403299945496,-0.24952975061968616,0.2350154676650713,0.21182700111837413,0.04221167113245701,-0.035233146994944835,0.10733760784253038
2.506604307915032,0.31618921436942277,5.1103088288607905,-0.249882542040962,0.23608845069580692,0.21217156656638766,0.042274237205440206,-0.03532508473900739,0.1072572136688183
2.5166043079150318,0.3181542989267119,5.111217874152817,-0.2502362512647596,0.23716057558531062,0.21251360980697015,0.042336517551429705,-0.03541670761121732,0.10716600755864879
2.526604307915032,0.3201215738749608,5.112130431213724,-0.25059087514566397,0.2382317352370041,0.21285313737071956,0.042398531855651136,-0.03550801626400665,0.10706417397264377
2.5366043079150318,0.32209101106902,5.113046495343374,-0.2509464105447692,0.23930182428473545,0.213190155897806,0.042460299543691994,-0.035599011350250266,0.10695189358065588
2.546604307915032,0.32406258250762426,5.113966061749351,-0.25130285432967847,0.24037073909277898,0.21352467213797183,0.04252183978150166,-0.035689693523265814,0.10682934326176852
2.556604307915032,0.3260362603333929,5.114889125546953,-0.2516602033745042,0.2414383777558353,0.2138566929505316,0.04258317147539139,-0.03578006343681377,0.1066966961042959
2.5666043079150316,0.3280120168328295,5.115815681759195,-0.2520184545598678,0.24250464009903133,0.21418622530437212,0.042644313272034315,-0.035870121745097405,0.10655412140578294
2.576604307915032,0.32998982443816516,5.116745725318096,-0.2523776047729282,0.24356942760907765,0.21451327627230482,0.0427052835624542,-0.03595986910271542,0.10640178470865551
2.5866043079150316,0.33196965572857545,5.117679251063947,-0.2527376509074904,0.2446326435290493,0.21483785304015923,0.04276610045874573,-0.03604930616461275,0.10623984754446202
2.596604307915032,0.3339514834292906,5.118616253745652,-0.2530985898639282,0.2456941928027058,0.21515996290118972,0.04282678181082496,-0.036138433586128726,0.10606846761474348
2.6066043079150316,0.3359352804149514,5.119556728024417,-0.25346041854915274,0.24675398182626113,0.21547961323447118,0.04288734523741559,-0.03622725202293268,0.10588779911015336
2.616604307915032,0.3379210197096529,5.120500668473786,-0.253823133876613,0.2478119184459374,0.21579681150469018,0.04294780812630174,-0.036315762131022965,0.10569799271300329
2.6266043079150316,0.33990867448694373,5.12144806957965,-0.25418673276629566,0.24886791195796468,0.2161115652621448,0.043008187634327934,-0.03640396456672698,0.10549919559726297
2.636604307915032,0.3418982180698266,5.122398925740236,-0.254551212144725,0.24992187310858127,0.21642388214274477,0.04306850068739915,-0.03649185998670114,0.10529155142856031
2.646604307915032,0.3438896239307803,5.123353231266144,-0.2549165689449631,0.25097371409256725,0.2167337698678798,0.04312876398063653,-0.03657944904793023,0.10507520036593707
2.656604307915032,0.34588286569429605,5.1243109803827,-0.25528280010666266,0.25202334845067165,0.21704123623526939,0.0431889939847037,-0.036666732407645355,0.10485027914173685
2.6666043079150317,0.3478779171363076,5.125272167227344,-0.25564990257615167,0.2530706912594523,0.2173462891360917,0.04324920691603089,-0.03675371072334009,0.10461692074238331
2.6766043079150315,0.3498747521849266,5.126236785852399,-0.25601787330633397,0.2541156589232574,0.21764893653610856,0.04330941877165387,-0.03684038465276866,0.1043752547745558
2.6866043079150317,0.3518733449219683,5.1272048302274555,-0.25638670925667173,0.25515816903217875,0.21794918646287242,0.04336964534736224,-0.03692675485390275,0.1041254076636887
2.696604307915032,0.3538736695829519,5.128176294239378,-0.25675640739318517,0.25619814036205235,0.21824704700572634,0.04342990223769944,-0.03701282198493147,0.10386750265397154
2.7066043079150317,0.35587570055710044,5.129151171692296,-0.25712696468845275,0.2572354928744579,0.21854252631580387,0.043490204835962734,-0.037098586704261347,0.1036016598083489
2.716604307915032,0.35787941238734067,5.130129456307616,-0.25749837812161114,0.2582701477167194,0.21883563260602928,0.04355056833420322,-0.03718404967051636,0.10332799600852041
2.7266043079150317,0.35988477977032224,5.131111141724045,-0.2578706446783552,0.2593020272201783,0.21912637415095593,0.04361100772342566,-0.03726921154253706,0.10304662495728019
2.736604307915032,0.3618917775584832,5.132096221500311,-0.25824376135098875,0.2603310547943583,0.21941475927666867,0.04367153780195571,-0.037354072979294384,0.10275765729187708
2.7466043079150317,0.363900380760059,5.133084689112408,-0.25861772513851555,0.261357155114712,0.21970079637788942,0.04373217314577329,-0.03743863463991167,0.10246120026718847
2.756604307915032,0.36591056453906085,5.134076537956178,-0.2589925330465316,0.2623802539306941,0.21998449390050598,0.04379292814139781,-0.037522897183663986,0.10215735809677301
2.7666043079150318,0.36792230421620054,5.13507176134973,-0.2593681820872031,0.2634002779324957,0.22026586032922868,0.04385381700380941,-0.037606861269934594,0.10184623215257374
2.776604307915032,0.3699355752688904,5.136070352533443,-0.25974466927926676,0.26441715475104455,0.22054490418759032,0.04391485377644891,-0.03769052755821495,0.10152792096491815
2.786604307915032,0.37195035333124377,5.137072304669964,-0.26012199164802946,0.26543081295800475,0.22082163403794625,0.043976052331217895,-0.037773896708104694,0.10120252022251815
2.7966043079150316,0.37396661419407434,5.138077610844207,-0.26050014622536855,0.2664411820657768,0.22109605848147415,0.04403742636847862,-0.03785696937931168,0.10087012277247011
2.806604307915032,0.3759843338048969,5.1390862640633586,-0.2608791300497316,0.26744819252749796,0.2213681861581744,0.044098989417054084,-0.037939746231651944,0.10053081862025477
2.8166043079150316,0.3780034882690461,5.140098257257709,-0.26125894016620377,0.26845177573855755,0.22163802574642588,0.04416075482932028,-0.03802222792499987,0.1001846948960922
2.826604307915032,0.38002405385127497,5.141113583282784,-0.2616395736265628,0.2694518639696468,0.22190558595608398,0.04422273578629318,-0.038104415119219644,0.09983183592767313
2.8366043079150316,0.38204600697381885,5.142132234919112,-0.262021027489124,0.27044839028191614,0.22217087552170986,0.044284945319425145,-0.03818630847424248,0.0994723234376195
2.8457553848937893,0.3838975077500124,5.143067318780231,-0.262370815245527,0.2713571416616182,0.22241166181736227,0.04434208500319867,-0.0382609927947892,0.09913756793348391
2.8557553848937896,0.3859220018496889,5.144092233746822,-0.26275372737210867,0.27234638900348096,0.2226725979096333,0.044404209035178235,-0.03834198599121796,0.0987704123803826
2.86575538489379,0.38794787241343803,5.1451205278179835,-0.26313755276498507,0.2733322814339245,0.22293198204714676,0.044465971716022006,-0.038423046159021625,0.09840882897146086
2.8757553848937896,0.38997505233987284,5.146152106071132,-0.26352218736451455,0.274314581783416,0.22318957541683979,0.044527201020596915,-0.03850382744870977,0.09805199546058119
2.88575538489379,0.39200352510097536,5.1471869548448534,-0.2639076283851905,0.2752933373158611,0.22344538972288197,0.044587893507691836,-0.03858433048475391,0.0976998775943879
2.8957553848937896,0.39403327429518703,5.1482250605079285,-0.2642938730477112,0.2762685950030641,0.22369943661839173,0.04464804574966669,-0.03866455589158374,0.09735244226987068
2.9057553848937894,0.39606428364740853,5.149266409459331,-0.26468091857897974,0.2772404015247277,0.22395172770543637,0.04470765433245242,-0.03874450429358708,0.09700965753436469
2.9157553848937896,0.3980965370090002,5.150310988128229,-0.26506876221210424,0.2782088032684532,0.22420227453503197,0.044766715855551066,-0.038824176315109905,0.09667149258555045
2.9257553848937894,0.4001300183577814,5.151358782973983,-0.26545740118639766,0.2791738463297403,0.22445108860714358,0.044825226932035694,-0.03890357258045636,0.09633791777145397
2.9357553848937896,0.4021647117980309,5.152409780486146,-0.26584683274737775,0.2801355765119872,0.22469818137068504,0.044883184188550425,-0.038982693713888725,0.09600890459044667
2.9457553848937894,0.40420060156048687,5.153463967184467,-0.2662370541467672,0.28109403932649074,0.22494356422351897,0.04494058426531044,-0.039061540339627436,0.0956844256912454
2.9557553848937896,0.40623767200234673,5.154521329618886,-0.26662806264249367,0.28204927999244606,0.22518724851245697,0.044997423816101945,-0.03914011308185108,0.09536445487291241
2.9657553848937894,0.40827590760726734,5.1555818543695375,-0.26701985549868956,0.2830013434369468,0.2254292455332594,0.04505369950828224,-0.03921841256469641,0.09504896708485543
2.9757553848937897,0.4103152929852232,5.156645528046836,-0.26741242998569215,0.2839502742965425,0.2256695665306694,0.04510940802263236,-0.03929643941225642,0.09473793842302834
2.9857553848937894,0.4123558128594251,5.15771233730294,-0.26780578338013833,0.2848961171090027,0.2259082226995799,0.04516454603556596,-0.039374194248323516,0.09443134565481494
2.9957553848937897,0.4143974520929878,5.158782268822559,-0.2681999129652002,0.28583891612940693,0.22614522517472682,0.045219110236931856,-0.039451677696558426,0.09412916665282929
3.00575538489379,0.4164401956789433,5.159855309319675,-0.26859481603031365,0.2867787153127914,0.2263805850390952,0.045273097330176745,-0.03952889038058651,0.0938313804594444
3.0157553848937892,0.418484028725102,5.160931445544576,-0.2689904898711045,0.2877155584481633,0.22661431332896137,0.04532650401937234,-0.039605832923854195,0.09353796696514548
3.0257553848937895,0.42052893645405337,5.162010664283858,-0.26938693178938866,0.2886494891585011,0.22684642103389283,0.04537932700921539,-0.03968250594962897,0.09324890690853002
3.0357553848937893,0.4225749042031652,5.163092952360421,-0.269784139093172,0.28958055090075396,0.22707691909674826,0.04543156300502768,-0.03975891008099939,0.0929641818763078
3.0457553848937895,0.4246219174245841,5.164178296633477,-0.2701821090966503,0.2905087869658425,0.2273058184136776,0.045483208712756004,-0.03983504594087506,0.09268377430330084
3.0557553848937893,0.42666996168523535,5.165266683998539,-0.27058083912020947,0.2914342404786581,0.2275331298341219,0.045534260838972204,-0.03991091415198665,0.09240766747244344
3.0657553848937895,0.428719022666823,5.166358101387428,-0.2709803264904253,0.2923569543980634,0.22775886416081348,0.04558471609087315,-0.03998651533688591,0.0921358455147822
3.0757553848937897,0.4307690861658296,5.167452535768274,-0.27138056854006365,0.29327697151689197,0.2279830321497758,0.04563457117628071,-0.04006185011794563,0.0918682934094759
3.0857553848937895,0.43282013809351655,5.168549974145512,-0.27178156260808034,0.29419433446194854,0.22820564451032355,0.04568382280364183,-0.04013691911735967,0.09160499698379568
3.0957553848937898,0.4348721644759238,5.169650403559884,-0.2721833060396212,0.2951090856940088,0.22842671190506264,0.04573246768202845,-0.040211722957142954,0.09134594291312488
3.1057553848937896,0.43692515145301886,5.170753811088792,-0.27258579618601636,0.29602126751355,0.22864624495011754,0.04578050252059494,-0.04028626225912425,0.0910911187077389
3.11575538489379,0.43897908525707974,5.171860183858295,-0.2729890304047365,0.2969309222463992,0.22886425421905657,0.045827924010937895,-0.04036053764468191,0.09084051227866764
3.1257553848937896,0.44103395225986763,5.1729695090290475,-0.2733930060598938,0.29783809200251893,0.2290807502270913,0.04587472884959877,-0.04043454973499198,0.09059411248399445
3.1357553848937894,0.44308973895288545,5.174081773797997,-0.27379772052190715,0.2987428187260411,0.22929574344058345,0.04592091373315272,-0.04050829915103144,0.09035190902671372
3.1457553848937896,0.44514643193019543,5.1751969654042105,-0.27420317116734594,0.2996451442937693,0.229509244282466,0.04596647534887805,-0.04058178651346751,0.09011389223010126
3.1557553848937894,0.4472040178884184,5.17631507112887,-0.27460935537892994,0.3005451105151792,0.22972126313224295,0.04601141037475617,-0.040655012442657644,0.08988005303771421
3.1657553848937896,0.4492624836267343,5.1774360782952735,-0.2750162705455294,0.30144275913241775,0.22993181032598942,0.04605571547947162,-0.0407279775586495,0.08965038301339111
3.1757553848937894,0.4513218160468822,5.178559974268837,-0.2754239140621651,0.3023381318203041,0.23014089615635164,0.04609938732241203,-0.04080068248118099,0.08942487434125186
3.1857553848937896,0.4533820021531599,5.179686746457093,-0.27583228333000814,0.303231270186329,0.23034853087254697,0.04614242255366819,-0.040873127829680264,0.08920351982569774
3.1957553848937894,0.4554430290524243,5.180816382309689,-0.27624137575638025,0.3041222157706549,0.23055472468036387,0.04618481781403398,-0.04094531422326569,0.08898631289141141
3.2057553848937896,0.4575048839540913,5.181948869318392,-0.27665118875475353,0.3050110100461161,0.23075948774216187,0.04622656973500642,-0.04101724228074587,0.0887732475833569
3.21575538489379,0.4595675541701357,5.183084195017083,-0.27706171974475047,0.3058976944182187,0.23096283017687166,0.046267674938785634,-0.04108891262061966,0.08856431856677961
3.2257553848937897,0.4616310271150913,5.184222346981762,-0.27747296615214423,0.3067823102251405,0.23116476205999503,0.04630813003827487,-0.04116032586107611,0.08835952112720631
3.2357553848937894,0.46369529030605083,5.185363312830543,-0.2778849254088582,0.3076648987377311,0.23136529342360482,0.046347931637080515,-0.041231482619994535,0.08815885117044517
3.2457553848937892,0.46576033136266626,5.186507080223659,-0.27829759495296635,0.3085455011595119,0.23156443425634507,0.04638707632951204,-0.041302383514944474,0.0879623052225857
3.2557553848937895,0.46782613799491013,5.187653636868494,-0.27871097222860397,0.3094241586914569,0.2317621945054113,0.046425560694858634,-0.04137302916308238,0.08776988028029804
3.2657553848937892,0.469892697996864,5.188802970528872,-0.2791250546861611,0.3103009126453288,0.23195858407292688,0.04646338128622431,-0.04144342018090654,0.08758157354225925
3.2757553848937895,0.47195999930928784,5.189955069000603,-0.2795398397827956,0.3111758041306559,0.23215361280511757,0.04650053465768706,-0.041513557184743526,0.08739738313151332
3.2857553848937897,0.47402802996632204,5.1911099201260695,-0.27995532498179093,0.3120488742509092,0.23234729050612205,0.046537017348033095,-0.04158344079050543,0.08721730764960463
3.2957553848937895,0.4760967780912758,5.19226751179566,-0.28037150775251535,0.31292016412226176,0.23253962693888275,0.046572825879145956,-0.04165307161366279,0.08704134613352928
3.3057553848937897,0.47816623189662755,5.19342783194777,-0.2807883855704216,0.31378971487358837,0.23273063182514592,0.046607956756006465,-0.04172245026924457,0.08686949805573518
3.3157553848937895,0.4802363796840244,5.194590868568798,-0.28120595591704717,0.31465756764646585,0.23292031484546138,0.04664240646669276,-0.041791577371838216,0.08670176332412206
3.3257553848937897,0.4823072098442825,5.1957566096931505,-0.2816242162800142,0.31552376359517287,0.2331086856391829,0.046676171482380256,-0.04186045353558961,0.0865381422820414
3.3357553848937895,0.48437871085738715,5.196925043403238,-0.28204316415302944,0.31638834388669007,0.23329575380446782,0.046709248257341705,-0.04192907937420308,0.08637863570829646
3.3457553848937898,0.4864508712924924,5.198096157829479,-0.28246279703588417,0.31725134970069996,0.2334815288982773,0.04674163322894712,-0.0419974555009414,0.08622324481714233
3.35575538489379,0.48852367980792144,5.199269941150297,-0.28288311243445446,0.318112822229587,0.23366602043637624,0.04677332281766385,-0.04206558252862581,0.08607197125828585
3.3657553848937893,0.49059712515116627,5.20044638159212,-0.28330410786070104,0.3189728026784374,0.23384923789333326,0.04680431342705652,-0.04213346106963597,0.08592481711688567
3.3757553848937896,0.492671196158888,5.201625467429383,-0.28372578083266914,0.3198313322650397,0.2340311907025207,0.04683460144378706,-0.04220109173591003,0.0857817849135522
3.3857553848937894,0.49474588175691664,5.2028071869845265,-0.2841481288744887,0.32068845221988385,0.23421188825611478,0.0468641832376147,-0.04226847513894455,0.08564287760434768
3.3957553848937896,0.4968211709602512,5.203991528627997,-0.2845711495163743,0.32154420378616205,0.23439133990509523,0.04689305516139598,-0.04233561188979457,0.08550809858078608
3.4057553848937894,0.4988970528730596,5.205178480778247,-0.28499484029462524,0.3223986282197683,0.23456955495924572,0.046921213551084744,-0.042402502599073556,0.08537745166983321
3.4149064618725475,0.5007972185587102,5.206266947502088,-0.28538314811160204,0.3231793908151331,0.23473156523519112,0.04694635313146184,-0.04246349972400928,0.08526152012259822
3.4249064618725478,0.5028741581941716,5.2074587803513435,-0.2858080109421846,0.32403108561340327,0.23490718857511309,0.04697310342487467,-0.042529581519108774,0.08513505286256313
3.4349064618725476,0.5049517041196895,5.208653276729375,-0.2862336379157636,0.32488180023971047,0.2350818462764363,0.046999567602264994,-0.04259577420286966,0.08500760973246749
3.444906461872548,0.5070297992631811,5.209850343654645,-0.2866599256462772,0.3257312318555653,0.23525529505668602,0.04702558484514351,-0.042661733000700655,0.08487845571750793
3.454906461872548,0.5091084323031494,5.211049972165572,-0.2870868717978199,0.3265793636813917,0.2354275406262096,0.047051160470559975,-0.0427274584914509,0.0847476480432771
3.464906461872548,0.511187592002304,5.2122521533048,-0.2875144740402384,0.3274261794706438,0.2355985887098657,0.047076299688406674,-0.042792951253459784,0.08461524294809619
3.4749064618725476,0.5132672672075621,5.2134568781192,-0.28794273004913146,0.3282716635098063,0.2357684450470242,0.04710100760141851,-0.042858211864556954,0.08448129568301498
3.4849064618725474,0.5153474468500482,5.214664137659863,-0.2883716375058497,0.3291158006183945,0.23593711539156634,0.04712528920517296,-0.04292324090206231,0.08434586051181177
3.4949064618725476,0.5174281199450939,5.215873922982109,-0.288801194097496,0.32995857614895396,0.23610460551188459,0.04714914938809006,-0.04298803894278599,0.08420899071099347
3.5049064618725474,0.5195092755922379,5.217086225145479,-0.289231397516925,0.33079997598706073,0.2362709211908826,0.04717259293143246,-0.04305260656302837,0.08407073856979552
3.5149064618725476,0.521590902974922,5.218301035214081,-0.2896622454627401,0.3316399865440763,0.2364360682253042,0.047195624510462615,-0.04311694433857205,0.08393115540471278
3.524906461872548,0.523672991358915,5.219518344259078,-0.2900937356393369,0.3324785947322953,0.23660005242311993,0.04721824869639877,-0.043181052844591374,0.08379029161394023
3.5349064618725476,0.5257555300965581,5.220738143354785,-0.2905258657569965,0.3333157880655651,0.236762879612509,0.047240469939052544,-0.04324493265572394,0.08364819647684084
3.544906461872548,0.5278385086227609,5.221960423582124,-0.29095863353172363,0.3341515545299944,0.23692455563034737,0.047262292591485046,-0.043308584346051476,0.08350491840239214
3.5549064618725477,0.5299219164540481,5.223185176029571,-0.29139203668522257,0.33498588255809764,0.2370850863198673,0.047283720914555356,-0.043372008489084145,0.0833605049799795
3.564906461872548,0.5320057431885594,5.224412391793154,-0.2918260729448975,0.3358187610287954,0.2372444775306574,0.0473047590769205,-0.04343520565776053,0.08321500297939599
3.5749064618725477,0.5340899785060497,5.225642061976452,-0.2922607400438525,0.33665017926741414,0.23740273511866242,0.047325411155035454,-0.043498176424447636,0.08306845835084249
3.584906461872548,0.5361746121678889,5.226874177690595,-0.2926960357208915,0.3374801270456863,0.23755986494618353,0.04734568113315318,-0.04356092136094091,0.08292091622492766
3.594906461872548,0.5382596340170623,5.228108730054268,-0.2931319577205182,0.33830859458175033,0.23771587288187807,0.04736557290332455,-0.04362344103846421,0.0827724209126679
3.604906461872548,0.5403450339781704,5.229345710193705,-0.29356850379293625,0.33913557254015053,0.23787076480075975,0.04738509026539844,-0.04368573602766983,0.0826230159054874
3.614906461872548,0.5424308020559665,5.230585109244044,-0.2940056716940324,0.33996105200634386,0.23802454658179464,0.04740423693131029,-0.04374780689860603,0.0824727439294632
3.624906461872548,0.5445169283362757,5.231826918349719,-0.2944434591854867,0.3407850245217638,0.23817722411039446,0.047423016516710714,-0.0438096542206597,0.0823216468836816
3.6349064618725473,0.5466034029886139,5.233071128661997,-0.2948818640347739,0.3416074821146242,0.23832880328143308,0.04744143253667325,-0.043871278562632336,0.08216976576809859
3.6449064618725475,0.5486902162611264,5.2343177313426485,-0.2953208840150114,0.3424284171886154,0.23847928998944995,0.04745948842684282,-0.04393268049269837,0.08201714090661863
3.6549064618725473,0.5507773584804481,5.235566717564059,-0.29576051690495603,0.34324782252010666,0.23862869012839827,0.04747718754394582,-0.04399386057840322,0.0818638119528268
3.6649064618725475,0.5528648200517029,5.23681807850923,-0.29620076048900423,0.3440656912581465,0.2387770095916451,0.0474945331657902,-0.0440548193866633,0.08170981788998877
3.6749064618725473,0.5549525914585045,5.238071805371777,-0.2966416125571918,0.34488201692446274,0.2389242542719713,0.04751152849126538,-0.04411555748376604,0.08155519703105082
3.6849064618725476,0.5570406632629559,5.239327889355934,-0.29708307090519426,0.34569679341346227,0.23907043006157153,0.04752817664034231,-0.044176075435369874,0.08139998701863982
3.6949064618725473,0.5591290261056492,5.240586321676547,-0.2975251333343264,0.3465100149922313,0.23921554285205418,0.04754448065407344,-0.04423637380650422,0.08124422482506322
3.7049064618725476,0.5612176707056662,5.24184709355908,-0.29796779765154274,0.34732167630053506,0.23935959853444158,0.04756044349459273,-0.04429645316156949,0.08108794675230908
3.7149064618725474,0.5633065878589402,5.24311019624085,-0.2984110616694176,0.3481317723305229,0.239502602997261,0.04757606804871331,-0.0443563140643065,0.08093118847817272
3.7249064618725476,0.5653957684388125,5.24437562097182,-0.2988549232062513,0.3489402984536466,0.2396445621281059,0.047591357121327525,-0.0444159570777316,0.08077398501319197
3.734906461872548,0.5674852033998478,5.245643359011692,-0.29929938008609347,0.34974725045584926,0.23978548181704698,0.0476063134296954,-0.04447538276422123,0.0806163706132577
3.7449064618725476,0.5695748837717116,5.246913401633456,-0.2997444301385703,0.3505526244370368,0.2399253679480916,0.04762093962318073,-0.04453459168547136,0.08045837898784122
3.754906461872548,0.5716648006589443,5.2481857401235406,-0.3001900711988792,0.3513564168077848,0.24006422639889413,0.04763523828387531,-0.04459358440249482,0.08030004330705884
3.7649064618725476,0.5737549452409614,5.2494603657818075,-0.3006363011077892,0.35215862428933875,0.240202063040756,0.04764921192659896,-0.04465236147562134,0.08014139620167181
3.774906461872548,0.575845308772053,5.250737269921557,-0.3010831177116409,0.3529592439136139,0.24033888373862564,0.04766286299889952,-0.04471092346449752,0.07998246976308637
3.7849064618725476,0.5779358825813845,5.2520164438695245,-0.3015305188623462,0.35375827302319524,0.24047469435109853,0.047676193881052854,-0.04476927092808687,0.0798232955433538
3.794906461872548,0.5800266580729959,5.253297878965879,-0.3019785024173886,0.3545557092713375,0.24060950073041715,0.047689206886062846,-0.04482740442466976,0.07966390455517026
3.8049064618725477,0.5821176267258026,5.2545815665642275,-0.30242706623982296,0.3553515506219652,0.24074330872247102,0.047701904259661386,-0.044885324511843454,0.07950432727187699
3.814906461872548,0.5842087800930413,5.25586749803194,-0.30287620819826655,0.3561457953442409,0.2408761241663174,0.04771428818135846,-0.04494303174651475,0.07934459364016348
3.824906461872548,0.5863001097990659,5.2571556647527675,-0.3033259261669068,0.3569384419939409,0.24100795289195298,0.04772636076735156,-0.045000526684812484,0.07918473313636276
3.834906461872548,0.5883916075474052,5.258446058122822,-0.3037762180256855,0.35772948949886224,0.24113880072725805,0.04773812405345391,-0.04505780988215478,0.07902477457512153
3.844906461872548,0.5904832651141714,5.259738669553329,-0.30422708166008094,0.35851893706610316,0.24126867349077083,0.04774958001428933,-0.04511488189324052,0.0788647463007684
3.854906461872548,0.5925750743463325,5.261033490471506,-0.30467851496106707,0.3593067841622301,0.241397576990048,0.04776073056726593,-0.0451717432720353,0.07870467623099399
3.864906461872548,0.5946670271617125,5.262330512320573,-0.30513051582511336,0.36009303051327757,0.24152551702166472,0.047771577572576024,-0.04522839457177136,0.07854459185685099
3.8749064618725475,0.596759115548991,5.263629726559744,-0.30558308215418506,0.3608776761047481,0.24165249937121464,0.04778212283319621,-0.045284836344947635,0.07838452024275415
3.8849064618725473,0.5988513315677038,5.264931124664229,-0.30603621185574315,0.36166072118161263,0.2417785298133098,0.0477923680948873,-0.04534106914332974,0.07822448802648023
3.8949064618725475,0.6009436673482422,5.266234698125238,-0.3064899028427442,0.36244216624830994,0.24190361411158076,0.04780231504619437,-0.045397093517949974,0.07806452141916806
3.9049064618725473,0.6030361150918537,5.267540438449975,-0.30694415303364037,0.363222012068747,0.24202775801867657,0.04781196531844675,-0.0454529100191073,0.07790464620531852
3.9149064618725475,0.6051286670706415,5.268848337161644,-0.3073989603523797,0.36400025966629895,0.24215096727626467,0.047821320485758,-0.045508519196367364,0.07774488774279453
3.9249064618725473,0.6072213156272355,5.2701583857999825,-0.3078543227284346,0.36477691032995935,0.24227324761524183,0.0478303820635822,-0.04556392159853393,0.0775852709567561
3.9349064618725476,0.6093140531738633,5.27147057592294,-0.30831023809688585,0.3655519656270359,0.24239460475581137,0.047839151505559105,-0.045619117773565546,0.07742582033101554
3.944906461872548,0.6114068721920548,5.2727848991051065,-0.3087667043982455,0.36632542735429213,0.2425150444047955,0.047847630214412476,-0.045674108268693114,0.07726655998090984
3.9549064618725476,0.6134997652310391,5.2741013469387905,-0.30922371957846195,0.36709729753698633,0.2426345722553358,0.0478558195419953,-0.04572889363037944,0.07710751366625988
3.964906461872548,0.6155927249076588,5.275419911034124,-0.3096812815889244,0.3678675784298571,0.2427531939869262,0.04786372078905688,-0.04578347440431393,0.07694870479061508
3.9749064618725476,0.6176857439063699,5.276740583019067,-0.31013938838646266,0.36863627251712316,0.242870915265413,0.04787133520524288,-0.045837851135412604,0.0767901564012534
3.9840575388513058,0.6196011275131474,5.277950980074852,-0.31055908108596936,0.36933832223812324,0.2429778586910303,0.04787805289772617,-0.04588743336838605,0.07664531513177249
3.994057538851306,0.6216941971092773,5.279275575713657,-0.31101812123967454,0.37010366742133866,0.24309367720728256,0.04788484394583602,-0.045941081348523385,0.07648177828195606
4.004057538851306,0.6237873487972105,5.280602339625374,-0.3114778012036781,0.3708676335065442,0.24320896143492404,0.04789129414152974,-0.04599487906114227,0.07630996665157541
4.014057538851306,0.6258805355727987,5.281931175051689,-0.3119380181734495,0.3716298366251316,0.24332346173972894,0.04789725832594629,-0.0460484825837463,0.07612919342810064
4.024057538851306,0.6279737523223548,5.283262071738092,-0.3123987702097025,0.37239018786624667,0.24343717678638105,0.04790275442610717,-0.04610189243370045,0.07593959137002991
4.034057538851306,0.6300669940008148,5.284595019392968,-0.31286005537829426,0.37314859956980273,0.24355010535382304,0.04790780011260462,-0.04615510912760853,0.07574129028859346
4.044057538851306,0.6321602556317373,5.285930007687593,-0.3133218717502254,0.37390498532648053,0.24366224633525668,0.04791241279960156,-0.04620813318131326,0.0755344170477536
4.054057538851306,0.6342535323073036,5.287267026256139,-0.3137842174016403,0.37465925997772814,0.24377359873814267,0.04791660964483164,-0.04626096510989624,0.07531909556420477
4.064057538851306,0.6363468191883177,5.28860606469567,-0.31424709041382676,0.3754113396157612,0.24388416168420066,0.04792040754959918,-0.04631360542767794,0.07509544680737343
4.0740575388513065,0.638440111505011,5.289947112566973,-0.3147104888732053,0.37616114152035796,0.24399393440365358,0.047923823168996446,-0.04636605464820251,0.07486358885036971
4.084057538851306,0.6405334045564006,5.291290159393353,-0.3151744108713905,0.3769085842033524,0.24410291624130204,0.047926872899869744,-0.04641831328420726,0.07462363673895336
4.094057538851305,0.6426266937105695,5.292635194661208,-0.3156388545051628,0.37765358741257365,0.24421110665535853,0.047929572883754094,-0.046470381847651815,0.0743757025552228
4.104057538851306,0.6447199744075696,5.293982207823553,-0.3161038178763842,0.3783960719203259,0.24431850519611592,0.04793193904598088,-0.04652226084970782,0.07411989568310053
4.114057538851306,0.646813242159465,5.2953311883000636,-0.31656929909199655,0.379135959520143,0.24442511150563187,0.047933987096249665,-0.04657395080075853,0.07385632281186763
4.124057538851305,0.6489064925503313,5.296682125477076,-0.317035296264022,0.3798731730267885,0.24453092531772908,0.04793573252862822,-0.04662545221039882,0.07358508793616375
4.134057538851305,0.6509997212362565,5.298035008707592,-0.3175018075095628,0.38060763627625616,0.2446359464579951,0.04793719062155251,-0.046676765587435186,0.07330629235598704
4.144057538851306,0.6530929239453401,5.29938982731127,-0.31796883095080153,0.3813392741257694,0.24474017484378238,0.04793837643782669,-0.04672789143988575,0.07302003467669424
4.154057538851306,0.6551860964781224,5.300746570574967,-0.3184363647149887,0.3820680124091268,0.244843610479897,0.04793930483224656,-0.04677883027497213,0.07272641085683312
4.1640575388513055,0.6572792347076007,5.302105227752433,-0.3189044069344821,0.38279377791631125,0.2449462534577571,0.047939990451671764,-0.046829582599084034,0.07242551417600165
4.174057538851306,0.6593723345784261,5.303465788063285,-0.3193729557467748,0.3835164985011476,0.24504810396549526,0.0479404477173629,-0.04688014891780385,0.07211743513004094
4.184057538851306,0.661465392109581,5.30482824069667,-0.3198420092943784,0.3842361028392193,0.2451491622630989,0.047940690870694,-0.04693052973590197,0.07180226175921674
4.194057538851306,0.6635584033945242,5.306192574811457,-0.32031156572481717,0.3849525204138731,0.24524942868100927,0.04794073397569072,-0.04698072555733562,0.07148007966555829
4.2040575388513055,0.6656513646011909,5.307558779536237,-0.3207816231906284,0.3856656815162199,0.24534890362012107,0.04794059091903041,-0.04703073688524886,0.07115097201285832
4.214057538851306,0.6677442719719928,5.3089268439693225,-0.32125217984936216,0.38637551724513386,0.24544758755178275,0.047940275410042074,-0.04708056422197255,0.07081501952667299
4.224057538851306,0.6698371218238182,5.310296757178748,-0.32172323386358137,0.3870819595072531,0.2455454810177964,0.04793980098070638,-0.0471302080690244,0.07047230049432197
4.234057538851306,0.6719299105480654,5.311668508202322,-0.32219478340085983,0.38778494101183425,0.2456425846299092,0.04793918098656739,-0.04717966892710826,0.07012289077093396
4.2440575388513055,0.674022634611238,5.31304208604838,-0.3226668266337633,0.3884843951591755,0.24573889905922425,0.04793842862490081,-0.04722894729608341,0.06976686388872294
4.254057538851306,0.6761152905536237,5.314417479693641,-0.3231393617399608,0.38918025622446845,0.24583442505497338,0.047937556899760245,-0.04727804367496368,0.06940429080872569
4.264057538851306,0.678207874990984,5.315794678085823,-0.32361238690210614,0.38987245918054253,0.24592916342587035,0.0479365786573,-0.04732695856193173,0.06903524018246546
4.274057538851306,0.6803003846152224,5.317173670144656,-0.3240859003077945,0.390560939608937,0.24602311503112514,0.04793550660223285,-0.0473756924543342,0.0686597784659768
4.2840575388513065,0.6823928161943843,5.318554444761877,-0.3245599001495623,0.391245633699901,0.24611628078044412,0.047934353297830065,-0.04742424584868168,0.06827796991980559
4.294057538851306,0.6844851665726577,5.319936990801237,-0.3250343846248872,0.3919264782523934,0.24620866163402982,0.047933131165921364,-0.047472619240648745,0.067889876609009
4.304057538851306,0.6865774326703723,5.321321297098494,-0.325509351936188,0.39260341067408294,0.24630025860258117,0.047931852486894966,-0.04752081312507395,0.06749555840315553
4.314057538851306,0.6886696114840005,5.32270735246142,-0.3259848002908249,0.39327636898134816,0.24639107274729327,0.04793052939969755,-0.04756882799595983,0.06709507297632503
4.3240575388513065,0.690761700086234,5.324095145669916,-0.32646072790108954,0.39394529177472676,0.24648110517746458,0.04792917390613826,-0.04761666434646905,0.06668847583341385
4.334057538851305,0.6928536956260016,5.3254846654759,-0.32693713298421206,0.39461011815576397,0.2465703570429107,0.047927797883235194,-0.0476643226688871,0.06627582037027169
4.344057538851305,0.6949455953279464,5.326875900602376,-0.32741401376245366,0.39527078790876174,0.2466588295518001,0.04792641305054321,-0.0477118034546399,0.06585715766949694
4.354057538851306,0.6970373964936759,5.328268839745538,-0.3278913684629595,0.3959272412765504,0.2467465239478521,0.04792503101325563,-0.04775910719429888,0.06543253679086122
4.364057538851306,0.6991290965019119,5.329663471575016,-0.32836919531774,0.3965794189254398,0.24683344150684947,0.047923663268641704,-0.04780623437757868,0.0650020048127117
4.374057538851305,0.7012206928084902,5.331059784733874,-0.32884749256367096,0.3972272619452194,0.24691958353663823,0.04792232120604657,-0.047853185493337155,0.06456560683197117
4.384057538851306,0.7033121829463601,5.332457767838612,-0.3293262584424936,0.397870711849158,0.24700495137712783,0.04792101610689132,-0.04789996102957537,0.06412338596413805
4.394057538851306,0.7054035645255854,5.333857409479167,-0.3298054912008144,0.39850971057400414,0.24708954640029107,0.04791975914467292,-0.04794656147343761,0.06367538334328637
4.404057538851306,0.7074948352333434,5.3352586982189125,-0.3302851890901054,0.39914420047998544,0.24717337001016412,0.04791856138496429,-0.04799298731121135,0.06322163812206576
4.4140575388513055,0.7095859928339312,5.336661622594645,-0.3307653503666935,0.3997741243279372,0.24725642364065528,0.04791743378943161,-0.04803923902832393,0.06276218749244762
4.424057538851306,0.7116770351685272,5.338066171115995,-0.33124597329176036,0.40039942518698163,0.24733870874713068,0.047916387230043704,-0.048085317109305366,0.06229706674178483
4.434057538851306,0.7137679601551483,5.339472332265418,-0.3317270561314531,0.4010200466267356,0.24742022682494544,0.04791543245442498,-0.04813122203780413,0.06182630906821426
4.444057538851306,0.7158587657892652,5.3408800944992025,-0.33220859715672646,0.40163593250457746,0.2475009793882477,0.047914580126717586,-0.04817695429659552,0.06134994582370094
4.4540575388513055,0.7179494501438554,5.3422894462475465,-0.3326905946433204,0.4022470269278879,0.24758096796629567,0.04791384083450492,-0.048222514367579475,0.06086800655240185
4.464057538851306,0.720040011369403,5.3437003759145485,-0.3331730468717601,0.4028532742540496,0.24766019410345744,0.04791322508881168,-0.04826790273178056,0.06038051899066585
4.474057538851306,0.7221304476938989,5.345112871878215,-0.3336559521273557,0.4034546190904479,0.24773865935921105,0.04791274332410381,-0.04831311986934798,0.05988750906703373
4.484057538851306,0.7242207574228406,5.346526922490457,-0.3341393087002028,0.4040510062944702,0.24781636530814455,0.047912405898288546,-0.04835816625955556,0.0593890009022382
4.494057538851306,0.7263109389392323,5.347942516077092,-0.334623114885182,0.40464238097350624,0.24789331353995586,0.0479122230927144,-0.04840304238080177,0.05888501680920386
4.504057538851306,0.7284009907035763,5.349359640937821,-0.3351073689819597,0.40522868848443844,0.24796950565941506,0.04791220511222107,-0.04844774871060918,0.05837557729264783
4.514057538851306,0.7304909112533031,5.3507782853448544,-0.335592069295028,0.4058098743905569,0.24804494328300886,0.04791236208985031,-0.04849228572558433,0.0578607010258824
4.524057538851306,0.7325806992031954,5.352198437543766,-0.3360772141336576,0.4063858844272815,0.24811962803514243,0.04791270409483618,-0.048536653901433614,0.05734040491516346
4.534057538851306,0.7346703532456985,5.353620085754112,-0.33656280181183956,0.4069566644768105,0.24819356154526698,0.04791324113915221,-0.04858085371298564,0.056814704155043735
4.544057538851305,0.7367598721507005,5.355043218168899,-0.3370488306482959,0.4075221605519696,0.24826674544661492,0.04791398317939669,-0.048624885634178404,0.056283612220916504
4.553208615830064,0.7386718875864136,5.356346828077609,-0.3374939845218234,0.4080349743426698,0.24833306113603842,0.04791485028845668,-0.048665032870586725,0.05579289184830726
4.563208615830064,0.7407611044237997,5.35777267829525,-0.33798074941601663,0.4085899233554496,0.24840454631553174,0.047915945645599964,-0.048708405032962775,0.05525803604196838
4.5732086158300636,0.742850220484171,5.359200068565541,-0.3384680513771237,0.409139872365362,0.2484754969652658,0.04791760701167487,-0.04875196051619936,0.05473326400347319
4.583208615830063,0.7449391949075073,5.3606289000032685,-0.3389557880930735,0.4096846192799691,0.24854567762508756,0.04791965473700173,-0.04879535607201596,0.054217611583936974
4.593208615830064,0.7470280256034374,5.362059162531146,-0.33944395796687465,0.4102242546501327,0.2486150996917857,0.047922072134094044,-0.04883859215077377,0.053710957311734
4.603208615830064,0.7491167105409261,5.363490846139542,-0.33993255940600703,0.4107588678930515,0.24868377439732897,0.04792484274492605,-0.04888166920197405,0.0532131830023589
4.613208615830064,0.7512052477482742,5.364923940886476,-0.34042159082242135,0.41128854729226105,0.24875171280886638,0.04792795034093277,-0.04892458767425816,0.05272417375842664
4.623208615830063,0.7532936353131185,5.366358436897624,-0.34091105063253957,0.41181337999763373,0.24881892582872706,0.04793137892300999,-0.04896734801540753,0.05224381796967253
4.633208615830064,0.7553818713824315,5.36779432436631,-0.3414009372572547,0.4123334520253789,0.2488854241944202,0.04793511272151426,-0.04900995067234366,0.05177200731295224
4.643208615830064,0.7574699541621208,5.3692315935534,-0.34189124912192753,0.4128488482689992,0.2489512184799342,0.04793913619433768,-0.04905239609112748,0.05130863672215774
4.653208615830064,0.7595578819116701,5.370670234786154,-0.34238198465636777,0.4133596526782872,0.24901631911587185,0.04794343399715641,-0.04909468471693577,0.050853603857979914
4.663208615830064,0.7616456529535289,5.37211023846124,-0.3428731422949318,0.4138659480419371,0.24908073636258,0.04794799102342934,-0.04913681699405932,0.05040680966054624
4.673208615830063,0.7637332656633804,5.373551595040816,-0.34336472047640626,0.41436781618019225,0.24914448033569325,0.04795279236640132,-0.04917879336591959,0.04996815791087308
4.683208615830063,0.7658207184664368,5.3749942950513,-0.34385671764397324,0.41486533803496045,0.24920756101721103,0.047957823302659026,-0.049220614275067534,0.04953755499697645
4.693208615830064,0.7679080098374385,5.376438329083374,-0.34434913224521024,0.4153585936698135,0.24926998825549762,0.047963069292131004,-0.049262280163183576,0.04911490991387226
4.703208615830063,0.7699951383006546,5.377883687791984,-0.3448419627320903,0.4158476622699873,0.24933177176528218,0.04796851597808761,-0.04930379147107765,0.048700134263576125
4.713208615830063,0.7720821024298831,5.379330361896339,-0.34533520756098185,0.4163326221423821,0.24939292112765865,0.04797414918714106,-0.049345148638689156,0.048293142255103436
4.723208615830063,0.7741689008484506,5.380778342179909,-0.3458288651926489,0.4168135507155621,0.24945344579008594,0.04797995492924542,-0.04938635210508699,0.047893850704469346
4.733208615830064,0.7762555322277405,5.382227619490091,-0.3463229340922383,0.41729052457651544,0.24951335507061656,0.047985919391196626,-0.04942740230846701,0.047502178938792654
4.7432086158300635,0.778341995284336,5.383678184738085,-0.34681741272928546,0.4177636195797802,0.24957265816898355,0.04799202891939033,-0.049468299686125906,0.047118048466450804
4.753208615830063,0.7804282887882124,5.385130028900733,-0.34731229957779464,0.4182329106525748,0.249631364144032,0.047998270054548875,-0.049509044674469906,0.04674138347608903
4.763208615830064,0.7825144115514252,5.386583143016954,-0.34780759311610093,0.4186984720219142,0.24968948194219212,0.04800462948832553,-0.0495496377090265,0.046372110312492144
4.773208615830064,0.7846003624268117,5.388037518187397,-0.3483032918268569,0.41916037724361266,0.24974702040095687,0.048011094057980506,-0.049590079224444084,0.046010157405118185
4.7832086158300635,0.7866861403079908,5.389493145574437,-0.3487993941970322,0.419618699202284,0.24980398824888192,0.048017650746380876,-0.049630369654492,0.04565545526809838
4.793208615830063,0.7887717441293624,5.390950016402179,-0.3492958987179141,0.4200735101113412,0.24986039410558566,0.048024286682000636,-0.04967050943206052,0.04530793650023714
4.803208615830064,0.7908571728661083,5.392408121956455,-0.3497928038851069,0.4205248815129966,0.24991624648174918,0.0480309891389207,-0.049710498989160835,0.04496753578501211
4.813208615830064,0.7929424255341921,5.393867453584822,-0.35029010819853224,0.42097288427826207,0.24997155377911626,0.048037745536828866,-0.049750338756925076,0.044634189890574064
4.8232086158300636,0.7950275011889517,5.395328002696345,-0.35078781016241545,0.4214175886386492,0.25002632429400884,0.04804454343538678,-0.04979002916560395,0.0443078375908818
4.833208615830063,0.7971123989223643,5.3967897607617035,-0.35128590828528855,0.421859064278017,0.2500805662260842,0.04805137051968968,-0.049829570644540716,0.04398841939898756
4.843208615830064,0.7991971178712112,5.398252719314461,-0.35178440108008013,0.42229738015703044,0.250134287658713,0.04805821463170119,-0.049868963622179116,0.043675877995197246
4.853208615830064,0.8012816572063511,5.399716869948367,-0.35228328706397,0.4227326047105433,0.25018749658315437,0.04806506373236437,-0.04990820852607714,0.04337015779364176
4.863208615830064,0.8033660161314669,5.401182204317108,-0.352782564758374,0.4231648058730911,0.2502402009015221,0.048071905896900476,-0.04994730578290689,0.043071204882425024
4.873208615830064,0.8054501938830646,5.402648714134298,-0.35328223268894426,0.42359405107889087,0.2502924084267842,0.048078729314809,-0.04998625581845457,0.04277896702362393
4.883208615830063,0.8075341897304739,5.404116391173487,-0.35378228938556916,0.42402040726184104,0.25034412688276286,0.04808552228986763,-0.050025059057620516,0.04249339365328838
4.893208615830063,0.8096180029758483,5.405585227268154,-0.3542827333823733,0.4244439408555218,0.2503953639041348,0.04809227324013227,-0.05006371592441919,0.04221443588144122
4.903208615830064,0.811701632954165,5.407055214311713,-0.3547835632177174,0.42486471779319473,0.25044612703643093,0.04809897069793703,-0.05010222684197917,0.041942046492078326
4.913208615830063,0.8137850790327908,5.408526344257466,-0.35528477743419357,0.42528280351627623,0.25049642373695,0.04810560330836624,-0.0501405922325427,0.041676179923210994
4.923208615830063,0.8158683406067663,5.409998609118549,-0.35578637457858997,0.4256982630826829,0.25054626138544195,0.04811215981081693,-0.050178812517446034,0.04141679198816507
4.933208615830063,0.8179514171082831,5.411472000969197,-0.3562883532020273,0.4261111610010507,0.2505956472652194,0.04811862907004487,-0.05021688811711157,0.04116384023887177
4.943208615830064,0.8200343079981408,5.412946511942881,-0.35679071185982036,0.42652156136517516,0.25064458857991284,0.04812500004945698,-0.05025481945106955,0.04091728369881201
4.953208615830063,0.8221170127626513,5.414422134231877,-0.35729344911143646,0.4269295279097749,0.25069309245979665,0.048131261800710784,-0.05029260693795934,0.0406770827388004
4.963208615830063,0.8241995309136388,5.415898860087262,-0.3577965635204951,0.42733512401049106,0.2507411659617891,0.048137403463714375,-0.05033025099552942,0.040443199076985265
4.973208615830064,0.8262818619884403,5.417376681818911,-0.3583000536547684,0.42773841268388785,0.2507888160694522,0.048143414266626446,-0.05036775204063741,0.040215595778848645
4.983208615830064,0.828364005549905,5.418855591795502,-0.3588039180861807,0.42813945658745206,0.2508360496929918,0.0481492835258563,-0.05040511048925003,0.039994237257206265
4.9932086158300635,0.8304459611863942,5.420335582444515,-0.3593081553908086,0.4285383180195935,0.2508828736692577,0.04815500064606379,-0.050442326756443126,0.039779089272207566
5.003208615830063,0.8325277285117823,5.421816646252228,-0.3598127641488815,0.42893505891964473,0.25092929476174347,0.048160555120159404,-0.05047940125640167,0.03957011893133569
5.013208615830064,0.8346093071626766,5.423298775763755,-0.3603177429447487,0.42932974091811604,0.250975319665535,0.04816593652039364,-0.050516334402414736,0.03936729456959452
5.023208615830064,0.8366906967998082,5.4247819635838335,-0.36082309036693627,0.42972242533558386,0.2510209550053714,0.04817113450033535,-0.05055312660684828,0.03917058571139356
5.0332086158300635,0.8387718971119281,5.426266202376255,-0.3613288050081805,0.43011317310449054,0.25106620732887114,0.048176138807869605,-0.050589778281162776,0.03897996327269206
5.043208615830063,0.8408529078067226,5.427751484863091,-0.3618348854652866,0.43050204491140637,0.25111108312239655,0.04818093925818354,-0.050626289835924654,0.03879539926061293
5.053208615830064,0.8429337286105912,5.429237803824678,-0.3623413303391255,0.43088910120070856,0.2511555888114426,0.048185525733088444,-0.050662661680806284,0.038616866765233744
5.063208615830064,0.8450143592686473,5.430725152099617,-0.36284813823463424,0.43127440217458174,0.2511997307606371,0.04818988818101974,-0.050698894224586004,0.038444339959586786
5.0732086158300636,0.8470947995447177,5.4322135225847825,-0.3633553077608154,0.4316580077930175,0.2512435152737403,0.04819401661703701,-0.05073498787514809,0.038277794099659014
5.083208615830064,0.8491750492213429,5.433702908235309,-0.36386283753073756,0.43203997777381475,0.25128694859364525,0.048197901122823975,-0.05077094303948277,0.03811720552439206
5.093208615830064,0.8512551080997768,5.435193302064602,-0.3643707261615351,0.43242037159257957,0.2513300369023777,0.048201531846688496,-0.050806760123686234,0.03796255165568225
5.103208615830064,0.8533349759999874,5.436684697144333,-0.36487897227440835,0.4327992484827292,0.2513727863210948,0.04820489900356316,-0.050842439532960595,0.037813810998338346
5.113208615830064,0.8554146527604638,5.4381770866053465,-0.365387574494655,0.4331766674508007,0.25141520290962627,0.048207992873733764,-0.05087798167158739,0.03767096306618712
5.122359692808821,0.8573176133593517,5.4395436492308455,-0.3658533111788051,0.4335208190183447,0.2514537321219936,0.04821057639762122,-0.050910386614266355,0.03754538873668259
5.132359692808821,0.8593968867346087,5.441037830784436,-0.3663624875532534,0.43389528351205453,0.25149528318522085,0.048213035423724626,-0.0509453274214265,0.037411558679023404
5.142359692808822,0.8614760037467627,5.4425330787146695,-0.3668721166997681,0.4342687480525992,0.25153676446729717,0.04821550170604132,-0.050980480098464794,0.03728186570700453
5.152359692808822,0.8635549279629161,5.444029297284144,-0.3673820967184973,0.4346409317060338,0.2515779339826992,0.04821781029668086,-0.05101550193002895,0.03715538075255669
5.162359692808821,0.8656336587113884,5.445526481169777,-0.36789242630299596,0.43501186647861584,0.251618795882257,0.04821995602476139,-0.0510503933004875,0.03703209503594055
5.172359692808821,0.8677121953367719,5.447024625083654,-0.3684031041506139,0.4353815843095882,0.2516593542839854,0.04822193374301721,-0.051085154593350536,0.036912000225284125
5.182359692808822,0.8697905371999316,5.448523723773039,-0.3689141289624961,0.43575011707117906,0.25169961327308377,0.0482237383277988,-0.05111978619126965,0.03679508843658276
5.192359692808822,0.8718686836780055,5.450023772020369,-0.36942549944358244,0.4361174965686021,0.25173957690193627,0.04822536467907278,-0.05115428847603803,0.036681352233699144
5.202359692808821,0.8739466341644045,5.451524764643255,-0.36993721430260806,0.43648375454005617,0.2517792491901118,0.04822680772042194,-0.05118866182859036,0.03657078462836331
5.212359692808822,0.8760243880688123,5.453026696494484,-0.370449272252103,0.43684892265672565,0.2518186341243638,0.04822806239904525,-0.05122290662900288,0.03646337908017263
5.222359692808822,0.8781019448171854,5.454529562462014,-0.37096167200839253,0.4372130325227802,0.2518577356586306,0.048229123685757824,-0.0512570232564934,0.03635912949659183
5.232359692808821,0.880179303851753,5.4560333574689786,-0.3714744122915967,0.43757611567537485,0.2518965577140351,0.04822998657499093,-0.051291012089421245,0.03625803023295295
5.2423596928088205,0.8822564646309022,5.457538076473701,-0.37198749182562846,0.4379382035858399,0.2519351041790062,0.04823064608458172,-0.051324873505287257,0.036160076090435006
5.252359692808821,0.884333426624265,5.459043714470719,-0.37250090933810276,0.4382993277128217,0.25197337891410615,0.048231097246808734,-0.05135860788071756,0.03606526221978862
5.262359692808821,0.8864101893215859,5.460550266490166,-0.37301466356057594,0.438659519416355,0.25201138574223986,0.048231335124312644,-0.05139221559143635,0.03597358425546225
5.272359692808821,0.8884867522286063,5.462057727597258,-0.3735287532284046,0.43901880999461934,0.25204912845404126,0.04823135480239172,-0.05142569701230349,0.035885038267961966
5.2823596928088214,0.8905631148627722,5.463566092892662,-0.37404317708063867,0.43937723072683293,0.25208661081258704,0.048231151381171095,-0.051459052517321954,0.03579962069426534
5.292359692808821,0.8926392767532342,5.465075357512497,-0.37455793386002145,0.43973481287325256,0.25212383655339676,0.04823071997560277,-0.05149228247963778,0.03571732833782147
5.302359692808821,0.8947152374408479,5.4665855166283315,-0.37507302231298956,0.4400915876751737,0.2521608093844329,0.04823005571546559,-0.05152538727154012,0.03563815836855099
5.312359692808821,0.8967909964781736,5.468096565447184,-0.37558844118967294,0.4404475863549305,0.25219753298610087,0.04822915374536526,-0.05155836726446123,0.03556210832284604
5.3223596928088215,0.8988665534294762,5.469608499211526,-0.37610418924389494,0.4408028401158956,0.2522340110112489,0.04822800922473433,-0.05159122282897645,0.03548917610357029
5.332359692808821,0.9009419078707255,5.471121313199277,-0.3766202652331722,0.4411573801424804,0.2522702470851681,0.04822661732783223,-0.051623954334804205,0.03541935998005892
5.342359692808821,0.9030170593895959,5.472635002723807,-0.37713666791871475,0.44151123760013505,0.25230624480559244,0.04822497324374523,-0.05165656215080603,0.03535265858811866
5.352359692808822,0.9050920075854667,5.474149563133939,-0.3776533960654259,0.4418644436353481,0.2523420077426989,0.04822307217638645,-0.05168904664498656,0.035289070930027734
5.3623596928088215,0.9071667520689299,5.475664989814036,-0.37817044844189035,0.44221702938004903,0.2523775394395294,0.048220909343715625,-0.05172140818449396,0.03522859636709778
5.372359692808821,0.9092412924566515,5.477181278185402,-0.3786878238202736,0.4425690259992115,0.25241284341583564,0.04821847996975198,-0.051753647135606165,0.03517123453143764
5.382359692808821,0.9113156283827987,5.4786984237045235,-0.3792055209766331,0.4429204645910873,0.25244792315772957,0.048215779302728974,-0.051785763863698105,0.03511698548464687
5.392359692808822,0.9133897594918622,5.480216421863486,-0.3797235386906956,0.44327137624878693,0.2524827821251169,0.04821280260320679,-0.051817758733283974,0.035065849628601514
5.402359692808822,0.915463685435641,5.481735268190403,-0.38024187574577634,0.44362179208683133,0.25251742375445535,0.04820954513923265,-0.05184963210802516,0.03501782766274653
5.412359692808821,0.9175374058732437,5.483254958249422,-0.3807605309287795,0.44397174324115163,0.2525518514587547,0.04820600218634085,-0.0518813843507302,0.03497292058409575
5.422359692808822,0.9196109204710872,5.484775487640722,-0.381279503030198,0.4443212608690894,0.2525860686275766,0.04820216902755271,-0.0519130158233548,0.03493112968723185
5.432359692808822,0.9216842289028971,5.4862968520005175,-0.3817987908441133,0.4446703761493966,0.25262007862703467,0.048198040953376604,-0.05194452688700183,0.03489245656430643
5.442359692808822,0.9237573308497085,5.487819047001051,-0.3823183931681959,0.44501912028223545,0.25265388479979467,0.04819361326180794,-0.05197591790192133,0.03485690310503995
5.452359692808821,0.9258302259998648,5.4893420683506005,-0.38283830880370473,0.44536752448917855,0.2526874904650741,0.04818888125832919,-0.0520071892275105,0.03482447149672174
5.462359692808822,0.9279029140490183,5.490865911793477,-0.38335853655548774,0.4457156200132089,0.2527208989186427,0.04818384025590985,-0.05203834122231369,0.03479516422421003
5.472359692808821,0.92997539470013,5.49239057311002,-0.3838790752319814,0.4460634381187199,0.25275411343282195,0.04817848557500649,-0.05206937424402244,0.03476898406993191
5.482359692808821,0.9320476676634706,5.493916048116608,-0.3843999236452111,0.4464110100915152,0.2527871372564855,0.04817281254356269,-0.052100288649475454,0.03474593411388337
5.492359692808821,0.9341197326522683,5.495442332666931,-0.384921080610688,0.4467583672717507,0.25281997361755154,0.048166816491370716,-0.05213108479465912,0.03472601767130317
5.502359692808821,0.9361915893875683,5.496969422651514,-0.3854425449475853,0.4471055410173057,0.2528526257184604,0.048160492757250706,-0.052161763034663716,0.034709238339874035
5.512359692808821,0.9382632376017089,5.498497313996055,-0.38596431547879234,0.4474525626781256,0.2528850967352527,0.04815383669288063,-0.052192323723703415,0.03469560005835791
5.522359692808821,0.9403346770300252,5.500026002663171,-0.38648639103068,0.4477994636592412,0.2529173898235702,0.04814684365135643,-0.05222276721514584,0.034685107001800754
5.5323596928088214,0.9424059074108113,5.5015554846524015,-0.387008770433099,0.4481462754210473,0.2529495081186803,0.048139508987142594,-0.052253093861512175,0.03467776358104316
5.542359692808821,0.9444769284853218,5.503085756000215,-0.3875314525193804,0.44849302947930253,0.252981454735476,0.04813182805607224,-0.05228330401447713,0.03467357444272036
5.552359692808821,0.9465477399977704,5.504616812780003,-0.38805443612633533,0.4488397574051297,0.2530132327684759,0.04812379621534707,-0.052313398024868965,0.03467254446926219
5.562359692808822,0.9486183416953308,5.506148651102086,-0.3885777200942551,0.4491864908250154,0.2530448452918242,0.048115408823537376,-0.05234337624266948,0.034674678778893145
5.5723596928088215,0.9506887333281363,5.50768126711371,-0.3891013032669111,0.4495332614208103,0.25307629535929055,0.04810666124058205,-0.05237323901701401,0.03467998272563232
5.582359692808821,0.95275891464928,5.5092146569990454,-0.3896251844915549,0.449880100929729,0.25310758600427036,0.04809754882778857,-0.05240298669619146,0.03468846189929347
5.592359692808821,0.9548288854148146,5.5107488169791905,-0.3901493626189183,0.4502270411443501,0.2531387202397845,0.04808806694783301,-0.05243261962764424,0.03470012212548494
5.602359692808822,0.9568986453837527,5.512283743312169,-0.39067383650321313,0.4505741139126161,0.2531697010584795,0.048078210964760046,-0.05246213815796833,0.03471496946560974
5.6123596928088215,0.9589681943180663,5.513819432292932,-0.3911986050021314,0.45092135113783355,0.2532005314326275,0.04806797624398293,-0.052491542632913245,0.03473301021686548
5.622359692808821,0.9610375319816481,5.515355880254568,-0.391723666976867,0.45126878478028,0.25323121431245726,0.04805735815271571,-0.05252083339735031,0.034754250883037525
5.632359692808822,0.9631066581400693,5.5168930835680525,-0.3922490212921078,0.4516164468606775,0.2532617526268149,0.048046352059165846,-0.05255001079527511,0.03477869816979313
5.642359692808822,0.9651755725599113,5.518431038641153,-0.3927746668159459,0.4519643694714016,0.25329214928653315,0.04803495332953155,-0.052579075169858956,0.034806358999610015
5.652359692808822,0.9672442750074749,5.519969741919495,-0.3933006024198733,0.45231258478089215,0.2533224071835215,0.048023157327727474,-0.05260802686343084,0.03483724048640528
5.662359692808821,0.9693127652487804,5.521509189886563,-0.39382682697878185,0.4526611250336533,0.25335252919076573,0.048010959415384726,-0.05263686621747745,0.034871349935530704
5.672359692808821,0.9713810430495676,5.523049379063694,-0.39435333937096345,0.45301002255025397,0.2533825181623282,0.04799835495185089,-0.05266559357264313,0.034908694843772764
5.682359692808821,0.9734491081752962,5.524590306010084,-0.3948801384781099,0.4533593097273275,0.2534123769333478,0.047985339294190035,-0.05269420926872993,0.034949282899352674
5.691510769787579,0.9753414239319319,5.526001063703707,-0.39536246668518205,0.45367931420574764,0.2534395892326529,0.04797306429547338,-0.05272029815819651,0.03498927390345
5.701510769787579,0.9774090465071057,5.527543299741367,-0.3958897078668174,0.45402910480747277,0.2534689645013527,0.04795910444834118,-0.05274836138574951,0.03503235435783712
5.711510769787579,0.979476489275256,5.529086355185554,-0.3964173330646064,0.45437963838247125,0.25349846652992264,0.04794491233574279,-0.05277666041931398,0.035073982795271116
5.721510769787579,0.9815437183943777,5.530630135686419,-0.3969452407200398,0.4547305765375593,0.2535278485957017,0.04793033430629408,-0.05280485296489323,0.03511327475556239
5.73151076978758,0.9836107336045832,5.5321746381244035,-0.3974734297698886,0.45508189613799754,0.25355710979241597,0.04791537583592844,-0.05283293934567769,0.03515027150432819
5.741510769787579,0.9856775346531962,5.533719859378263,-0.39800189915412393,0.45543357444017113,0.2535862492486036,0.04790004231378177,-0.05286091988405446,0.035185013762915586
5.751510769787579,0.9877441212947515,5.5352657963250715,-0.39853064781591735,0.4557855890915891,0.25361526612761565,0.047884339042192484,-0.05288879490160727,0.03521754170840154
5.761510769787579,0.989810493290996,5.536812445840218,-0.39905967470164044,0.4561379181308849,0.2536441596276151,0.04786827123670155,-0.052916564719116474,0.035247894973592826
5.77151076978758,0.9918766504108876,5.53835980479741,-0.39958897876086524,0.45649053998781597,0.25367292898157767,0.04785184402605244,-0.05294422965655907,0.03527611264702608
5.781510769787579,0.9939425924305955,5.539907870068668,-0.4001185589463639,0.45684343348326406,0.25370157345729133,0.04783506245219116,-0.052971790033108715,0.035302233272967776
5.791510769787579,0.9960083191335404,5.541456638524425,-0.40064841421410313,0.45719657782603346,0.253730092357008,0.047817931470980145,-0.05299924616713608,0.03532629485504904
5.80151076978758,0.998073830310574,5.5430061070341194,-0.40117854352320687,0.4575499525926978,0.2537584850153795,0.04780045595655554,-0.05302659837620319,0.0353483348701669
5.811510769787579,1.0001391257591754,5.544556272464368,-0.4017089458360731,0.4579035377917584,0.2537867508065418,0.04778264068689422,-0.05305384697704674,0.03536839018706802
5.8215107697875785,1.0022042052845683,5.54610713168101,-0.4022396201182561,0.45825731379230156,0.2538148891360381,0.04776449036001162,-0.053080992285603465,0.035386497166130244
5.831510769787579,1.0042690686999831,5.547658681549657,-0.4027705653384329,0.4586112613048661,0.2538428994386979,0.0477460095982651,-0.05310803461701468,0.0354026916835016
5.841510769787579,1.0063337158266583,5.549210918935699,-0.4033017804684035,0.4589653613814435,0.25387078117863676,0.047727202948353926,-0.05313497428562628,0.03541700913110031
5.851510769787579,1.008398146493839,5.5507638407042945,-0.40383326448309065,0.4593195954154774,0.25389853384925626,0.04770807488131927,-0.05316181160498875,0.0354294844166148
5.861510769787579,1.0104623605387784,5.5523174437203835,-0.40436501636054006,0.4596739451418642,0.2539261569732443,0.04768862979254423,-0.05318854688785715,0.035440151963503704
5.871510769787579,1.0125263578067365,5.553871724848676,-0.40489703508192043,0.4600283926369527,0.2539536501025747,0.04766887200175378,-0.05321518044619114,0.03544904571099584
5.881510769787579,1.0145901381509814,5.555426680953657,-0.40542931963152323,0.46038292031854416,0.25398101281850766,0.047648805753014827,-0.053241712591154934,0.035456199114090224
5.891510769787579,1.0166537014328818,5.55698230889993,-0.4059618689967392,0.46073751093385845,0.25400824473025185,0.047628435217417574,-0.053268143633119235,0.035461645158778976
5.901510769787579,1.0187170475217333,5.558538605552124,-0.4064946821680656,0.461092147563335,0.25403534547544754,0.04760776449201537,-0.053294473881648145,0.035465416348304114
5.911510769787579,1.0207801762945252,5.560095567773732,-0.40702775813919245,0.4614468136617655,0.2540623147247032,0.047586797590670124,-0.05332070364549218,0.03546754465132934
5.921510769787579,1.0228430876367425,5.561653192429191,-0.4075610959068628,0.4618014929848466,0.2540891521733377,0.04756553846067827,-0.05334683323261424,0.03546806160560226
5.931510769787579,1.0249057814424092,5.563211476384017,-0.40809469447086427,0.4621561695846997,0.25411585754087923,0.04754399098377858,-0.05337286295019088,0.03546699832402107
5.9415107697875795,1.0269682576140888,5.564770416504796,-0.40862855283402894,0.4625108278098713,0.254142430571065,0.04752215897615215,-0.05339879310461228,0.035464385494634626
5.951510769787579,1.0290305160628834,5.566330009659193,-0.4091626700022332,0.4628654523053327,0.2541688710318416,0.04750004618842243,-0.05342462400148227,0.03546025338064237
5.961510769787579,1.0310925567084341,5.567890252715945,-0.40969704498439813,0.46322002801248024,0.2541951787153648,0.04747765630565521,-0.05345035594561832,0.0354546318203944
5.971510769787579,1.033154379478921,5.569451142544866,-0.4102316767924892,0.46357454016913513,0.2542213534379995,0.047454992947358624,-0.053475989241051514,0.0354475502273914
5.98151076978758,1.0352159843110635,5.5710126760168395,-0.41076656444151616,0.46392897430954344,0.25424739504032007,0.047432059667483144,-0.05350152419102662,0.0354390375902847
5.991510769787579,1.0372773711501417,5.572574850004128,-0.41130170694950985,0.46428331625380065,0.25427330338592,0.0474088599567816,-0.0535269610980042,0.03542912248753864
6.001510769787579,1.0393385399498065,5.574137661380366,-0.41183710333752177,0.464637552108059,0.2542990783614032,0.04738539724256026,-0.05355230026364867,0.03541783308190086
6.01151076978758,1.0413994906720672,5.575701107019359,-0.4123727526297275,0.4649916683079096,0.25432471988123456,0.04736167487899388,-0.05357754198881784,0.03540519705984049
6.021510769787579,1.043460223287739,5.577265183797001,-0.41290865385327785,0.4653456515497906,0.25435022788004447,0.04733769616269079,-0.053602686573591615,0.035391241733117466
6.0315107697875785,1.0455207377764684,5.578829888591419,-0.41344480603828837,0.4656994887860755,0.2543756023120775,0.047313464333800036,-0.05362773431727365,0.03537599404586982
6.041510769787579,1.0475810341267295,5.580395218282964,-0.4139812082178388,0.4660531672250731,0.2544008431511923,0.04728898257601132,-0.053652685518391315,0.035359480574613744
6.051510769787579,1.0496411123358276,5.581961169754223,-0.4145178594279736,0.46640667433102745,0.25442595039086174,0.04726425401655505,-0.05367754047469575,0.03534172752824357
6.061510769787579,1.0517009724098962,5.583527739890007,-0.41505475870770153,0.4667599978241179,0.2544509240441726,0.047239281726202294,-0.053702299483161825,0.03532276074803175
6.0715107697875785,1.0537606143638985,5.58509492557736,-0.4155919050989961,0.46711312568045904,0.25447576414382594,0.04721406871926481,-0.05372696283998815,0.0353026057076289
6.081510769787579,1.0558200382216278,5.586662723705555,-0.416129297646795,0.46746604613210074,0.2545004707421369,0.04718861795359505,-0.05375153084059707,0.03528128751306375
6.091510769787579,1.0578792440156988,5.588231131166162,-0.4166669353989941,0.46781874766446724,0.25452504391074615,0.04716293233116221,-0.05377600377963552,0.035258830906610535
6.101510769787579,1.0599382317873416,5.589800144853688,-0.41720481740638904,0.4681712189941257,0.25454948373805825,0.047137014702943805,-0.05380038195097553,0.035235260298874554
6.111510769787579,1.0619970015864781,5.591369761663848,-0.4177429427228382,0.46852344913063193,0.2545737903361275,0.0471108678548855,-0.05382466564768496,0.03521059967338315
6.121510769787579,1.0640555534719358,5.592939978495095,-0.41828131040512917,0.4688754273218468,0.2545979638345879,0.04708449452042691,-0.05384885516205861,0.035184872671889016
6.131510769787579,1.0661138875114435,5.594510792249131,-0.4188199195129328,0.4692271430356819,0.25462200437861027,0.047057897384640036,-0.053872950785626164,0.03515810262234677
6.141510769787579,1.0681720037816318,5.596082199830898,-0.4193587691088031,0.46957858596009916,0.2546459121289027,0.04703107908422938,-0.053896952809152215,0.03513031253891289
6.1515107697875795,1.0702299023680328,5.597654198148588,-0.41989785825817716,0.46992974600311094,0.25466968726170996,0.04700404220753181,-0.05392086152263622,0.035101525121945795
6.161510769787579,1.0722875833650802,5.599226784113638,-0.4204371860293753,0.47028061329278004,0.25469332996881405,0.04697678929451667,-0.053944677215312535,0.03507176275800579
6.171510769787579,1.0743450468761089,5.600799954640729,-0.4209767514936011,0.47063117817721967,0.2547168404575338,0.046949322836785726,-0.053968400175650424,0.03504104751985509
6.181510769787579,1.0764022930133557,5.602373706647791,-0.4215165537249411,0.47098143122459346,0.2547402189507251,0.04692164527757318,-0.053992030691354005,0.0350094011664578
6.1915107697875795,1.0784593218979588,5.603948037055996,-0.4220565918003652,0.4713313632231156,0.25476346568678065,0.046893759011745646,-0.054015569049362326,0.03497684514297993
6.201510769787579,1.0805161336598468,5.605522942789736,-0.4225968647997276,0.4716809651822757,0.2547865809197209,0.04686566638547011,-0.054039015535845066,0.03494340057886622
6.211510769787579,1.0825727284374544,5.607098420776598,-0.4231373718057707,0.4720302283343501,0.2548095649191993,0.0468373696956944,-0.05406237043618899,0.03490908828492795
6.22151076978758,1.0846291063782674,5.6086744679479175,-0.42367811190408244,0.4723791441139281,0.25483241796843115,0.046808871195067804,-0.05408563403502501,0.034873928785464386
6.23151076978758,1.086685267638599,5.610251081238934,-0.4242190841830739,0.47272770415233295,0.25485514036352325,0.04678017309315351,-0.05410880661622771,0.03483794232767393
6.241510769787579,1.0887412123835636,5.61182825758879,-0.42476028773397884,0.4730759002777522,0.2548777324134794,0.04675127755638741,-0.05413188846291451,0.03480114888147437
6.251510769787579,1.0907969407870768,5.6134059939405345,-0.42530172165085356,0.4734237245152381,0.2549001944401999,0.04672218670807814,-0.05415487985744568,0.03476356813950289
6.260661846766338,1.0926779642568711,5.614850280731583,-0.4257973930886595,0.47374168865377414,0.2549206359638006,0.04669539607619202,-0.05417584043930709,0.03472850437016544
6.2706618467663375,1.0947332465828223,5.616428986006799,-0.42633916183747345,0.47408845370841013,0.25494260823853654,0.046665791682592654,-0.05419831982051983,0.034689178426132915
6.280661846766337,1.0967883443874302,5.6180083345063,-0.42688125878251887,0.47443515566162886,0.2549647014714021,0.04663617637642795,-0.05422105486541213,0.03465130474343662
6.290661846766338,1.0988432264953232,5.619588231538618,-0.42742358264624775,0.4747814814876782,0.2549866718361329,0.04660639136517438,-0.05424370361317569,0.03461395566055793
6.300661846766338,1.1008978930540487,5.62116867430568,-0.4279661325671499,0.47512743648782735,0.2550085204700958,0.046576436230163595,-0.05426626633241873,0.03457714059140917
6.310661846766338,1.1029523442168543,5.62274966002194,-0.4285089076863514,0.4754730260546983,0.25503024850806016,0.046546310536583015,-0.054288743291034516,0.03454086892000143
6.320661846766338,1.1050065801426874,5.624331185914382,-0.4290519071476151,0.47581825567226566,0.2550518570821972,0.04651601383347581,-0.05431113475620136,0.03450515000044462
6.330661846766338,1.1070606009961956,5.625913249222518,-0.42959513009734024,0.47616313091585655,0.25507334732208037,0.04648554565374091,-0.05433344099438262,0.03446999315694742
6.340661846766338,1.1091144069477263,5.627495847198389,-0.4301385756845627,0.47650765745215096,0.2550947203546855,0.04645490551413301,-0.05435566227132669,0.034435407683817316
6.350661846766338,1.1111679981733273,5.629078977106567,-0.4306822430609549,0.47685184103918143,0.2551159773043903,0.04642409291526255,-0.05437779885206702,0.03440140284546058
6.360661846766338,1.1132213748547461,5.63066263622415,-0.43122613138082566,0.47719568752633323,0.25513711929297483,0.04639310734159576,-0.054399851000922095,0.03436798787638229
6.370661846766338,1.1152745371794301,5.632246821840766,-0.43177023980112056,0.47753920285434426,0.2551581474396213,0.046361948261454594,-0.054421818981495444,0.03433517198118629
6.380661846766337,1.1173274853405273,5.633831531258576,-0.4323145674814215,0.477882393055305,0.255179062860914,0.046330615127016785,-0.054443703056675646,0.034302964334575255
6.390661846766338,1.1193802195368856,5.6354167617922615,-0.4328591135839471,0.4782252642526589,0.2551998666708395,0.046299107374315814,-0.054465503488636324,0.03427137408135061
6.400661846766337,1.1214327399730522,5.637002510769042,-0.43340387727355245,0.4785678226612017,0.2552205599807864,0.04626742442324093,-0.054487220538836145,0.0342404103364126
6.410661846766337,1.1234850468580817,5.638588775529156,-0.433948857717663,0.47891007458718216,0.25524114389942737,0.04623556567790951,-0.054508854468027695,0.034210082194212975
6.420661846766337,1.1255371404047694,5.6401755534262055,-0.4344940540862798,0.4792520264341835,0.25526161953289,0.04620353052559684,-0.054530405536238044,0.03418039872730486
6.430661846766338,1.127589020834665,5.641762841825079,-0.43503946555225464,0.4795936847013309,0.2552819879851343,0.04617131833547558,-0.054551874002732204,0.034151368948510334
6.4406618467663375,1.1296406883737022,5.643350638103743,-0.43558509129099277,0.4799350559763063,0.2553022503571661,0.04613892846163052,-0.05457326012607403,0.034123001855106146
6.450661846766337,1.131692143251902,5.644938939653362,-0.4361309304804347,0.48027614693513726,0.25532240774699705,0.046106360243203894,-0.054594564164129375,0.0340953064314709
6.460661846766338,1.1337433857033739,5.646527743878297,-0.43667698230105645,0.4806169643421966,0.2553424612496447,0.04607361300439538,-0.05461578637406607,0.03406829164908504
6.470661846766338,1.1357944159663145,5.6481170481961085,-0.43722324593586914,0.4809575150502025,0.2553624119571322,0.0460406860544621,-0.05463692701235391,0.03404196646653087
6.4806618467663375,1.1378452342830088,5.649706850037557,-0.43776972057041924,0.48129780600021854,0.25538226095848876,0.046007578687718625,-0.054657986334764715,0.03401633982949253
6.490661846766337,1.1398958408998296,5.6512971468466,-0.43831640539278865,0.4816378442216537,0.25540200933974905,0.04597429018353699,-0.05467896459637226,0.033991420670756035
6.500661846766338,1.1419462360672379,5.652887936080394,-0.4388632995935944,0.48197763683226214,0.2554216581839538,0.04594081980634666,-0.05469986205155232,0.03396721791020922
6.510661846766338,1.1439964200397819,5.654479215209294,-0.4394104023659889,0.4823171910381436,0.2554412085711493,0.04590716680563454,-0.05472067895398264,0.0339437404548418
6.5206618467663375,1.1460463930760982,5.656070981716853,-0.4399577129056599,0.4826565141337431,0.2554606615783879,0.045873330415945,-0.05474141555664296,0.03392099719874532
6.530661846766338,1.1480961554389113,5.657663233099823,-0.4405052304108304,0.48299561350185105,0.2554800182797276,0.04583930985687985,-0.054762072111815024,0.03389899702311318
6.540661846766338,1.1501457073950332,5.659255966868155,-0.44105295408225886,0.4833344966136032,0.25549927974623204,0.04580510433309834,-0.05478264887108253,0.033877748796240635
6.550661846766338,1.1521950492149684,5.6608491805451715,-0.4416008831232157,0.48367317102867713,0.2555184470459405,0.04577071303441142,-0.054803146085335264,0.03385726137626364
6.560661846766338,1.1542441811698068,5.662442871668954,-0.4421490167393315,0.48401164440002103,0.25553752124372386,0.04573613513581282,-0.054823564004786045,0.03383754362836804
6.570661846766338,1.156293103538202,5.664037037789303,-0.44269735413903155,0.4843499244728364,0.2555565034018535,0.045701369795272714,-0.054843902878883646,0.03381860437320686
6.580661846766338,1.1583418166026263,5.665631676469329,-0.4432458945332637,0.4846880190798492,0.2555753945794706,0.04566641615608825,-0.054864162956379185,0.0338004524215844
6.590661846766337,1.1603903206479624,5.667226785286066,-0.4437946371354094,0.4850259361412487,0.25559419583245246,0.045631273347386425,-0.054884344485343996,0.033783096585197105
6.600661846766338,1.162438615961507,5.668822361830474,-0.44434358116128414,0.48536368366468746,0.2556129082134124,0.04559594048412415,-0.05490444771316964,0.033766545676633605
6.610661846766337,1.1644867028329666,5.6704184037074326,-0.444892725829137,0.48570126974528127,0.25563153277169975,0.04556041666708822,-0.05492447288656791,0.033750808509374716
6.620661846766337,1.166534581554461,5.672014908535749,-0.44544207035965117,0.48603870256560927,0.2556500705533998,0.04552470098289527,-0.05494442025157082,0.03373589389779341
6.630661846766337,1.1685822524205212,5.6736118739481505,-0.4459916139759433,0.4863759903957139,0.2556685226013338,0.0454887925039919,-0.05496429005353061,0.03372181065715484
6.640661846766338,1.17062971572809,5.67520929759129,-0.4465413559035641,0.4867131415931007,0.25568688995505917,0.045452690288654514,-0.05498408253711974,0.033708567603616346
6.650661846766337,1.1726769717765226,5.676807177125744,-0.447091295370498,0.48705016460273876,0.25570517365086914,0.045416393380989455,-0.0550037979463309,0.03369617355422743
6.660661846766337,1.1747240208675858,5.67840551022601,-0.4476414316071633,0.4873870679570603,0.2557233747217932,0.04537990081093293,-0.05502343652447702,0.033684637326929764
6.670661846766338,1.1767708633054579,5.680004294580511,-0.448191763846412,0.4877238602759609,0.2557414941975967,0.04534321159425105,-0.055042998514191234,0.033673967740557205
6.680661846766338,1.1788174993967298,5.681603527891596,-0.4487422913235301,0.48806055026679934,0.2557595331047809,0.04530632473253978,-0.05506248415742691,0.033664173614835785
6.6906618467663375,1.1808639294504037,5.683203207875533,-0.4492930132762372,0.48839714672439777,0.25577749246658327,0.045269239213225,-0.05508189369545763,0.033655263770383706
6.700661846766337,1.1829101537774573,5.684803332262731,-0.44984392894466746,0.48873365853222805,0.2557953733029677,0.04523195400945832,-0.05510122736887937,0.03364724703013223
6.710661846766338,1.1849561726886402,5.686403898798867,-0.45039503757130234,0.4890700946713031,0.25581317663060194,0.045194468078949376,-0.05512048541760493,0.03364013222212691
6.720661846766338,1.187001986499473,5.688004905242395,-0.4509463384012072,0.4894064642070508,0.25583090346291204,0.04515678036504893,-0.05513966808083201,0.03363392816231089
6.7306618467663375,1.189047595527059,5.689606349366058,-0.4514978306818286,0.489742776291716,0.2558485548099012,0.045118889797364746,-0.05515877559708934,0.033628643674044716
6.740661846766338,1.191093000089292,5.69120822895727,-0.45204951366295376,0.4900790401659855,0.25586613167812483,0.04508079529168901,-0.055177808204243305,0.03362428759146709
6.750661846766338,1.193138200504856,5.692810541818112,-0.4526013865967106,0.4904152651589888,0.2558836350706905,0.0450424957499983,-0.05519676613949788,0.03362086875949484
6.760661846766338,1.195183197093225,5.694413285765341,-0.45315344873756763,0.49075146068829756,0.2559010659872581,0.045003990060453566,-0.055215649639394696,0.033618396033822905
6.7706618467663375,1.1972279901746634,5.696016458630386,-0.45370569934233396,0.4910876362599259,0.2559184254240394,0.04496527709740017,-0.055234458939813026,0.03361687828092436
6.780661846766338,1.199272580070225,5.697620058259345,-0.4542581376701594,0.4914238014683302,0.25593571437379864,0.04492635572136787,-0.05525319427596975,0.033616324378050434
6.790661846766338,1.2013169671017552,5.699224082512987,-0.45481076298253437,0.49175996599640937,0.25595293382585205,0.044887224779070804,-0.05527185588241941,0.033616743213230445
6.800661846766338,1.2033611515918878,5.700828529266757,-0.4553635745432899,0.4920961396155046,0.2559700847660682,0.04484788310340753,-0.05529044399305416,0.03361814368527186
6.810661846766338,1.2054051338640486,5.7024333964107665,-0.4559165716185978,0.49243233218539934,0.2559871681768676,0.04480832951346097,-0.05530895884110379,0.03362053470376028
6.820661846766338,1.2074489142424518,5.704038681849803,-0.4564697534769703,0.4927685536543196,0.2560041850372232,0.04476856281449846,-0.05532740065913573,0.03362392518905943
6.829812923745095,1.2093190167638008,5.705508055677818,-0.45697613575191715,0.4930762663762335,0.25601969981200184,0.044731984233417024,-0.05534421311261045,0.03362791125033377
6.839812923745096,1.2113623812455694,5.707114040728938,-0.4575295656963941,0.49341224246869675,0.25603634932739056,0.04469165634114288,-0.05536217614885108,0.03363160611192081
6.8498129237450955,1.2134055740086556,5.708720530657533,-0.4580832786910678,0.4937485799356791,0.2560531779915217,0.0446512849387352,-0.05538041118451531,0.03363583180334324
6.859812923745095,1.2154485660588956,5.710327431020371,-0.4586371736874271,0.494084957704,0.25606994231512026,0.04461071291537982,-0.05539857652268556,0.033639669281349906
6.869812923745095,1.2174913576722788,5.711934739876793,-0.4591912499896555,0.49442137199105357,0.2560866424151417,0.04456994158245745,-0.05541667238464908,0.03364313513537121
6.879812923745096,1.2195339491276074,5.713542455291264,-0.4597455069041173,0.49475781917059675,0.25610327841806957,0.04452897221844162,-0.05543469899106938,0.033646245781241986
6.889812923745096,1.2215763407064972,5.715150575333373,-0.46029994373935784,0.4950942957727496,0.2561198504599157,0.04448780606889862,-0.05545265656198623,0.03364901746120153
6.899812923745095,1.2236185326933768,5.716759098077837,-0.4608545598061035,0.49543079848399507,0.2561363586862199,0.04444644434648754,-0.055470545316815674,0.03365146624389362
6.909812923745096,1.2256605253754886,5.718368021604497,-0.46140935441726144,0.4957673241471791,0.25615280325205025,0.04440488823096025,-0.05548836547435,0.03365360802436645
6.919812923745096,1.2277023190428882,5.719977343998318,-0.46196432688792,0.49610386976151066,0.25616918432200286,0.04436313886916141,-0.05550611725275778,0.03365545852407271
6.929812923745096,1.2297439139884436,5.721587063349393,-0.4625194765353483,0.4964404324825617,0.2561855020702019,0.044321197375028466,-0.055523800869583834,0.033657033290869526
6.939812923745095,1.231785310507837,5.723197177752938,-0.4630748026789966,0.49677700962226706,0.25620175668029976,0.044279064829591645,-0.055541416541749246,0.0336583476990185
6.949812923745095,1.2338265088995395,5.724807685309335,-0.4636303046404922,0.4971135986481452,0.25621794834537287,0.04423674228116489,-0.05555896448555212,0.03365941695069697
6.959812923745095,1.2358675094642053,5.726418584124859,-0.46418598174356773,0.49745019717070976,0.2562340772659988,0.044194230748484054,-0.05557644491667806,0.03366025610224957
6.969812923745095,1.2379083125055312,5.7280298723100165,-0.4647418333142267,0.49778680297945516,0.2562501436547217,0.0441515312119514,-0.055593858050161545,0.033660879996489555
6.979812923745095,1.239948918330017,5.729641547980641,-0.465297858680641,0.498123414015168,0.25626614773294326,0.04410864462025849,-0.055611204100414986,0.033661303311130174
6.989812923745095,1.2419893272466553,5.731253609258508,-0.465854057173091,0.4984600283565857,0.25628208972924327,0.044065571893628204,-0.05562848328124218,0.03366154058379338
6.999812923745095,1.2440295395669307,5.732866054271336,-0.46641042812396516,0.4987966442203964,0.25629796987937964,0.04402231392381474,-0.05564569580583827,0.03366160621200979
7.009812923745095,1.2460695556048207,5.734478881152786,-0.46696697086776057,0.49913325996123903,0.2563137884262883,0.04397887157410366,-0.055662841886789764,0.03366151445321874
7.0198129237450955,1.248109375676795,5.736092088042461,-0.4675236847410826,0.49946987407170346,0.2563295456200834,0.043935245679311855,-0.05567992173607453,0.033661279424768244
7.029812923745095,1.2501490001018152,5.737705673085906,-0.4680805690826449,0.49980648518233023,0.25634524171805717,0.043891437045787525,-0.055696935565061806,0.033660915103915015
7.039812923745095,1.2521884292013359,5.739319634434612,-0.46863762323326963,0.5001430920616108,0.2563608769846798,0.043847446451410234,-0.05571388358451219,0.03366043532782447
7.049812923745096,1.2542276632993041,5.740933970246006,-0.4691948465358873,0.5004796936159872,0.2563764516915997,0.04380327464559086,-0.05573076600457764,0.0336598537935707
7.0598129237450955,1.2562667027221592,5.742548678683464,-0.46975223833553653,0.5008162888898525,0.2563919661176434,0.043758922349271645,-0.055747583034801484,0.03365918405813649
7.069812923745095,1.2583055477987055,5.744163757916465,-0.47030979797934797,0.5011528770626655,0.25640742054842436,0.04371439025564889,-0.05576433488412196,0.03365843954445499
7.079812923745095,1.2603441988594555,5.7457792061211865,-0.47086752481648425,0.501489457441402,0.2564228152749896,0.04366967903216069,-0.05578102176087988,0.03365763356043413
7.089812923745096,1.2623826562380382,5.747395021478603,-0.4714254181983399,0.5018260294953872,0.25643815059834385,0.04362478931179516,-0.05579764387277316,0.03365677922731353
7.0998129237450955,1.264420920270339,5.749011202176076,-0.4719834774783775,0.5021625928228379,0.256453426825473,0.043579721701286316,-0.05581420142689913,0.03365588954365766
7.109812923745095,1.2664589912942796,5.750627746407675,-0.47254170201209544,0.5024991471447112,0.25646864426856114,0.0435344767826389,-0.05583069462976218,0.033654977397708424
7.119812923745096,1.2684968696498211,5.752244652374174,-0.4731000911570272,0.5028356923047045,0.2564838032449905,0.043489055113128505,-0.055847123687273834,0.033654055567385106
7.129812923745096,1.2705345556789607,5.7538619182830555,-0.47365864427274196,0.5031722282692556,0.2564989040773415,0.043443457225301484,-0.05586348880475269,0.03365313672028442
7.139812923745096,1.2725720497257342,5.755479542348509,-0.4742173607208439,0.5035087551275425,0.25651394709339276,0.04339768362697499,-0.055879790186924454,0.03365223341368048
7.149812923745095,1.274609352136215,5.757097522791429,-0.474776239864973,0.5038452730914837,0.2565289326261211,0.04335173480123698,-0.055896028037921944,0.03365135809452482
7.159812923745096,1.2766464632585135,5.758715857839419,-0.47533528107080436,0.5041817824957381,0.25654386101370136,0.04330561120644621,-0.055912202561285054,0.03365052309944636
7.169812923745096,1.2786833834427787,5.760334545726789,-0.47589448370604864,0.5045182837977046,0.25655873259950673,0.0432593132762322,-0.05592831395996079,0.033649740654751466
7.179812923745096,1.2807201130411967,5.761953584694556,-0.4764538471404518,0.5048547775775227,0.25657354773210844,0.043212841419495295,-0.05594436243630326,0.033649022876423886
7.189812923745096,1.2827566524079799,5.763572972990454,-0.4770133707457939,0.5051912645379031,0.25658830676525224,0.04316619602045056,-0.05596034819207395,0.03364838177051827
7.199812923745096,1.2847930018984153,5.76519270886981,-0.4775730538957981,0.5055277454934826,0.25660301005614466,0.043119377441480665,-0.055976271428459394,0.03364782926054639
7.209812923745096,1.2868291618702123,5.766812790593895,-0.4781328959663109,0.505864221398154,0.25661765796886143,0.04307238601618761,-0.055992132346024674,0.03364737712873961
7.219812923745096,1.2888651326833074,5.76843321643053,-0.47869289633523726,0.5062006933305772,0.2566322508728932,0.04302522205289298,-0.056007931144735026,0.033647037041807444
7.229812923745096,1.290900914699089,5.770053984654974,-0.4792530543824437,0.5065371624799067,0.2566467891412736,0.04297788583828877,-0.056023668023979144,0.03364682058236579
7.239812923745096,1.2929365082803992,5.771675093549925,-0.47981336948975833,0.5068736301457919,0.2566612731505794,0.04293037763743745,-0.05603934318256922,0.03364673924893695
7.249812923745096,1.2949719137915319,5.773296541405521,-0.4803738410409711,0.5072100977383773,0.2566757032809306,0.04288269769377186,-0.05605495681874092,0.03364680445594963
7.259812923745096,1.297007131598234,5.774918326519339,-0.4809344684218334,0.507546566778302,0.25669007991599024,0.0428348462290953,-0.05607050913015337,0.03364702753373894
7.269812923745095,1.2990421620677053,5.776540447196397,-0.4814952510200584,0.5078830388966998,0.2567044034429644,0.042786823443581506,-0.0560860003138892,0.03364741972854639
7.279812923745094,1.3010770055685983,5.778162901749151,-0.48205618822532115,0.5082195158351996,0.2567186742526025,0.04273862951577461,-0.05610143056645451,0.03364799220251989
7.289812923745095,1.303111662471018,5.779785688497497,-0.482617279429258,0.5085559994459251,0.2567328927391968,0.04269026460258919,-0.05611680008377886,0.03364875603371376
7.299812923745095,1.3051461331465222,5.781408805768772,-0.483178524025467,0.5088924916914945,0.25674705930058295,0.04264172883931027,-0.05613210906121532,0.033649722216088716
7.309812923745095,1.307180417968121,5.783032251897749,-0.48373992140950817,0.5092289946450212,0.2567611743381395,0.042593022339593264,-0.05614735769354041,0.03365090165951187
7.319812923745094,1.3092145173102223,5.784656025226663,-0.4843014709789018,0.509565510490621,0.2567752382567903,0.04254414519536594,-0.05616254617495362,0.03365230518952297
7.329812923745095,1.3112484315480295,5.786280124105341,-0.4848631721331243,0.509902041529801,0.25678925146506126,0.04249509747554975,-0.056177674699068994,0.033653943543323524
7.339812923745095,1.3132821610582108,5.787904546891167,-0.48542502427360457,0.5102385901707326,0.2568032143745982,0.04244587922832549,-0.05619274345892609,0.03365582738013788
7.349812923745095,1.3153157062185103,5.789529291949439,-0.485987026803683,0.5105751589240851,0.2568171273995811,0.042396490482273716,-0.0562077526470007,0.03365796729205923
7.359812923745094,1.317349067407576,5.7911543576534426,-0.4865491791286057,0.5109117504039742,0.2568309909566864,0.04234693124621844,-0.0562227024552045,0.03366037380432081
7.369812923745095,1.3193822450049606,5.792779742384452,-0.4871114806555241,0.5112483673279621,0.256844805465087,0.04229720150922709,-0.05623759307488503,0.033663057375295936
7.379812923745095,1.32141523939112,5.794405444531728,-0.4876739307934953,0.5115850125170576,0.2568585713464521,0.04224730124061055,-0.056252424696825745,0.033666028396497974
7.389812923745095,1.3234480509474151,5.79603146249252,-0.48823652895348174,0.5119216888957158,0.2568722890249476,0.04219723038992316,-0.05626719751124599,0.03366929719258034
7.398964000723853,1.3253081325689895,5.797519719423587,-0.4887514960670333,0.5122298139481323,0.2568848003028974,0.042151260634520946,-0.056280664857971,0.03367255815811317
7.408964000723853,1.3273405668451033,5.799146241368865,-0.48931427236025216,0.5125662271609959,0.25689818463330755,0.04210071184102673,-0.05629498601690448,0.03367507955600223
7.418964000723853,1.329372846757823,5.800773167756948,-0.4898772952996749,0.5129029931541588,0.25691176253100845,0.04205015989680664,-0.05630959252590975,0.03367804724434421
7.4289640007238535,1.3314049452513492,5.8024004038863985,-0.49044046402334657,0.5132397863711129,0.2569252914922219,0.04199944837939754,-0.05632414289701426,0.03368052699910802
7.438964000723853,1.333436862661157,5.804027948244963,-0.4910037779708393,0.5135766020208538,0.25693877150381755,0.04194857863722055,-0.05633863731124258,0.03368253316645923
7.448964000723853,1.3354685993253326,5.8056557993230555,-0.49156723658350787,0.5139134354466418,0.2569522025616557,0.04189755198974829,-0.05635307594908829,0.03368407992956216
7.458964000723853,1.3375001555845731,5.807283955613759,-0.4921308393044898,0.5142502821260025,0.2569655846705868,0.041846369727505,-0.05636745899051399,0.033685181308579955
7.468964000723854,1.3395315317821879,5.808912415612823,-0.4926945855787051,0.5145871376707265,0.2569789178444517,0.041795033112066456,-0.056381786614951294,0.03368585116067449
7.478964000723853,1.3415627282640978,5.810541177818664,-0.49325847485285657,0.5149239978268689,0.25699220210608165,0.04174354337605999,-0.05639605900130083,0.03368610318000646
7.488964000723853,1.3435937453788347,5.812170240732371,-0.4938225065754295,0.5152608584747502,0.2570054374872981,0.04169190172316452,-0.056410276327932246,0.03368595089773532
7.498964000723854,1.3456245834775422,5.813799602857695,-0.49438668019669196,0.5155977156289557,0.25701862402891296,0.0416401093281105,-0.05642443877268418,0.03368540768201931
7.508964000723854,1.3476552429139754,5.815429262701059,-0.4949509951686947,0.5159345654383358,0.25703176178072845,0.04158816733667996,-0.05643854651286431,0.03368448673801545
7.518964000723853,1.3496857240445013,5.817059218771551,-0.4955154509452709,0.5162714041860058,0.25704485080153716,0.0415360768657065,-0.056452599725249325,0.03368320110787952
7.528964000723853,1.351716027227803,5.818689469581454,-0.49608004698197977,0.5166082282775804,0.25705789115743366,0.04148383900594504,-0.05646659858609691,0.03368156369267362
7.538964000723854,1.3537461528250716,5.820320013645337,-0.4966447827361964,0.5169450342658899,0.25707088292450864,0.041431454816192884,-0.05648054327111965,0.03367958720964594
7.548964000723854,1.3557761012002643,5.821950849480161,-0.4972096576671128,0.5172818188448438,0.25708382618860925,0.04137892532464778,-0.05649443395548955,0.03367728420037835
7.558964000723853,1.3578058727197946,5.823581975606243,-0.4977746712356407,0.5176185788249307,0.2570967210423564,0.04132625153478114,-0.05650827081386267,0.03367466707406347
7.568964000723854,1.359835467752531,5.825213390547254,-0.49833982290441153,0.5179553111332125,0.2571095675851442,0.04127343442533939,-0.05652205402037912,0.033671748107514866
7.578964000723854,1.3618648866697978,5.826845092830219,-0.49890511213777644,0.518292012813325,0.2571223659231394,0.04122047495034397,-0.05653578374866307,0.03366853944516704
7.588964000723854,1.3638941298453742,5.828477080985516,-0.4994705384018063,0.5186286810254773,0.25713511616928203,0.04116737403909133,-0.05654946017182278,0.033665053099075415
7.5989640007238535,1.3659231976554949,5.830109353546882,-0.5000361011642918,0.5189653130464523,0.2571478184432851,0.04111413259615293,-0.05656308346245056,0.033661300948916346
7.608964000723854,1.36795209047885,5.831741909051403,-0.5006017998947431,0.5193019062696062,0.2571604728716345,0.04106075150137525,-0.05657665379262278,0.033657294741987136
7.618964000723852,1.3699808086965848,5.833374746039524,-0.5011676340643902,0.5196384582048688,0.25717307958758917,0.0410072316098798,-0.05659017133389989,0.03365304609320599
7.628964000723852,1.3720093526923003,5.835007863055043,-0.5017336031461831,0.5199749664787435,0.2571856387311811,0.04095357375206305,-0.056603636257326395,0.03364856648511207
7.638964000723853,1.3740377228520528,5.83664125864511,-0.5022997066147912,0.5203114288343075,0.2571981504492153,0.04089977873359654,-0.05661704873343087,0.03364386726786546
7.648964000723852,1.3760659195639626,5.8382749313607984,-0.5028659439465397,0.5206478431194553,0.2572106148936496,0.040845847338329695,-0.05663040893224068,0.03363895968261284
7.658964000723852,1.3780939432185364,5.839908879756211,-0.5034323146195065,0.5209842073097977,0.25722303222403325,0.04079178032279352,-0.056643717023253465,0.033633854820441164
7.668964000723853,1.38012179420898,5.841543102388381,-0.5039988181135403,0.5213205195074385,0.2572354026077866,0.04073757841637863,-0.056656973175436345,0.033628563621290894
7.678964000723853,1.3821494729306845,5.843177597818321,-0.5045654539101465,0.5216567779163496,0.2572477262172527,0.04068324232730863,-0.056670177557255896,0.0336230969198609
7.688964000723852,1.3841769797812233,5.844812364611021,-0.5051322214924873,0.5219929808423471,0.25726000322969494,0.04062877274264563,-0.056683330336678196,0.03361746544565161
7.698964000723852,1.386204315160354,5.8464474013354515,-0.5056991203453816,0.522329126693093,0.2572722338272964,0.04057417032829022,-0.05669643168116883,0.03361167982296501
7.708964000723853,1.3882314794700177,5.8480827065645595,-0.5062661499553051,0.5226652139780937,0.2572844181971606,0.04051943572898152,-0.056709481757692845,0.03360575057090461
7.718964000723853,1.3902584731143384,5.849718278875273,-0.5068333098103901,0.5230012413087012,0.2572965565313107,0.040464569568297123,-0.05672248073271481,0.0335996881033755
7.7289640007238525,1.3922852964996237,5.851354116848497,-0.5074005994004259,0.5233372073981118,0.25730864902669026,0.04040957244865314,-0.056735428772198775,0.0335935027290843
7.738964000723853,1.3943119500343657,5.852990219069116,-0.5079680182168582,0.5236731110613677,0.2573206958851627,0.04035444495130417,-0.05674832604160829,0.033587204651539165
7.748964000723853,1.3963384341292384,5.854626584125991,-0.5085355657527898,0.5240089512153555,0.2573326973135115,0.04029918763634333,-0.05676117270590638,0.03358080396904985
7.758964000723853,1.3983647491971003,5.8562632106119645,-0.5091032415029798,0.5243447268788071,0.2573446535234402,0.04024380104270223,-0.05677396892955559,0.033574310674727596
7.7689640007238525,1.400390895652909,5.857900097123955,-0.5096710449638329,0.5246804371705331,0.2573565647313326,0.04018828568859738,-0.056786714876520816,0.033567734660304285
7.778964000723853,1.4024168739130598,5.8595372422635394,-0.510238975633327,0.5250160813012458,0.25736843115680813,0.04013264207369961,-0.05679941071028406,0.033561085736881775
7.788964000723853,1.4044426843967053,5.861174644635326,-0.5108070330112117,0.5253516586048441,0.2573802530266906,0.04007687067129364,-0.05681205659379315,0.033554373569329166
7.798964000723853,1.406468327525059,5.86281230284814,-0.5113752165988698,0.5256871685118114,0.2573920305720316,0.04002097193478671,-0.056824652689500696,0.03354760772741836
7.8089640007238525,1.408493803721136,5.864450215515368,-0.5119435258992775,0.5260226105424748,0.2574037640272679,0.03996494629938832,-0.05683719915937465,0.03354079769969496
7.818964000723853,1.4105191134097554,5.86608838125495,-0.5125119604170045,0.5263579843070063,0.25741545363022117,0.03990879418211019,-0.05684969616489833,0.03353395289347826
7.828964000723853,1.4125442570175377,5.867726798689389,-0.5130805196582134,0.5266932895054222,0.2574270996220984,0.039852515981766305,-0.0568621438670704,0.033527082634861295
7.838964000723853,1.4145692349729058,5.869365466445745,-0.5136492031306604,0.5270285259275833,0.2574387022474916,0.03979611207897285,-0.05687454242640487,0.03352019616871077
7.8489640007238535,1.4165940477060852,5.871004383155638,-0.5142180103436947,0.5273636934531948,0.25745026175437774,0.039739582836148285,-0.0568868920029311,0.03351330265866713
7.858964000723853,1.4186186956491038,5.872643547455244,-0.514786940808259,0.5276987920518066,0.2574617783941191,0.039682928597513295,-0.05689919275619381,0.0335064111871445
7.868964000723853,1.420643179235792,5.874282957985301,-0.515355994036889,0.5280338217828127,0.25747325242146296,0.03962614968909081,-0.05691144484525306,0.03349953075533074
7.878964000723853,1.4226674989017827,5.8759226133911024,-0.515925169543714,0.5283687827954517,0.2574846840945416,0.03956924641870599,-0.05692364842868426,0.033492670283187406
7.8889640007238535,1.4246916550845106,5.877562512322502,-0.5164944668444563,0.528703675328807,0.2574960736748726,0.03951221907598624,-0.05693580366457819,0.033485838609449745
7.898964000723853,1.426715648223183,5.879202653433912,-0.5170638854564316,0.5290384997123784,0.25750742142737476,0.03945506793223962,-0.056947910710540464,0.033479044491068165
7.908964000723853,1.4287394787583627,5.880843035384303,-0.5176334248985491,0.5293732563732131,0.257518727620499,0.039397793238953836,-0.05695996972368494,0.03347229659672636
7.918964000723854,1.4307631471323403,5.882483656837433,-0.5182030846912884,0.5297079458222519,0.25752999252543196,0.03934039523084143,-0.0569719808606471,0.033465603524459805
7.9289640007238535,1.43278665378897,5.884124516462001,-0.5187728643566789,0.5300425686520692,0.2575412164158109,0.039282874126437224,-0.056983944277589994,0.0334589738071657
7.938964000723853,1.4348099991735603,5.885765612931654,-0.5193427634182985,0.5303771255386104,0.2575523995677653,0.03922523012773592,-0.056995860130203024,0.03345241591109115
7.948964000723853,1.4368331837328743,5.887406944924984,-0.5199127814012742,0.5307116172411923,0.2575635422599173,0.03916746342019212,-0.05700772857370198,0.03344593823583322
7.958964000723854,1.4388562079151292,5.889048511125532,-0.5204829178322811,0.5310460446025036,0.25757464477338127,0.039109574172720284,-0.057019549762829067,0.033439549114338885
7.9681150777026115,1.4407073527673682,5.890550925102989,-0.5210047574592563,0.5313520260622271,0.25758476980318146,0.039056492029337926,-0.057030326148013386,0.03343378701633014
7.978115077702611,1.442730044771903,5.892192839222292,-0.521575015749656,0.5316860037046338,0.257595553982855,0.03899821475958614,-0.05704171771507949,0.03342672802412795
7.988115077702612,1.4447526032044056,5.893835077486284,-0.5221454914030544,0.5320202414272012,0.25760653452458876,0.038939976570734725,-0.0570534054856888,0.03342086391161099
7.998115077702612,1.446775002916266,5.895477544871031,-0.5227160837084038,0.5323544217642137,0.2576174710866606,0.03888161946589327,-0.05706504813758286,0.033415253218019914
8.008115077702612,1.4487972442999857,5.897120240092462,-0.5232867922153289,0.5326885472929501,0.2576283640683421,0.038823143277231194,-0.05707664581803199,0.03340990297712785
8.018115077702612,1.450819327749031,5.89876316187286,-0.523857616474896,0.5330226206583633,0.2576392138688874,0.03876454782451964,-0.057088198673863416,0.03340482019318373
8.028115077702612,1.4528412536578348,5.900406308940855,-0.5244285560396134,0.5333566445730802,0.25765002088753297,0.038705832915131466,-0.05709970685146127,0.03340001184091229
8.038115077702612,1.4548630224217958,5.902049680031431,-0.5249996104634305,0.5336906218174019,0.257660785523498,0.038646998344041235,-0.05711117049676657,0.0333954848655141
8.048115077702612,1.4568846344372786,5.903693273885917,-0.5255707793017389,0.5340245552393036,0.2576715081759841,0.03858804389382521,-0.05712258975527724,0.033391246182665514
8.058115077702611,1.4589060901016133,5.905337089251995,-0.5261420621113716,0.5343584477544346,0.25768218924417546,0.03852896933466139,-0.0571339647720481,0.03338730267851872
8.068115077702611,1.460927389813097,5.906981124883697,-0.5267134584506034,0.5346923023461184,0.25769282912723873,0.038469774424329466,-0.05714529569169089,0.0333836612097017
8.078115077702613,1.4629485339709916,5.9086253795414025,-0.5272849678791507,0.5350261220653527,0.257703428224323,0.03841045890821084,-0.057156582658374214,0.03338032860331827
8.088115077702613,1.4649695229755255,5.910269851991844,-0.5278565899581718,0.535359910030809,0.2577139869345601,0.03835102251928865,-0.05716782581582361,0.03337731165694804
8.098115077702612,1.466990357227893,5.911914541008102,-0.5284283242502661,0.5356936694288332,0.2577245056570641,0.03829146497814771,-0.057179025307321496,0.03337461713864642
8.108115077702612,1.469011037130254,5.913559445369606,-0.5290001703194754,0.5360274035134454,0.2577349847909319,0.03823178599297458,-0.057190181275707186,0.03337225178694467
8.118115077702612,1.4710315630857091,5.915204563862155,-0.5295721277312807,0.5363611156062978,0.2577454247352288,0.038171985259577934,-0.0572012938633774,0.03337022231118719
8.128115077702612,1.4730519354966694,5.916849895278865,-0.5301441960524932,0.5366948090962689,0.2577558258882163,0.03811206246217371,-0.0572123632123128,0.03336853540975575
8.138115077702611,1.4750721547673895,5.9184954384185255,-0.530716374851466,0.5370284874476,0.2577661886488707,0.03805201727042829,-0.057223389464018774,0.03336719773054291
8.148115077702613,1.47709222130357,5.920141192085987,-0.5312886636980321,0.5373621541924143,0.2577765134163032,0.037991849341353585,-0.05723437275954692,0.03336621588645539
8.158115077702613,1.479112135511087,5.921787155092976,-0.531861062163401,0.5376958129271681,0.2577868005890014,0.03793155832066506,-0.0572453132395227,0.033365596474439346
8.168115077702613,1.4811318977959926,5.923433326258091,-0.5324335698201597,0.5380294673126512,0.25779705056482943,0.03787114384278174,-0.05725621104414553,0.03336534607548035
8.178115077702612,1.483151508564514,5.925079704406804,-0.5330061862422719,0.5383631210739871,0.2578072637410278,0.03781060553082618,-0.05726706631318872,0.03336547125460343
8.18811507770261,1.485170968223054,5.926726288371464,-0.5335789110050786,0.5386967780006325,0.25781744051421357,0.0377499429966245,-0.05727787918599951,0.033365978560873054
8.19811507770261,1.4871902771781922,5.92837307699129,-0.5341517436852978,0.5390304419463778,0.25782758128038025,0.03768915584070634,-0.05728864980149904,0.03336687452739313
8.208115077702612,1.4892094358366825,5.930020069112379,-0.5347246838610246,0.5393641168293467,0.2578376864348977,0.03762824365230492,-0.05729937829818236,0.033368165671306994
8.218115077702612,1.491228444605455,5.931667263587698,-0.5352977311117306,0.5396978066319962,0.25784775637251245,0.037567206009356986,-0.05731006481411843,0.03336985849379743
8.228115077702611,1.4932473038916154,5.933314659277092,-0.5358708850182653,0.5400315154011169,0.2578577914873474,0.03750604247850285,-0.05732070948695015,0.03337195948008665
8.238115077702611,1.4952660141024452,5.934962255047275,-0.5364441451628545,0.5403652472478331,0.25786779217290184,0.03744475261508636,-0.05733131245389431,0.033374475099436335
8.24811507770261,1.4972845756454014,5.936610049771841,-0.5370175111291016,0.5406990063476022,0.2578777588220516,0.03738333596315492,-0.05734187385174162,0.03337741180514756
8.25811507770261,1.4993029889281164,5.938258042331253,-0.5375909825019866,0.5410327969402151,0.25788769182704907,0.03732179205545947,-0.0573523938168567,0.033380776034560876
8.26811507770261,1.5013212543582792,5.939906231612925,-0.5381645588678582,0.5413666233297529,0.2578975915794729,0.037260120413517096,-0.057362872485180384,0.03338457421038533
8.278115077702612,1.5033393723416757,5.941554616512406,-0.5387382398143084,0.5417004898861376,0.2579074584694905,0.037198320548113874,-0.0573733099922613,0.033388812759054635
8.288115077702612,1.5053573432859446,5.943203195930955,-0.5393120249304574,0.5420344010491945,0.25791729288749876,0.037136391956714664,-0.05738370647317587,0.03339349806488937
8.298115077702612,1.5073751675991183,5.944851968776568,-0.5398859138068202,0.5423683613227238,0.25792709522327945,0.03707433412546817,-0.057394062062568925,0.03339863649440137
8.308115077702611,1.5093928456885448,5.946500933964669,-0.5404599060352246,0.5427023752732719,0.25793686586551395,0.03701214652996367,-0.05740437689467639,0.033404234409532135
8.318115077702611,1.5114103779608872,5.948150090418112,-0.541034001208812,0.5430364475301317,0.2579466052017834,0.03694982863523105,-0.057414651103325304,0.03341029816765281
8.328115077702611,1.5134277648221246,5.949799437067181,-0.5416081989220357,0.5433705827853427,0.25795631361856863,0.03688737989574074,-0.057424884821933815,0.033416834121564244
8.33811507770261,1.5154450066775516,5.951448972849588,-0.542182498770663,0.5437047857936906,0.2579659915012502,0.03682479975540379,-0.057435078183511186,0.033423848619496904
8.348115077702612,1.5174621039317777,5.953098696710476,-0.5427569003517736,0.5440390613727079,0.2579756392341083,0.03676208764757182,-0.05744523132065778,0.03343134800511096
8.358115077702612,1.5194790569887289,5.954748607602415,-0.5433314032637605,0.5443734144026732,0.257985257200323,0.03669924299503702,-0.05745534436556506,0.03343933861749621
8.368115077702612,1.5214958662516458,5.956398704485407,-0.5439060071063294,0.5447078498266118,0.2579948457819738,0.03663626521003217,-0.05746541745001563,0.033447826791172156
8.378115077702612,1.5235125321230851,5.958048986326883,-0.5444807114804991,0.5450423726502953,0.2580044053600402,0.03657315369423065,-0.05747545070538316,0.03345681885608792
8.388115077702611,1.525529055004919,5.9596994521017015,-0.5450555159886017,0.5453769879422421,0.25801393631440117,0.0365099078387464,-0.05748544426263246,0.03346632113762233
8.398115077702611,1.5275454352983349,5.961350100792153,-0.5456304202342818,0.5457117008337165,0.2580234390238356,0.03644652702413396,-0.05749539825231943,0.033476339956583855
8.408115077702611,1.5295616734038358,5.963000931387955,-0.5462054238224971,0.5460465165187296,0.2580329138660219,0.03638301062038844,-0.0575053128045911,0.03348688162921062
8.41811507770261,1.5315777697212405,5.964651942886257,-0.5467805263595187,0.5463814402540389,0.25804236121753826,0.03631935798694554,-0.05751518804918558,0.03349795246717043
8.428115077702612,1.5335937246492826,5.966303134291863,-0.5473557274529169,0.546716477361639,0.2580517814538014,0.036255568472292145,-0.05752502411543394,0.03350955877782965
8.438115077702612,1.5356095385850481,5.967954504617502,-0.5479310267115592,0.5470516332340458,0.2580611749489962,0.03619164141299881,-0.05753482113225612,0.033521706861657
8.448115077702612,1.537625211925572,5.9696060528829555,-0.5485064237456475,0.5473869133217475,0.2580705420762,0.03612757613586645,-0.05754457922815918,0.0335344030150906
8.458115077702612,1.5396407450665202,5.971257778115878,-0.5490819181666483,0.5477223231376058,0.25807988320708336,0.03606337195752336,-0.05755429853125452,0.03354765353746273
8.468115077702612,1.5416561384020893,5.97290967935186,-0.5496575095872894,0.5480578682573712,0.2580891987118921,0.03599902818435335,-0.05756397916925879,0.033561464731248325
8.478115077702611,1.5436713923250065,5.9745617556344275,-0.5502331976215589,0.548393554319682,0.2580984889594475,0.035934544112495706,-0.05757362126949379,0.033575842902064966
8.488115077702611,1.5456865072265293,5.976214006015045,-0.5508089818847058,0.548729387026065,0.258107754317146,0.03586991902784523,-0.05758322495888653,0.033590794358672876
8.498115077702613,1.5477014834964462,5.97786642955311,-0.5513848619932401,0.5490653721409352,0.25811699515095937,0.035805152206052224,-0.057592790363969235,0.033606325412974945
8.508115077702612,1.5497163215230758,5.979519025315957,-0.5519608375649321,0.549401515491596,0.2581262118254349,0.03574024291252247,-0.05760231761087929,0.03362244238001671
8.518115077702612,1.5517310216932674,5.9811717923788565,-0.5525369082188131,0.549737822968239,0.25813540470369495,0.03567519040241727,-0.0576118068253593,0.03363915157798634
8.528115077702612,1.5537455843924006,5.982824729825014,-0.5531130735751751,0.550074300523944,0.2581445741474373,0.03560999392065339,-0.05762125813275707,0.03365645932821469
8.537266154681369,1.555589006092082,5.9843374941329595,-0.5536404095902324,0.5503823678809171,0.258152944947933,0.03555020530953844,-0.057629873986666885,0.033672827659051045
8.547266154681369,1.5576032822582933,5.985990657855297,-0.5542166516244029,0.5507188549692704,0.2581618307212836,0.035484577822925675,-0.05763891349778605,0.033690246115471244
8.557266154681368,1.5596174456845393,5.98764408361603,-0.5547930875118767,0.5510558509506782,0.25817093094184435,0.03541896559344475,-0.05764825799967626,0.033709021432820015
8.567266154681368,1.5616314730636152,5.989297676287155,-0.555369616663235,0.5513930366906246,0.25818000628822624,0.03535321084226172,-0.057657566301623615,0.03372820009010118
8.577266154681368,1.5636453647325135,5.9909514350052255,-0.5559462387171399,0.5517304162658148,0.2581890570318204,0.03528731315988424,-0.05766683852293152,0.03374778949917665
8.58726615468137,1.565659121026807,5.9926053589137895,-0.5565229533134198,0.5520679938251823,0.2581980834439913,0.035221272124145685,-0.05767607478253619,0.03376779705410692
8.59726615468137,1.5676727422806473,5.994259447163391,-0.5570997600930709,0.5524057735898892,0.25820708579607704,0.035155087300205175,-0.057685275199006646,0.033788230131151044
8.60726615468137,1.5696862288267661,5.9959136989115684,-0.5576766586982558,0.5527437598533255,0.258216064359389,0.03508875824054755,-0.05769443989054472,0.03380909608876665
8.617266154681369,1.5716995809964736,5.9975681133228536,-0.558253648772304,0.5530819569811097,0.2582250194052121,0.03502228448498343,-0.057703568974985055,0.03383040226760992
8.627266154681369,1.57371279911966,5.999222689568773,-0.558830729959712,0.5534203694110885,0.25823395120480475,0.034955665560649114,-0.057712662569795105,0.03385215599053564
8.637266154681368,1.5757258835247951,6.000877426827848,-0.5594079019061433,0.5537590016533372,0.2582428600293987,0.03488890098200669,-0.05772172079207513,0.03387436456259712
8.647266154681368,1.5777388345389276,6.002532324285594,-0.5599851642584283,0.554097858290159,0.2582517461501994,0.034821990250843954,-0.05773074375855821,0.03389703527104627
8.65726615468137,1.579751652487686,6.004187381134522,-0.5605625166645641,0.5544369439760856,0.2582606098383855,0.03475493285627444,-0.05773973158561022,0.03392017538533355
8.66726615468137,1.5817643376952781,6.005842596574136,-0.5611399587737151,0.554776263437877,0.2582694513651092,0.03468772827473744,-0.057748684389229865,0.033943792157107994
8.67726615468137,1.583776890484491,6.007497969810935,-0.5617174902362123,0.5551158214745215,0.25827827100149625,0.034620375969997966,-0.05775760228504864,0.03396789282021721
8.68726615468137,1.5857893111766914,6.009153500058414,-0.5622951107035538,0.5554556229572358,0.2582870690186457,0.03455287539314676,-0.057766485388330874,0.033992484590707375
8.697266154681369,1.5878016000906576,6.010809186537923,-0.5628728198283379,0.5557956728305004,0.25829584568696323,0.03448522598292445,-0.05777533381399156,0.03401757467743977
8.707266154681369,1.5898137575433742,6.01246502847791,-0.5634506172643354,0.5561359761169955,0.25830460127679655,0.03441742716418653,-0.05778414767657321,0.034043170265357435
8.717266154681369,1.5918257838518177,6.014121025112696,-0.5640285026665767,0.5564765379125141,0.2583133360592697,0.03434947834821897,-0.057792927090223864,0.034069278504937045
8.72726615468137,1.5938376793307534,6.015777175684239,-0.5646064756912064,0.5568173633832746,0.25832205030484523,0.03428137893442727,-0.05780167216873926,0.03409590653991171
8.73726615468137,1.5958494442927131,6.01743347944215,-0.5651845359954816,0.5571584577659163,0.2583307442833104,0.03421312831034851,-0.057810383025563176,0.03412306150751792
8.74726615468137,1.5978610790479948,6.019089935643697,-0.5657626832377721,0.5574998263675,0.25833941826377715,0.03414472585165136,-0.057819059773787485,0.034150750538495575
8.75726615468137,1.5998725839046632,6.020746543553804,-0.56634091707756,0.5578414745655067,0.25834807251468217,0.03407617092213605,-0.057827702526152124,0.034178980757087966
8.767266154681367,1.6018839591685496,6.022403302445047,-0.56691923717544,0.5581834078078389,0.2583567073037868,0.03400746287373442,-0.05783631139504509,0.03420775928104179
8.777266154681367,1.6038952051432518,6.024060211597662,-0.5674976431931198,0.5585256316128201,0.25836532289817715,0.03393860104650984,-0.057844886492502454,0.03423709322160714
8.787266154681367,1.6059063221301337,6.025717270299535,-0.5680761347934189,0.5588681515691942,0.2583739195642639,0.033869584768657306,-0.057853427930208354,0.034266989683537495
8.797266154681369,1.6079173104283258,6.02737447784621,-0.5686547116402699,0.5592109733361266,0.25838249756778253,0.03380041335650337,-0.057861935819494996,0.03429745576508973
8.807266154681368,1.6099281703347255,6.029031833540886,-0.5692333733987178,0.5595541026432035,0.25839105717379324,0.033731086114506176,-0.05787041027134266,0.03432849855802414
8.817266154681368,1.6119389021439958,6.030689336694415,-0.5698121197349203,0.559897545290432,0.2583995986466808,0.03366160233525544,-0.057878851396379695,0.03436012514760439
8.827266154681368,1.6139495061485671,6.032346986625308,-0.5703909503161473,0.5602413071482402,0.25840812225015475,0.03359196129947245,-0.0578872593048825,0.03439234261259756
8.837266154681368,1.6159599826386357,6.034004782659727,-0.5709698648107815,0.5605853941574772,0.25841662824724937,0.03352216227601009,-0.05789563410677557,0.03442515802527412
8.847266154681368,1.6179703319011132,6.035662724132283,-0.5715488628882613,0.5609298123308503,0.2584251168997977,0.03345220452202084,-0.057903975911647386,0.03445857845942112
8.857266154681367,1.6199805542196555,6.037320810385881,-0.5721279442191043,0.5612745677569071,0.25843358846852527,0.03338208728200499,-0.05791228482874085,0.03449261098277412
8.867266154681369,1.6219906498777874,6.038979040769388,-0.5727071084750712,0.5616196665944078,0.25844204321453007,0.033311809787622104,-0.057920560966907814,0.03452726263533313
8.877266154681369,1.6240006191560123,6.0406374146399475,-0.5732863553289882,0.5619651150721418,0.258450481397725,0.0332413712591211,-0.057928804434661585,0.034562540458731174
8.887266154681368,1.6260104623317029,6.042295931363059,-0.5738656844547404,0.5623109194889985,0.25845890327678095,0.03317077090537609,-0.057937015340178775,0.0345984514972084
8.897266154681368,1.6280201796791007,6.043954590312579,-0.5744450955272724,0.562657086213968,0.2584673091091273,0.033100007923886364,-0.05794519379129927,0.034635002797612106
8.907266154681368,1.6300297714693168,6.045613390870724,-0.5750245882225874,0.5630036216861408,0.25847569915095125,0.033029081500776394,-0.05795333989552625,0.03467220140939674
8.917266154681368,1.6320392379703308,6.047272332428067,-0.575604162217748,0.5633505324147076,0.2584840736571984,0.032957990810795854,-0.057961453760026184,0.03471005438462389
8.927266154681368,1.634048579446992,6.0489314143835395,-0.5761838171908759,0.5636978249789596,0.2584924328815723,0.03288673501731958,-0.05796953549162883,0.034748568777962306
8.93726615468137,1.6360577961610185,6.050590636144429,-0.5767635528211515,0.5640455060282883,0.2585007770765349,0.0328153132723476,-0.05797758519682723,0.03478775164668787
8.947266154681369,1.6380668883709977,6.052249997126384,-0.577343368788815,0.5643935822821856,0.25850910649330616,0.03274372471650514,-0.05798560298177774,0.034827610050683626
8.957266154681369,1.640075856332386,6.053909496753407,-0.577923264775165,0.5647420605302441,0.2585174213818643,0.03267196847904261,-0.05799358895229997,0.03486815105243975
8.967266154681369,1.6420847002975092,6.055569134457862,-0.5785032404625595,0.5650909476321564,0.2585257219909455,0.032600043677835575,-0.058001543213876836,0.03490938171705357
8.977266154681368,1.6440934205155617,6.057228909680467,-0.5790832955344156,0.5654402505177155,0.25853400856804437,0.032527949419384826,-0.05800946587165454,0.03495130911222957
8.987266154681368,1.646102017232608,6.058888821870301,-0.5796634296752095,0.5657899761868151,0.2585422813594135,0.03245568479881632,-0.058017357030442585,0.03499394030827939
8.997266154681368,1.6481104906915804,6.0605488704848,-0.5802436425704762,0.5661401317094509,0.2585505406100636,0.03238324889988091,-0.05802521679471375,0.035037282378120996
9.00726615468137,1.6501188411313925,6.062209054990294,-0.5808239339067932,0.566490724232094,0.2585587865634331,0.032310640793867224,-0.058033045268605976,0.03508134239315083
9.01726615468137,1.6521270687875849,6.063869374861541,-0.5814043033718014,0.5668417609738934,0.2585670194615539,0.032237859540163304,-0.05804084255591681,0.035126127423547614
9.027266154681369,1.654135173892643,6.065529829581669,-0.5819847506541865,0.5671932492202794,0.25857523954511075,0.032164904187627893,-0.058048608760112703,0.03517164454812296
9.037266154681369,1.6561431566751201,6.067190418642778,-0.582565275443652,0.567545196327712,0.2585834470531183,0.03209177377389641,-0.058056343984335325,0.03521790085372712
9.047266154681369,1.6581510173596348,6.068851141545939,-0.583145877430918,0.5678976097236808,0.25859164222292125,0.03201846732538093,-0.05806404833140156,0.03526490343524894
9.057266154681368,1.6601587561668723,6.070511997801195,-0.5837265563077222,0.5682504969067045,0.25859982529019404,0.03194498385727024,-0.05807172190380351,0.035312659395615884
9.067266154681368,1.6621663733135843,6.072172986927561,-0.5843073117668196,0.5686038654463313,0.2586079964889411,0.03187132237352978,-0.05807936480370851,0.03536117584579401
9.07726615468137,1.6641738690125896,6.073834108453024,-0.5848881435019823,0.5689577229831391,0.25861615605149674,0.03179748186690167,-0.0580869771329591,0.03541045990478801
9.08726615468137,1.6661812434727725,6.075495361914541,-0.5854690512079997,0.5693120772287349,0.2586243042085251,0.03172346131890473,-0.05809455899307305,0.03546051869964115
9.09726615468137,1.668188496899084,6.0771567468580425,-0.5860500345806786,0.5696669359657553,0.25863244118902035,0.031649259699834426,-0.058102110485243344,0.03551135936543533
9.106417231660128,1.6700252440745882,6.078677207842874,-0.586581762983231,0.5699921186816566,0.25863987780249487,0.03158119767468784,-0.05810899438938777,0.03555857525812868
9.116417231660128,1.6720322443252507,6.080338745667727,-0.5871627868148427,0.5703476293849014,0.25864775398215956,0.03150648581578745,-0.05811614846207608,0.03560885101033329
9.126417231660128,1.6740391454815768,6.082000507974872,-0.587743985654393,0.5707039678767934,0.2586558504975213,0.03143173956188231,-0.05812361461645569,0.035658617743513005
9.136417231660127,1.6760459264215761,6.083662399779559,-0.588325259010389,0.571060796787832,0.2586639286783028,0.03135680455283337,-0.05813105176625379,0.03570693773385738
9.146417231660127,1.6780525873595826,6.0853244205008865,-0.5889066065932833,0.5714181017812423,0.2586719878436227,0.03128168392490952,-0.058138460007803594,0.03575383286567472
9.156417231660127,1.6800591285127755,6.086986569553199,-0.5894880281144786,0.5717758687245387,0.25868002733105305,0.031206380767374555,-0.05814583943713393,0.03579932472189434
9.166417231660127,1.6820655501011794,6.088648846346086,-0.5900695232863283,0.5721340836895227,0.25868804649661875,0.031130898122487177,-0.05815319014996931,0.03584343458406658
9.176417231660128,1.6840718523476652,6.09031125028438,-0.5906510918221357,0.5724927329522846,0.25869604471479796,0.031055238985501003,-0.05816051224172986,0.03588618343236273
9.186417231660128,1.6860780354779483,6.091973780768162,-0.5912327334361547,0.5728518029932025,0.25870402137852183,0.03097940630466455,-0.058167805807531364,0.03592759194557512
9.196417231660128,1.6880840997205908,6.093636437192756,-0.5918144478435893,0.5732112804969426,0.25871197589917483,0.030903402981221247,-0.05817507094218524,0.03596768050111706
9.206417231660128,1.6900900453069994,6.095299218948731,-0.5923962347605939,0.5735711523524591,0.25871990770659425,0.030827231869409423,-0.05818230774019857,0.036006469175022864
9.216417231660127,1.692095872471442,6.096962125421933,-0.592978093904272,0.5739314056519063,0.258727816248939,0.030750895776718034,-0.05818951629577447,0.036043977743303646
9.226417231660127,1.6941015814513896,6.098625155994049,-0.5935600249926477,0.5742920276732131,0.2587357009900038,0.030674397468088827,-0.05819669670281978,0.036080225699526534
9.236417231660127,1.6961071724869574,6.10028831004116,-0.5941420277447244,0.5746530059309498,0.2587435614145429,0.030597739654122748,-0.0582038490549274,0.03611523218546937
9.246417231660127,1.698112645821303,6.101951586934937,-0.594724101880446,0.5750143281333693,0.2587513970244841,0.030520925000902262,-0.058210973445388614,0.0361490160546989
9.256417231660128,1.700118001700863,6.10361498604322,-0.5953062471206745,0.5753759821626873,0.2587592073367912,0.030443956134576622,-0.05821806996719983,0.03618159589891073
9.266417231660128,1.7021232403753546,6.105278506730012,-0.5958884631871898,0.5757379560750819,0.25876699188346414,0.030366835641361854,-0.05822513871306258,0.03621299004792939
9.276417231660128,1.7041283620977743,6.1069421483554835,-0.5964707498026899,0.5761002381006942,0.25877475021153884,0.03028956606754078,-0.05823217977538349,0.03624321656970829
9.286417231660128,1.7061333671243988,6.108605910275971,-0.5970531066907907,0.5764628166436278,0.25878248188308717,0.030212149919462996,-0.05823919324627433,0.036272293270329714
9.296417231660127,1.7081382557147846,6.110269791843975,-0.5976355335760263,0.576825680281949,0.2587901864752171,0.030134589663544882,-0.058246179217551965,0.03630023769400487
9.306417231660127,1.710143028131768,6.111933792408164,-0.5982180301838488,0.5771888177676872,0.2587978635800727,0.030056887726269608,-0.05825313778073839,0.036327067123073827
9.316417231660127,1.7121476846414652,6.11359791131337,-0.598800596240628,0.5775522180268338,0.25880551280483377,0.02997904649418712,-0.05826006902706072,0.03635279857800555
9.326417231660129,1.7141522255133177,6.115262147900718,-0.5993832314736461,0.5779158701550609,0.2588131337712182,0.029901068314912835,-0.05826697304745292,0.036377448823111315
9.336417231660127,1.716156651020307,6.116926501507994,-0.5999659356110741,0.5782797634060733,0.25882072611343626,0.029822955499951394,-0.058273849932562,0.0364010343783179
9.346417231660126,1.7181609614384925,6.118590971468231,-0.6005487083820408,0.5786438872429964,0.25882828948373743,0.029744710312778835,-0.05828069977272738,0.03642357144823791
9.356417231660126,1.7201651570474286,6.120255557111143,-0.601131549516573,0.5790082312855956,0.2588358235474441,0.02966633498096527,-0.05828752265799942,0.03644507599900674
9.366417231660126,1.7221692381302565,6.121920257763402,-0.6017144587455833,0.5793727853005934,0.25884332798193427,0.029587831698416108,-0.058294318678143074,0.036465563771798506
9.376417231660126,1.7241732049737029,6.123585072748633,-0.6022974358008703,0.579737539201669,0.25885080247664105,0.02950920262537205,-0.058301087922637926,0.03648505028282609
9.386417231660127,1.7261770578680804,6.1252500013874185,-0.6028804804151185,0.5801024830494582,0.258858246733053,0.029430449888409118,-0.05830783048067816,0.03650355082334108
9.396417231660127,1.7281807971072876,6.126915042997294,-0.6034635923218985,0.5804676070515532,0.258865660464714,0.029351575580438626,-0.058314546441172566,0.036521080459633835
9.406417231660127,1.7301844229888084,6.128580196892755,-0.6040467712556663,0.580832901562503,0.2588730433972233,0.02927258176070719,-0.05832123589274455,0.03653765403303344
9.416417231660127,1.7321879358137129,6.130245462385247,-0.6046300169517643,0.5811983570838135,0.25888039526823536,0.029193470454796745,-0.05832789892373214,0.03655328615990772
9.426417231660126,1.734191335886657,6.131910838783174,-0.6052133291464203,0.581563964263947,0.2588877158274602,0.029114243654624516,-0.058334535622187954,0.03656799123166325
9.436417231660126,1.7361946235158883,6.133576325391922,-0.6057967075767472,0.5819297138973953,0.2588950048365595,0.029034903318658024,-0.05834114607587967,0.03658178341604805
9.446417231660126,1.738197799013414,6.135241921514389,-0.6063801519807076,0.5822955969059569,0.25890226206662187,0.028955451376315118,-0.05834773037229969,0.03659467668171857
9.456417231660128,1.7402008626947438,6.13690762644969,-0.6069636620971856,0.582661604388347,0.2589094873029964,0.028875889716549304,-0.05835428859864348,0.036606684725673605
9.466417231660127,1.7422038148790533,6.138573439494056,-0.6075472376659461,0.5830277275856528,0.25891668034246745,0.028796220195723886,-0.0583608208418223,0.036617821025940855
9.476417231660127,1.7442066558893008,6.140239359941343,-0.608130878427608,0.5833939578620129,0.2589238409912928,0.028716444642067043,-0.05836732718847162,0.03662809886951087
9.486417231660127,1.7462093860522272,6.141905387083031,-0.608714584123644,0.5837602867046173,0.2589309690652035,0.028636564855671818,-0.058373807724951085,0.036637531352337056
9.496417231660127,1.7482120056983557,6.1435715202082335,-0.6092983544963801,0.5841267057237082,0.2589380643894041,0.02855658260849612,-0.05838026253734457,0.036646131379335686
9.506417231660127,1.7502145151619926,6.145237758603686,-0.6098821892889964,0.5844932066525791,0.25894512679857234,0.02847649964436272,-0.05838669171146011,0.03665391166438587
9.516417231660126,1.752216914781226,6.146904101553755,-0.6104660882455262,0.5848597813475751,0.25895215613685924,0.02839631767895926,-0.05839309533282997,0.0366608847303296
9.526417231660128,1.7542192048979275,6.148570548340431,-0.6110500511108569,0.5852264217880934,0.25895915225788935,0.02831603839983825,-0.05839947348671059,0.0366670629089717
9.536417231660128,1.7562213858577498,6.150237098243333,-0.6116340776307292,0.5855931200765822,0.25896611502476036,0.02823566346641707,-0.058405826258082626,0.03667245834107986
9.546417231660127,1.7582234580101295,6.1519037505397085,-0.6122181675517379,0.5859598684385418,0.25897304431004337,0.02815519450997795,-0.058412153731650915,0.036677082976384626
9.556417231660127,1.760225421708306,6.153570504504595,-0.6128023206213195,0.5863266592162026,0.2589799399950605,0.028074633135133708,-0.05841845599184798,0.03668094858268222
9.566417231660127,1.7622272773093721,6.155237359410926,-0.6133865365877382,0.5866934848660733,0.25898680196885243,0.027993980920482473,-0.058424733122837406,0.03668406674723925
9.576417231660127,1.7642290251741755,6.15690431452857,-0.6139708152001578,0.5870603379968481,0.2589936301323729,0.027913239409832095,-0.05843098520849259,0.03668644882180605
9.586417231660127,1.7662306656674354,6.158571369125469,-0.6145551562085704,0.5874272113237345,0.2590004243942962,0.02783241012267143,-0.05843721233241853,0.036688105991271966
9.596417231660128,1.7682321991577572,6.160238522467757,-0.6151395593637898,0.5877940976640894,0.2590071846705731,0.02775149455517575,-0.05844341457795408,0.036689049280102505
9.606417231660128,1.7702336260176303,6.161905773819755,-0.6157240244174513,0.5881609899374193,0.2590139108844309,0.027670494180206725,-0.058449592028171925,0.03668928955233928
9.616417231660128,1.7722349466234288,6.163573122443975,-0.6163085511220117,0.5885278811653804,0.2590206029663733,0.02758941044731243,-0.058455744765878614,0.03668883751160006
9.626417231660128,1.774236161355412,6.165240567601117,-0.6168931392307491,0.5888947644717782,0.25902726085418076,0.027508244782727342,-0.05846187287361452,0.03668770370107876
9.636417231660127,1.7762372705977236,6.16690810855007,-0.6174777884977632,0.5892616330825681,0.25903388449291,0.027426998589372347,-0.05846797643365388,0.03668589850354541
9.646417231660127,1.7782382747383922,6.168575744547913,-0.6180624986779754,0.589628480325855,0.25904047383489437,0.027345673246854732,-0.058474055528004776,0.03668343214134619
9.656417231660127,1.7802391741693313,6.170243474849912,-0.6186472695271279,0.5899952996318932,0.2590470288397438,0.027264270111468192,-0.05848011023840913,0.03668031467640342
9.666417231660127,1.7822399692863389,6.171911298709527,-0.6192321008017851,0.5903620845330869,0.2590535494743445,0.02718279051619282,-0.0584861406463427,0.036676556010215536
9.675568308638885,1.7840708212333936,6.173437618506208,-0.6197673371453387,0.5906976966519438,0.259059486417718,0.02710816202736228,-0.05849163789281375,0.036672562857711304
9.685568308638885,1.786071398467888,6.175105521804844,-0.6203521798808223,0.5910640655301846,0.2590657009554645,0.02702638437526456,-0.05849728244724309,0.03666689612147988
9.695568308638885,1.788071891169261,6.176773610796829,-0.6209371825362633,0.5914307103565932,0.2590721082458908,0.026944691066730236,-0.05850324479021948,0.036662054963717675
9.705568308638886,1.7900722809907847,6.178441790318723,-0.6215222446989808,0.5917973060988625,0.25907847188879374,0.026862924857429745,-0.058509183918397885,0.03665708164832683
9.715568308638886,1.7920725682627696,6.180110059573163,-0.6221073661372509,0.5921638514784636,0.2590847921189653,0.026781086093505827,-0.058515099909342255,0.03665198241140998
9.725568308638886,1.7940727533183343,6.1817784177647885,-0.622692546620109,0.5925303452746541,0.2590910691721007,0.026699175109159635,-0.05852099284036973,0.03664676342954747
9.735568308638886,1.7960728364934062,6.183446864100236,-0.6232777859173502,0.5928967863244777,0.25909730328479824,0.02661719222665072,-0.05852686278855063,0.03664143081979731
9.745568308638886,1.7980728181267205,6.1851153977881435,-0.623863083799529,0.5932631735227644,0.2591034946945597,0.02653513775629706,-0.05853270983070845,0.036635990639695214
9.755568308638885,1.8000726985598212,6.18678401803915,-0.6244484400379595,0.5936295058221303,0.25910964363978967,0.02645301199647504,-0.05853853404341984,0.03663044888725457
9.765568308638885,1.8020724781370607,6.188452724065894,-0.6250338544047154,0.593995782232978,0.2591157503597963,0.026370815233619446,-0.05854433550301465,0.036624811500966484
9.775568308638887,1.8040721572055993,6.190121515083013,-0.6256193266726294,0.5943620018234963,0.2591218150947908,0.026288547742223493,-0.05855011428557588,0.03661908435979972
9.785568308638886,1.806071736115406,6.191790390307146,-0.6262048566152946,0.5947281637196602,0.2591278380858875,0.0262062097848388,-0.05855587046693974,0.03661327328320075
9.795568308638886,1.808071215219258,6.193459348956931,-0.6267904440070627,0.595094267105231,0.2591338195751042,0.02612380161207539,-0.05856160412269557,0.03660738403109374
9.805568308638886,1.810070594872741,6.195128390253006,-0.6273760886230457,0.5954603112217562,0.2591397598053615,0.026041323462601712,-0.058567315328185925,0.03660142230388053
9.815568308638886,1.8120698754342484,6.196797513418011,-0.6279617902391146,0.5958262953685698,0.25914565902048364,0.02595877556314462,-0.058573004158506504,0.03659539374244066
9.825568308638886,1.8140690572646776,6.198466717676767,-0.6285475486318772,0.5961922188997342,0.2591515174647756,0.025876158129297562,-0.05857867068851303,0.03658930393607741
9.835568308638885,1.8160681407272046,6.200136002256338,-0.6291333635786703,0.596558081227751,0.259157335382786,0.025793471364792927,-0.058584314992822434,0.036583158419721436
9.845568308638887,1.818067126188632,6.201805366385265,-0.6297192348576593,0.5969238818357865,0.2591631130210702,0.025710715458223926,-0.058589937145783165,0.036576962640857635
9.855568308638887,1.8200660140182408,6.203474809294344,-0.6303051622477409,0.5972896202585098,0.2591688506264523,0.025627890587788516,-0.05859553722150535,0.03657072200061463
9.865568308638887,1.8220648045877064,6.205144330216687,-0.630891145528537,0.597655296081004,0.25917454844590654,0.025544996921566285,-0.05860111529386283,0.03656444185629818
9.875568308638886,1.8240634982710988,6.206813928387713,-0.631477184480394,0.5980209089387661,0.2591802067265573,0.025462034617518465,-0.05860667143649315,0.03655812752139112
9.885568308638886,1.8260620954448838,6.2084836030451545,-0.6320632788843836,0.5983864585177074,0.25918582571567883,0.025379003823487928,-0.05861220572279757,0.0365517842655534
9.895568308638886,1.8280605964879209,6.210153353429053,-0.6326494285223022,0.5987519445541527,0.2591914056606956,0.025295904677199187,-0.05861771822594105,0.03654541731462207
9.905568308638886,1.8300590017814649,6.211823178781763,-0.6332356331766709,0.5991173668348411,0.25919694680918204,0.025212737306258406,-0.05862320901885224,0.03653903185061129
9.915568308638885,1.8320573117091663,6.21349307834795,-0.6338218926307363,0.5994827251969255,0.2592024494088627,0.025129501828153357,-0.05862867817422352,0.03653263301171232
9.925568308638885,1.834055526657069,6.2151630513745895,-0.6344082066684693,0.5998480195279728,0.25920791370761215,0.02504619835025348,-0.05863412576451098,0.036526225892293526
9.935568308638885,1.836053647013613,6.216833097110969,-0.634994575074566,0.6002132497659641,0.25921333995345497,0.024962826969809858,-0.058639551861934376,0.03651981554290037
9.945568308638885,1.8380516731696324,6.218503214808687,-0.6355809976344473,0.6005784158992941,0.2592187283945659,0.024879387773955205,-0.05864495653847722,0.03651340697025543
9.955568308638885,1.8400496055183562,6.220173403721654,-0.6361674741342591,0.6009435179667716,0.25922407927926966,0.024795880839703868,-0.0586503398658867,0.03650700513725839
9.965568308638884,1.8420474444553079,6.221843663106148,-0.6367540043608649,0.6013085560567161,0.2592293928559371,0.024712306234193626,-0.05865570191567596,0.03650061496545793
9.975568308638886,1.8440451903774,6.223513992221302,-0.6373405881017856,0.6016735303021133,0.2592346693720893,0.024628664016132687,-0.05866104275914192,0.03649424135259348
9.985568308638886,1.846042843684921,6.225184390327946,-0.6379272251453497,0.6020384409012287,0.2592399090764263,0.024544954230417703,-0.0586663624673187,0.03648788912005147
9.995568308638886,1.8480404047805243,6.226854856689258,-0.6385139152806085,0.6024032881018389,0.2592451122176716,0.02446117691204532,-0.05867166111100456,0.036481563047198504
10.005568308638885,1.8500378740688035,6.22852539057102,-0.6391006582973039,0.6027680721965837,0.25925027904412057,0.024377332087318068,-0.058676938760772034,0.03647526788300852
10.015568308638885,1.8520352519562915,6.23019599124162,-0.6396874539858682,0.6031327935229661,0.2592554098036408,0.024293419773844357,-0.05868219548696785,0.0364690083460628
10.025568308638885,1.854032538851461,6.231866657972045,-0.6402743021374246,0.6034974524633524,0.2592605047436719,0.02420943998053849,-0.05868743135971299,0.03646278912455
10.035568308638885,1.8560297351647237,6.233537390035887,-0.6408612025437865,0.6038620494449717,0.2592655641112257,0.024125392707620645,-0.058692646448902666,0.03645661487626609
10.045568308638886,1.8580268413084313,6.235208186709345,-0.6414481549974583,0.6042265849399163,0.25927058815288595,0.024041277946616885,-0.05869784082420633,0.036450490228614435
10.055568308638886,1.860023857696875,6.236879047271215,-0.6420351592916345,0.6045910594651416,0.25927557711480875,0.023957095680359163,-0.058703014555067656,0.0364444197786057
10.065568308638886,1.8620207847462855,6.238549971002899,-0.6426222152202004,0.6049554735824662,0.2592805312427221,0.02387284588298531,-0.05870816771070455,0.03643840809285794
10.075568308638886,1.8640176228748329,6.240220957188407,-0.6432093225777319,0.6053198278985715,0.25928545078192616,0.02378852851993904,-0.05871330036010917,0.036432459707596544
10.085568308638885,1.8660143725026268,6.241892005114344,-0.6437964811594954,0.6056841230650026,0.25929033597729323,0.02370414354796995,-0.05871841257204788,0.03642657912865425
10.095568308638885,1.8680110340517166,6.243563114069923,-0.644383690761448,0.6060483597781671,0.2592951870732677,0.023619690915133527,-0.058723504415061294,0.03642077083147114
10.105568308638885,1.8700076079460914,6.245234283346963,-0.6449709511802373,0.606412538779336,0.2593000043138661,0.023535170560791137,-0.058728575957464266,0.03641503926109467
10.115568308638885,1.8720040946116576,6.24690551223989,-0.6455582622132,0.6067766608546578,0.25930478794266404,0.023450582415615658,-0.058733627267346225,0.036409388832413674
10.125568308638886,1.8740004944755275,6.248576800046079,-0.6461456236583275,0.6071407268378526,0.25930953820238145,0.023365926401289715,-0.058738658412580975,0.036403823934895996
10.135568308638886,1.8759968079671248,6.250248146065289,-0.6467330353143329,0.6075047376119967,0.25931425533553004,0.023281202429658494,-0.05874366946080619,0.03639834891706425
10.145568308638886,1.8779930355178271,6.251919549599903,-0.6473204969806173,0.6078686941026022,0.2593189395840902,0.023196410404406318,-0.05874866047943461,0.036392968100392796
10.155568308638886,1.8799891775605038,6.253591009955173,-0.6479080084572423,0.6082325972766784,0.25932359118921544,0.02311155022145478,-0.05875363153566264,0.0363876857861185
10.165568308638885,1.881985234529515,6.255262526439205,-0.6484955695449289,0.6085964481427317,0.2593282103912327,0.023026621768962717,-0.05875858269647031,0.03638250625524068
10.175568308638885,1.8839812068607118,6.256934098362975,-0.6490831800450587,0.6089602477507658,0.2593327974296423,0.022941624927326244,-0.058763514028621316,0.03637743376852117
10.185568308638885,1.8859770949914365,6.258605725040317,-0.6496708397596727,0.6093239971922816,0.2593373525431179,0.022856559569178713,-0.05876842559866301,0.03637247256648428
10.195568308638887,1.887972899360522,6.26027740578793,-0.6502585484914721,0.609687697600277,0.2593418759695065,0.02277142555939075,-0.05877331747292637,0.036367626869416816
10.205568308638886,1.889968620408293,6.261949139925374,-0.6508463060438183,0.6100513501492473,0.2593463679458283,0.022686222755070234,-0.05877818971752604,0.03636290087736808
10.215568308638886,1.8919642585765644,6.263620926775073,-0.6514341122207323,0.6104149560551849,0.2593508287082771,0.022600951005562298,-0.058783042398360304,0.03635829877014984
10.225568308638886,1.8939598143086422,6.265292765662314,-0.6520219668268955,0.6107785165755796,0.25935525849221985,0.022515610152449343,-0.05878787558111109,0.03635382470733636
10.235568308638886,1.8959552880493242,6.266964655915243,-0.6526098696676489,0.611142033009418,0.25935965753219686,0.02243020002955102,-0.05879268933124401,0.03634948282826442
10.244719385617643,1.897781289964122,6.268494659995978,-0.6531479061839077,0.6114746522054567,0.2593636563867,0.022351979721961988,-0.05879707745848694,0.03634562887692567
10.254719385617642,1.899776591748056,6.270166549394719,-0.6537357972911713,0.611837752931405,0.2593677583319239,0.02226628746117475,-0.05880151464121986,0.036340451951749765
10.264719385617642,1.9017718283881453,6.271838582349856,-0.6543238362507428,0.612201135765402,0.25937205464597907,0.022180696316409964,-0.05880627419623968,0.03633609867263172
10.274719385617642,1.9037669844919656,6.273510664159237,-0.6549119227129716,0.6125644743413537,0.2593763106376388,0.022095048871865215,-0.05881101518617607,0.03633160262240653
10.284719385617644,1.9057620603568493,6.2751827942046505,-0.6555000564925509,0.6129277672680004,0.25938052653175625,0.022009345432155963,-0.05881573767335467,0.03632696885500586
10.294719385617643,1.9077570562830197,6.276854971869183,-0.6560882374047835,0.6132910132005756,0.2593847025535116,0.021923586292228455,-0.05882044171990085,0.03632220237465478
10.304719385617643,1.9097519725735899,6.278527196537222,-0.6566764652655815,0.6136542108408063,0.25938883892841147,0.02183777173735973,-0.058825127387739616,0.03631730813587174
10.314719385617643,1.9117468095345633,6.280199467594452,-0.6572647398914669,0.6140173589369131,0.2593929358822893,0.021751902043157616,-0.058829794738595675,0.03631229104346861
10.324719385617643,1.9137415674748337,6.281871784427858,-0.6578530610995712,0.6143804562836098,0.2593969936413051,0.02166597747556073,-0.05883444383399341,0.03630715595255065
10.334719385617642,1.9157362467061847,6.283544146425726,-0.6584414287076354,0.6147435017221035,0.25940101243194563,0.021579998290838474,-0.05883907473525687,0.036301907668516514
10.344719385617642,1.9177308475432902,6.285216552977639,-0.6590298425340102,0.6151064941400946,0.25940499248102433,0.021493964735591044,-0.05884368750350979,0.036296550947058276
10.354719385617644,1.9197253703037147,6.286889003474479,-0.6596183023976558,0.6154694324717771,0.2594089340156812,0.02140787704674942,-0.058848282199675576,0.036291090494161383
10.364719385617644,1.9217198153079122,6.288561497308429,-0.6602068081181423,0.6158323156978383,0.2594128372633831,0.021321735451575372,-0.058852858884477326,0.0362855309661047
10.374719385617643,1.923714182879228,6.29023403387297,-0.6607953595156489,0.6161951428454588,0.2594167024519234,0.021235540167661465,-0.0588574176184378,0.03627987696946048
10.384719385617643,1.925708473343896,6.291906612562884,-0.6613839564109648,0.6165579129883126,0.2594205298094222,0.021149291402931047,-0.05886195846187945,0.03627413306109439
10.394719385617643,1.9277026870310172,6.293579232774262,-0.6619725986254869,0.6169206252462883,0.25942431956429624,0.02106298935570973,-0.05886648147492496,0.036268303748834
10.404719385617643,1.9296968242718338,6.295251893904871,-0.6625612859811688,0.6172832787801459,0.2594280719443747,0.02097663421619997,-0.05887098671751267,0.03626239350705455
10.414719385617643,1.9316908854010475,6.296924595353447,-0.663150018300624,0.6176458728103525,0.2594317871784445,0.020890226161810646,-0.05887547424936426,0.03625640673563529
10.424719385617644,1.9336848707563798,6.298597336519987,-0.6637387954070845,0.6180084066045309,0.259435465495667,0.02080376536009305,-0.05887994412999803,0.03625034778259085
10.434719385617644,1.9356787806780718,6.300270116806025,-0.6643276171243628,0.618370879470441,0.2594391071249675,0.020717251970487245,-0.05888439641874103,0.03624422095951394
10.444719385617644,1.9376726155088833,6.3019429356146235,-0.6649164832768527,0.6187332907559807,0.259442712295035,0.02063068614432207,-0.058888831174729005,0.036238030541575345
10.454719385617643,1.9396663755940944,6.3036157923503815,-0.665505393689528,0.6190956398491858,0.25944628123432245,0.02054406802481514,-0.05889324845690649,0.036231780767523925
10.464719385617641,1.9416600612815043,6.30528868641943,-0.6660943481879431,0.6194579261782295,0.25944981417104646,0.020457397747072857,-0.0588976483240267,0.03622547583968662
10.474719385617641,1.9436536729214322,6.306961617229432,-0.6666833465982335,0.6198201492114231,0.2594533113331875,0.020370675438090347,-0.05890203083465162,0.03621911992396846
10.484719385617641,1.9456472108667162,6.308634584189586,-0.6672723887471148,0.6201823084572154,0.2594567729484898,0.020283901216751554,-0.058906396047151956,0.03621271714985254
10.494719385617643,1.9476406754727142,6.310307586710623,-0.6678614744618835,0.620544403464193,0.2594601992444614,0.02019707519382919,-0.058910744019707154,0.036206271610400034
10.504719385617642,1.9496340670973036,6.311980624204804,-0.6684506035704166,0.6209064338210804,0.2594635904483742,0.020110197471984732,-0.05891507481030538,0.036199787362250206
10.514719385617642,1.951627386100881,6.313653696085928,-0.6690397759011717,0.6212683991567394,0.25946694678726373,0.020023268145768432,-0.05891938847674356,0.036193268425620394
10.524719385617642,1.9536206328463632,6.315326801769323,-0.6696289912831871,0.6216302991401699,0.25947026848792953,0.019936287301619317,-0.05892368507662732,0.036186718784306
10.534719385617642,1.9556138076991858,6.3169999406718516,-0.6702182495460817,0.6219921334805096,0.25947355577693476,0.019849255017865178,-0.05892796466737105,0.03618014238568052
10.544719385617642,1.9576069110271863,6.318673112211967,-0.6708075505200464,0.6223539019259963,0.259476808880504,0.019762171364996837,-0.058932227306200465,0.03617354314347529
10.554719385617641,1.9595999431998246,6.320346315810081,-0.6713968940357944,0.6227156042603238,0.25948002802383524,0.019675036406779665,-0.05893647305016809,0.03616692495175985
10.564719385617643,1.961592904590056,6.322019550887649,-0.6719862799246954,0.6230772403214643,0.25948321343267705,0.019587850195391582,-0.05894070195611045,0.036160291637714684
10.574719385617643,1.9635857955732972,6.323692816867707,-0.6725757080186955,0.6234388099864253,0.2594863653324169,0.019500612775169773,-0.05894491408067396,0.03615364699443389
10.584719385617642,1.9655786165270868,6.3253661131750425,-0.6731651781502932,0.6238003131675819,0.25948948394778515,0.01941332418354966,-0.05894910948032277,0.036146994789879865
10.594719385617642,1.9675713678310833,6.32703943923619,-0.6737546901525386,0.6241617498126759,0.25949256950285476,0.01932598445106492,-0.05895328821133877,0.03614033876688333
10.604719385617642,1.969564049867067,6.328712794479436,-0.674344243859034,0.6245231199048166,0.2594956222210415,0.01923859360134745,-0.05895745032982162,0.03613368264314326
10.614719385617642,1.9715566630189387,6.330386178334816,-0.6749338391039333,0.6248844234624801,0.25949864232510383,0.019151151651127404,-0.05896159589168872,0.03612703011122697
10.624719385617642,1.9735492076727204,6.332059590234116,-0.6755234757219427,0.6252456605395098,0.25950163003714305,0.019063658610233174,-0.05896572495267522,0.03612038483857006
10.634719385617643,1.9755416842165545,6.33373302961087,-0.6761131535483198,0.6256068312251165,0.2595045855786031,0.018976114481591384,-0.058969837568334,0.03611375046747641
10.644719385617643,1.9775340930407053,6.3354064959003615,-0.6767028724188747,0.6259679356438776,0.25950750917027077,0.01888851926122691,-0.05897393379403572,0.036107130615118235
10.654719385617643,1.979526434537557,6.337079988539627,-0.6772926321699692,0.6263289739557382,0.25951040103227546,0.01880087293826287,-0.058978013684968765,0.03610052887353602
10.664719385617643,1.9815187091016153,6.33875350696745,-0.6778824326385168,0.62668994635601,0.25951326138408937,0.018713175494920607,-0.05898207729613928,0.03609394880963856
10.674719385617642,1.983510917129507,6.3404270506243625,-0.6784722736619833,0.6270508530753722,0.2595160904445275,0.01862542690651972,-0.05898612468237117,0.03608739396520295
10.684719385617642,1.9855030590199791,6.342100618952649,-0.6790621550783862,0.6274116943798711,0.2595188884317476,0.018537627141478046,-0.05899015589830605,0.03608086785687457
10.694719385617642,1.9874951351739008,6.343774211396344,-0.6796520767262949,0.62777247057092,0.25952165556325,0.018449776161311656,-0.05899417099840333,0.03607437397616712
10.704719385617643,1.9894871459940788,6.345447827401305,-0.6802420384448233,0.6281331819872793,0.2595243920557805,0.01836187392027562,-0.05899817003694223,0.036067915788934105
10.714719385617643,1.9914790918851168,6.347121466415273,-0.6808320400736283,0.6284938290094978,0.2595270981252166,0.018273920364455375,-0.059002153068021465,0.036061496731184396
10.724719385617643,1.9934709732539657,6.34879512788766,-0.6814220814529279,0.6288544120499009,0.2595297739868204,0.018185915433730278,-0.059006120145554876,0.036055120216084244
10.734719385617643,1.995462790509374,6.350468811269793,-0.6820121624234703,0.629214931553401,0.2595324198549475,0.018097859061816098,-0.059010071323281,0.036048789639308486
10.744719385617643,1.9974545440618565,6.35214251601492,-0.6826022828265321,0.6295753879976992,0.25953503594303234,0.01800975117623284,-0.05901400665476349,0.03604250837911186
10.754719385617642,1.9994462343236956,6.353816241578221,-0.6831924425039186,0.6299357818932843,0.25953762246358797,0.017921591698304738,-0.05901792619339108,0.03603627979632902
10.764719385617642,2.0014378617089403,6.355489987416796,-0.6837826412979637,0.6302961137834333,0.2595401796282061,0.017833380543160263,-0.05902182999237764,0.03603010723437453
10.774719385617644,2.003429426633407,6.357163752989676,-0.6843728790515295,0.6306563842442118,0.25954270764755716,0.017745117619732118,-0.05902571810476213,0.03602399401924287
10.784719385617644,2.005420929514679,6.358837537757814,-0.684963155608007,0.6310165938844733,0.2595452067313902,0.017656802830757233,-0.059029590583408606,0.03601794345950841
10.794719385617643,2.0074123707721068,6.360511341184091,-0.6855534708113158,0.6313767433458594,0.25954767708853305,0.017568436072776777,-0.05903344748100626,0.03601195884632545
10.804719385617643,2.0094037508268077,6.362185162733313,-0.6861438245059035,0.6317368333028,0.259550118926892,0.01748001723613616,-0.059037288850069355,0.03600604345342819
10.813870462596402,2.011226024774501,6.363716905144282,-0.6866840953128398,0.6320663028542488,0.2595523286582201,0.017399058744856238,-0.05904079055392815,0.036000693660123394
10.823870462596402,2.013217275521252,6.365390662776961,-0.6872744187367342,0.6324259438946688,0.2595544788012187,0.01731038942340846,-0.05904426280015263,0.03599413883314604
10.833870462596401,2.0152084790215117,6.367064530844168,-0.6878648803684133,0.6327858593451328,0.2595568231197723,0.017221834456331707,-0.059048061094767255,0.03598901484045396
10.843870462596401,2.0171996226946263,6.368738414995584,-0.6884553799087709,0.6331457258041159,0.2595591286623107,0.017133235413664745,-0.059051844552843596,0.035984337935856404
10.8538704625964,2.0191907068183785,6.370412314724999,-0.6890459172097375,0.6335055477304691,0.2595613957965696,0.017044591455048,-0.05905561322437344,0.03598010847554679
10.8638704625964,2.021181731671182,6.372086229530612,-0.6896364921237291,0.6338653295908198,0.25956362488603907,0.016955901740521147,-0.05905936715918758,0.03597632686237801
10.873870462596402,2.0231726975320794,6.3737601589150366,-0.6902271045036475,0.6342250758595727,0.25956581628996317,0.016867165430523082,-0.059063106406955765,0.035972993545862364
10.883870462596402,2.025163604680744,6.375434102385296,-0.69081775420288,0.6345847910189087,0.25956797036334023,0.01677838168589195,-0.05906683101718672,0.03597010902217159
10.893870462596402,2.027154453397479,6.377108059452826,-0.6914084410752998,0.6349444795587859,0.25957008745692284,0.016689549667865122,-0.059070541039228146,0.03596767383413684
10.903870462596402,2.029145243963216,6.378782029633475,-0.6919991649752655,0.6353041459769387,0.2595721679172177,0.016600668538079212,-0.05907423652226674,0.035965688571248725
10.913870462596401,2.031135976659518,6.380456012447502,-0.6925899257576216,0.6356637947788787,0.25957421208648584,0.016511737458570062,-0.059077917515328156,0.03596415386965725
10.923870462596401,2.0331266517685775,6.382130007419578,-0.6931807232776982,0.6360234304778937,0.25957622030274236,0.01642275559177276,-0.05908158406727703,0.035963070412171866
10.933870462596401,2.0351172695732163,6.383804014078786,-0.693771557391311,0.6363830575950488,0.25957819289975653,0.016333722100521614,-0.05908523622681699,0.03596243892826147
10.943870462596403,2.0371078303568866,6.385478031958621,-0.6943624279547616,0.6367426806591853,0.25958013020705195,0.016244636148050186,-0.05908887404249061,0.035962260194054345
10.953870462596402,2.03909833440367,6.387152060596988,-0.6949533348248369,0.6371023042069217,0.25958203254990636,0.016155496897991256,-0.05909249756267947,0.035962535032338254
10.963870462596402,2.041088781998279,6.3888260995362085,-0.6955442778588097,0.637461932782653,0.25958390024935174,0.016066303514376854,-0.059096106835604116,0.03596326431256035
10.973870462596402,2.043079173426054,6.390500148323009,-0.6961352569144384,0.6378215709385509,0.25958573362217413,0.015977055161638238,-0.059099701909324065,0.03596444895082723
10.983870462596402,2.045069508972967,6.3921742065085345,-0.6967262718499674,0.6381812232345638,0.25958753298091397,0.015887751004605905,-0.05910328283173783,0.03596608990990493
10.993870462596401,2.047059788925618,6.393848273648338,-0.697317322524126,0.6385408942384342,0.2595892986338668,0.015798390208506447,-0.059106849650582896,0.03596818819921195
11.003870462596401,2.049050013569274,6.395522349303053,-0.6979084087960639,0.6389005885416787,0.2595910308861292,0.015708971936051537,-0.05911040241345655,0.03597074486999622
11.013870462596401,2.051040183190418,6.397196433037851,-0.6984995305254522,0.639260310733727,0.25959273003805594,0.015619495352344491,-0.05911394116778249,0.03597376103012924
11.023870462596403,2.0530302980774837,6.39887052442191,-0.6990906875724989,0.6396200653999347,0.2595943963850595,0.015529959625066397,-0.05911746596080714,0.035977237838808546
11.0338704625964,2.055020358518776,6.400544623028949,-0.6996818797978691,0.6399798571412961,0.259596030218835,0.015440363920774582,-0.05912097683962488,0.03598117649676788
11.0438704625964,2.0570103648024665,6.402218728437226,-0.7002731070626858,0.6403396905744447,0.2595976318273601,0.015350707404902561,-0.05912447385117804,0.035985578246277176
11.0538704625964,2.0590003172165967,6.403892840229535,-0.7008643692285291,0.6406995703316528,0.25959920149489507,0.015260989241760116,-0.059127957042256894,0.03599044437114258
11.0638704625964,2.060990216049077,6.405566957993214,-0.701455666157437,0.6410595010608314,0.2596007395019826,0.015171208594533246,-0.05913142645949966,0.035995776196706415
11.0738704625964,2.0629800615876857,6.407241081320136,-0.7020469977119049,0.6414194874255306,0.2596022461254482,0.015081364625284177,-0.05913488214939252,0.03600157508984722
11.083870462596401,2.0649698541200703,6.4089152098067155,-0.702638363754886,0.6417795341049389,0.2596037216383996,0.014991456494951358,-0.05913832415826958,0.03600784245897974
11.093870462596401,2.0669595939337477,6.410589343053903,-0.7032297641497904,0.6421396457938845,0.25960516631022745,0.014901483363349472,-0.059141752532312915,0.0360145797540549
11.1038704625964,2.068949281316103,6.412263480667193,-0.7038211987604865,0.6424998272028338,0.2596065804066048,0.014811444389169428,-0.059145167317552545,0.03602178846655984
11.1138704625964,2.070938916554389,6.413937622256615,-0.7044126674512998,0.6428600830578923,0.2596079641894871,0.01472133872997836,-0.05914856855986643,0.036029470129517883
11.1238704625964,2.07292849993573,6.4156117674367374,-0.7050041700870137,0.6432204181008043,0.2596093179171127,0.014631165542219632,-0.059151956304980484,0.03603762631748857
11.1338704625964,2.0749180317471163,6.41728591582667,-0.7055957065328684,0.6435808370889533,0.2596106418440023,0.014540923981212836,-0.05915533059846857,0.03604625864656764
11.1438704625964,2.0769075122754086,6.418960067050061,-0.7061872766545627,0.6439413447953611,0.2596119362209592,0.014450613201153789,-0.05915869148575251,0.03605536877438702
11.153870462596402,2.0788969418073364,6.420634220735096,-0.7067788803182521,0.644301946008689,0.25961320129506926,0.01436023235511454,-0.05916203901210205,0.036064958400114824
11.163870462596401,2.080886320629497,6.422308376514502,-0.70737051739055,0.6446626455332365,0.25961443730970096,0.014269780595043361,-0.05916537322263489,0.03607502926445541
11.173870462596401,2.0828756490283475,6.423982534025547,-0.707962187738527,0.6450234481890293,0.259615644504509,0.01417925707174906,-0.05916869416231682,0.03608558314961872
11.183870462596401,2.0848649272876094,6.425656692911058,-0.7085538912296213,0.6453843588339316,0.259616823116376,0.014088660930933585,-0.05917200187599035,0.03609662187283156
11.1938704625964,2.0868541556920186,6.427330852818209,-0.7091456277317852,0.6457453823279011,0.2596179733778824,0.013997991319747553,-0.05917529640832688,0.03610814730193935
11.2038704625964,2.0888433345278767,6.429005013398103,-0.7097373971134942,0.6461065235310991,0.25961909551725876,0.013907247387006532,-0.05917857780382453,0.03612016135188459
11.2138704625964,2.0908324640805636,6.430679174306621,-0.7103291992436523,0.6464677873268311,0.25962018975937423,0.01381642827900381,-0.05918184610683839,0.036132665975514754
11.223870462596402,2.092821544634538,6.4323533352044215,-0.7109210339915939,0.6468291786215473,0.2596212563257366,0.013725533139510396,-0.05918510136158049,0.036145663163582226
11.233870462596402,2.0948105764733373,6.434027495756943,-0.7115129012270822,0.6471907023448423,0.2596222954344923,0.013634561109775022,-0.059188343612119866,0.03615915494474432
11.243870462596401,2.096799559879577,6.435701655634401,-0.7121048008203104,0.6475523634494554,0.25962330730042604,0.01354351132852414,-0.05919157290238249,0.03617314338556331
11.253870462596401,2.0987884951349516,6.43737581451179,-0.7126967326419005,0.6479141669112705,0.2596242921349616,0.013452382931961921,-0.05919478927615131,0.03618763059050635
11.263870462596401,2.100777382520234,6.439049972068882,-0.7132886965629044,0.6482761177293155,0.2596252501461608,0.013361175053770264,-0.05919799277706623,0.036202618701945584
11.2738704625964,2.102766222315276,6.4407241279902285,-0.7138806924548032,0.6486382209257635,0.25962618153872447,0.013269886825108785,-0.05920118344862413,0.03621810990015805
11.2838704625964,2.1047550147990077,6.442398281965158,-0.7144727201895078,0.6490004815459317,0.2596270865139918,0.01317851737461482,-0.05920436133417884,0.036234106403325736
11.293870462596402,2.1067437602494388,6.4440724336877775,-0.7150647796393581,0.6493629046582822,0.25962796526994064,0.013087065828403435,-0.059207526476941184,0.03625061046753554
11.303870462596402,2.1087324589436554,6.445746582856974,-0.7156568706771236,0.6497254953544213,0.25962881800118737,0.012995531310067405,-0.059210678919978915,0.03626762438677933
11.313870462596402,2.1107211111578246,6.447420729176411,-0.7162489931760034,0.6500882587490998,0.259629644898987,0.012903912940677238,-0.059213818706216774,0.03628515049295386
11.323870462596402,2.112709717167191,6.4490948723545305,-0.7168411470096259,0.6504511999802135,0.25963044615123304,0.012812209838781155,-0.05921694587843646,0.03630319115586086
11.333870462596401,2.114698277246078,6.450769012104553,-0.717433332052049,0.6508143242088021,0.25963122194245764,0.012720421120405107,-0.05922006047927665,0.03632174878320696
11.343870462596401,2.1166867916678873,6.452443148144478,-0.7180255481777598,0.6511776366190505,0.2596319724538316,0.012628545899052757,-0.05922316255123296,0.03634082582060374
11.3538704625964,2.1186752607050994,6.454117280197082,-0.7186177952616752,0.6515411424182875,0.25963269786316423,0.012536583285705498,-0.05922625213665799,0.03636042475156769
11.363870462596402,2.1206636846292737,6.4557914079899215,-0.7192100731791415,0.6519048468369869,0.25963339834490334,0.012444532388822437,-0.0592293292777613,0.03638054809752027
11.373870462596402,2.122652063710989,6.457465531255426,-0.7198023818059366,0.6522687551284864,0.2596340740700778,0.01235239231442526,-0.05923239401660844,0.03640119841895496
11.383021539575157,2.124471605650027,6.45899753015269,-0.720344434793938,0.6526019535465524,0.25963467088056214,0.012267995316832972,-0.059235187750751664,0.03642055967644145
11.393021539575159,2.1264598885924917,6.460671546779114,-0.7209366983446639,0.6529659290096231,0.259635063618391,0.012175528608253975,-0.05923788932780419,0.036441732596166704
11.403021539575159,2.128448138030904,6.462345652027951,-0.7215290924006362,0.6533304634660705,0.2596356525371184,0.012083130104546968,-0.059240919897017866,0.0364653935665779
11.413021539575158,2.1304363434439266,6.464019751700252,-0.7221215167030103,0.6536952419941334,0.2596362063061446,0.011990639578859477,-0.05924393861524048,0.03649054535174729
11.423021539575158,2.1324245049698893,6.465693845533037,-0.72271397113349,0.6540602794639236,0.25963672530842935,0.011898054339708922,-0.059246945522532526,0.03651718454115183
11.433021539575158,2.134412622742175,6.467367933274318,-0.7233064555741727,0.6544255907218748,0.2596372099170425,0.011805371706221852,-0.05924994065882324,0.03654530789566895
11.443021539575158,2.1364006968892197,6.469042014683084,-0.7238989699075487,0.6547911905907425,0.2596376604951634,0.011712589008133932,-0.0592529240639106,0.03657491234757648
11.453021539575158,2.1383887275345126,6.470716089529314,-0.7244915140165017,0.6551570938696049,0.2596380773960815,0.011619703585789957,-0.05925589577746134,0.036605995000552755
11.46302153957516,2.1403767147965955,6.472390157593971,-0.7250840877843088,0.6555233153338615,0.2596384609631958,0.01152671279014384,-0.05925885583901094,0.03663855312967654
11.473021539575159,2.142364658789063,6.474064218669001,-0.7256766910946403,0.6558898697352348,0.2596388115300151,0.011433613982758625,-0.059261804287963626,0.03667258418142703
11.483021539575159,2.144352559620563,6.475738272557339,-0.7262693238315596,0.6562567718017686,0.2596391294201582,0.011340404535806472,-0.059264741163592365,0.03670808577368391
11.493021539575158,2.146340417394795,6.477412319072901,-0.7268619858795238,0.656624036237829,0.25963941494735343,0.01124708183206867,-0.059267666505038875,0.03674505569572729
11.503021539575158,2.1483282322105137,6.47908635804059,-0.7274546771233829,0.6569916777241043,0.25963966841543906,0.01115364326493563,-0.059270580351313634,0.036783491908237737
11.513021539575158,2.1503160041615175,6.480760389296295,-0.72804739744838,0.6573597109177247,0.25963989011836935,0.011060086238382135,-0.059273482741295874,0.036823392543132674
11.523021539575158,2.1523037333352453,6.482434412687324,-0.728640146740131,0.6577281504723391,0.25964008034143987,0.010966408162854243,-0.05927637371374026,0.03686475587526145
11.53302153957516,2.1542914198145793,6.484108428072002,-0.7292329248846592,0.6580970109964642,0.25964023935959146,0.010872606463882373,-0.05927925330726529,0.03690758037632773
11.54302153957516,2.156279063677807,6.485782435319457,-0.7298257317683877,0.6584663070685484,0.25964036743768765,0.01077867857886723,-0.059282121560355984,0.03695186469627956
11.553021539575159,2.158266664997315,6.487456434309927,-0.7304185672781165,0.6588360532636108,0.25964046483175623,0.010684621951566397,-0.05928497851137151,0.0369976076276508
11.563021539575159,2.1602542238395834,6.489130424934751,-0.7310114313010221,0.6592062641532432,0.25964053178898877,0.010590434032094339,-0.05928782419854514,0.037044808105561045
11.573021539575159,2.162241740265192,6.490804407096378,-0.7316043237246578,0.6595769543056085,0.25964056854774104,0.010496112276922404,-0.05929065865998428,0.03709346520771569
11.583021539575158,2.1642292143288153,6.492478380708361,-0.7321972444369532,0.6599481382854414,0.2596405753375326,0.010401654148878822,-0.059293481933670455,0.03714357815440591
11.593021539575158,2.1662166460792247,6.494152345695362,-0.7327901933262152,0.6603198306540484,0.2596405523790471,0.010307057117148709,-0.05929629405745932,0.03719514630850864
11.60302153957516,2.168204035559289,6.495826301993145,-0.7333831702811267,0.6606920459693078,0.25964049988413224,0.01021231865727406,-0.05929909506908066,0.037248169175486616
11.613021539575158,2.1701913828059727,6.497500249548584,-0.7339761751907475,0.6610647987856691,0.25964041805579957,0.010117436251153768,-0.059301885006138366,0.037302646403388325
11.623021539575157,2.1721786878503377,6.499174188319658,-0.7345692079445144,0.6614381036541542,0.2596403070882248,0.010022407387043566,-0.05930466390611047,0.03735857778284807
11.633021539575157,2.1741659507175424,6.500848118275451,-0.7351622684322403,0.6618119751223565,0.2596401671667474,0.00992722955955611,-0.05930743180634913,0.03741596324708589
11.643021539575157,2.17615317142681,6.502522039396167,-0.7357553565441147,0.6621864277349405,0.2596399984678889,0.009831900269559312,-0.059310188744080776,0.03747480287123566
11.653021539575157,2.178140349989743,6.504195951673775,-0.7363484721706777,0.6625614760561173,0.25963980116026303,0.009736417019624185,-0.059312934756414276,0.0375350968407544
11.663021539575158,2.180127486412947,6.505869855111078,-0.7369416152028682,0.6629371346193093,0.25963957540303134,0.009640777324268518,-0.05931566988032517,0.03759684551578349
11.673021539575158,2.182114580697425,6.507543749721805,-0.7375347855320077,0.6633134179488482,0.259639321346437,0.009544978705465135,-0.05931839415266114,0.037660049404617715
11.683021539575158,2.184101632837297,6.509217635531051,-0.738127983049778,0.6636903405830978,0.25963903913257036,0.009449018687927068,-0.05932110761014934,0.037724709133310746
11.693021539575158,2.1860886428197968,6.5108915125752835,-0.7387212076482209,0.6640679170744527,0.2596387288953684,0.009352894799107548,-0.059323810289396414,0.03779082544567514
11.703021539575158,2.188075610625275,6.512565380902336,-0.7393144592197385,0.6644461619893386,0.259638390760615,0.009256604569200013,-0.059326502226888476,0.03785839920328233
11.713021539575157,2.1900625362271966,6.51423924057141,-0.739907737657093,0.664825089908213,0.2596380248459412,0.009160145531138104,-0.059329183458991124,0.03792743138546264
11.723021539575157,2.192049419592145,6.515913091653077,-0.7405010428534065,0.6652047154255645,0.25963763126082456,0.009063515220595666,-0.05933185402194943,0.03799792308930526
11.733021539575157,2.194036260679816,6.517586934229281,-0.7410943747021618,0.6655850531499127,0.2596372101065897,0.008966711175986746,-0.059334513951887956,0.03806987552965828
11.743021539575158,2.196023059443023,6.519260768393329,-0.7416877330972014,0.6659661177038089,0.2596367614764082,0.008869730938465598,-0.05933716328481072,0.03814329003912865
11.753021539575158,2.198009815827694,6.5209345942498995,-0.7422811179327281,0.6663479237238354,0.2596362854552983,0.008772572051926674,-0.05933980205660124,0.03821816806808221
11.763021539575158,2.199996529772874,6.522608411915041,-0.7428745291033051,0.6667304858606061,0.25963578212012534,0.008675232063004638,-0.059342430303022504,0.0382945111846437
11.773021539575158,2.2019832012107217,6.524282221516169,-0.7434679665038555,0.6671138187787659,0.25963525153960143,0.008577708521074347,-0.059345048059716986,0.038372321074696715
11.783021539575158,2.203969830066087,6.525956023192272,-0.7440614300296562,0.6674979371621411,0.2596346937743822,0.008479998977227607,-0.05934765536220869,0.038451599534615334
11.793021539575157,2.205956416254987,6.527629817094653,-0.7446549195763195,0.667882855724599,0.25963410887731936,0.008382100982141837,-0.05935025224590907,0.03853234845191
11.803021539575157,2.2079429596886393,6.5293036033849665,-0.7452484350398548,0.6682685891583902,0.2596334968925551,0.008284012096318228,-0.0593528387460967,0.03861456987528517
11.813021539575159,2.209929460270842,6.530977382236397,-0.7458419763166236,0.668655152177787,0.2596328578563004,0.008185729881336774,-0.0593554148979324,0.038698265958495036
11.823021539575159,2.2119159178974668,6.5326511538339025,-0.7464355433033306,0.6690425595261527,0.25963219179696345,0.008087251898447074,-0.05935798073646184,0.03878343895081349
11.833021539575158,2.2139023324564566,6.534324918374212,-0.7470291358970241,0.6694308259759413,0.2596314987351495,0.007988575708568325,-0.059360536296615606,0.03887009119703414
11.843021539575158,2.215888703827828,6.535998676065826,-0.7476227539950963,0.6698199663286977,0.2596307786836611,0.007889698872289328,-0.05936308161320917,0.038958225137470326
11.853021539575158,2.2178750318836706,6.537672427129016,-0.7482163974952822,0.6702099954150574,0.2596300316474977,0.007790618949868483,-0.05936561672094287,0.03904784330795505
11.863021539575158,2.2198613164881453,6.539346171795827,-0.7488100662956613,0.6706009280947468,0.2596292576238563,0.007691333501233795,-0.05936814165440195,0.03913894833984105
11.873021539575157,2.2218475574974867,6.541019910310073,-0.7494037602946558,0.6709927792565831,0.25962845660213074,0.007591840085982867,-0.05937065644805652,0.039231542960000775
11.883021539575159,2.223833754760001,6.5426936429273415,-0.749997479391032,0.671385563818474,0.25962762856391225,0.007492136263382907,-0.05937316113626161,0.039325629990826366
11.893021539575159,2.2258199081160686,6.5443673699149905,-0.7505912234838997,0.6717792967274184,0.259626773482989,0.007392219592370722,-0.0593756557532571,0.039421212350229676
11.903021539575159,2.2278060173981404,6.5460410915521505,-0.751184992472712,0.6721739929595055,0.2596258913253466,0.007292087631552722,-0.059378140333167774,0.03951829305164228
11.913021539575158,2.229792082430742,6.547714808129722,-0.7517787862572657,0.6725696675199158,0.25962498204916756,0.007191737939204916,-0.05938061491000329,0.03961687520401543
11.923021539575158,2.2317781030304658,6.549388519950383,-0.7523726047377011,0.67296633544273,0.259624045604826,0.007091168073311071,-0.0593830795176582,0.039716962011916775
11.933021539575158,2.2337640790054376,6.551062227328864,-0.7529664478145043,0.6733640117787454,0.25962308193447386,0.006990375593998172,-0.059385534189910924,0.03981855677917128
11.943021539575158,2.235750010155076,6.552735930592001,-0.7535603153884936,0.6737627116161627,0.2596220909725261,0.006889358059365561,-0.05938797896042842,0.03992166289024459
11.952172616553916,2.237567311580895,6.554267546014186,-0.7541037895588206,0.6741284746476705,0.2596211601588115,0.0067967168459488496,-0.059390207540779165,0.040017343372276394
11.962172616553916,2.2395531466347522,6.555941144526653,-0.7546976002382026,0.6745288348951936,0.2596198802619967,0.0066951015937699145,-0.05939229391721944,0.04012083051508541
11.972172616553916,2.2415389455950216,6.557614834249586,-0.755291535273876,0.6749305589016974,0.2596187889500592,0.00659340769022836,-0.05939471164075123,0.04022372353131312
11.982172616553918,2.243524698810379,6.559288520883247,-0.7558854944394457,0.6753333040598922,0.2596176552756331,0.006491480489889161,-0.05939711990137175,0.040325064003074555
11.992172616553917,2.2455104060254287,6.56096220460036,-0.7564794776404477,0.6757370549912636,0.2596164789881116,0.006389323304619214,-0.05939951873114792,0.040424876953439486
12.002172616553917,2.2474960669900574,6.5626358855692635,-0.7570734847827343,0.6761417965519999,0.2596152598475154,0.0062869393934536855,-0.05940190816204044,0.040523187080080174
12.012172616553917,2.2494816814594385,6.564309563953907,-0.7576675157724747,0.6765475138329926,0.2596139976244925,0.006184331962596009,-0.05940428822590386,0.04062001875527135
12.022172616553917,2.251467249194029,6.565983239913855,-0.7582615705161544,0.6769541921598362,0.2596126921003186,0.00608150416541789,-0.059406658954486546,0.04071539602589021
12.032172616553916,2.2534527699595697,6.5676569136042815,-0.7588556489205751,0.6773618170928285,0.25961134306689676,0.0059784591024593025,-0.05940902037943068,0.04080934261341642
12.042172616553916,2.255438243527088,6.569330585175975,-0.7594497508928554,0.6777703744269701,0.25960995032675743,0.005875199821428492,-0.05941137253227226,0.040901881913932125
12.052172616553918,2.2574236696728947,6.571004254775335,-0.7600438763404298,0.6781798501919647,0.2596085136930587,0.005771729317201972,-0.059413715444441094,0.040993036998121936
12.062172616553918,2.259409048178565,6.572677922544581,-0.7606380251710467,0.6785902306457912,0.2596070329889696,0.005668050533363978,-0.05941604914726182,0.04108283061839079
12.072172616553917,2.2613943788312163,6.5743515886218855,-0.7612321972927647,0.6790015022795273,0.2596055080463252,0.005564166361490732,-0.059418373671954794,0.04117128519167412
12.082172616553917,2.263379661423647,6.576025253140379,-0.7618263926139677,0.6794136518488959,0.2596039387086214,0.0054600796335964475,-0.0594206890496312,0.04125842276410321
12.092172616553917,2.265364895753799,6.577698916229584,-0.7624206110433469,0.6798266663170938,0.25960232482811535,0.005355793135192911,-0.05942299531129903,0.0413442650910994
12.102172616553917,2.267350081624725,6.579372578015536,-0.7630148524898993,0.6802405328502527,0.2596006662655172,0.005251309606345493,-0.05942529248786362,0.04142883364322569
12.112172616553917,2.2693352188445877,6.5810462386207895,-0.7636091168629273,0.6806552388174395,0.2595989628899901,0.0051466317416731504,-0.059427580610127734,0.04151214960618675
12.122172616553918,2.2713203072266612,6.582719898164415,-0.764203404072039,0.6810707717906564,0.2595972145791501,0.005041762190348425,-0.05942985970879146,0.04159423388082886
12.132172616553918,2.2733053465893307,6.584393556761996,-0.7647977140271481,0.6814871195448406,0.259595421219066,0.004936703556097445,-0.0594321298144523,0.041675107083139956
12.142172616553918,2.2752903367560915,6.586067214525637,-0.7653920466384737,0.6819042700578647,0.25959358270425964,0.004831458397199919,-0.0594343909576051,0.04175478954424961
12.152172616553917,2.27727527755555,6.5877408715639545,-0.7659864018165409,0.6823222115105361,0.2595916989377059,0.0047260292264891465,-0.05943664316864212,0.04183330131042903
12.162172616553917,2.2792601688214167,6.589414527982109,-0.7665807794721795,0.6827409322857212,0.2595897698307691,0.004620418511556211,-0.05943888647785308,0.04191066214426554
12.172172616553917,2.2812450103924418,6.59108818388241,-0.7671751795165151,0.6831604209508234,0.2595877953012094,0.004514628678992943,-0.059441120915428435,0.041986891544535776
12.182172616553915,2.2832298021130546,6.592761839363019,-0.7677696018609877,0.6835806663107956,0.2595857752758056,0.00440866210229713,-0.059443346511452846,0.04206200866903228
12.192172616553917,2.2852145438328013,6.594435494518858,-0.7683640464173411,0.6840016573667054,0.2595837096891107,0.004302521111140547,-0.059445563295909144,0.0421360323986963
12.202172616553916,2.2871992354061166,6.59610914944215,-0.7689585130976132,0.6844233832941032,0.25958159848222634,0.004196207996335832,-0.05944777129868106,0.042208981368285964
12.212172616553916,2.289183876692321,6.597782804222437,-0.7695530018141371,0.6848458334430229,0.2595794416028033,0.004089725009836413,-0.059449970549553255,0.04228087396637631
12.222172616553916,2.2911684675556248,6.599456458946563,-0.7701475124795408,0.685268997337981,0.259577239005041,0.003983074364736526,-0.059452161078211246,0.04235172833535928
12.232172616553916,2.2931530078651234,6.60113011369869,-0.7707420450067471,0.6856928646779775,0.25957499064968786,0.0038762582352712205,-0.059454342914241495,0.04242156237144371
12.242172616553916,2.2951374974948013,6.602803768560284,-0.7713365993089735,0.6861174253364952,0.2595726965040412,0.003769278756816352,-0.05945651608713133,0.04249039372465535
12.252172616553915,2.2971219363235305,6.604477423610123,-0.7719311752997324,0.6865426693615004,0.25957035654194716,0.003662138025888587,-0.05945868062626901,0.04255823979883685
12.262172616553917,2.29910632423507,6.606151078924299,-0.7725257728928313,0.6869685869754423,0.25956797074380067,0.003554838100145401,-0.059460836560943676,0.042625117751647755
12.272172616553917,2.3010906611180344,6.607824734576293,-0.7731203920023706,0.6873951685723201,0.2595655390963169,0.0034473809990710775,-0.05946298392034589,0.04269104449866192
12.282172616553916,2.3030749468658844,6.609498390637449,-0.7737150325427357,0.6878224047073558,0.2595630615907071,0.00333976870659812,-0.059465122733570394,0.04275603672411824
12.292172616553916,2.305059181377566,6.611172047175713,-0.7743096944286184,0.6882502861448819,0.2595605382256137,0.0032320031600617883,-0.059467253029608785,0.04282011081100143
12.302172616553916,2.3070433645567863,6.612845704256759,-0.7749043775750003,0.6886788038092818,0.25955796900520306,0.0031240862612829092,-0.05946937483735547,0.04288328291638352
12.312172616553916,2.3090274963118786,6.614519361944266,-0.7754990818971463,0.6891079487741816,0.2595553539385326,0.0030160198790530443,-0.05947148818560928,0.042945568987274675
12.322172616553916,2.3110115765557993,6.6161930202999235,-0.7760938073106058,0.6895377122624502,0.259552693039551,0.0029078058491344883,-0.05947359310307348,0.04300698476062321
12.332172616553917,2.3129956052061296,6.617866679383424,-0.7766885537312126,0.6899680856461998,0.2595499863270982,0.002799445974260269,-0.059475689618355754,0.043067545763315555
12.342172616553917,2.3149795821850745,6.619540339252469,-0.7772833210750839,0.6903990604467853,0.2595472338249054,0.0026909420241341487,-0.05947777775996823,0.043127267312176296
12.352172616553917,2.316963507419464,6.621213999962769,-0.7778781092586217,0.6908306283348046,0.25954443556159495,0.0025822957354306206,-0.05947985755632744,0.04318616451396815
12.362172616553917,2.3189473808407515,6.622887661568036,-0.7784729181985117,0.6912627811300986,0.25954159157068046,0.0024735088117949135,-0.059481929035754354,0.04324425226539199
12.372172616553916,2.3209312023850153,6.624561324119994,-0.7790677478117239,0.6916955108017511,0.25953870189056677,0.002364582923842987,-0.05948399222647437,0.0433015452530868
12.382172616553916,2.3229149719929394,6.626234987668404,-0.7796625980155117,0.6921288094669412,0.25953576656446603,0.002255519709428804,-0.05948604715661753,0.043358057955338335
12.392172616553916,2.3248986896096637,6.627908652261596,-0.7802574687274011,0.692562669376693,0.2595327856386163,0.0021463207771052657,-0.05948809385422208,0.04341380466149527
12.402172616553917,2.326882355185569,6.629582317945326,-0.7808523598652135,0.6929970829622499,0.2595297591646387,0.0020369876955146035,-0.05949013234722679,0.0434687994002724
12.412172616553917,2.3288659686756197,6.631255984763557,-0.7814472713470519,0.6934320427977902,0.2595266871985012,0.001927522001744053,-0.05949216266347577,0.04352305599924401
12.422172616553917,2.330849530039108,6.632929652758869,-0.7820422030912928,0.6938675415846586,0.2595235697996488,0.0018179252049440185,-0.05949418483072104,0.0435765881090016
12.432172616553917,2.3328330392396537,6.6346033219724525,-0.7826371550165858,0.6943035721513661,0.2595204070310039,0.0017081987863280749,-0.059496198876622566,0.043629409203153904
12.442172616553917,2.3348164962452063,6.636276992444115,-0.7832321270418544,0.6947401274535905,0.25951719895896586,0.0015983441991729648,-0.059498204828748257,0.043681532578326895
12.452172616553916,2.3367999010280425,6.6379506642122745,-0.7838271190862952,0.695177200574176,0.25951394565341146,0.0014883628688186021,-0.059500202714573944,0.043732971354163784
12.462172616553916,2.338783253564767,6.639624337313966,-0.7844221310693786,0.6956147847231332,0.25951064718769457,0.0013782561926680688,-0.05950219256148338,0.043783738473325014
12.472172616553918,2.340766553836313,6.6412980117848335,-0.7850171629108482,0.6960528732376395,0.2595073036386462,0.0012680255401876172,-0.059504174396768285,0.043833846701488266
12.482172616553918,2.3427498018279422,6.64297168765914,-0.7856122145307212,0.6964914595820386,0.25950391508657467,0.0011576722529066678,-0.05950614824762829,0.043883308627348454
12.492172616553917,2.3447329975292446,6.644645364969757,-0.7862072858492881,0.6969305373478408,0.25950048161526545,0.0010471976444178124,-0.05950811414117095,0.043932136662617714
12.502172616553917,2.3467161409342836,6.646319043748138,-0.7868023767871134,0.6973701002599392,0.2594970033116129,0.000936602999081097,-0.05951007210441163,0.04398034303130003
12.512172616553917,2.348699232041675,6.6479927240244825,-0.7873974872650318,0.6978101421770004,0.2594934802646479,0.0008258895721133644,-0.05951202216427455,0.044027939767567595
12.521323693532675,2.350513928155131,6.649524323066679,-0.7879420944995739,0.6982132425162456,0.25949021716864995,0.0007244718282708098,-0.059513799776464496,0.04407097183690694
12.531323693532675,2.3524969110939185,6.651197909050738,-0.7885371386520869,0.6986538365676189,0.25948637525030877,0.0006133937913881155,-0.05951539525262979,0.0441138416839672
12.541323693532675,2.35447984937599,6.65287159056925,-0.7891323022544415,0.6990951701025802,0.2594827017727739,0.0005023700177467421,-0.059517323958396616,0.044151922556776024
12.551323693532675,2.356462735104607,6.654545273607267,-0.7897274851060647,0.6995368557588871,0.25947896935279086,0.0003912616819529894,-0.059519245110179024,0.04418426885636753
12.561323693532675,2.358445568183556,6.656218958101368,-0.7903226871315464,0.6999788364514603,0.2594751782246193,0.0002800795011916052,-0.05952115873362487,0.044210927712511956
12.571323693532676,2.3604283485453585,6.657892643959974,-0.7909179082557306,0.7004210555347875,0.25947132865278505,0.00016883413707677504,-0.0595230648542964,0.04423194526671151
12.581323693532676,2.362411076151275,6.659566331063345,-0.7915131484037154,0.7008634568029236,0.2594674209320805,5.753619565212304e-05,-0.05952496349767029,0.04424736667220034
12.591323693532676,2.364393750991299,6.661240019263582,-0.792108407500853,0.7013059844894906,0.25946345538756405,-5.380377260928856e-05,-0.05952685468913762,0.04425723609394457
12.601323693532676,2.3663763730841643,6.662913708384629,-0.7927036854727493,0.7017485832676775,0.2594594323745607,-0.00016517527280495987,-0.05952873845400389,0.0442615967086423
12.611323693532675,2.36835894247728,6.664587398222406,-0.7932989822452641,0.7021911982466404,0.2594553522784483,-0.0002765678580986501,-0.05953061481748909,0.04426049070433814
12.621323693532675,2.3703414592449263,6.666261088548268,-0.7938942977445067,0.7026337749385668,0.2594512155112828,-0.0003879709975948267,-0.05953248380472908,0.04425395922200572
12.631323693532675,2.372323923487805,6.667934779108596,-0.7944896318968442,0.7030762593443755,0.2594470225154204,-0.000499374265608222,-0.05953434544077287,0.04424204230325315
12.641323693532676,2.374306335333735,6.669608469624555,-0.7950849846288929,0.7035185978504709,0.2594427737607324,-0.0006107673652419418,-0.0595361997505854,0.04422477900139891
12.651323693532676,2.3762886949375135,6.67128215979266,-0.795680355867516,0.7039607371970948,0.2594384697432019,-0.0007221400907462962,-0.059538046759048426,0.04420220739576261
12.661323693532676,2.3782710024809184,6.672955849284783,-0.7962757455398229,0.7044026244783265,0.25943411098492397,-0.0008334823275187981,-0.05953988649096056,0.04417436459166497
12.671323693532676,2.3802532581727056,6.674629537748148,-0.7968711535731703,0.7048442071420822,0.2594296980341054,-0.0009447840521041639,-0.059541718971037244,0.04414128672042782
12.681323693532676,2.382235462248612,6.6763032248053324,-0.797466579895161,0.7052854329901154,0.25942523146506496,-0.0010560353321943145,-0.05954354422391077,0.04410300893937414
12.691323693532675,2.3842176149713525,6.677976910054267,-0.7980620244336448,0.705726250178017,0.2594207118782332,-0.0011672263266283732,-0.05954536227413026,0.04405956543182799
12.701323693532675,2.386199716630777,6.679650593068287,-0.7986574871167166,0.7061666071999797,0.2594161398992793,-0.0012783472824031456,-0.05954717314616214,0.04401098941088343
12.711323693532675,2.388181767544622,6.681324273396236,-0.7992529678727144,0.706606452874793,0.2594115161762586,-0.0013893885325189826,-0.059548976864390764,0.043957313079466154
12.721323693532677,2.3901637680577883,6.682997950562362,-0.7998484666302271,0.7070457364188911,0.25940684138355824,-0.0015003405103300373,-0.05955077345311597,0.04389856760913604
12.731323693532676,2.3921457185426305,6.6846716240666915,-0.8004439833180839,0.7074844073286422,0.25940211621809733,-0.001611193725552396,-0.05955256293655652,0.04383478323311422
12.741323693532676,2.394127619399018,6.686345293385079,-0.8010395178653532,0.7079224153693205,0.25939734139885373,-0.0017219387620530306,-0.05955434533885045,0.04376598925241806
12.751323693532674,2.396109471054338,6.688018957969195,-0.8016350702013426,0.7083597105751068,0.2593925176668637,-0.0018325662778497817,-0.05955612068405504,0.043692214035861196
12.761323693532674,2.398091273963493,6.689692617246531,-0.8022306402555996,0.7087962432490884,0.25938764578522244,-0.0019430670051114253,-0.059557888996146835,0.04361348502005346
12.771323693532674,2.400073028608904,6.691366270620399,-0.8028262279579106,0.7092319639632588,0.2593827265390834,-0.002053431750157574,-0.05955965029902163,0.043529828709400975
12.781323693532675,2.402054735500506,6.69303991746993,-0.8034218332383013,0.7096668235585181,0.2593777607356588,-0.002163651393458741,-0.0595614046164945,0.04344127067610608
12.791323693532675,2.4040363951759214,6.694713557150034,-0.8040174560270356,0.7101007731305948,0.2593727492034862,-0.0022737168869114747,-0.059563151972300186,0.04334783556390826
12.801323693532675,2.4060180082013325,6.696387188991305,-0.8046130962546125,0.7105337640034994,0.25936769278927635,-0.002383619249285297,-0.059564892390094014,0.04324954705955145
12.811323693532675,2.4079995751704923,6.698060812300405,-0.8052087538517756,0.7109657478190814,0.25936259236210096,-0.002493349583655823,-0.05956662589344892,0.04314642786170504
12.821323693532674,2.409981096705246,6.699734426359847,-0.8058044287495012,0.7113966764184316,0.25935744880993533,-0.0026028990534977658,-0.059568352505859096,0.04303849976926021
12.831323693532674,2.41196257345565,6.701408030427967,-0.8064001208789982,0.7118265018273584,0.25935226303908065,-0.002712258879812617,-0.059570072250740416,0.04292578368886816
12.841323693532674,2.4139440060999706,6.703081623738915,-0.8069958301717068,0.7122551762563879,0.25934703597416403,-0.002821420341128648,-0.05957178515143048,0.04280829963494009
12.851323693532676,2.4159253953446824,6.704755205502661,-0.8075915565593,0.7126826521007642,0.25934176855813834,-0.0029303747735009125,-0.05957349123118856,0.04268606672964721
12.861323693532675,2.4179067419244724,6.706428774904991,-0.8081872999736821,0.713108881940449,0.2593364617522824,-0.0030391135705112433,-0.059575190513195625,0.04255910320292076
12.871323693532675,2.419888046602235,6.7081023311075105,-0.8087830603469898,0.7135338185401217,0.25933111653620095,-0.003147628183268253,-0.05957688302055435,0.04242742639245195
12.881323693532675,2.421869310169096,6.709775873247628,-0.8093788376115912,0.7139574148477349,0.2593257339077635,-0.003255910120129408,-0.05957856877628914,0.04229105274410273
12.891323693532675,2.423850533445455,6.71144940043797,-0.8099746317000813,0.7143796239362482,0.25932031487977664,-0.0033639509358215462,-0.05958024780334794,0.042149997810648515
12.901323693532674,2.4258317172801807,6.713122911767319,-0.8105704425452913,0.7148003991046422,0.259314860482599,-0.0034717422514432155,-0.05958192012459885,0.0420042761915164
12.911323693532674,2.4278128625506987,6.714796406300228,-0.8111662700802822,0.7152196938075845,0.2593093717633802,-0.003579275740034836,-0.05958358576283242,0.04185390160072548
12.921323693532676,2.4297939701635363,6.716469883076551,-0.8117621142383393,0.7156374616007626,0.2593038497842316,-0.0036865431158763064,-0.05958524474076333,0.04169888689243708
12.931323693532676,2.431775041054322,6.718143341111443,-0.812357974952973,0.7160536561408839,0.2592982956222261,-0.0037935361344870002,-0.05958689708103041,0.04153924406095476
12.941323693532675,2.4337560761877852,6.719816779395364,-0.812953852157918,0.7164682311856754,0.2592927103693982,-0.00390024659262577,-0.05958854280619666,0.041374984240724284
12.951323693532675,2.4357370765577553,6.721490196894076,-0.8135497457871336,0.7168811405938842,0.259287095132744,-0.004006666328290943,-0.05959018193874918,0.04120611770633368
12.961323693532675,2.4377180431871635,6.723163592548644,-0.8141456557748036,0.7172923383252771,0.2592814510342211,-0.0041127872207203245,-0.05959181450109926,0.04103265387251319
12.971323693532675,2.43969897712804,6.724836965275434,-0.8147415820553366,0.7177017784406405,0.2592757792107488,-0.0042186011903911965,-0.059593440515582304,0.04085460129413529
12.981323693532675,2.441679879461721,6.726510313965918,-0.8153375245633647,0.7181094150899191,0.2592700808137354,-0.0043241001967907955,-0.05959506000445826,0.04067196766688205
12.991323693532676,2.4436607513001642,6.728183637485727,-0.8159334832337389,0.718515202460032,0.25926435700574185,-0.0044292762291272625,-0.05959667298991297,0.04048475980331133
13.001323693532676,2.4456415937840505,6.729856934676732,-0.8165294580015414,0.7189190948967966,0.25925860896458275,-0.00453412132948571,-0.05959827949405427,0.04029298361305887
13.011323693532676,2.447622408083965,6.731530204355401,-0.8171254488020738,0.7193210467867429,0.25925283788079223,-0.004638627569647218,-0.05959987953891584,0.04009664415902721
13.021323693532675,2.449603195400731,6.73320344531242,-0.817721455570855,0.7197210125332859,0.2592470449568751,-0.004742787046524093,-0.05960147314645799,0.039895745663165706
13.031323693532675,2.4515839569654103,6.734876656312697,-0.8183174782436208,0.7201189465567261,0.2592412314073068,-0.004846591882159866,-0.059603060338567625,0.03969029150647054
13.041323693532675,2.4535646940393034,6.7365498360953655,-0.8189135167563243,0.7205148032942496,0.25923539845853305,-0.0049500342237292945,-0.05960464113705826,0.039480284228984724
13.051323693532675,2.4555454079139496,6.738222983373775,-0.8195095710451359,0.7209085371999273,0.2592295473489703,-0.005053106243538357,-0.059606215563670024,0.03926572552979808
13.061323693532676,2.457526099911125,6.7398960968355,-0.8201056410464429,0.721300102744716,0.2592236793290054,-0.005155800139024259,-0.059607783640069655,0.03904661626704727
13.071323693532676,2.4595067713828453,6.741569175142338,-0.8207017266968502,0.7216894544164576,0.2592177956609958,-0.005258108132755433,-0.059609345387850496,0.03882295645791577
13.081323693532676,2.4614874237114552,6.743242216930251,-0.8212978279331794,0.7220765467190553,0.2592118976190587,-0.00536002247237398,-0.05961090082853249,0.038594745273428537
13.090474770511433,2.463299918333158,6.744773197165264,-0.8218433383670402,0.7224287593120035,0.2592064887722632,-0.005452933540615172,-0.05961231871584735,0.03838191779028611
13.100474770511433,2.465280467537221,6.746446144533103,-0.8224393657552509,0.7228109448755946,0.25920034926754304,-0.005553776538519182,-0.05961352261637416,0.038142761389218
13.110474770511432,2.467261068995699,6.748119072192102,-0.8230355086796068,0.7231911604501705,0.2591944177914347,-0.005654348131735052,-0.059615061250111095,0.03789941020698137
13.120474770511432,2.469241655764289,6.749791959169903,-0.8236316669601379,0.7235689135584445,0.2591884767524322,-0.005754394259663584,-0.05961659385450253,0.037650262242089
13.130474770511432,2.4712222287477337,6.751464804677324,-0.8242278405366558,0.7239441462476445,0.25918252763231503,-0.005853905192364507,-0.05961812045005035,0.03739531368338837
13.140474770511432,2.473202788890078,6.753137607888698,-0.8248240293491751,0.7243168004892874,0.259176571925339,-0.005952871213372097,-0.05961964105718803,0.03713455962076184
13.150474770511432,2.4751833371746654,6.75481036794187,-0.8254202333379126,0.7246868181791796,0.2591706111382356,-0.006051282619695188,-0.05962115569628061,0.036867994045126626
13.160474770511433,2.477163874624141,6.756483083938202,-0.8260164524432871,0.725054141137417,0.25916464679021256,-0.006149129721817162,-0.0596226643876247,0.03659560984843482
13.170474770511433,2.47914440230045,6.758155754942572,-0.8266126866059205,0.7254187111083844,0.25915868041295337,-0.006246402843695957,-0.059624167151448484,0.036317398823673366
13.180474770511433,2.4811249213048385,6.75982837998337,-0.8272089357666362,0.7257804697607566,0.2591527135506178,-0.0063430923227640575,-0.05962566400791172,0.036033351664864106
13.190474770511432,2.4831054327778515,6.761500958052502,-0.8278051998664607,0.7261393586874973,0.25914674775984137,-0.006439188509928506,-0.05962715497710573,0.035743457967063734
13.200474770511432,2.4850859379005,6.763173488104098,-0.8284014788466197,0.726495319359024,0.2591407846078924,-0.006534681761103304,-0.05962864007905431,0.03544770618984608
13.210474770511432,2.487066437895303,6.764845969053968,-0.8289977726485394,0.7268482931022491,0.25913482566992035,-0.006629562434163161,-0.05963011933371355,0.035146083592263636
13.220474770511432,2.4890469340229404,6.766518399783202,-0.8295940812138521,0.7271982212217986,0.2591288725342745,-0.00672382091050669,-0.059631592760969625,0.03483857634865834
13.230474770511433,2.4910274275855606,6.7681907791338345,-0.8301904044843869,0.7275450448388243,0.2591229267983174,-0.006817447564998242,-0.05963306038064243,0.03452516948198042
13.240474770511433,2.4930079199269484,6.769863105908649,-0.8307867424021674,0.7278887048835979,0.2591169900681857,-0.006910432764607274,-0.059634522212485726,0.03420584685941563
13.250474770511433,2.494988412432525,6.77153537887117,-0.8313830949094135,0.7282291420955106,0.2591110639587905,-0.00700276686840836,-0.059635978276187156,0.03388059119238524
13.260474770511433,2.4969689065293474,6.773207596745669,-0.8319794619485401,0.728566297023073,0.2591051500938169,-0.007094440227581178,-0.059637428591368224,0.03354938403654608
13.270474770511433,2.4989494036861095,6.7748797582171605,-0.8325758434621577,0.7289001100239159,0.2590992501057243,-0.007185443185410525,-0.05963887317758431,0.03321220579179049
13.280474770511432,2.5009299054131415,6.776551861931406,-0.8331722393930722,0.7292305212647894,0.2590933656357463,-0.0072757660772863044,-0.059640312054324685,0.03286903570224634
13.290474770511432,2.50291041326241,6.778223906494908,-0.8337686496842849,0.7295574707215634,0.2590874983338908,-0.007365399230703532,-0.059641745241012456,0.03251985185627706
13.300474770511434,2.5048909288280865,6.779895890474188,-0.8343650742789914,0.7298808981566716,0.25908164985824444,-0.007454332961199486,-0.059643172757005036,0.03216463116439893
13.310474770511432,2.506871453749432,6.7815678123924865,-0.8349615131205774,0.7302007430145537,0.25907582187058037,-0.00754255755398002,-0.05964459462159549,0.031803349225251513
13.320474770511431,2.508851989705427,6.7832396707368785,-0.8355579661526309,0.7305169446347641,0.2590700160422792,-0.007630063302461767,-0.05964601085400846,0.03143598052202245
13.330474770511431,2.510832538418642,6.7849114639526436,-0.8361544333189305,0.7308294420767512,0.2590642340508811,-0.007716840475852346,-0.059647421473404016,0.031062498308852105
13.340474770511431,2.5128131016561155,6.786583190442074,-0.8367509145634434,0.7311381740834199,0.2590584775791322,-0.007802879312515883,-0.059648826498878364,0.030682874580014327
13.35047477051143,2.514793681229355,6.788254848564484,-0.8373474098303257,0.7314430790811317,0.2590527483149844,-0.007888170019972992,-0.05965022594946386,0.030297080069916528
13.360474770511432,2.516774278994335,6.7899264366362,-0.8379439190639221,0.731744095179705,0.2590470479515956,-0.00797270277490078,-0.05965161984412901,0.02990508425309964
13.370474770511432,2.5187548968514974,6.791597952930573,-0.8385404422087656,0.7320411601724143,0.2590413781873294,-0.008056467723132843,-0.059653008201778455,0.029506855344238164
13.380474770511432,2.520735536745752,6.793269395677965,-0.8391369792095781,0.7323342115359913,0.2590357407257554,-0.008139454979659268,-0.05965439104125298,0.02910236029814014
13.390474770511432,2.522716200666477,6.794940763065757,-0.8397335300112704,0.732623186430624,0.259030137275649,-0.008221654628626634,-0.059655768381329514,0.028691564809747144
13.400474770511432,2.524696890647518,6.796612053238351,-0.8403300945589416,0.7329080216999568,0.25902456955099146,-0.00830305672333801,-0.05965714024072114,0.028274433314134314
13.410474770511431,2.5266776087696776,6.7982832642937785,-0.8409266727978753,0.7331886537773261,0.2590190392682181,-0.008383651269629278,-0.059658506638078417,0.027850928857670834
13.420474770511431,2.5286583571601895,6.799954394284947,-0.8415232646735438,0.7334650187110882,0.2590135481453139,-0.008463428230965573,-0.05965986759198814,0.027421013087755273
13.430474770511433,2.530639137989018,6.801625441224406,-0.8421198701316116,0.7337370522939036,0.2590080979063709,-0.008542377550943994,-0.059661223120971885,0.026984646459154594
13.440474770511432,2.5326199534739864,6.803296403076919,-0.8427164891179256,0.7340046898610934,0.2590026902770431,-0.008620489116974057,-0.05966257324348959,0.026541787998184505
13.450474770511432,2.5346008058808622,6.80496727775935,-0.8433131215785146,0.734267866287561,0.2589973269844671,-0.008697752759727399,-0.05966391797793958,0.026092395298812535
13.460474770511432,2.536581697523354,6.806638063140668,-0.8439097674595888,0.7345265159877923,0.25899200975726255,-0.008774158253137765,-0.05966525734265857,0.025636424522658068
13.470474770511432,2.5385626307631135,6.8083087570419405,-0.844506426707541,0.7347805729158551,0.258986740325532,-0.008849695314401019,-0.059666591355921686,0.02517383039899231
13.480474770511432,2.5405436080097337,6.809979357236338,-0.8451030992689452,0.7350299705653998,0.2589815204208606,-0.008924353603975137,-0.05966792003594244,0.024704566224738315
13.490474770511431,2.542524631720749,6.8116498614491325,-0.8456997850905579,0.7352746419696589,0.2589763517763167,-0.008998122725580206,-0.05966924340087277,0.024228583864470972
13.500474770511431,2.5445057044016366,6.813320267357698,-0.8462964841193169,0.7355145197014474,0.2589712361264513,-0.009070992226198433,-0.05967056146880298,0.023745833750417
13.510474770511433,2.5464868286058167,6.814990572591509,-0.8468931963023425,0.7357495358731626,0.2589661752072983,-0.009142951596074134,-0.05967187425776179,0.02325626488245497
13.520474770511433,2.5484680069387875,6.816660774726147,-0.8474899215869313,0.7359796219803787,0.258961170752064,-0.009213990241226854,-0.05967318178571809,0.02275982455884321
13.530474770511432,2.5504492420545586,6.818330871288877,-0.8480866599205636,0.73620470903228,0.258956224493105,-0.009284097506922905,-0.05967448407057836,0.02225645855643498
13.540474770511432,2.5524305366539584,6.8200008597607535,-0.8486834112509044,0.7364247276099487,0.258951338164675,-0.00935326268738529,-0.05967578113018683,0.021746111270843894
13.550474770511432,2.5544118934899935,6.821670737568589,-0.8492801755257934,0.7366396076634325,0.25894651349830955,-0.009421474989746615,-0.05967707298232831,0.021228725396883
13.560474770511432,2.5563933153678478,6.823340502084949,-0.8498769526932457,0.7368492785116968,0.25894175222282506,-0.009488723534040691,-0.05967835964472822,0.020704241928486813
13.570474770511431,2.5583748051448847,6.8250101506281515,-0.8504737427014518,0.7370536688426251,0.25893705606431894,-0.00955499735320254,-0.059679641135052634,0.02017260015871131
13.580474770511433,2.560356365730646,6.826679680462272,-0.8510705454987773,0.7372527067130187,0.2589324267461694,-0.009620285393068393,-0.059680917470908215,0.019633737679733927
13.590474770511433,2.5623380000868523,6.828349088797135,-0.8516673610337628,0.7374463195485966,0.2589278659890356,-0.009684576512375694,-0.059682188669842255,0.019087590382853556
13.600474770511433,2.564319711227402,6.8300183727883255,-0.8522641892551247,0.7376344341439961,0.25892337551085753,-0.009747859482763098,-0.05968345474934267,0.018534092458490546
13.610474770511432,2.566301502218374,6.831687529537176,-0.8528610301117544,0.7378169766627719,0.258918957026856,-0.009810122988770462,-0.05968471572683798,0.01797317639618672
13.620474770511432,2.5682833761780244,6.83335655609078,-0.8534578835527182,0.7379938726373969,0.2589146122495328,-0.009871355627838864,-0.05968597161969733,0.017404772984605344
13.630474770511432,2.570265336278723,6.835025449439078,-0.8540547495272584,0.7381650468847376,0.2589103428855092,-0.009931545895865576,-0.05968722244523045,0.01682881110336303
13.640474770511432,2.5722473857489865,6.836694206511663,-0.8546516279847891,0.7383304234194279,0.2589061506333579,-0.009990682171856054,-0.05968846822068853,0.016245217564278002
13.650474770511433,2.5742295278714247,6.838362824180798,-0.855248518874896,0.7384899255498296,0.2589020371878599,-0.010048752734053758,-0.05968970896326489,0.01565391737676856
13.65962584749019,2.5760434854150023,6.8398896641877505,-0.8557947491746708,0.7386306737079653,0.2588983434357281,-0.010100949632551762,-0.059690839980801165,0.015105995480336476
13.66962584749019,2.5780257258977217,6.841558005813644,-0.8563915602175189,0.738778203705334,0.2588941833418568,-0.010156518171057694,-0.059691731612680085,0.014500028089890971
13.679625847490192,2.580008152885995,6.8432262007786795,-0.8569884836754814,0.7389201684875685,0.25889034539414146,-0.01021106462966212,-0.05969295917808181,0.013892321508979533
13.689625847490191,2.5819906830403805,6.844894247384331,-0.8575854193850239,0.7390560377622162,0.258886614797846,-0.010264277850427085,-0.05969418193119684,0.013280902970698344
13.699625847490191,2.5839733184396407,6.846562144164285,-0.858182367298108,0.7391857738369452,0.25888299246994695,-0.01031615414767953,-0.05969539988840838,0.012665657586813671
13.70962584749019,2.585956061202337,6.848229889603066,-0.8587793273668571,0.7393093378539375,0.2588794793121812,-0.010366689630344638,-0.059696613066044804,0.012046469777572797
13.71962584749019,2.58793891348683,6.849897482136033,-0.8593762995435561,0.7394266897898896,0.2588760762110467,-0.010415880201945829,-0.05969782148037971,0.011423223271704008
13.72962584749019,2.589921877491281,6.851564920149387,-0.8599732837806514,0.7395377884560117,0.25887278403780195,-0.010463721560604766,-0.05969902514763191,0.010795801106416609
13.73962584749019,2.59190495545365,6.853232201980166,-0.8605702800307514,0.7396425914980286,0.2588696036484663,-0.010510209199041345,-0.05970022408396537,0.010164085627400898
13.749625847490192,2.5938881496516975,6.854899325916246,-0.8611672882466256,0.7397410553961787,0.25886653588381975,-0.010555338404573704,-0.05970141830548932,0.009527958488828208
13.759625847490192,2.5958714624029837,6.856566290196339,-0.8617643083812054,0.739833135465215,0.258863581569403,-0.010599104259118218,-0.05970260782825815,0.00888730065335086
13.769625847490191,2.5978548960659733,6.858233093008373,-0.862361340387583,0.739918785834194,0.2588607415152397,-0.010641501636129301,-0.05970379266827177,0.0082419922937005
13.779625847490191,2.5998384530454826,6.859899732480537,-0.8629583842190075,0.7399979593282193,0.25885801651527474,-0.010682525181908754,-0.05970497284147679,0.0075919122323043296
13.789625847490191,2.6018221357813003,6.861566206697515,-0.8635554398288948,0.7400706076702603,0.2588554073507172,-0.010722169345992879,-0.05970614836376325,0.0069369389030922695
13.79962584749019,2.6038059467573564,6.863232513688571,-0.8641525071708189,0.7401366813497372,0.25885291478634265,-0.010760428362886267,-0.05970731925096766,0.00627694965650048
13.80962584749019,2.6057898885037503,6.864898651424705,-0.8647495861985094,0.7401961295884961,0.2588505395698547,-0.010797296247048067,-0.05970848551887366,0.005611820589838426
13.819625847490192,2.607773963596754,6.866564617818654,-0.8653466768658519,0.7402489003408087,0.25884828243188557,-0.010832766792891985,-0.059709647183211985,0.0049414265472888744
13.829625847490192,2.609758174658809,6.868230410724891,-0.865943779126888,0.7402949402933725,0.25884614408599577,-0.010866833574786293,-0.05971080425966047,0.004265641119907895
13.839625847490192,2.61174252435853,6.869896027939623,-0.8665408929358154,0.7403341948653105,0.25884412522867417,-0.010899489947053814,-0.05971195676384407,0.0035843366456248613
13.849625847490191,2.613727015410702,6.8715614672007925,-0.8671380182469874,0.7403666082081716,0.258842226539338,-0.010930729043971936,-0.059713104711334807,0.0028973842092424483
13.859625847490191,2.6157116505762805,6.873226726188079,-0.8677351550149135,0.7403921232059303,0.2588404486803329,-0.010960543779772604,-0.05971424811765185,0.0022046536424366334
13.869625847490191,2.617696432662394,6.874891802522897,-0.868332303194259,0.7404106814749868,0.2588387922969328,-0.010988926848642321,-0.059715386998261455,0.001506013523756699
13.87962584749019,2.6196813645240167,6.8765566937647264,-0.8689294627398453,0.7404222233219249,0.2588372580156995,-0.011015870717880143,-0.059716521368576934,0.000801334547338921
13.88962584749019,2.621666449066906,6.878221397406606,-0.8695266336066473,0.7404266875220348,0.2588358464451225,-0.011041367588385927,-0.05971765124395947,9.047102386309136e-05
13.89962584749019,2.623651689246401,6.879885910879142,-0.8701238157497925,0.7404240116994698,0.2588345581722096,-0.011065409465297476,-0.05971877663971859,-0.0006266914248489503
13.90962584749019,2.6256370880683506,6.881550231548121,-0.8707210091245605,0.7404141325434799,0.258833393757607,-0.011087988199124814,-0.05971989757111199,-0.0013502044531191653
13.91962584749019,2.62762264858904,6.883214356714221,-0.8713182136863841,0.7403969863874659,0.25883235372615404,-0.011109095594298951,-0.059721014053345636,-0.0020800908823047845
13.92962584749019,2.6296083739152945,6.884878283612459,-0.8719154293908474,0.7403725094051125,0.2588314385629672,-0.011128723445911731,-0.05972212610157393,-0.0028163732028940636
13.93962584749019,2.6315942672049446,6.88654200941134,-0.872512656193686,0.7403406375351214,0.25883064871351247,-0.011146863525700549,-0.05972323373090005,-0.0035590720378231595
13.94962584749019,2.633580331667399,6.888205531211821,-0.8731098940507851,0.7403013065174969,0.2588299845817993,-0.011163507589041574,-0.05972433695637627,-0.004308206920375479
13.95962584749019,2.6355665705622737,6.889868846048942,-0.8737071429181814,0.7402544518902446,0.2588294465317067,-0.011178647373589324,-0.05972543579300347,-0.005063796294795366
13.96962584749019,2.637552987199104,6.891531950891392,-0.8743044027520631,0.7402000090103276,0.2588290348853629,-0.01119227460277705,-0.05972653025573122,-0.00582585748745852
13.97962584749019,2.6395395849389653,6.893194842638646,-0.8749016735087658,0.7401379130852274,0.2588287499192367,-0.011204380992280629,-0.0597276203594589,-0.006594406668535075
13.98962584749019,2.6415263671944826,6.894857518120946,-0.8754989551447735,0.7400680991731204,0.25882859186411483,-0.011214958250054976,-0.05972870611903566,-0.007369458851779051
13.99962584749019,2.64351333742983,6.896519974099302,-0.8760962476167178,0.7399905021828769,0.2588285609051022,-0.01122399807633406,-0.05972978754926045,-0.00815102789452836
14.00962584749019,2.645500499160732,6.898182207265492,-0.8766935508813783,0.7399050568740609,0.25882865718162174,-0.011231492163630894,-0.059730864664881964,-0.008939126497704803
14.01962584749019,2.6474878559544015,6.899844214241513,-0.8772908648956823,0.7398116978740308,0.25882888078598204,-0.01123743219970797,-0.059731937480598934,-0.009733766187316273
14.029625847490191,2.649475411427994,6.901505991579317,-0.8778881896167035,0.7397103597314797,0.2588292317598615,-0.01124180987607054,-0.05973300601106022,-0.010534957245158915
14.039625847490191,2.651463169248613,6.903167535762554,-0.8784855250016643,0.739600976866531,0.2588297100985835,-0.01124461687920282,-0.0597340702708642,-0.01134270876072532
14.04962584749019,2.653451133134767,6.90482884320269,-0.879082871007932,0.7394834836350976,0.25883031574448984,-0.011245844902764398,-0.059735130274560184,-0.012157028575367258
14.05962584749019,2.655439306856425,6.906489910238712,-0.8796802275930179,0.7393578143351736,0.2588310485863577,-0.011245485648729573,-0.05973618603664854,-0.012977923276126613
14.06962584749019,2.6574276942350163,6.908150733137135,-0.8802775947145773,0.7392239032068348,0.25883190845939974,-0.011243530827387358,-0.05973723757158068,-0.013805398195735416
14.07962584749019,2.6594162991434303,6.9098113080919985,-0.8808749723304099,0.7390816844322385,0.2588328951452639,-0.011239972157341483,-0.05973828489375903,-0.014639457412615804
14.08962584749019,2.6614051255060165,6.9114716312248685,-0.8814723603984594,0.7389310921356236,0.25883400837203374,-0.01123480136551039,-0.05973932801753709,-0.015480103750880058
14.099625847490191,2.6633941772980165,6.913131698583764,-0.8820697588768127,0.7387720604269716,0.2588352478108554,-0.011228010194524973,-0.05974036695721985,-0.016327338746068773
14.109625847490191,2.665383458543363,6.914791506144472,-0.8826671677237006,0.7386045234260818,0.25883661307530775,-0.011219590405644022,-0.05974140172706336,-0.01718116260256394
14.119625847490191,2.6673729733160867,6.916451049810537,-0.8832645868974976,0.738428415223702,0.2588381037237576,-0.011209533772731563,-0.059742432341274736,-0.01804157423423369
14.12962584749019,2.669362725740858,6.918110325409881,-0.8838620163567195,0.7382436699556597,0.25883971925261706,-0.01119783209575536,-0.05974345881401341,-0.018908571224758388
14.13962584749019,2.6713527199929885,6.919769328694765,-0.8844594560600215,0.738050221803865,0.2588414590962598,-0.011184477200963222,-0.059744481159391176,-0.01978214982697484
14.14962584749019,2.6733429602984278,6.921428055341797,-0.8850569059661997,0.7378480049963096,0.2588433226270204,-0.011169460940882997,-0.059745499391472154,-0.020662304962876292
14.15962584749019,2.6753334509337643,6.923086500951922,-0.8856543660341902,0.7376369538070673,0.25884530915519516,-0.011152775194322583,-0.059746513524272835,-0.021549030223612424
14.169625847490192,2.6773241962262273,6.924744661050433,-0.8862518362230696,0.7374170025562936,0.2588474179290412,-0.01113441186636991,-0.05974752357176203,-0.022442317869489355
14.179625847490192,2.6793152005526992,6.9264025310869055,-0.8868493164920546,0.7371880856347981,0.25884964813329087,-0.0111143628921793,-0.059748529547860994,-0.023342158812942975
14.189625847490191,2.6813064683366643,6.928060106435186,-0.887446806800501,0.7369501375773052,0.25885199888481225,-0.011092620248202258,-0.05974953146644358,-0.024248542563636052
14.199625847490191,2.683298004051661,6.929717382392203,-0.8880443071079039,0.736703093009774,0.25885446923494637,-0.011069175944920557,-0.05975052934133655,-0.02516145727999236
14.20962584749019,2.6852898122204514,6.931374354176915,-0.888641817373895,0.7364468866944734,0.25885705816615123,-0.011044022034388128,-0.059751523186320064,-0.026080889751681584
14.21962584749019,2.6872818974149024,6.9330310169302845,-0.8892393375582438,0.7361814535334471,0.2588597645917792,-0.011017150610776835,-0.05975251301512763,-0.027006825397526316
14.228776924468947,2.689105116592757,6.934546766773034,-0.889786141535545,0.7359304131310941,0.2588623432361046,-0.010991048671288514,-0.05975341530750983,-0.027859841180136596
14.238776924468947,2.691097654636597,6.936202824645517,-0.8903835770894445,0.7356469583277726,0.2588650614317151,-0.01096048814603152,-0.059754057964095456,-0.028786586283360952
14.248776924468947,2.6930905690160185,6.937858560600507,-0.8909811225700307,0.7353545302637725,0.25886813619673926,-0.010928221953372699,-0.05975503751202836,-0.02969622549320826
14.258776924468949,2.6950837753692,6.939513972218721,-0.8915786778268804,0.7350530900458653,0.2588713397659515,-0.010894032775960984,-0.05975601321883091,-0.030589035800263925
14.268776924468948,2.6970772766204774,6.941169056653129,-0.8921762428216475,0.7347428052449332,0.25887466709399704,-0.010857956849072682,-0.05975698509759335,-0.0314651531636859
14.278776924468948,2.699071075628284,6.942823811091027,-0.8927738175161168,0.7344238420972145,0.2588781131621596,-0.010820030063351457,-0.05975795316136168,-0.032324715265764276
14.288776924468948,2.701065175185149,6.944478232754038,-0.8933714018722027,0.7340963655043031,0.2588816729783619,-0.010780287964808333,-0.05975891742313763,-0.033167861511921304
14.298776924468948,2.7030595780177347,6.946132318898246,-0.8939689958519498,0.7337605390198683,0.25888534157917553,-0.01073876575269966,-0.05975987789587877,-0.0339947329582499
14.308776924468948,2.7050542867852596,6.947786066815276,-0.8945665994175321,0.7334165246757949,0.2588891140463998,-0.010695498247106108,-0.05976083459249868,-0.034805471728036136
14.318776924468947,2.7070493040791694,6.94943947383198,-0.8951642125312541,0.7330644830128304,0.25889298550107,-0.010650519893121975,-0.059761787525866694,-0.035600221231717355
14.328776924468947,2.709044632426906,6.95109253731085,-0.8957618351555477,0.7327045731557954,0.25889695111085137,-0.010603864781767952,-0.059762736708808745,-0.036379125874830893
14.338776924468949,2.7110402742922144,6.952745254650145,-0.8963594672529724,0.7323369528100899,0.25890100609197964,-0.010555566650103296,-0.05976368215410747,-0.03714233098610581
14.348776924468948,2.7130362320751433,6.954397623283884,-0.8969571087862148,0.7319617782616942,0.2589051457092607,-0.01050565888122584,-0.059764623874502217,-0.03788998281746288
14.358776924468948,2.7150325081120448,6.956049640681853,-0.8975547597180892,0.731579204377168,0.2589093652760707,-0.010454174504271984,-0.05976556188268904,-0.03862222854401425
14.368776924468948,2.717029104675798,6.957701304350218,-0.8981524200115363,0.7311893845467647,0.2589136601617645,-0.01040114618523399,-0.05976649619132096,-0.03933921594420924
14.378776924468948,2.7190260239733357,6.95935261183211,-0.8987500896296242,0.7307924705506165,0.2589180257976459,-0.010346606198901162,-0.059767426813007694,-0.0400410931798089
14.388776924468948,2.721023268148787,6.9610035607073675,-0.8993477685355474,0.7303886126842455,0.2589224576742117,-0.010290586456710858,-0.05976835376031608,-0.04072800887120029
14.398776924468947,2.7230208392855664,6.962654148592872,-0.8999454566926247,0.729977959788237,0.25892695134559907,-0.010233118516200939,-0.059769277045770626,-0.04140011187832363
14.408776924468949,2.7250187394063747,6.96430437314255,-0.9005431540642995,0.7295606592482382,0.25893150242958585,-0.010174233581009787,-0.0597701966818535,-0.04205755130067225
14.418776924468949,2.7270169704732,6.965954232047374,-0.9011408606141399,0.7291368569949591,0.2589361066075902,-0.010113962500876289,-0.05977111268100451,-0.042700476477292595
14.428776924468949,2.729015534387429,6.9676037230354115,-0.9017385763058382,0.7287066975026505,0.2589407596251407,-0.010052335771604571,-0.059772025055621174,-0.04332903695951104
14.438776924468948,2.7310144329898685,6.9692528438728445,-0.9023363011032106,0.7282703236964042,0.25894545730062674,-0.00998938351901504,-0.059772933818059,-0.043943382056057335
14.448776924468948,2.7330136680587676,6.970901592363893,-0.9029340349701981,0.7278278769013263,0.2589501955243113,-0.009925135486055885,-0.05977383898063102,-0.044543660936511444
14.458776924468948,2.735013241314364,6.97254996635082,-0.9035317778708639,0.7273794969800219,0.25895497025831005,-0.00985962106562328,-0.05977474055560864,-0.04513002252070014
14.468776924468948,2.7370131544197216,6.974197963714062,-0.9041295297693931,0.7269253223456494,0.2589597775377535,-0.009792869304493312,-0.05977563855522193,-0.04570261539745581
14.47877692446895,2.739013408980732,6.975845582372229,-0.9047272906300925,0.7264654899619205,0.25896461347078736,-0.009724908903321967,-0.05977653299165952,-0.04626158782461647
14.488776924468949,2.7410140065461124,6.977492820282107,-0.9053250604173907,0.7260001353430999,0.25896947423857203,-0.00965576821664514,-0.059777423877068685,-0.04680708772902573
14.498776924468949,2.743014948607685,6.979139675438774,-0.9059228390958377,0.7255293925523354,0.2589743560959528,-0.009585475253103671,-0.05977831122355538,-0.04733926265082159
14.508776924468949,2.745016236600213,6.980786145876711,-0.9065206266301042,0.725053394106916,0.25897925537811683,-0.009514057658342652,-0.05977919504318448,-0.047858259317278926
14.518776924468948,2.747017871900163,6.982432229669458,-0.9071184229849834,0.7245722709694773,0.2589841684987367,-0.009441542711003049,-0.059780075347979356,-0.048364223822532276
14.528776924468948,2.7490198558302708,6.984077924929632,-0.9077162281253871,0.7240861526853787,0.25898909194874264,-0.009367957355496611,-0.05978095214992285,-0.04885730151353159
14.538776924468948,2.7510221896599933,6.985723229808984,-0.9083140420163464,0.723595167391227,0.2589940222965883,-0.009293328204366178,-0.059781825460957366,-0.04933763695308775
14.54877692446895,2.7530248746055115,6.987368142498404,-0.9089118646230111,0.7230994418148763,0.25899895618825053,-0.009217681538285673,-0.05978269529298487,-0.049805373919872574
14.55877692446895,2.7550279118297287,6.989012661227916,-0.9095096959106501,0.7225991012754283,0.25900389034722965,-0.00914104330606011,-0.05978356165786689,-0.050260655408418814
14.56877692446895,2.757031302442596,6.990656784266797,-0.9101075358446509,0.7220942696849598,0.25900882157480387,-0.009063439125502129,-0.059784424567424645,-0.05070362358249521
14.578776924468949,2.759035047501252,6.9923005099246645,-0.9107053843905187,0.7215850694748538,0.25901374675419453,-0.008984894270347847,-0.059785284033439176,-0.051134419404519335
14.588776924468949,2.7610391480085954,6.993943836551143,-0.9113032415138783,0.7210716215753528,0.25901866285011155,-0.008905433663932533,-0.05978614006765101,-0.05155318279242262
14.598776924468948,2.763043604917843,6.995586762535736,-0.9119011071804707,0.7205540455663102,0.25902356690543354,-0.008825081914293788,-0.05978699268176106,-0.051960052567594714
14.608776924468948,2.7650484191330023,6.997229286307881,-0.9124989813561529,0.7200324596882492,0.2590284560411128,-0.008743863316989179,-0.05978784188743076,-0.05235516642756061
14.61877692446895,2.767053591508872,6.998871406336949,-0.9130968640068983,0.7195069808423631,0.2590333274561753,-0.008661801855096244,-0.059788687696282074,-0.05273866094598064
14.62877692446895,2.7690591228510413,7.0005131211322436,-0.9136947550987959,0.7189777245905145,0.2590381784277207,-0.008578921199212492,-0.059789530119897495,-0.053110671572650474
14.63877692446895,2.771065013916066,7.002154429243042,-0.9142926545980511,0.718444805158207,0.2590430063108465,-0.008495244708285407,-0.05979036916982008,-0.05347133261785935
14.64877692446895,2.77307126541238,7.00379532925955,-0.9148905624709838,0.7179083354045231,0.25904780853988346,-0.00841079542551654,-0.05979120485755379,-0.05382077696234253
14.658776924468949,2.775077877997963,7.0054358198128845,-0.9154884786840307,0.7173684267454207,0.25905258263076403,-0.008325596060359642,-0.059792037194562886,-0.054159136102729974
14.668776924468949,2.7770848522847427,7.007075899574682,-0.9160864032037428,0.7168251893223225,0.25905732617578436,-0.008239669026577833,-0.059792866192272885,-0.054486540205344054
14.678776924468949,2.7790921888395155,7.008715567257149,-0.9166843359967837,0.7162787320289563,0.2590620368428066,-0.00815303644867044,-0.05979369186207077,-0.05480311807650082
14.688776924468947,2.7810998881839457,7.010354821613067,-0.9172822770299305,0.7157291625113539,0.25906671237525875,-0.008065720161873022,-0.05979451421530504,-0.05510899716250986
14.698776924468946,2.7831079507945695,7.011993661435787,-0.9178802262700739,0.7151765871678517,0.25907135059213476,-0.00797774171215727,-0.05979533326328562,-0.05540430354967474
14.708776924468946,2.7851163771027907,7.013632085559233,-0.9184781836842172,0.7146211111491046,0.2590759493879939,-0.007889122356234523,-0.05979614901728396,-0.0556891619642707
14.718776924468946,2.787125167496094,7.015270092858417,-0.9190761492394762,0.7140628383718325,0.25908050673179056,-0.007799883065906515,-0.05979696148853332,-0.05596369563405332
14.728776924468946,2.7891343223161127,7.016907682250146,-0.9196741229030804,0.713501871410588,0.2590850206703062,-0.007710044504787887,-0.05979777068822834,-0.056228026128826054
14.738776924468945,2.7911438418609107,7.018544852692284,-0.9202721046423709,0.7129383116166726,0.2590894893244304,-0.0076196270539129266,-0.05979857662752548,-0.05648227353097189
14.748776924468947,2.7931537263873754,7.020181603183776,-0.9208700944247997,0.7123722592014052,0.259093910885889,-0.007528650830883238,-0.05979937931754365,-0.05672655641673053
14.758776924468947,2.795163976111216,7.021817932764634,-0.9214680922179292,0.7118038132361217,0.2590982836172447,-0.007437135689867743,-0.05980017876936417,-0.05696099185619842
14.768776924468947,2.7971745912069648,7.023453840515949,-0.9220660979894318,0.7112330716521755,0.25910260585189643,-0.007345101221602679,-0.05980097499403082,-0.05718569541332876
14.778776924468946,2.799185571807976,7.025089325559884,-0.9226641117070908,0.7106601312409373,0.2591068759940799,-0.0072525667533915985,-0.059801768002549806,-0.05740078114593149
14.788776924468946,2.8011969180063754,7.026724387059843,-0.9232621333387995,0.7100850876439255,0.2591110925189175,-0.007159551347136698,-0.05980255780588976,-0.05760636157058668
14.797928001447707,2.8030378368002236,7.02822027261122,-0.9238093944450303,0.7095570983182297,0.2591149028702528,-0.007074026807207907,-0.05980327776172835,-0.057786254951417024
14.807928001447706,2.8050497846092095,7.029854528927115,-0.9244073276331928,0.7089786360988986,0.2591187754001485,-0.006979917654024954,-0.059803721939022905,-0.05796789119554219
14.817928001447706,2.8070621921801044,7.031488352927533,-0.9250053687643047,0.7083981252749464,0.25912280832142004,-0.006885416375216195,-0.059804503771567145,-0.05813108520952185
14.827928001447706,2.8090749631740595,7.033121752640999,-0.9256034176984009,0.7078160784822756,0.25912676740086643,-0.006790401660393739,-0.059805282537499733,-0.058275104114207034
14.837928001447706,2.8110880963442724,7.034754728572,-0.9262014744048678,0.7072326864422598,0.25913065059516405,-0.006694910453600678,-0.05980605824727942,-0.058400149401864894
14.847928001447706,2.813101590362892,7.036387281319582,-0.9267995388531953,0.7066481379357199,0.25913445599347595,-0.006598979245073183,-0.059806830911329566,-0.05850641920508903
14.857928001447707,2.815115443821015,7.038019411577352,-0.9273976110129778,0.7060626198029242,0.259138181817452,-0.006502644071240499,-0.05980760054003813,-0.05859410829679945
14.867928001447707,2.8171296552287024,7.039651120133479,-0.9279956908539134,0.7054763169441689,0.25914182642119393,-0.006405940514853633,-0.059808367143757694,-0.058663408089028125
14.877928001447707,2.819144223016743,7.041282407871676,-0.9285937783458035,0.7048894123712319,0.25914538828645584,-0.0063089037168723066,-0.059809130732805756,-0.058714506321291854
14.887928001447706,2.8211591455348595,7.042913275771762,-0.9291918734585534,0.7043020870735418,0.2591488660270448,-0.006211568347937747,-0.05980989131746433,-0.058747586898454385
14.897928001447706,2.8231744210551306,7.044543724908964,-0.9297899761621712,0.703714520228405,0.2591522583816948,-0.006113968653402348,-0.05981064890798047,-0.05876283007179427
14.907928001447706,2.8251900477743264,7.046173756454143,-0.9303880864267668,0.7031268893178781,0.25915556420841346,-0.0060161384788194544,-0.05981140351456668,-0.05876041234973652
14.917928001447706,2.827206023813911,7.047803371673798,-0.9309862042225513,0.7025393701287681,0.25915878248448143,-0.0059181112699433665,-0.059812155147400896,-0.058740506497852604
14.927928001447707,2.829222347220041,7.049432571930061,-0.9315843295198374,0.7019521367526311,0.259161912306453,-0.005819920072729334,-0.05981290381662648,-0.058703281538860425
14.937928001447707,2.8312390159636127,7.051061358680719,-0.9321824622890393,0.7013653615885654,0.25916495288998376,-0.005721597533930472,-0.05981364953235224,-0.058648902749507605
14.947928001447707,2.833256027941986,7.052689733480261,-0.9327806025006722,0.7007792154243127,0.25916790356281993,-0.0056231759185156275,-0.05981439230465272,-0.05857753141450351
14.957928001447707,2.83527338097705,7.054317697980119,-0.9333787501253527,0.7001938672844518,0.2591707637707943,-0.005524687077355655,-0.05981513214356776,-0.05848932473056441
14.967928001447707,2.8372910728186103,7.055945253928214,-0.9339769051337978,0.6996094846647134,0.25917353306881946,-0.00542616249714214,-0.059815869059103126,-0.05838443595594329
14.977928001447706,2.839309101146047,7.057572403169188,-0.9345750674968237,0.6990262336365832,0.25917621111553113,-0.005327633322714707,-0.059816603061230815,-0.058263014376841754
14.987928001447706,2.841327463568315,7.0591991476443985,-0.9351732371853455,0.6984442788473018,0.25917879767328805,-0.005229130357061028,-0.05981733415988907,-0.05812520530741003
14.997928001447708,2.8433461576239414,7.0608254893919185,-0.9357714141703776,0.6978637835198647,0.2591812926081718,-0.005130684061316813,-0.059818062364982376,-0.05797115008974696
15.007928001447707,2.845365180781033,7.06245143054654,-0.9363695984230336,0.6972849094534587,0.25918369588996065,-0.005032324554856848,-0.05981878768638148,-0.05780098609365047
15.017928001447707,2.847384530438583,7.064076973340745,-0.936967789914525,0.6967078171234019,0.2591860075844627,-0.004934081635964984,-0.059819510133923656,-0.05761484656679358
15.027928001447707,2.8494042039252547,7.0657021201050645,-0.9375659886161634,0.6961326655483925,0.25918822785777185,-0.004835984753750225,-0.05982022971741233,-0.05741286048721347
15.037928001447707,2.8514241985013946,7.067326873267574,-0.9381641944993576,0.6955596124645328,0.25919035697052084,-0.004738063044988536,-0.05982094644661751,-0.057195152740536714
15.047928001447707,2.853444511360777,7.068951235354296,-0.9387624075356139,0.6949888144743895,0.2591923952701302,-0.004640345365354787,-0.05982166033127629,-0.056961844110024855
15.057928001447706,2.8554651396306028,7.070575208989199,-0.9393606276965349,0.6944204270469937,0.25919434319080814,-0.004542860289422753,-0.05982237138109283,-0.05671305127657433
15.067928001447708,2.857486080371501,7.072198796894199,-0.9399588549538201,0.6938546045178404,0.2591962012535504,-0.004445636110665119,-0.059823079605738315,-0.05644888681871653
15.077928001447708,2.859507330577529,7.073822001889158,-0.9405570892792656,0.6932915000888894,0.25919797006614054,-0.004348700841453472,-0.05982378501485102,-0.05616945921261777
15.087928001447708,2.86152888717665,7.075444826892439,-0.9411553306447638,0.692731265894971,0.2591996503186441,-0.004252082226490987,-0.05982448761803644,-0.05587487278120325
15.097928001447707,2.8635507470308617,7.077067274922033,-0.9417535790223034,0.6921740530093276,0.25920124277891865,-0.004155807743044954,-0.059825187424867254,-0.05556522749133055
15.107928001447707,2.865572906936188,7.078689349094501,-0.9423518343839699,0.6916200114066456,0.25920274829756235,-0.0040599045940406244,-0.05982588444488324,-0.0552406191005111
15.117928001447707,2.8675953636246545,7.080311052625825,-0.9429500967019429,0.6910692902259973,0.2592041677948623,-0.0039643997623075205,-0.059826578687591996,-0.0549011391869386
15.127928001447707,2.869618113764341,7.081932388831459,-0.9435483659484964,0.6905220377785658,0.2592055022603562,-0.0038693200121610416,-0.05982727016246902,-0.05454687514770722
15.137928001447708,2.871641153959384,7.08355336112632,-0.9441466420959993,0.6899784015476459,0.2592067527528321,-0.0037746918894024624,-0.059827958878957664,-0.05417791019881158
15.147928001447708,2.8736644807499756,7.085173973024796,-0.9447449251169138,0.6894385281886437,0.2592079204003287,-0.0036805417213189324,-0.05982864484646917,-0.05379432337514673
15.157928001447708,2.8756880906123885,7.086794228140825,-0.9453432149837973,0.6889025635401985,0.2592090063994772,-0.0035868956189003256,-0.05982932807438267,-0.05339618952584281
15.167928001447708,2.8777119799592423,7.088414130189602,-0.9459415116692995,0.6883706527761762,0.2592100120045474,-0.0034937795065171128,-0.05983000857204553,-0.052983579165571164
15.177928001447707,2.879736145139201,7.090033682986463,-0.946539815146166,0.6878429402079066,0.2592109385370452,-0.00340121908188268,-0.05983068634877279,-0.05255655846993916
15.187928001447707,2.881760582437952,7.0916528904476355,-0.9471381253872346,0.6873195695461052,0.2592117873748211,-0.0033092398697516863,-0.05983136141384787,-0.05211518936816547
15.197928001447707,2.883785288078451,7.093271756590785,-0.9477364423654352,0.6868006839926143,0.2592125599473101,-0.003217867240419177,-0.0598320337765229,-0.05165952953366954
15.207928001447709,2.8858102582209213,7.094890285535013,-0.9483347660537893,0.6862864262404037,0.2592132577355314,-0.0031271264097205804,-0.05983270344601869,-0.05118963238407158
15.217928001447708,2.8878354889628555,7.096508481500857,-0.9489330964254108,0.6857769384735708,0.25921388227208864,-0.0030370424390317105,-0.059833370431524736,-0.050705547081192535
15.227928001447708,2.8898609763390133,7.098126348810292,-0.949531433453505,0.6852723623673401,0.25921443514116993,-0.002947640235268767,-0.05983403474219925,-0.05020731853105414
15.237928001447704,2.8918867163212525,7.09974389188728,-0.9501297771113689,0.6847728391430248,0.2592149179753555,-0.002858944561564969,-0.05983469638716922,-0.049694987350020245
15.247928001447704,2.89391270481807,7.101361115259472,-0.9507281273723911,0.6842785096789803,0.2592153324465786,-0.0027709800577789393,-0.05983535537553062,-0.049168589691182554
15.257928001447704,2.8959389376754587,7.1029780235562034,-0.951326484210052,0.6837895143361457,0.25921568027658176,-0.002683771206809905,-0.05983601171634791,-0.048628157372967794
15.267928001447705,2.897965410676345,7.104594621510616,-0.9519248475979218,0.6833059932732585,0.25921596322248974,-0.002597342397449647,-0.05983666541865501,-0.04807371784829087
15.277928001447705,2.899992119540518,7.106210913959892,-0.9525232175096606,0.682828086474342,0.25921618307539207,-0.0025117179297957848,-0.05983731649145531,-0.04750529419506368
15.287928001447705,2.9020190599246276,7.1078269058452515,-0.9531215939190176,0.6823559337487046,0.25921634166034263,-0.002426922015251777,-0.059837964943721726,-0.046922905116195075
15.297928001447705,2.904046227422187,7.1094426022119555,-0.9537199767998317,0.6818896747309399,0.2592164408363602,-0.0023429787765269204,-0.05983861078439668,-0.0463265649395909
15.307928001447705,2.906073617563572,7.111058008209304,-0.9543183661260312,0.6814294488809268,0.2592164824964282,-0.002259912247636349,-0.05983925402239209,-0.04571628361815392
15.317928001447704,2.908101225815466,7.112673129091442,-0.9549167618716337,0.6809753955364805,0.2592164685639151,-0.0021777463834955447,-0.05983989466658944,-0.04509206665294832
15.327928001447704,2.9101290475798183,7.114287970219117,-0.955515164010746,0.6805276540401523,0.25921640098379906,-0.0020965050830823685,-0.059840532725839876,-0.04445391491060899
15.337928001447706,2.912157078194886,7.1159025370583,-0.9561135725175631,0.6800863637146126,0.25921628172750427,-0.0020162121868622642,-0.05984116820896442,-0.043801824814832906
15.347928001447706,2.9141853129340363,7.1175168351818145,-0.9567119873663676,0.6796516639964155,0.25921611278580026,-0.0019368915022341734,-0.05984180112475424,-0.04313578824008742
15.357928001447705,2.9162137470056892,7.119130870269416,-0.95731040853153,0.6792236944417203,0.2592158961684435,-0.0018585668045888078,-0.05984243148197069,-0.04245579250457051
15.367079078426464,2.9180701531733564,7.120607660638838,-0.9578580338593946,0.6788380725412002,0.25921565789080075,-0.0017877842366008422,-0.05984300609215896,-0.04182127665453703
15.377079078426465,2.9200988577252587,7.122221218295094,-0.9584563635414796,0.6784236744886075,0.25921512094013904,-0.0017113717447747605,-0.05984329205612866,-0.04112439805099364
15.387079078426465,2.922127843033025,7.123834518489402,-0.9590547995852258,0.6780158784090627,0.2592147579719348,-0.0016363361622815506,-0.05984391628450441,-0.04043603974104443
15.397079078426465,2.9241570107499957,7.125447575438717,-0.9596532418590044,0.67761492895891,0.2592143424093369,-0.0015625049713683175,-0.05984453806387951,-0.039755056443699324
15.407079078426465,2.9261863571249647,7.127060393437745,-0.9602516903383674,0.6772207533119263,0.2592138768248252,-0.001489861532450096,-0.05984515740261136,-0.03908126655802408
15.417079078426465,2.928215878431644,7.12867297677499,-0.9608501449989499,0.6768332803839938,0.25921336370810527,-0.0014183895741925084,-0.059845774309029084,-0.03841449228448801
15.427079078426464,2.930245570968663,7.130285329732751,-0.9614486058164698,0.676452440833099,0.25921280546610836,-0.0013480731935117643,-0.05984638879143357,-0.03775455962496402
15.437079078426464,2.9322754310595682,7.131897456587122,-0.9620470727667277,0.6760781670593329,0.2592122044229913,-0.0012788968555746613,-0.05984700085809744,-0.037101298382728555
15.447079078426466,2.9343054550527543,7.133509361608019,-0.9626455458256076,0.6757103932019196,0.2592115628203658,-0.0012108453931672348,-0.05984761051726506,-0.03645454215299642
15.457079078426466,2.9363356393178055,7.135121049059873,-0.9632440249690746,0.6753490549915454,0.2592108828302425,-0.0011439039758214095,-0.05984821777715288,-0.03581412782139794
15.467079078426465,2.938365980248463,7.136732523199896,-0.9638425101731781,0.6749940898745677,0.25921016654808543,-0.0010780581370699815,-0.0598488226459489,-0.03517989590860285
15.477079078426465,2.9403964742595488,7.138343788280306,-0.9644410014140489,0.6746454368809542,0.25920941599857555,-0.001013293744994214,-0.059849425131813266,-0.03455169023970109
15.487079078426465,2.942427117784415,7.139954848549393,-0.9650394986678983,0.6743030365186585,0.2592086331428495,-0.0009495969794942043,-0.05985002524287858,-0.03392935762598087
15.497079078426465,2.9444579072749475,7.141565708251526,-0.9656380019110187,0.6739668307736195,0.2592078198784995,-0.0008869543322888834,-0.05985062298724995,-0.03331274786492867
15.507079078426464,2.9464888392015625,7.143176371627147,-0.9662365111197829,0.6736367631097618,0.2592069780395737,-0.0008253526069160152,-0.059851218373004944,-0.03270171374022925
15.517079078426466,2.948519910053208,7.144786842912774,-0.966835026270645,0.6733127784689958,0.2592061093965757,-0.0007647789187321978,-0.059851811408193636,-0.032096111021765655
15.527079078426466,2.9505511163371083,7.146397126341094,-0.9674335473401389,0.6729948232614256,0.25920521565718435,-0.0007052206928091934,-0.05985240210083861,-0.031495798434889276
15.537079078426466,2.9525824545754142,7.148007226141723,-0.9680320743048787,0.6726828452412658,0.2592042984770299,-0.0006466656377871996,-0.05985299045893529,-0.03090063723940565
15.547079078426465,2.9546139213088507,7.1496171465392955,-0.9686306071415599,0.6723767936485291,0.2592033594508938,-0.0005891017768402978,-0.059853576490451296,-0.030310491645289758
15.557079078426465,2.956645513092723,7.151226891756053,-0.9692291458269573,0.6720766190479404,0.259202400120854,-0.0005325174119644872,-0.059854160203327254,-0.029725228379690397
15.567079078426465,2.958677226495438,7.15283646601255,-0.969827690337924,0.6717822732713908,0.2592014219800169,-0.000476901111464221,-0.059854741605477,-0.02914471651597175
15.577079078426465,2.960709058098505,7.154445873527649,-0.970426240651392,0.6714937094179384,0.25920042647251756,-0.0004222417099524061,-0.059855320704787565,-0.02856882747371337
15.587079078426466,2.9627410044965345,7.156055118518524,-0.9710247967443718,0.6712108818538075,0.2591994149935196,-0.0003685283083504033,-0.05985589750911922,-0.027997435018710208
15.597079078426466,2.964773062297239,7.157664205200661,-0.9716233585939522,0.6709337462123888,0.2591983888892151,-0.0003157502738880269,-0.05985647202630543,-0.0274304152629726
15.607079078426466,2.9668052281212907,7.15927313778791,-0.9722219261773006,0.6706622593888978,0.25919734945719886,-0.00026389723986073373,-0.05985704426415292,-0.026867646647846397
15.617079078426466,2.968837498599346,7.160881920493277,-0.9728204994716622,0.6703963794362736,0.25919629795505,-0.00021295909349905906,-0.05985761423044202,-0.02630900959177556
15.627079078426465,2.970869870374907,7.162490557527445,-0.9734190784543609,0.6701360656831319,0.2591952355936996,-0.0001629259635546469,-0.05985818193292598,-0.025754386836799287
15.637079078426465,2.97290234010144,7.16409905310078,-0.9740176631027985,0.6698812786139956,0.2591941635426965,-0.00011378822202842587,-0.0598587473793317,-0.025203663130296282
15.647079078426465,2.974934904440875,7.1657074114240515,-0.9746162533944527,0.6696319798110192,0.25919308293378623,-6.553648344566853e-05,-0.05985931057736004,-0.024656725050235147
15.657079078426467,2.9769675600636036,7.1673156367084285,-0.975214849306878,0.6693881319539885,0.2591919948609113,-1.8161604855991456e-05,-0.05985987153468579,-0.024113461005174395
15.667079078426466,2.9790003036484816,7.168923733165485,-0.975813450817705,0.669149698820321,0.259190900380211,2.834531416664478e-05,-0.059860430258957716,-0.02357376123426242
15.677079078426466,2.9810331318828265,7.1705317050071935,-0.9764120579046408,0.6689166452850656,0.2591898005100213,7.399293152393567e-05,-0.059860986757798496,-0.023037517807237538
15.687079078426466,2.983066041462419,7.172139556445932,-0.9770106705454691,0.6686889373209024,0.25918869623087504,0.00011878966259323262,-0.0598615410388048,-0.022504624624427948
15.697079078426466,2.985099029089581,7.173747291695055,-0.9776092887180486,0.6684665419324257,0.2591875884904636,0.00016274369700069715,-0.05986209310954754,-0.02197497719154204
15.707079078426466,2.9871320914745025,7.175354914967235,-0.9782079124003151,0.6682494271946766,0.25918647820321566,0.00020586300287644705,-0.05986264297757152,-0.02144847270274006
15.717079078426465,2.9891652253346983,7.176962430475781,-0.9788065415702802,0.668037562239973,0.25918536624888094,0.00024815533254103194,-0.059863190650395554,-0.02092501004871747
15.727079078426465,2.991198427392129,7.178569842436383,-0.9794051762060297,0.6678309171637639,0.2591842534778866,0.0002896282422189903,-0.059863736135513185,-0.020404489530566665
15.737079078426467,2.9932316943731982,7.18017715506711,-0.9800038162857239,0.6676294630246024,0.25918314071133913,0.0003302890920449064,-0.05986427944039261,-0.01988681285968872
15.747079078426466,2.995265023008756,7.181784372588406,-0.980602461787597,0.6674331718441454,0.2591820287410243,0.00037014504606341014,-0.05986482057247672,-0.01937188315779334
15.757079078426466,2.9972984100340954,7.183391499223098,-0.9812011126899577,0.6672420166071538,0.25918091832940715,0.00040920307222917725,-0.05986535953918308,-0.018859604956898892
15.767079078426466,2.9993318521889547,7.184998539196386,-0.9817997689711888,0.667055971261492,0.25917981020963204,0.00044746994240692917,-0.05986589634790393,-0.018349884199332384
15.777079078426466,3.0013653462168746,7.186605496736224,-0.9823984306097472,0.6668750107023483,0.25917870508659857,0.0004849522357984844,-0.05986643100600631,-0.01784262818269041
15.787079078426466,3.003398888862772,7.188212376074207,-0.9829970975841628,0.666699110719164,0.2591776036419617,0.000521656349916338,-0.05986696352083228,-0.01733774534941459
15.797079078426465,3.0054324768764893,7.189819181443405,-0.9835957698730409,0.6665282480820905,0.25917650652846647,0.000557588481640066,-0.05986749389969823,-0.016835145588346197
15.807079078426467,3.007466107008902,7.1914259170813315,-0.9841944474550591,0.6663624004337433,0.2591754143750517,0.0005927546515703324,-0.05986802214989584,-0.016334739902453044
15.817079078426467,3.009499776011349,7.193032587230318,-0.9847931303089673,0.6662015462743723,0.2591743277877131,0.0006271607073058663,-0.059868548278692195,-0.01583644035997544
15.827079078426463,3.011533480635631,7.194639196137523,-0.9853918184135871,0.6660456649618629,0.2591732473495027,0.0006608123234434502,-0.0598690722933298,-0.01534016009442636
15.837079078426463,3.013567217634013,7.196245748054921,-0.9859905117478129,0.6658947367117349,0.25917217362052936,0.0006937150015779625,-0.059869594201026555,-0.014845813304590826
15.847079078426463,3.0156009837592226,7.197852247239313,-0.9865892102906108,0.6657487425971436,0.2591711071379586,0.0007258740703023147,-0.05987011400897578,-0.014353315254526836
15.857079078426464,3.0176347757644484,7.199458697952315,-0.9871879140210185,0.6656076645488787,0.2591700484160125,0.0007572946852074932,-0.0598706317243462,-0.013862582273564737
15.867079078426464,3.0196685904020764,7.2010651044610166,-0.987786622918146,0.6654714853330002,0.259168997947897,0.000787981833783339,-0.05987114735428211,-0.013373531658386041
15.877079078426464,3.021702424422825,7.202671471037972,-0.9883853369611748,0.6653401885394218,0.2591679562078699,0.0008179403374689011,-0.05987166090590333,-0.012886081604346358
15.887079078426463,3.0237362745770304,7.2042778019609965,-0.9889840561293584,0.6652137585941802,0.2591669236486083,0.0008471748493821243,-0.05987217238630517,-0.012400151300057848
15.897079078426463,3.025770137612097,7.205884101514962,-0.98958278040202,0.6650921807069924,0.25916590070423856,0.0008756898663139093,-0.05987268180255902,-0.01191566073017499
15.907079078426463,3.027804010272452,7.207490373991826,-0.9901815097585532,0.6649754408703126,0.259164887790404,0.000903489728939597,-0.05987318916171235,-0.011432530671546579
15.917079078426463,3.029837889299544,7.2090966236906295,-0.990780244178422,0.6648635258593326,0.2591638853042651,0.0009305786218189681,-0.059873694470788705,-0.010950682693215726
15.927079078426464,3.031871771431844,7.210702854917503,-0.9913789836411601,0.6647564232319816,0.25916289362449946,0.0009569605733962438,-0.0598741977367877,-0.010470039156419853
15.936230155405223,3.0337329925690946,7.212172716963921,-0.9919268991340553,0.6646626197743772,0.25916199590698613,0.0009804867325097827,-0.05987465649504049,-0.010031188519028084
15.946230155405223,3.0357667975315596,7.213778908420782,-0.9925255446909678,0.66456507513737,0.2591608026194095,0.001005351351787525,-0.05987481635075517,-0.009554402391493919
15.956230155405223,3.037800669739166,7.215385107245235,-0.9931242953491378,0.6644718788837759,0.2591598451513024,0.0010293623009493976,-0.05987531495680526,-0.009086008718010574
15.966230155405224,3.0398345351165363,7.216991300871656,-0.9937230509835815,0.6643833316144978,0.25915889912514994,0.001052475602290462,-0.059875811606516095,-0.008624596154132419
15.976230155405224,3.041868391846664,7.218597491762727,-0.9943218115747691,0.6642993640598438,0.25915796476303077,0.0010747064005495373,-0.0598763063065671,-0.008170057691034852
15.986230155405224,3.0439022381298146,7.2202036823597915,-0.994920577103237,0.6642199079776995,0.2591570422631152,0.0010960696130211166,-0.05987679906361507,-0.007722288665568931
15.996230155405224,3.0459360721835247,7.2218098750828466,-0.9955193475495882,0.6641448961535286,0.25915613179966507,0.0011165799295553692,-0.05987728988429418,-0.007281186760261352
16.006230155405223,3.0479698922426017,7.223416072330549,-0.9961181228944914,0.6640742624003726,0.2591552335230339,0.0011362518125581386,-0.05987777877521597,-0.006846652003314472
16.016230155405225,3.050003696558963,7.225022276480307,-0.9967169031186821,0.6640079415474641,0.2591543475602494,0.001155099499340805,-0.0598782657429694,-0.006418586739641911
16.026230155405223,3.052037483400292,7.22662848988874,-0.9973156882029612,0.6639458693556188,0.259153474020551,0.0011731370190246147,-0.05987875079412108,-0.005996895393360935
16.036230155405224,3.054071251051241,7.228234714890799,-0.9979144781281961,0.6638879826103191,0.25915261299129283,0.0011903781730593923,-0.05987923393521482,-0.0055814846917329125
16.046230155405222,3.056104997811882,7.229840953801391,-0.9985132728753195,0.6638342189921312,0.2591517645421395,0.001206836563124872,-0.059879715172772276,-0.005172263380082523
16.056230155405224,3.058138721997311,7.231447208915689,-0.9991120724253284,0.6637845170467912,0.25915092872635204,0.0012225255974190586,-0.05988019451329306,-0.004769142150205796
16.066230155405222,3.0601724219376485,7.2330534825091295,-0.9997108767592846,0.6637388161852055,0.2591501055807876,0.001237458490658227,-0.05988067196325473,-0.0043720336403701154
16.076230155405224,3.0622060959780404,7.234659776837407,-1.0003096858583145,0.6636970566834501,0.2591492951258999,0.0012516482640769233,-0.05988114752911281,-0.003980852435314214
16.086230155405225,3.064239742478655,7.236266094136481,-1.0009084997036086,0.6636591796827719,0.25914849736573886,0.0012651077454279632,-0.05988162121730078,-0.00359551506624818
16.096230155405223,3.066273359814196,7.237872436622855,-1.0015073182764227,0.6636251271525389,0.25914771228978745,0.001277849576603817,-0.0598820930342302,-0.0032159399189929895
16.106230155405225,3.0683069463734545,7.2394788064934135,-1.0021061415580759,0.663594841872407,0.25914693987535226,0.0012898862166222777,-0.05988256298629066,-0.0028420471618419364
16.116230155405223,3.0703405005597713,7.241085205925472,-1.0027049695299521,0.6635682674591905,0.2591461800852393,0.0013012299365976754,-0.05988303107984976,-0.002473758829758905
16.126230155405224,3.072374020789845,7.242691637077912,-1.0033038021734986,0.6635453482619931,0.2591454328713192,0.0013118928420804846,-0.0598834973212536,-0.0021109985942176787
16.136230155405222,3.0744075054937023,7.244298102091204,-1.003902639470225,0.663526029359676,0.25914469817463026,0.0013218868735884164,-0.05988396171682678,-0.0017536917573298338
16.146230155405224,3.076440953114698,7.245904603087407,-1.0045014814017046,0.6635102565608585,0.2591439759253788,0.0013312238066064172,-0.059884424272872425,-0.0014017652518447392
16.156230155405225,3.0784743621095148,7.24751114217017,-1.005100327949573,0.6634979764039178,0.25914326604293897,0.0013399152515866696,-0.059884884995672176,-0.0010551476411495581
16.166230155405223,3.080507730948141,7.249117721424748,-1.0056991790955285,0.6634891361534377,0.25914256843592903,0.0013479726546577074,-0.059885343891486205,-0.0007137689675760007
16.176230155405225,3.082541058113111,7.250724342918404,-1.0062980348213328,0.6634836837379281,0.2591418830051214,0.0013554073103125537,-0.05988580096655343,-0.00037755742711046477
16.186230155405223,3.08457434209997,7.252331008699829,-1.0068968951088098,0.663481567892386,0.25914120964226856,0.0013622303330789811,-0.05988625622709118,-4.645020224687535e-05
16.196230155405225,3.086607581416815,7.253937720799896,-1.0074957599398457,0.6634827378999908,0.25914054823095123,0.0013684527081408463,-0.05988670967929561,0.00027960814549709656
16.206230155405223,3.0886407745839293,7.2555444812320005,-1.0080946292963886,0.6634871435008416,0.2591398986477301,0.0013740853094137565,-0.05988716132934195,0.0006006685048098161
16.216230155405224,3.0906739201337783,7.257151291992062,-1.008693503160447,0.6634947348919569,0.2591392607621455,0.0013791388995450682,-0.059887611183384495,0.0009167772145856864
16.226230155405226,3.0927070166110124,7.258758155058524,-1.0092923815140913,0.663505462727275,0.25913863443671736,0.001383624129913889,-0.059888059247556594,0.001227976063925146
16.236230155405224,3.094740062572465,7.260365072392354,-1.0098912643394529,0.6635192781176537,0.25913801952694554,0.0013875515406310758,-0.05988850552797065,0.0015343022921346723
16.246230155405225,3.0967730565871667,7.261972045936916,-1.010490151618725,0.6635361325836271,0.259137415881861,0.0013909315694901386,-0.0598889500307182,0.0018357906538025643
16.256230155405223,3.09880599723647,7.263579077617328,-1.0110890433341613,0.6635559779076838,0.2591368233457803,0.0013937745793612493,-0.05988939276186998,0.002132481993941922
16.266230155405225,3.100838883113838,7.2651861693411,-1.0116879394680764,0.6635787663288285,0.2591362417572026,0.001396090822059221,-0.05988983372747583,0.002424415339701883
16.276230155405223,3.102871712824682,7.266793322998289,-1.0122868400028455,0.6636044504679063,0.2591356709504407,0.0013978904536983067,-0.05989027293356515,0.002711629044372941
16.286230155405224,3.104904484986355,7.268400540461486,-1.0128857449209032,0.6636329833175871,0.25913511075575607,0.0013991835366286274,-0.059890710386146885,0.0029941611400642705
16.296230155405226,3.1069371982281555,7.270007823585812,-1.0134846542047442,0.6636643182423655,0.259134560999359,0.0013999800394361712,-0.05989114609120954,0.003272049337703721
16.306230155405224,3.1089698511913246,7.271615174208919,-1.0140835678369229,0.6636984089785604,0.2591340215034083,0.001400289836942795,-0.05989158005472119,0.0035453310270378204
16.316230155405226,3.111002442529011,7.273222594150979,-1.0146824858000532,0.6637352096300612,0.25913349208675507,0.0014001227113653693,-0.0598920122826296,0.0038140432639375173
16.326230155405224,3.1130349709063605,7.27483008521428,-1.0152814080768089,0.6637746746937113,0.25913297256574697,0.001399488346944602,-0.05989244278086213,0.004078222727685225
16.336230155405225,3.1150674350004675,7.276437649183453,-1.0158803346499234,0.6638167590480146,0.259132462753663,0.001398396332285358,-0.05989287155532573,0.004337905744923982
16.346230155405223,3.1170998335001836,7.278045287825784,-1.0164792655021888,0.6638614179187655,0.2591319624620662,0.0013968561683557507,-0.05989329861190739,0.004593128292399048
16.356230155405225,3.11913216510612,7.279653002891217,-1.0170782006164554,0.6639086068786346,0.25913147150083016,0.001394877268586239,-0.05989372395647419,0.00484392599676511
16.366230155405226,3.1211644285306432,7.281260796112352,-1.0176771399756321,0.6639582818471698,0.2591309896781388,0.0013924689588696271,-0.05989414759487322,0.005090334134586291
16.37623015540522,3.123196622497877,7.282868669204447,-1.0182760835626858,0.6640103990907953,0.2591305168004865,0.0013896404775610666,-0.059894569532931666,0.005332387632336066
16.386230155405222,3.1252287457436996,7.284476623865423,-1.0188750313606423,0.6640649152214122,0.25913005267280287,0.001386400975826767,-0.059894989776456777,0.005570121064471155
16.39623015540522,3.127260797015773,7.286084661775646,-1.0194739833525848,0.6641217871998452,0.2591295970999137,0.0013827595173475035,-0.05989540833123611,0.0058035686120539364
16.406230155405222,3.129292775073616,7.287692784597747,-1.0200729395216555,0.6641809723631998,0.25912914988557095,0.0013787250719810165,-0.05989582520303709,0.0060327640624777586
16.416230155405223,3.1313246786884243,7.289300993977112,-1.020671899851054,0.6642424283759107,0.25912871083336336,0.0013743065268669915,-0.05989624039760758,0.006257740832561582
16.42623015540522,3.1333565066430413,7.290909291541939,-1.0212708643240362,0.6643061132213129,0.2591282797470694,0.0013695126884003758,-0.059896653920676036,0.006478531967354571
16.436230155405223,3.135388257731959,7.292517678903239,-1.0218698329239158,0.6643719852016421,0.2591278564306578,0.0013643522822313788,-0.059897065777951466,0.006695170140136099
16.44623015540522,3.1374199307613186,7.294126157654828,-1.0224688056340627,0.6644400029380348,0.25912744068828686,0.001358833953265472,-0.05989747597512344,0.006907687652415749
16.456230155405223,3.139451524548909,7.295734729373342,-1.0230677824379042,0.6645101253705282,0.2591270323243052,0.0013529662656633897,-0.05989788451786212,0.007116116433933308
16.46623015540522,3.1414830379241945,7.297343395618147,-1.0236667633189243,0.6645823117615548,0.2591266311434693,0.0013467577021456696,-0.05989829141181823,0.007320488032455783
16.476230155405222,3.143514469728426,7.2989521579310495,-1.0242657482606632,0.6646565217089743,0.2591262369520911,0.0013402166615209086,-0.059898696662623166,0.007520833566150543
16.486230155405224,3.1455458188144583,7.300561017836797,-1.0248647372467181,0.6647327151126913,0.25912584955738377,0.001333351465829094,-0.059899100275889156,0.007717183776973973
16.49623015540522,3.1475770840467736,7.302169976843048,-1.0254637302607414,0.6648108521707484,0.259125468767815,0.0013261703613208246,-0.059899502257209365,0.007909569022635017
16.50538123238398,3.149435836062064,7.303642435722993,-1.026011876894542,0.6648840255092756,0.2591251259302204,0.0013193290156062961,-0.05989986868813962,0.00808217340787064
16.51538123238398,3.151466917291238,7.305251505512639,-1.0266107740719528,0.664966009539823,0.2591245358924177,0.0013112722543806017,-0.059899928042997166,0.008266780730306261
16.525381232383978,3.153497931890746,7.306860758046841,-1.0272097753461495,0.665049578960075,0.25912417564736734,0.0013030434415437927,-0.05990032653550384,0.008446303820356289
16.53538123238398,3.1555288597715028,7.308470113590221,-1.0278087805974492,0.6651349194488764,0.2591238217699162,0.0012944173206489592,-0.05990072346434368,0.008620998184554682
16.545381232383978,3.1575597005895313,7.310079572639211,-1.0284077898102417,0.6652219829281822,0.25912347404203295,0.001285403864959952,-0.05990111883485746,0.008790903129783612
16.55538123238398,3.159590454015168,7.311689135670085,-1.0290068029689703,0.6653107216959867,0.25912313224824146,0.0012760129536070872,-0.05990151265236788,0.008956057448654815
16.565381232383977,3.1616211197330597,7.313298803138958,-1.0296058200581313,0.665401088426322,0.25912279617562095,0.001266254371587145,-0.05990190492217954,0.009116499419509596
16.57538123238398,3.1636516974421673,7.314908575481785,-1.0302048410622737,0.665493036169259,0.259122465613806,0.0012561378097633716,-0.05990229564957896,0.009272266806418832
16.58538123238398,3.165682186855762,7.316518453114364,-1.0308038659659997,0.6655865183509074,0.2591221403549863,0.0012456728648654774,-0.05990268483983456,0.00942339685918297
16.59538123238398,3.1677125877015073,7.318128436432333,-1.0314028947539637,0.6656814887641573,0.2591218201945585,0.0012348690417433644,-0.05990307249819688,0.009569926292780912
16.60538123238398,3.169742899721563,7.3197385258108465,-1.0320019274108734,0.6657779016008128,0.2591215049315303,0.001223735746448279,-0.059903458629898355,0.009711891243821763
16.615381232383978,3.1717731226724264,7.321348721604936,-1.0326009639214888,0.6658757114258002,0.2591211943679747,0.001212282291737176,-0.05990384324015341,0.00984932731676352
16.62538123238398,3.1738032563249527,7.322959024149801,-1.033200004270622,0.6659748731381768,0.2591208883096596,0.0012005179058582702,-0.059904226334158865,0.009982269589113059
16.635381232383978,3.175833300464356,7.324569433760811,-1.0337990484431356,0.666075341971042,0.2591205865660506,0.0011884517325716534,-0.059904607917093955,0.01011075261138738
16.64538123238398,3.177863254890208,7.326179950733505,-1.0343980964239452,0.6661770734915364,0.25912028895031086,0.0011760928311492945,-0.05990498799412032,0.010234810407113598
16.65538123238398,3.179893119416439,7.327790575343592,-1.0349971481980167,0.6662800236008423,0.25911999527930146,0.0011634501763750401,-0.05990536657038199,0.010354476472828947
16.66538123238398,3.181922893871337,7.3294013078469495,-1.035596203750368,0.6663841485341835,0.2591197053735808,0.0011505326585446144,-0.059905743651005414,0.010469783778080777
16.67538123238398,3.1839525780976463,7.331012148479638,-1.0361952630660682,0.6664894048490433,0.259119419057735,0.0011373490861630489,-0.059906119241099606,0.010580764754477319
16.68538123238398,3.1859821719526678,7.332623097457638,-1.0367943261302373,0.6665957494525363,0.25911913616078175,0.0011239081800987446,-0.059906493345756005,0.010687451252774583
16.69538123238398,3.188011675308103,7.334234154977078,-1.037393392928047,0.6667031395903465,0.2591188565157275,0.001110218575872392,-0.059906865970048455,0.010789874577981412
16.705381232383978,3.190041088050144,7.335845321214513,-1.0379924634447197,0.6668115327989649,0.2591185799599014,0.0010962888342431396,-0.05990723711903369,0.010888065504191198
16.71538123238398,3.1920704100794732,7.337456596326929,-1.0385915376655273,0.666920886905282,0.2591183063349605,0.0010821274412997548,-0.059907606797751305,0.01098205427456271
16.72538123238398,3.194099641311265,7.339067980451739,-1.039190615575792,0.6670311600265878,0.25911803548689016,0.0010677428084606244,-0.05990797501122382,0.01107187060132009
16.73538123238398,3.1961287816751844,7.34067947370679,-1.0397896971608858,0.6671423105705723,0.25911776726600355,0.0010531432724737555,-0.059908341764456634,0.011157543665752861
16.74538123238398,3.1981578311153895,7.342291076190354,-1.0403887824062312,0.6672542972353245,0.25911750152694185,0.0010383370954167737,-0.05990870706243801,0.011239102118215919
16.75538123238398,3.2001867895905813,7.343902787981134,-1.0409878712973004,0.6673670790030678,0.2591172381287276,0.0010233324660810816,-0.05990907091013922,0.011316574076074946
16.76538123238398,3.2022156570742446,7.345514609138102,-1.041586963819615,0.6674806151388569,0.2591169769351542,0.0010081375003956172,-0.05990943331251461,0.011389987088194022
16.775381232383978,3.204244433554364,7.347126539700538,-1.0421860599587474,0.6675948652246099,0.2591167178145688,0.00099276023395912,-0.05990979427450121,0.011459368140690306
16.78538123238398,3.20627311903361,7.348738579688292,-1.0427851597003188,0.6677097890939967,0.2591164606398582,0.0009772086362393078,-0.05991015380101936,0.011524743689542462
16.79538123238398,3.2083017135293685,7.350350729101805,-1.0433842630299992,0.6678253468260621,0.2591162052884681,0.0009614906119701162,-0.059910511896972794,0.011586139661731673
16.80538123238398,3.2103302170737447,7.35196298792211,-1.043983369933507,0.6679414987452256,0.25911595164240353,0.0009456140011516979,-0.05991086856724858,0.011643581455241636
16.81538123238398,3.2123586297135587,7.353575356110826,-1.0445824803966097,0.6680582054212815,0.25911569958822855,0.0009295865790504238,-0.0599112238167172,0.011697093939058562
16.82538123238398,3.21438695151035,7.3551878336101675,-1.045181594405123,0.668175427669399,0.2591154490170665,0.0009134160561988819,-0.05991157765023249,0.011746701453171183
16.83538123238398,3.2164151825403726,7.3568004203429345,-1.0457807119449114,0.6682931265501217,0.2591151998245998,0.0008971100783958786,-0.05991193007263169,0.011792427808570741
16.84538123238398,3.218443322894842,7.358413116212426,-1.0463798330018874,0.6684112633505795,0.2591149519110756,0.0008806762307638803,-0.0599122810887356,0.011834296278641352
16.85538123238398,3.2204713726798695,7.360025921102343,-1.0469789575620125,0.6685297996205719,0.2591147051815324,0.0008641220300304069,-0.05991263070334838,0.011872329564169894
16.86538123238398,3.222499332016339,7.361638834877003,-1.0475780856112968,0.6686486971526496,0.25911445954562157,0.0008474549288151128,-0.05991297892125758,0.011906549827544226
16.87538123238398,3.224527201040175,7.36325185738134,-1.048177217135797,0.6687679179387629,0.2591142149174644,0.0008306823249588748,-0.05991332574723461,0.011936978707717084
16.88538123238398,3.2265549799023416,7.364864988440911,-1.048776352121618,0.6688874241702415,0.259113971215652,0.0008138115615280718,-0.059913671186034766,0.01196363732020769
16.89538123238398,3.228582668768846,7.366478227861891,-1.049375490554911,0.6690071782377948,0.2591137283632454,0.0007968499268145832,-0.05991401524239717,0.011986546257101759
16.90538123238398,3.230610267820735,7.368091575431077,-1.0499746324218753,0.6691271427315115,0.2591134862877757,0.0007798046543357903,-0.059914357921044846,0.012005725587051494
16.91538123238398,3.2326377772540966,7.369705030915884,-1.0505737777087567,0.6692472804408599,0.2591132449212437,0.0007626829228345755,-0.05991469922668466,0.01202119485527559
16.92538123238398,3.234665197280066,7.371318594064345,-1.0511729264018483,0.6693675543541043,0.25911300420011585,0.0007454918564023363,-0.059915039164007346,0.012032973083584376
16.935381232383982,3.2366925281252334,7.372932264604873,-1.0517720784874904,0.6694879276332705,0.2591127640651169,0.0007282385297354823,-0.05991537773768782,0.012041078758476233
16.945381232383976,3.2387197700312487,7.374546042246438,-1.0523712339520699,0.669608363667006,0.25911252446160216,0.0007109299569686704,-0.05991571495238463,0.012045529804244542
16.955381232383978,3.2407469232549686,7.376159926678612,-1.0529703927820213,0.6697288260265767,0.2591122853392712,0.000693573101047449,-0.05991605081274038,0.012046343619684888
16.965381232383976,3.2427739880687203,7.377773917571457,-1.0535695549638247,0.6698492784358834,0.2591120466519507,0.0006761748800676122,-0.059916385323382004,0.012043537087027621
16.975381232383977,3.244800964760302,7.379388014575521,-1.0541687204840058,0.6699696847714625,0.25911180835759434,0.0006587421672751781,-0.059916718488920793,0.012037126571937869
16.98538123238398,3.2468278536329827,7.381002217321844,-1.0547678893291363,0.670090009062485,0.25911157041828264,0.0006412817910663945,-0.0599170503139524,0.012027127923515528
16.995381232383977,3.2488546550055033,7.382616525421952,-1.0553670614858337,0.6702102154907575,0.25911133280022325,0.0006238005349877391,-0.0599173808030568,0.01201355647429527
17.00538123238398,3.2508813692120753,7.384230938467862,-1.055966236940761,0.670330268390722,0.2591110954737507,0.0006063051377359183,-0.05991770996079834,0.011996427040246537
17.015381232383977,3.2529079966023824,7.38584545603208,-1.0565654156806277,0.6704501322494453,0.2591108584133262,0.0005888022931596098,-0.059918037791725706,0.01197575392073299
17.025381232383978,3.2549345375418848,7.387460077667347,-1.057164597692188,0.6705697717033463,0.25911062159732895,0.0005712986507988075,-0.05991836430037201,0.011951550874482767
17.035381232383976,3.2569609924117993,7.389074802906722,-1.0577637829622422,0.6706891515326523,0.25911038500803,0.0005538008171126655,-0.059918689491254826,0.01192383112349786
17.045381232383978,3.2589873616090483,7.390689631263665,-1.0583629714776355,0.6708082366407299,0.259110148631554,0.0005363153599205764,-0.059919013368876374,0.011892607384305965
17.055381232383976,3.2610136455464653,7.3923045622318675,-1.0589621632252573,0.6709269920472016,0.25910991245772796,0.0005188488097561677,-0.05991933593772358,0.011857891859200364
17.065381232383977,3.2630398446527957,7.393919595285249,-1.0595613581920424,0.6710453828879462,0.2591096764800814,0.0005014076598673026,-0.05991965720226813,0.011819696236239916
17.074532309362738,3.264893961096246,7.395397613453966,-1.0601096889284283,0.6711533742126938,0.25910946070460183,0.0004854748844384672,-0.059919950054805986,0.01178170316350688
17.084532309362736,3.266919984480742,7.397012750957733,-1.0607087865198923,0.6712705998263523,0.2591090016428847,0.0004679946059357484,-0.05991992931755444,0.011736699398570282
17.094532309362737,3.2689459383843165,7.398628075465302,-1.0613079874076539,0.6713877412802335,0.2591087665489699,0.000450667047097303,-0.05992024802664993,0.011691350556015176
17.10453230936274,3.2709718092353075,7.4002434998741276,-1.0619071914762495,0.6715044217312217,0.25910853084786023,0.0004333857544334713,-0.05992056548504477,0.011644498929641622
17.114532309362737,3.272997597493837,7.401859023606993,-1.0625063987131944,0.6716206261781785,0.25910829456470097,0.000416153427980069,-0.059920881697011805,0.011596146784230616
17.12453230936274,3.2750233036278162,7.403474646077457,-1.0631056091060465,0.6717363396325777,0.25910805772578877,0.0003989727591510203,-0.0599211966668095,0.011546296177821002
17.134532309362736,3.277048928112947,7.405090366689856,-1.0637048226424046,0.6718515471185053,0.2591078203585713,0.00038184643073835777,-0.05992151039868197,0.011494948961709488
17.144532309362738,3.2790744714327213,7.4067061848392965,-1.0643040393099108,0.6719662336726594,0.2591075824916473,0.00036477711691222214,-0.059921822896858955,0.011442106780450626
17.154532309362736,3.2810999340784206,7.408322099911666,-1.0649032590962482,0.6720803843443508,0.25910734415476677,0.0003477674832208627,-0.05992213416555585,0.01138777107185683
17.164532309362738,3.2831253165491154,7.409938111283621,-1.0655024819891428,0.6721939841955024,0.25910710537883086,0.00033082018659063683,-0.05992244420897366,0.011331943066998362
17.17453230936274,3.285150619351668,7.411554218322598,-1.066101707976362,0.6723070183006489,0.25910686619589174,0.0003139378753260106,-0.05992275303129906,0.011274623790203343
17.184532309362737,3.287175843000729,7.413170420386806,-1.0667009370457154,0.672419471746938,0.25910662663915285,0.00029712318910955814,-0.059923060636704335,0.011215814059057746
17.19453230936274,3.2892009880187545,7.4147867168252155,-1.0673001691850548,0.6725313296335513,0.25910638674296055,0.00028037875911316666,-0.059923367029347425,0.011155514484438056
17.204532309362737,3.2912260549367365,7.4164031069767535,-1.0678994043822718,0.6726425770464347,0.2591061465423703,0.00026370721277840185,-0.059923672213372546,0.01109372546696676
17.21453230936274,3.2932510442931804,7.4180195901714585,-1.0684986426253018,0.6727531991045863,0.25910590607365325,0.0002471111647758881,-0.05992397619290904,0.011030447186011287
17.224532309362736,3.295275956634364,7.419636165730187,-1.0690978839021223,0.6728631809381687,0.2591056653741903,0.00023059322147687375,-0.05992427897207188,0.010965679615198714
17.234532309362738,3.2973007925148528,7.4212528329640435,-1.0696971282007508,0.6729725076658443,0.259105424482196,0.00021415598536740738,-0.059924580554962255,0.01089942252663473
17.24453230936274,3.2993255524974994,7.422869591174382,-1.0702963755092454,0.6730811643947762,0.2591051834367188,0.00019780205504833757,-0.05992488094566756,0.010831675490903624
17.254532309362737,3.301350237153444,7.424486439652807,-1.0708956258157045,0.6731891362206277,0.25910494227764114,0.00018153402523531315,-0.059925180148261384,0.010762437877068293
17.26453230936274,3.303374847062113,7.426103377681175,-1.071494879108267,0.6732964082275621,0.259104701045679,0.000165354486758783,-0.059925478166803534,0.010691708852670229
17.274532309362737,3.3053993828112214,7.427720404531587,-1.072094135375112,0.6734029654882434,0.2591044597823825,0.00014926602656399626,-0.059925775005340014,0.01061948738372954
17.28453230936274,3.3074238449967703,7.429337519466396,-1.0726933946044588,0.6735087930638356,0.25910421853013543,0.00013327122771100217,-0.059926070667903036,0.010545772234744927
17.294532309362737,3.309448234223049,7.430954721738209,-1.0732926567845675,0.6736138760040029,0.2591039773321554,0.00011737266937465008,-0.05992636515851101,0.010470561968693703
17.304532309362738,3.3114725511026335,7.432572010589875,-1.0738919219037386,0.67371819934691,0.259103736232494,0.00010157292684458952,-0.05992665848116857,0.010393854947031782
17.31453230936274,3.3134967962564574,7.434189385254414,-1.0744911899503118,0.6738217481166141,0.2591034952760003,8.587457217001675e-05,-0.05992695063986658,0.010315649329371769
17.324532309362738,3.3155209703146973,7.435806844953977,-1.0750904609126666,0.6739245072942986,0.25910325450782407,7.028018074024797e-05,-0.05992724163858287,0.010235943063953956
17.33453230936274,3.317545073915194,7.437424388901722,-1.0756897347792236,0.6740264618806026,0.2591030139741635,5.479231510128565e-05,-0.05992753148128067,0.010154733889166814
17.344532309362737,3.319569107704241,7.439042016300877,-1.0762890115384445,0.6741275968570604,0.2591027737219246,3.941353541002882e-05,-0.05992782017190955,0.010072019342069199
17.35453230936274,3.321593072337005,7.440659726344238,-1.076888291178829,0.6742278971692558,0.25910253379851517,2.4146403742855997e-05,-0.05992810771440589,0.009987796758149543
17.364532309362737,3.3236169684775256,7.4422775182141745,-1.0774875736889158,0.6743273477268213,0.25910229425184517,8.99348409562505e-06,-0.05992839411269281,0.00990206327132585
17.37453230936274,3.325640796798715,7.443895391082624,-1.0780868590572825,0.6744259334034381,0.2591020551303267,-6.042657616326703e-06,-0.05992867937068019,0.009814815813945691
17.38453230936274,3.327664557982359,7.445513344111098,-1.0786861472725449,0.6745236390368367,0.25910181648287356,-2.0959453558182508e-05,-0.05992896349226469,0.009726051116786217
17.394532309362738,3.329688252719116,7.447131376450672,-1.0792854383233579,0.6746204494287958,0.2591015783589019,-3.575433397564625e-05,-0.05992924648132973,0.009635765709054143
17.40453230936274,3.331711881708517,7.448749487242,-1.079884732198415,0.6747163493451437,0.2591013408083297,-5.0424727194942314e-05,-0.05992952834174551,0.00954395591838576
17.414532309362738,3.333735445658968,7.450367675615299,-1.0804840288864486,0.674811323515757,0.2591011038815769,-6.496805962281571e-05,-0.05992980907736896,0.009450617870846929
17.42453230936274,3.3357589452877443,7.451985940690362,-1.0810833283762296,0.6749053566345615,0.25910086762956563,-7.938175574653204e-05,-0.05993008869204382,0.009355747490933085
17.434532309362737,3.337782381320998,7.453604281576549,-1.0816826306565674,0.6749984333595319,0.25910063210372,-9.366323813387743e-05,-0.059930367189600556,0.009259340501569235
17.44453230936274,3.3398057544945727,7.455222697371766,-1.0822819357163092,0.6750905382864281,0.2591003973555511,-0.0001078099255016352,-0.059930644573856995,0.009161392412045829
17.45453230936274,3.341829065553235,7.4568411871634375,-1.0828812435443405,0.6751816559763314,0.2591001634368579,-0.00012181923942578384,-0.059930920848617585,0.009061898515183199
17.46453230936274,3.343852315249946,7.458459750029423,-1.0834805541295873,0.6752717709762872,0.25909993040017165,-0.00013568860296154736,-0.05993119601767303,0.008960853906836295
17.47453230936274,3.345875504347275,7.460078385036236,-1.084079867461013,0.6753608677716904,0.2590996982981595,-0.00014941543383863694,-0.05993147008480133,0.008858253475116463
17.484532309362738,3.3478986336174055,7.461697091239039,-1.084679183527618,0.675448930786099,0.2590994671836214,-0.00016299714444028974,-0.05993174305376785,0.008754091900330548
17.49453230936274,3.3499217038421345,7.46331586768164,-1.085278502318439,0.6755359443812347,0.25909923710949034,-0.0001764311418032689,-0.059932014928325235,0.008648363654980899
17.504532309362737,3.3519447158128735,7.464934713396499,-1.0858778238225508,0.6756218928569825,0.2590990081288322,-0.00018971482761786346,-0.05993228571221349,0.00854106300376537
17.51453230936274,3.353967670330648,7.466553627404719,-1.086477148029065,0.6757067604513913,0.2590987802948459,-0.00020284559822788859,-0.05993255540915995,0.008432184003577313
17.52453230936274,3.3559905682060966,7.468172608716054,-1.0870764749271296,0.6757905313406734,0.25909855366086326,-0.00021582084463068517,-0.059932824022879236,0.008321720503505587
17.534532309362735,3.3580134102594728,7.469791656328907,-1.0876758045059303,0.6758731896392042,0.2590983282803492,-0.0002286379524771163,-0.05993309155707333,0.00820966614483459
17.544532309362737,3.360036197320644,7.471410769230326,-1.0882751367546901,0.675954719399523,0.2590981042069014,-0.00024129430207158286,-0.05993335801543154,0.008096014361044115
17.554532309362735,3.362058930229091,7.473029946396011,-1.0888744716626688,0.6760351046123326,0.2590978814942507,-0.00025378726837199986,-0.05993362340163047,0.007980758377809564
17.564532309362736,3.3640816098339097,7.4746491867903035,-1.0894738092191627,0.6761143292064761,0.25909766019626024,-0.00026611422098626647,-0.05993388771933409,0.007863891212960605
17.574532309362734,3.3661042369944445,7.476268489365355,-1.0900731494135059,0.676192377036814,0.259097440366506,-0.000278272522333039,-0.05993415097219377,0.007745405653510478
17.584532309362736,3.368126812580021,7.477887853061469,-1.0906724922350683,0.676269231886784,0.25909722205840574,-0.00029025952789674337,-0.05993441316384833,0.007625294265985961
17.594532309362737,3.370149337469811,7.479507276807311,-1.0912718376732566,0.6763448774666538,0.25909700532544244,-0.00030207258559865075,-0.059934674297924206,0.007503549412654237
17.604532309362735,3.3721718125533164,7.481126759519257,-1.0918711857175134,0.6764192974036466,0.25909679022089666,-0.00031370903422702173,-0.05993493437803557,0.0073801632370986674
17.614532309362737,3.3741942387303694,7.482746300101399,-1.0924705363573166,0.6764924752419398,0.25909657679784603,-0.00032516620343710586,-0.059935193407784346,0.007255127664218793
17.624532309362735,3.3762166169111296,7.484365897445544,-1.0930698895821807,0.6765643944426663,0.25909636510916584,-0.0003364414137511419,-0.05993545139076019,0.007128434400230332
17.634532309362736,3.378238948016089,7.485985550431213,-1.0936692453816552,0.6766350383839135,0.2590961552075285,-0.0003475319765583577,-0.05993570833054048,0.007000074932665181
17.643683386341497,3.380089558319396,7.487467755138709,-1.094217722734694,0.676698553510989,0.2590959647355274,-0.00035751693894847745,-0.05993594254703151,0.006881144729741288
17.653683386341495,3.382111764056505,7.489087453574755,-1.094816979932624,0.6767662957496893,0.2590955365129566,-0.0003681529992372462,-0.05993585798288176,0.006748895706153784
17.663683386341496,3.384133961436909,7.490707261008249,-1.095416339788928,0.6768331295785819,0.2590953329445945,-0.00037861770697419645,-0.05993611311120696,0.0066178279174054526
17.673683386341494,3.386156114835728,7.492327120345151,-1.0960157021915067,0.676898651520243,0.2590951308539299,-0.00038884419258010703,-0.05993636723835711,0.0064865153786475525
17.683683386341496,3.3881782249015475,7.493947030797851,-1.0966150671303663,0.6769628590379968,0.25909493029018776,-0.0003988325446980751,-0.059936620367753476,0.006354941143659744
17.693683386341498,3.3902002922881227,7.495566991572709,-1.0972144345955461,0.6770257494280755,0.25909473130119093,-0.0004085828207966386,-0.05993687250280581,0.006223088302736901
17.703683386341496,3.3922223176543795,7.497187001870062,-1.09781380457712,0.6770873198196191,0.25909453393335957,-0.00041809504716977633,-0.059937123646912324,0.006090939982689109
17.713683386341497,3.3942443016644117,7.498807060884217,-1.0984131770651948,0.6771475671746756,0.25909433823171146,-0.0004273692189369079,-0.05993737380345972,0.005958479346841664
17.723683386341495,3.396266244987484,7.500427167803458,-1.0990125520499117,0.677206488288201,0.2590941442398618,-0.00043640530004289386,-0.05993762297582316,0.005825689595035076
17.733683386341497,3.398288148298029,7.502047321810039,-1.099611929521445,0.6772640797880588,0.25909395200002355,-0.00044520322325803546,-0.059937871167366305,0.005692553963625068
17.743683386341495,3.400310012275651,7.503667522080189,-1.100211309470003,0.6773203381350208,0.2590937615530069,-0.0004537628901780749,-0.059938118381441266,0.005559055725482573
17.753683386341496,3.402331837605121,7.50528776778411,-1.1008106918858278,0.6773752596227667,0.2590935729382197,-0.00046208417122419506,-0.059938364621388636,0.005425178189993738
17.763683386341498,3.4043536249769537,7.506908058085143,-1.1014100767591943,0.6774288403769763,0.25909338619375927,-0.0004701669059709632,-0.05993860989053777,0.005290904679296577
17.773683386341496,3.4063753750869297,7.508528392140338,-1.1020094640804108,0.6774810763517504,0.25909320135646235,-0.0004780109019742191,-0.059938854192206494,0.005156218544929282
17.783683386341497,3.408397088635567,7.510148769101286,-1.1026088538398204,0.6775319633341713,0.259093018461765,-0.0004856159352477764,-0.05993909752970086,0.005021103189732285
17.793683386341495,3.410418766329333,7.511769188112431,-1.1032082460277988,0.6775814969462949,0.2590928375438075,-0.0004929817517840968,-0.05993933990631584,0.004885542018665302
17.803683386341497,3.4124404088806584,7.513389648311059,-1.1038076406347535,0.6776296726451526,0.25909265863543535,-0.0005001080675640068,-0.05993958132533529,0.004749518438387387
17.813683386341495,3.4144620170079354,7.515010148827299,-1.104407037651125,0.6776764857227515,0.2590924817681994,-0.0005069945685566981,-0.05993982179003198,0.004613015857256935
17.823683386341497,3.4164835914355183,7.516630688784118,-1.105006437067386,0.677721931306074,0.25909230697235586,-0.0005136409107197276,-0.05994006130366758,0.0044760176853316826
17.833683386341498,3.4185051328937224,7.518251267297323,-1.105605838874042,0.6777660043570783,0.2590921342768662,-0.0005200467199990169,-0.05994029986949266,0.0043385073343687
17.843683386341496,3.4205266421188263,7.519871883475564,-1.1062052430616303,0.677808699672698,0.25909196370939747,-0.0005262115923288527,-0.059940537490746695,0.004200468217824403
17.853683386341498,3.42254811985307,7.52149253642033,-1.1068046496207213,0.6778500118848421,0.2590917952963217,-0.0005321350936318868,-0.059940774170658066,0.004061883750854544
17.863683386341496,3.4245695668446547,7.523113225225951,-1.1074040585419176,0.6778899354603953,0.25909162906271654,-0.000537816759819136,-0.05994100991244405,0.003922737350314213
17.873683386341497,3.426590983848241,7.524733948978887,-1.1080034698158536,0.6779284646986239,0.25909146503236685,-0.0005432560967074088,-0.05994124471931105,0.0037830124156450974
17.883683386341495,3.428612371624846,7.526354706757767,-1.1086028834331956,0.6779655937277892,0.25909130322782437,-0.0005484525792382269,-0.05994147859445453,0.003642692329732642
17.893683386341497,3.4306337309407517,7.527975497634977,-1.1092022993846435,0.678001316513046,0.25909114367039304,-0.0005534056521215141,-0.05994171154105845,0.003501760500220358
17.9036833863415,3.4326550625690104,7.529596320674602,-1.1098017176609287,0.6780356268529342,0.25909098638008154,-0.0005581147304772833,-0.05994194356229613,0.003360200303789934
17.913683386341496,3.4346763672894864,7.5312171749323635,-1.1104011382528136,0.6780685183792069,0.25909083137560257,-0.0005625791998425201,-0.05994217466133016,0.003217995084403698
17.923683386341498,3.4366976458888594,7.532838059455616,-1.111000561151092,0.6780999845568296,0.2590906786743727,-0.0005667984161711827,-0.05994240484131247,0.003075128153304618
17.933683386341496,3.438718899160625,7.534458973283352,-1.1115999863465889,0.6781300186839808,0.2590905282925125,-0.0005707717058342019,-0.0599426341053843,0.002931582789016298
17.943683386341498,3.44074012790509,7.536079915446194,-1.11219941383016,0.6781586138920518,0.25909038024484654,-0.0005744983656194815,-0.05994286245667623,0.002787342237342983
17.953683386341496,3.442761332929379,7.537700884966404,-1.1127988435926932,0.6781857631456466,0.2590902345449034,-0.0005779776627318979,-0.059943089898308134,0.0026423897113695546
17.963683386341497,3.444782515047429,7.539321880857877,-1.1133982756251068,0.6782114592425821,0.25909009120491544,-0.0005812088347933001,-0.059943316433389224,0.0024967083914615353
17.9736833863415,3.446803675079993,7.540942902126143,-1.113997709918351,0.6782356948138879,0.25908995023581927,-0.0005841910898425098,-0.059943542065018014,0.0023502814252650836
17.983683386341497,3.448824813854904,7.542563947767986,-1.1145971464634061,0.6782584623215069,0.2590898116472227,-0.0005869236061077851,-0.05994376679628245,0.0022030919179039385
17.993683386341498,3.450845932207735,7.544185016770428,-1.1151965852512835,0.6782797540495925,0.25908967544733635,-0.0005894055308384036,-0.059943990630260145,0.0020551229050794493
18.003683386341496,3.4528670309798906,7.545806108113418,-1.1157960262730269,0.678299562120734,0.259089541643211,-0.0005916359819081551,-0.05994421357001754,0.0019063574208952841
18.013683386341498,3.45488811102028,7.5474272207675535,-1.1163954695197098,0.6783178784867243,0.2590894102405204,-0.0005936140474323206,-0.059944435618610736,0.001756778439687022
18.023683386341496,3.456909173185554,7.549048353693766,-1.1169949149824365,0.678334694926868,0.259089281243532,-0.0005953387856326499,-0.05994465677908554,0.0016063688676808787
18.033683386341497,3.458930218340102,7.5506695058433095,-1.117594362652341,0.6783500030479808,0.25908915465510673,-0.0005968092248373622,-0.05994487705447748,0.0014551115429937073
18.043683386341495,3.4609512473560535,7.552290676157768,-1.1181938125205875,0.6783637942843898,0.2590890304766993,-0.0005980243634811456,-0.059945096447811805,0.0013029892356329973
18.053683386341497,3.4629722611132787,7.553911863569053,-1.1187932645783698,0.6783760598979333,0.25908890870835793,-0.0005989831701051575,-0.059945314962103494,0.001149984647496875
18.0636833863415,3.4649932604993867,7.555533066999402,-1.1193927188169124,0.6783867909779611,0.25908878934872454,-0.000599684583357024,-0.05994553260035723,0.0009960804123741046
18.073683386341497,3.4670142464097267,7.557154285361381,-1.1199921752274695,0.6783959784413341,0.25908867239503447,-0.0006001275119908407,-0.05994574936556744,0.0008412590959440854
18.083683386341495,3.4690352197473873,7.5587755175578835,-1.120591633801325,0.6784036130324248,0.25908855784311696,-0.000600310834867172,-0.05994596526071825,0.0006855031957769045
18.093683386341493,3.4710561814232754,7.560396762482021,-1.121191094529794,0.6784096853247943,0.2590884456873754,-0.000600233401324331,-0.059946180288783554,0.0005287950825272448
18.103683386341494,3.473077132357259,7.562018019015433,-1.121790557404219,0.6784141857250694,0.25908833592050406,-0.0005998940327349771,-0.059946394452727356,0.00037111610375487026
18.113683386341496,3.4750980734760972,7.56363928603117,-1.1223900224159746,0.6784171044037564,0.25908822853400854,-0.0005992915079880571,-0.059946607755503,0.00021244879351802815
18.123683386341494,3.477119005714609,7.565260562392132,-1.122989489556465,0.6784184313710837,0.2590881235178932,-0.0005984245786307669,-0.05994682020005369,5.277679818661428e-05
18.133683386341495,3.4791399300163177,7.56688184695017,-1.1235889588171224,0.6784181564986479,0.2590880208604969,-0.0005972919734124468,-0.05994703178931272,-0.00010791554670838634
18.143683386341493,3.4811608473334497,7.568503138546081,-1.1241884301894092,0.678416269519414,0.2590879205484935,-0.0005958923982845821,-0.05994724252620353,-0.00026964321647489754
18.153683386341495,3.4831817586269365,7.570124436009611,-1.124787903664816,0.6784127600277151,0.2590878225668911,-0.0005942245364008026,-0.05994745241363964,-0.0004324204972597533
18.163683386341493,3.485202664866413,7.571745738159454,-1.1253873792348625,0.6784076174792522,0.25908772689903253,-0.0005922870481168829,-0.05994766145452469,-0.0005962609860486977
18.173683386341494,3.487223567030219,7.5733670438032545,-1.1259868568910971,0.6784008311910947,0.2590876335265952,-0.000590078570990742,-0.05994786965175242,-0.0007611775906663848
18.183683386341496,3.489244466105398,7.574988351737602,-1.1265863366250977,0.6783923903416803,0.25908754242959114,-0.0005875977197824437,-0.05994807700820668,-0.0009271825297763781
18.193683386341494,3.4912653630876975,7.576609660748035,-1.1271858184284702,0.6783822839708146,0.259087453586367,-0.0005848430864541965,-0.059948283526761445,-0.0010942873328811519
18.203683386341496,3.4932862589815685,7.578230969609042,-1.1277853022928501,0.6783705009799227,0.25908736697360313,-0.0005818132402166243,-0.059948489210280766,-0.0012625028470171428
18.212834463320256,3.4951355962793342,7.579714640644687,-1.1283338963907872,0.6783582396030163,0.25908728964663297,-0.0005787982185864453,-0.0599486767035708,-0.001417421734250289
18.222834463320254,3.497156421525914,7.581335931435148,-1.1289332806765269,0.6783427525744147,0.25908698538775143,-0.000574979513587719,-0.059948541280083215,-0.0015874399839339423
18.232834463320255,3.4991773171779057,7.582957232809347,-1.1295327671123232,0.6783260439988735,0.2590869063818794,-0.0005710404157608391,-0.05994874574532937,-0.0017539114301623798
18.242834463320253,3.5011982148760064,7.5845785302409325,-1.1301322555887585,0.6783076817257434,0.2590868292436761,-0.0005667637669597566,-0.0599489494083639,-0.0019181822508406623
18.252834463320255,3.503219115195666,7.586199823031334,-1.1307317460978252,0.6782876876271502,0.259086753915133,-0.0005621544749361702,-0.05994915227192883,-0.002080277687070649
18.262834463320253,3.5052400187074735,7.587821110487557,-1.1313312386315417,0.6782660833322298,0.25908668033725063,-0.0005572173904147811,-0.059949354338756915,-0.002240222712155206
18.272834463320255,3.507260925977152,7.589442391922175,-1.1319307331819544,0.678242890227129,0.2590866084500389,-0.0005519573070932933,-0.05994955561157158,-0.002398042031598212
18.282834463320256,3.509281837565562,7.591063666653336,-1.1325302297411364,0.6782181294550048,0.25908653819251676,-0.0005463789616424132,-0.05994975609308699,-0.0025537600831045514
18.292834463320254,3.5113027540287,7.592684934004762,-1.1331297283011879,0.6781918219160246,0.25908646950271247,-0.0005404870337058499,-0.05994995578600798,-0.00270740103658012
18.302834463320256,3.5133236759177304,7.594306193305691,-1.1337292288542367,0.678163988270135,0.25908640231781666,-0.0005342861465788247,-0.059950154693030173,-0.0028589887942013776
18.312834463320254,3.515344603778882,7.5959274438909095,-1.134328731392437,0.6781346489318719,0.2590863365747395,-0.0005277808662380801,-0.05995035281683998,-0.0030085469725252864
18.322834463320255,3.517365538153343,7.597548685100938,-1.1349282359079707,0.6781038240608254,0.2590862722095258,-0.0005209756989854261,-0.059950550160114434,-0.0031560989035481577
18.332834463320253,3.5193864795777,7.599169916281524,-1.1355277423930459,0.6780715335933567,0.25908620915785846,-0.0005138750987725157,-0.05995074672552151,-0.0033016676619070312
18.342834463320255,3.521407428583965,7.600791136783602,-1.1361272508398972,0.6780377972448195,0.2590861473551213,-0.0005064834677235901,-0.05995094251572016,-0.003445276066197811
18.352834463320256,3.5234283856995763,7.602412345963299,-1.1367267612407856,0.6780026345095592,0.25908608673639894,-0.0004988051561354783,-0.05995113753336029,-0.003586946678975263
18.362834463320254,3.5254493514473975,7.604033543181927,-1.1373262735879988,0.6779660646609131,0.2590860272364772,-0.0004908444624775976,-0.05995133178108278,-0.0037267018067530175
18.372834463320256,3.527470326345719,7.605654727805992,-1.1379257878738505,0.6779281067512107,0.2590859687898427,-0.0004826056333919533,-0.05995152526151949,-0.0038645635000035677
18.382834463320254,3.5294913109082646,7.607275899207173,-1.1385253040906804,0.6778887796123854,0.2590859113306988,-0.0004740928638373728,-0.05995171797729325,-0.004000553553512605
18.392834463320256,3.531512305644269,7.608897056762206,-1.1391248222308556,0.6778481018630382,0.2590858547934139,-0.0004653102988607738,-0.059951909931018,-0.004134693504166632
18.402834463320254,3.5335333110581186,7.610518199853272,-1.1397243422867682,0.6778060918819084,0.2590857991122296,-0.00045626202750583184,-0.059952101125298536,-0.004267004606322155
18.412834463320255,3.535554327649768,7.612139327867564,-1.1403238642508378,0.677762767837405,0.2590857442214114,-0.00044695208952594343,-0.059952291562730756,-0.0043975078634710275
18.422834463320257,3.537575355914886,7.6137604401971215,-1.1409233881155085,0.6777181476984007,0.2590856900554197,-0.00043738447788445106,-0.05995248124590178,-0.004526224037032023
18.432834463320255,3.539596396344855,7.615381536238829,-1.1415229138732506,0.6776722492342325,0.2590856365489099,-0.0004275631387546435,-0.05995267017738997,-0.0046531736463508375
18.442834463320256,3.541617449426772,7.617002615394417,-1.14212244151656,0.6776250900147012,0.2590855836367328,-0.0004174919715197558,-0.05995285835976491,-0.004778376968700092
18.452834463320254,3.543638515643447,7.618623677070459,-1.1427219710379584,0.6775766874100714,0.2590855312539339,-0.0004071748287729691,-0.05995304579558741,-0.004901854039279332
18.462834463320256,3.5456595954734054,7.620244720678376,-1.1433215024299923,0.6775270585910719,0.25908547933575415,-0.0003966155163174107,-0.059953232487409525,-0.005023624651215022
18.472834463320254,3.547680689390923,7.621865745634392,-1.143921035685235,0.6774762205319335,0.2590854278176978,-0.00038581779388206067,-0.059953418437774554,-0.005143708357274302
18.482834463320255,3.5497017978660046,7.62348675135953,-1.144520570796284,0.6774241900098787,0.2590853766358651,-0.00037478537516146915,-0.05995360364921718,-0.005262124460104068
18.492834463320253,3.5517229213641417,7.625107737279884,-1.1451201077557633,0.6773709835862354,0.25908532572660775,-0.00036352192340479816,-0.059953788124263156,-0.00537889199942493
18.502834463320255,3.553744060346777,7.626728702826138,-1.1457196465563222,0.677316617640287,0.25908527502677065,-0.0003520310591518558,-0.05995397186542968,-0.005494029785536211
18.512834463320257,3.5557652152713466,7.62834964743351,-1.146319187190634,0.6772611083726995,0.25908522447373705,-0.00034031636102526444,-0.059954154875225464,-0.005607556402151522
18.522834463320255,3.5577863865912818,7.62997057054176,-1.1469187296513976,0.6772044718055203,0.25908517400542824,-0.0003283813657304602,-0.059954337156150686,-0.00571949020639877
18.532834463320256,3.5598075747560074,7.631591471595181,-1.1475182739313365,0.6771467237821795,0.2590851235603035,-0.00031622956805569353,-0.059954518710697034,-0.005829849328820157
18.542834463320254,3.5618287802109436,7.633212350042607,-1.1481178200231994,0.6770878799674889,0.25908507307736034,-0.00030386442087202857,-0.05995469954134766,-0.005938651673372172
18.552834463320256,3.5638500033975045,7.634833205337407,-1.1487173679197595,0.6770279558476421,0.2590850224961343,-0.0002912893351333437,-0.05995487965057724,-0.006045914917425604
18.562834463320254,3.5658712447531378,7.636454036937449,-1.1493169176138145,0.6769669667334224,0.25908497175674766,-0.0002785076806252822,-0.05995505904085196,-0.006151656513894556
18.572834463320255,3.567892504711312,7.638074844305107,-1.1499164690981873,0.6769049277602637,0.25908492080015033,-0.0002655227861125291,-0.05995523771462964,-0.006255893683242959
18.582834463320257,3.5699137837012667,7.639695626907517,-1.1505160223657256,0.6768418538682555,0.2590848695678711,-0.0002523379347028069,-0.059955415674359455,-0.006358643398451837
18.592834463320255,3.5719350821484603,7.641316384216128,-1.1511155774093014,0.6767777598356249,0.25908481800216754,-0.0002389563714683881,-0.05995559292248225,-0.006459922419354442
18.602834463320256,3.573956400474611,7.642937115706656,-1.151715134221811,0.6767126602821373,0.25908476604605557,-0.0002253813042280734,-0.05995576946143066,-0.0065597472956404985
18.612834463320254,3.575977739097698,7.644557820859078,-1.1523146927961747,0.6766465696690963,0.2590847136433093,-0.00021161590354719145,-0.059955945293629034,-0.006658134366856214
18.622834463320256,3.5779990984319605,7.646178499157645,-1.152914253125337,0.6765795022993438,0.25908466073846115,-0.000197663302737599,-0.05995612042149352,-0.006755099762404271
18.632834463320254,3.5800204788878984,7.647799150090866,-1.153513815202266,0.6765114723172604,0.25908460727680166,-0.00018352659785768094,-0.05995629484743198,-0.0068506594015438314
18.642834463320256,3.5820418808722727,7.649419773151523,-1.1541133790199545,0.6764424937087644,0.2590845532043799,-0.0001692088477123502,-0.05995646857384405,-0.006944828993390533
18.652834463320257,3.5840633047881125,7.65104036783665,-1.1547129445714193,0.6763725803020457,0.25908449846800846,-0.0001547130740218218,-0.059956641603121114,-0.007037624037515563
18.662834463320255,3.5860847510348166,7.652660933647457,-1.1553125118497003,0.6763017457765679,0.2590844430154225,-0.00014004226355832238,-0.05995681393764652,-0.007129059827324585
18.672834463320253,3.5881062200078,7.654281470089668,-1.1559120808478625,0.6762300036345156,0.2590843867951925,-0.00012519936166122906,-0.0599569855797952,-0.007219151421141971
18.68283446332025,3.590127712098854,7.655901976673173,-1.1565116515589946,0.6761573672281797,0.2590843297567252,-0.00011018727840455284,-0.05995715653193394,-0.007307913673761773
18.692834463320253,3.592149227696274,7.6575224529118895,-1.1571112239762085,0.6760838497706283,0.2590842718503092,-9.50088910307601e-05,-0.059957326796421566,-0.007395361246713867
18.702834463320254,3.5941707671848624,7.659142898323768,-1.157710798092639,0.6760094643357063,0.25908421302711504,-7.96670439507543e-05,-0.059957496375608904,-0.007481508608264069
18.712834463320252,3.5961923309459287,7.660763312430792,-1.158310373901445,0.6759342238580353,0.2590841532391953,-6.416454874388047e-05,-0.059957665271838795,-0.0075663700334141085
18.722834463320254,3.598213919357289,7.662383694758971,-1.1589099513958083,0.675858141133014,0.25908409243948444,-4.850418415792522e-05,-0.05995783348744611,-0.007649959603901623
18.732834463320252,3.600235532793265,7.664004044838351,-1.159509530568934,0.6757812288168182,0.2590840305817988,-3.2688696109116675e-05,-0.05995800102475773,-0.007732291208200163
18.742834463320253,3.602257171624686,7.665624362203007,-1.1601091114140507,0.6757034994264002,0.2590839676208367,-1.6720797682124715e-05,-0.05995816788609253,-0.00781337854151919
18.75283446332025,3.6042788362188563,7.667244646391085,-1.1607086939244105,0.6756249653374324,0.25908390351220206,-6.031684174869632e-07,-0.05995833407376145,-0.007893235101819046
18.762834463320253,3.6063005269395148,7.6688648969448705,-1.1613082780932882,0.6755456387821579,0.2590838382124999,1.5661543692809447e-05,-0.059958499590067466,-0.007971874181009536
18.772834463320255,3.6083222441471303,7.670485113410457,-1.1619078639139817,0.6754655318683043,0.25908377167922747,3.207071494809956e-05,-0.05995866443730575,-0.008049308893804443
18.78198554029901,3.6101723566405073,7.671967755716767,-1.162456550955776,0.6753915518163957,0.25908370967776145,4.721124829541747e-05,-0.05995881470594965,-0.008119125665021277
18.791985540299013,3.612194049671454,7.673587898706117,-1.1630560364193723,0.6753103747578983,0.2590834180053491,6.393329935986238e-05,-0.05995863876257472,-0.008192873645900565
18.801985540299015,3.61421584330559,7.675208013201829,-1.163655623628043,0.6752280769673299,0.2590833483461843,8.080670583581568e-05,-0.05995880286427399,-0.008266450849186261
18.811985540299013,3.616237664294117,7.676828092515382,-1.1642552124745105,0.6751450505846478,0.2590832767097307,9.785402425441204e-05,-0.059958966322253816,-0.008338593771939195
18.821985540299014,3.618259512720872,7.678448136527854,-1.1648548029523487,0.6750613098630786,0.2590832030582382,0.00011507216257186726,-0.05995912913871479,-0.008409318184240556
18.831985540299012,3.620281388666007,7.680068145124874,-1.1654543950551537,0.6749768689071813,0.25908312735505656,0.00013245806354441903,-0.059959291315850045,-0.008478639639956518
18.841985540299014,3.6223032922059866,7.681688118196615,-1.1660539887765426,0.6748917416728473,0.25908304956463524,0.00015000870472832662,-0.0599594528558453,-0.008546573476738232
18.85198554029901,3.6243252234135928,7.68330805563779,-1.1666535841101553,0.6748059419673001,0.2590829696525237,0.00016772109847987122,-0.05995961376087883,-0.00861313481602183
18.861985540299013,3.6263471823579185,7.68492795734766,-1.1672531810496523,0.6747194834490958,0.259082887585371,0.00018559229195535556,-0.05995977403312144,-0.008678338563028425
18.871985540299015,3.628369169104373,7.686547823230032,-1.1678527795887164,0.6746323796281226,0.2590828033309263,0.00020361936711110442,-0.059959933674736544,-0.008742199406764111
18.881985540299013,3.6303911837146807,7.6881676531932515,-1.1684523797210524,0.6745446438657752,0.2590827168580385,0.00022179944066454796,-0.05996009268788009,-0.008804731820168358
18.891985540299014,3.6324132262470106,7.6897874471501275,-1.169051981440386,0.6744562893857792,0.25908262813668814,0.0002401296616565875,-0.059960251074700786,-0.008865950066279426
18.901985540299012,3.63443529675567,7.691407205018219,-1.1696515847404645,0.6743673292471737,0.2590825371380152,0.000258607217464297,-0.05996040883733977,-0.008925868168939158
18.911985540299014,3.6364573952913526,7.693026926719582,-1.1702511896150578,0.67427777636484,0.2590824438342707,0.0002772293292399122,-0.059960565977930785,-0.008984499939121418
18.921985540299012,3.638479521901323,7.69464661218059,-1.170850796057956,0.6741876435254246,0.25908234819881343,0.0002959932483556846,-0.05996072249860042,-0.009041858990589338
18.931985540299014,3.6405016766294165,7.696266261331945,-1.1714504040629703,0.674096943387339,0.25908225020611003,0.0003148962564038813,-0.05996087840146802,-0.009097958739895332
18.94198554029901,3.64252385951604,7.69788587410867,-1.1720500136239338,0.6740056884807605,0.2590821498317351,0.0003339356651967855,-0.05996103368864579,-0.009152812406381087
18.951985540299013,3.6445460705981714,7.699505450450114,-1.1726496247346991,0.673913891207631,0.2590820470523711,0.00035310881676669587,-0.0599611883622387,-0.009206433012177563
18.961985540299015,3.646568309909359,7.701124990299946,-1.1732492373891414,0.6738215638416579,0.2590819418458082,0.00037241308336592705,-0.05996134242434457,-0.009258833382204998
18.971985540299013,3.6485905774797227,7.702744493606162,-1.1738488515811556,0.6737287185283141,0.25908183419094466,0.00039184586746680947,-0.05996149587705398,-0.009310026144172904
18.981985540299014,3.650612873335961,7.704363960321074,-1.1744484673046582,0.6736353672855545,0.25908172406778485,0.00041140460160280233,-0.059961648722450384,-0.009360023729236366
18.991985540299012,3.6526351975014704,7.705983390401249,-1.1750480845535864,0.6735415220156065,0.25908161145741126,0.00043108674575554967,-0.05996180096261021,-0.009408838379874029
19.001985540299014,3.6546575499960294,7.707602783807796,-1.1756477033218984,0.673447194473488,0.2590814963420527,0.00045088979431827635,-0.05996195259960253,-0.009456482116798887
19.011985540299012,3.656679930836077,7.709222140506082,-1.176247323603573,0.6733523962928927,0.25908137870502956,0.0004708112703616098,-0.05996210363548932,-0.009502966769535959
19.021985540299013,3.6587023400348384,7.710841460465624,-1.1768469453926103,0.6732571389983374,0.25908125853072755,0.0004908487229434514,-0.05996225407232557,-0.009548303988753806
19.031985540299015,3.6607247776023235,7.712460743660088,-1.1774465686830295,0.6731614340051626,0.2590811358045976,0.0005109997271089773,-0.059962403912159366,-0.009592505246264536
19.041985540299013,3.662747243545328,7.714079990067289,-1.178046193468871,0.673065292619532,0.25908101051315546,0.0005312618838906378,-0.05996255315703183,-0.009635581835023811
19.051985540299015,3.6647697378674327,7.715699199669191,-1.1786458197441951,0.672968726038433,0.25908088264398244,0.0005516328203081572,-0.059962701808977135,-0.009677544869130835
19.061985540299013,3.6667922605690046,7.717318372451908,-1.1792454475030822,0.6728717453496764,0.25908075218572485,0.0005721101893685344,-0.05996284987002251,-0.00971840528382836
19.071985540299014,3.6688148116471955,7.718937508405701,-1.1798450767396336,0.6727743615318963,0.25908061912809405,0.0005926916700660427,-0.05996299734218825,-0.00975817383550269
19.081985540299012,3.670837391095943,7.720556607524982,-1.1804447074479705,0.6726765854545504,0.25908048346186663,0.0006133749673822296,-0.05996314422748768,-0.009796861101683672
19.091985540299014,3.672859998906055,7.72217566980827,-1.1810443396222334,0.6725784278886351,0.25908034517882594,0.000634157809944527,-0.059963290527927364,-0.009834477489694389
19.101985540299015,3.6748826350650354,7.723794695258382,-1.1816439732565844,0.6724798994861607,0.25908020427180556,0.0006550379545407182,-0.05996343624550687,-0.009871033212330477
19.111985540299013,3.676905299557153,7.7254136838823175,-1.1822436083452055,0.6723810107855672,0.259080060734708,0.0006760131849026102,-0.059963581382218724,-0.009906538298063846
19.121985540299015,3.6789279923636315,7.727032635691096,-1.1828432448822979,0.6722817722339289,0.2590799145624264,0.0006970813068311756,-0.05996372594004878,-0.00994100261391007
19.131985540299013,3.680950713462651,7.728651550699757,-1.183442882862083,0.6721821941869633,0.2590797657508439,0.0007182401481946894,-0.05996386992097617,-0.009974435865436474
19.141985540299014,3.6829734628293465,7.730270428927366,-1.1840425222788016,0.6720822869090309,0.25907961429683407,0.0007394875589287291,-0.05996401332697334,-0.01000684759676214
19.151985540299012,3.6849962404358103,7.731889270397004,-1.1846421631267139,0.6719820605731353,0.2590794601982608,0.0007608214110361748,-0.05996415616000601,-0.010038247190557908
19.161985540299014,3.6870190462510886,7.733508075135779,-1.1852418054001,0.6718815252609229,0.25907930345397806,0.0007822395985872087,-0.05996429842203323,-0.010068643868046368
19.171985540299016,3.6890418802411844,7.7351268431748155,-1.185841449093259,0.6717806909626836,0.2590791440638303,0.0008037400377193159,-0.0599644401150073,-0.010098046689001865
19.181985540299014,3.6910647423690555,7.736745574549262,-1.1864410942005106,0.6716795675773501,0.2590789820286522,0.0008253206666372838,-0.05996458124087386,-0.010126464551750501
19.191985540299015,3.6930876325946285,7.738364269298284,-1.1870407407161927,0.6715781649146034,0.2590788173502554,0.0008469794451581097,-0.05996472180157187,-0.010153906195059261
19.201985540299013,3.695110550874833,7.739982927465102,-1.1876403886346634,0.6714764927040092,0.25907865003132113,0.0008687143527654402,-0.05996486179903379,-0.010180380203224555
19.211985540299015,3.6971334971634295,7.741601549097101,-1.1882400379503004,0.6713745605639946,0.2590784800755569,0.0008905233953309054,-0.05996500123518515,-0.010205894976046017
19.221985540299013,3.6991564714112144,7.743220134245638,-1.1888396886575003,0.67127237803148,0.25907830748760075,0.0009124045986451401,-0.05996514011194491,-0.010230458761360025
19.23198554029901,3.7011794735660652,7.7448386829660105,-1.1894393407506796,0.671169954568618,0.25907813227298815,0.0009343560069547038,-0.05996527843122555,-0.010254079661713
19.241985540299012,3.7032025035729355,7.746457195317462,-1.1900389942242728,0.6710672995627934,0.2590779544381523,0.0009563756829620397,-0.05996541619493311,-0.010276765634361359
19.25198554029901,3.705225561373858,7.748075671363174,-1.1906386490727336,0.6709644223266232,0.25907777399042387,0.0009784617078255026,-0.05996555340496716,-0.01029852449127154
19.261985540299012,3.7072486469079435,7.749694111170275,-1.1912383052905344,0.6708613320979565,0.2590775909380312,0.0010006121811593515,-0.05996569006322082,-0.010319363899120006
19.27198554029901,3.709271760111383,7.75131251480983,-1.1918379628721667,0.6707580380398745,0.25907740529010026,0.00102282522103375,-0.059965826171580736,-0.010339291379293231
19.28198554029901,3.711294900917444,7.7529308823568535,-1.1924376218121406,0.6706545492406906,0.2590772170566545,0.0010450989639747656,-0.059965961731927094,-0.010358314307887714
19.291985540299013,3.713318069256473,7.7545492138902965,-1.1930372821049855,0.6705508747139503,0.25907702624861506,0.0010674315649643704,-0.05996609674613363,-0.010376439915709964
19.30198554029901,3.715341265055886,7.756167509493078,-1.1936369437452494,0.6704470233978373,0.259076832877787,0.0010898211975814483,-0.059966231216067624,-0.0103936752869052
19.311985540299013,3.7173644882401042,7.757785769252234,-1.1942366067274988,0.6703430041528268,0.2590766369567459,0.0011122660545967854,-0.05996636514358992,-0.010410027350910327
19.32198554029901,3.719387738730708,7.759403993258668,-1.1948362710463192,0.6702388257743437,0.25907643849893414,0.001134764345109059,-0.05996649853055504,-0.010425502902776915
19.331985540299012,3.7214110164464156,7.76102218160719,-1.1954359366963143,0.6701344969938479,0.25907623751863246,0.0011573142943366265,-0.05996663137881121,-0.01044010860308593
19.34198554029901,3.723434321303071,7.762640334396542,-1.196035603672106,0.6700300264781444,0.25907603403094454,0.0011799141437815572,-0.05996676369020036,-0.010453850976374588
19.35113661727777,3.7252858868611556,7.7641210873985145,-1.1965843646950003,0.6699343078330676,0.25907584563420677,0.0012006376820529472,-0.059966884300496445,-0.01046567566685604
19.361136617277772,3.7273092102935017,7.765739113489058,-1.1971839306934626,0.669830070980099,0.2590754157471857,0.001223111704819335,-0.05996667607326551,-0.010476233633698075
19.37113661727777,3.7293325925453913,7.7673571611797945,-1.1977835981143372,0.6697252493653483,0.25907520536113926,0.0012458603912772748,-0.05996680801558581,-0.010488013212652587
19.38113661727777,3.7313560014462093,7.768975173903699,-1.1983832668520458,0.6696203124051495,0.25907499165247966,0.0012686636726108318,-0.05996693944037726,-0.01049930388886752
19.39113661727777,3.733379436831918,7.7705931518480025,-1.1989829369014224,0.6695152649528253,0.25907477463818607,0.001291520498917205,-0.059967070349409166,-0.010510111015614726
19.40113661727777,3.7354028985374432,7.772211095201677,-1.1995826082573189,0.6694101118129056,0.25907455433558707,0.0013144298317598817,-0.059967200744444886,-0.010520439864251736
19.411136617277773,3.737426386396674,7.773829004155431,-1.2001822809146037,0.6693048577411276,0.25907433076236086,0.0013373906441686355,-0.05996733062724183,-0.010530295624221754
19.42113661727777,3.739449900242462,7.7754468789017075,-1.2007819548681633,0.6691995074444353,0.2590741039365352,0.0013604019206395277,-0.05996745999955145,-0.010539683403053661
19.431136617277772,3.7414734399066223,7.777064719634689,-1.2013816301129012,0.6690940655809804,0.2590738738764873,0.0013834626571349066,-0.05996758886311926,-0.01054860822636201
19.44113661727777,3.7434970052199343,7.778682526550297,-1.2019813066437384,0.6689885367601214,0.259073640600944,0.001406571861083408,-0.059967717219684816,-0.01055707503784703
19.451136617277772,3.7455205960121396,7.780300299846187,-1.2025809844556132,0.6688829255424239,0.2590734041289817,0.0014297285513799544,-0.05996784507098173,-0.010565088699294624
19.46113661727777,3.747544212111943,7.781918039721757,-1.2031806635434814,0.6687772364396609,0.2590731644800264,0.001452931758385756,-0.059967972418737664,-0.010572653990576372
19.47113661727777,3.749567853347014,7.783535746378135,-1.2037803439023163,0.6686714739148125,0.25907292167385343,0.0014761805239283097,-0.05996809926467433,-0.010579775609649523
19.481136617277773,3.7515915195440006,7.785153420018177,-1.204380025527108,0.6685656423845626,0.2590726757305602,0.0014994739007611717,-0.05996822561050756,-0.010586458175290398
19.49113661727777,3.7536152105285465,7.786771060846475,-1.2049797084128635,0.6684597462227182,0.25907242667044167,0.0015228109518618386,-0.05996835145794751,-0.010592706229329753
19.501136617277773,3.75563892612516,7.788388669069507,-1.205579392554608,0.6683537897404782,0.2590721745141837,0.001546190754706762,-0.05996847680869802,-0.010598524214749194
19.51113661727777,3.7576626661573758,7.790006244895414,-1.2061790779473842,0.6682477772070834,0.2590719192827679,0.0015696123967406121,-0.059968601664457125,-0.010603916500721181
19.521136617277772,3.759686430447776,7.791623788533986,-1.2067787645862507,0.6681417128524788,0.2590716609974511,0.0015930749747963152,-0.0599687260269172,-0.01060888738568184
19.53113661727777,3.761710218817987,7.793241300196657,-1.207378452466283,0.6680356008673131,0.2590713996797654,0.0016165775950950539,-0.05996884989776488,-0.010613441097330957
19.541136617277772,3.7637340310886835,7.794858780096506,-1.2079781415825734,0.6679294454029387,0.25907113535151793,0.001640119373246267,-0.05996897327868113,-0.010617581792631987
19.551136617277773,3.765757867079585,7.796476228448257,-1.2085778319302307,0.6678232505714122,0.2590708680347912,0.0016636994342476498,-0.0599690961713412,-0.010621313557812047
19.56113661727777,3.7677817266094573,7.798093645468279,-1.2091775235043807,0.667717020445494,0.25907059775194274,0.0016873169124851535,-0.05996921857741462,-0.01062464040836192
19.571136617277773,3.7698056094961134,7.799711031374588,-1.2097772163001652,0.6676107590586481,0.2590703245256054,0.0017109709517329858,-0.05996934049856526,-0.010627566289036054
19.58113661727777,3.771829515556411,7.8013283863868415,-1.2103769103127433,0.6675044704050426,0.25907004837868713,0.0017346607051536107,-0.05996946193645126,-0.01063009507385256
19.591136617277773,3.773853444606256,7.802945710726345,-1.2109766055372904,0.6673981584395493,0.2590697693343712,0.0017583853352977478,-0.059969582892725054,-0.010632230566093217
19.60113661727777,3.775877396460599,7.804563004616049,-1.2115763019689987,0.6672918270777768,0.2590694874161157,0.0017821440140973375,-0.0599697033690334,-0.010633976498339848
19.611136617277772,3.7779013709334714,7.806180268280515,-1.2121759996030759,0.6671854802052478,0.25906920264755323,0.0018059359209028191,-0.059969823367017665,-0.01063533654215496
19.621136617277774,3.779925367837892,7.807797501946066,-1.212775698434747,0.6670791216593166,0.2590689150525444,0.0018297602464244355,-0.0599699428883133,-0.010636314286570102
19.63113661727777,3.781949386985915,7.809414705840697,-1.2133753984592548,0.6669727552340919,0.25906862465522973,0.0018536161916167732,-0.05997006193454994,-0.0106369132452856
19.641136617277773,3.783973428188692,7.811031880193988,-1.2139750996718566,0.6668663846928434,0.2590683314799629,0.001877502964988224,-0.05997018050735177,-0.010637136870974555
19.65113661727777,3.785997491256474,7.812649025237098,-1.2145748020678269,0.666760013768001,0.2590680355513106,0.0019014197826009843,-0.05997029860833749,-0.01063698855528283
19.661136617277773,3.7880215759986093,7.814266141202771,-1.2151745056424557,0.666653646161155,0.2590677368940526,0.001925365868071056,-0.059970416239120375,-0.010636471628829062
19.67113661727777,3.7900456822235435,7.815883228325334,-1.2157742103910483,0.6665472855430565,0.25906743553318196,0.0019493404525682463,-0.05997053340130822,-0.010635589361204652
19.681136617277772,3.792069809738822,7.817500286840696,-1.2163739163089273,0.6664409355536173,0.25906713149390453,0.0019733427748161664,-0.05997065009650339,-0.010634344960973777
19.691136617277774,3.7940939583510866,7.819117316986349,-1.21697362339143,0.666334599801909,0.2590668248016395,0.001997372081092234,-0.05997076632630276,-0.010632741575673378
19.701136617277772,3.796118127866077,7.8207343190013665,-1.2175733316339101,0.6662282818661647,0.259066515482019,0.002021427625227671,-0.05997088209229777,-0.010630782291813166
19.711136617277774,3.7981423180886327,7.822351293126407,-1.2181730410317377,0.6661219852937771,0.2590662035608882,0.002045508668607504,-0.05997099739607441,-0.010628470134875622
19.72113661727777,3.8001665288226896,7.823968239603712,-1.218772751580298,0.6660157136013,0.2590658890643055,0.0020696144801705656,-0.05997111223921319,-0.010625808069315993
19.731136617277773,3.8021907598712814,7.825585158677102,-1.2193724632749925,0.6659094702744519,0.2590655720185423,0.0020937443364085723,-0.05997122662328919,-0.01062279899856685
19.74113661727777,3.8042150110365354,7.827202050591991,-1.2199721761112379,0.6658032587766048,0.25906525244999623,0.002117897519579095,-0.05997134054987234,-0.010619445773416513
19.751136617277773,3.806239282119637,7.828818915595468,-1.220571890084467,0.6656970825331109,0.259064930385217,0.002142073321091229,-0.05997145402052694,-0.010615751174075426
19.761136617277774,3.8082635729208723,7.83043575393622,-1.2211716051901296,0.6655909449333373,0.2590646058509773,0.0021662710410085945,-0.05997156703681167,-0.010611717914127256
19.771136617277772,3.8102878832396456,7.832052565864482,-1.22177132142369,0.6654848493434019,0.25906427887421263,0.002190489985320671,-0.059971679600279965,-0.01060734865446008
19.781136617277774,3.812312212874482,7.833669351632045,-1.2223710387806284,0.6653787991061731,0.25906394948202127,0.0022147294659427925,-0.059971791712480065,-0.01060264600326637
19.791136617277772,3.8143365616230236,7.8352861114922465,-1.2229707572564394,0.6652727975412698,0.2590636177016644,0.002238988800716152,-0.059971903374955,-0.010597612516043001
19.801136617277773,3.816360929282034,7.836902845699979,-1.223570476846634,0.6651668479450613,0.259063283560566,0.0022632673134077995,-0.05997201458924257,-0.010592250695591247
19.81113661727777,3.8183853156473937,7.8385195545116835,-1.2241701975467374,0.6650609535906675,0.2590629470863128,0.002287564333710633,-0.05997212535687539,-0.010586562992016787
19.82113661727777,3.820409720514104,7.840136238185354,-1.2247699193522907,0.6649551177279587,0.25906260830665434,0.0023118791972434314,-0.05997223567938084,-0.010580551802729694
19.83113661727777,3.8224341436762854,7.841752896980537,-1.2253696422588496,0.6648493435835555,0.2590622672495031,0.002336211245550807,-0.05997234555828109,-0.010574219472444447
19.84113661727777,3.8244585849271755,7.8433695311583245,-1.2259693662619857,0.6647436343608296,0.2590619239429343,0.002360559826103238,-0.05997245499509312,-0.010567568293179928
19.85113661727777,3.8264830440591333,7.844986140981367,-1.2265690913572853,0.6646379932399025,0.259061578415186,0.002384924292297058,-0.05997256399132866,-0.01056060050425941
19.86113661727777,3.828507520863636,7.8466027267138605,-1.2271688175403501,0.6645324233776466,0.2590612306946591,0.0024093040034544586,-0.059972672548494255,-0.01055331829231058
19.87113661727777,3.830532015131267,7.848219288621578,-1.227768544806797,0.6644269279071021,0.2590608808098996,0.0024336983249651205,-0.05997278066809124,-0.010545723790179725
19.88113661727777,3.832556526651653,7.849835826971986,-1.2283682731522583,0.664321509935618,0.25906052878948604,0.002458106628783204,-0.059972888351615725,-0.010537819072271656
19.89113661727777,3.834581055213574,7.851452342034033,-1.2289680025723808,0.6642161725535515,0.2590601746621782,0.002482528291408021,-0.05997299560055881,-0.01052960616822197
19.90113661727777,3.8366056006049374,7.853068834078203,-1.2295677330628259,0.6641109188327543,0.25905981845688375,0.0025069626942479527,-0.059973102416406514,-0.010521087060196192
19.91113661727777,3.8386301626127595,7.854685303376535,-1.2301674646192702,0.6640057518259244,0.25905946020264226,0.002531409223775369,-0.059973208800639805,-0.01051226368174852
19.920287694256526,3.840482869269276,7.856164527176368,-1.2307162845136599,0.6639095912561328,0.25905913059084373,0.0025537905391434792,-0.05997330577671883,-0.010503924324568073
19.930287694256528,3.842507446766977,7.857780873719032,-1.2313159145985166,0.6638051199287774,0.25905854831962505,0.0025779589099689825,-0.05997307182294851,-0.0104928097567676
19.940287694256526,3.844532055267366,7.859397275608124,-1.2319156458486487,0.6637002376106391,0.25905818457623797,0.0026024310942178537,-0.059973178137816545,-0.010483660944773751
19.950287694256527,3.846556679565272,7.861013655797761,-1.2325153781598353,0.6635954463850181,0.25905781798369676,0.002626911656003939,-0.05997328403560465,-0.010474589063568759
19.960287694256525,3.848581319457402,7.86263001453533,-1.233115111527916,0.6634907454866267,0.2590574485641519,0.002651400708645895,-0.05997338951773776,-0.010465594379266198
19.970287694256527,3.85060597474122,7.864246352067655,-1.233714845948745,0.6633861341465577,0.2590570763395092,0.002675898365850706,-0.059973494585636104,-0.010456677164568329
19.98028769425653,3.8526306452149464,7.865862668640994,-1.2343145814181893,0.6632816115922846,0.2590567013314298,0.0027004047417136887,-0.05997359924071531,-0.01044783769876608
19.990287694256526,3.854655330677559,7.8674789645010375,-1.2349143179321296,0.663177177047661,0.25905632356133007,0.0027249199507184884,-0.05997370348438634,-0.01043907626773906
20.000287694256528,3.8566800309287936,7.869095239892912,-1.23551405548646,0.663072829732921,0.25905594305038204,0.002749444107737082,-0.059973807318055516,-0.010430393163955557
20.010287694256526,3.8587047457691424,7.870711495061179,-1.2361137940770892,0.6629685688646791,0.259055559819513,0.002773977328029775,-0.0599739107431245,-0.010421788686472535
20.020287694256528,3.860729474999856,7.872327730249832,-1.236713533699938,0.6628643936559304,0.25905517388940547,0.002798519727245204,-0.059974013760990305,-0.01041326314093563
20.030287694256526,3.8627542184229413,7.8739439457023,-1.2373132743509418,0.6627603033160502,0.2590547852804975,0.0028230714214203343,-0.05997411637304532,-0.010404816839579162
20.040287694256527,3.864778975841163,7.875560141661449,-1.2379130160260492,0.662656297050794,0.2590543940129826,0.0028476325269804637,-0.05997421858067724,-0.010396450101226121
20.05028769425653,3.8668037470580425,7.877176318369574,-1.2385127587212226,0.6625523740622983,0.2590540001068093,0.0028722031607392178,-0.059974320385269154,-0.010388163251288182
20.060287694256527,3.8688285318778592,7.878792476068408,-1.2391125024324376,0.6624485335490794,0.25905360358168183,0.0028967834398985533,-0.05997442178819949,-0.010379956621765687
20.07028769425653,3.8708533301056494,7.880408614999118,-1.2397122471556836,0.6623447747060345,0.2590532044570597,0.002921373482048757,-0.05997452279084202,-0.010371830551247662
20.080287694256526,3.872878141547206,7.8820247354023065,-1.240311992886964,0.6622410967244409,0.2590528027521577,0.002945973405168446,-0.05997462339456587,-0.01036378538491181
20.090287694256528,3.874902966009081,7.883640837518007,-1.2409117396222946,0.6621374987919563,0.25905239848594613,0.0029705833276245665,-0.059974723600735524,-0.010355821474524502
20.100287694256526,3.876927803298581,7.88525692158569,-1.2415114873577062,0.662033980092619,0.25905199167715054,0.002995203368172396,-0.05997482341071081,-0.0103479391784408
20.110287694256527,3.8789526532237733,7.886872987844259,-1.2421112360892421,0.6619305398068477,0.25905158234425196,0.003019833645955541,-0.05997492282584691,-0.01034013886160443
20.12028769425653,3.880977515593479,7.888489036532054,-1.2427109858129601,0.6618271771114412,0.25905117050548676,0.0030444742805059394,-0.05997502184749436,-0.010332420895547803
20.130287694256527,3.883002390217279,7.890105067886846,-1.2433107365249305,0.6617238911795792,0.25905075617884654,0.003069125391743858,-0.059975120476999044,-0.010324785658392002
20.14028769425653,3.8850272769055105,7.8917210821458434,-1.243910488221238,0.6616206811808214,0.25905033938207844,0.0030937870999778946,-0.0599752187157022,-0.01031723353484679
20.150287694256527,3.8870521754692673,7.893337079545687,-1.2445102408979807,0.6615175462811081,0.259049920132685,0.003118459525904976,-0.05997531656494042,-0.010309764916210605
20.160287694256528,3.8890770857204013,7.894953060322455,-1.24510999455127,0.66141448564276,0.25904949844792396,0.00314314279061036,-0.05997541402604564,-0.01030238020037056
20.170287694256526,3.891102007471522,7.896569024711655,-1.2457097491772313,0.661311498424478,0.25904907434480856,0.003167837015567634,-0.05997551110034516,-0.010295079791802452
20.180287694256528,3.893126940535996,7.898184972948234,-1.2463095047720032,0.6612085837813438,0.25904864784010734,0.0031925423226387166,-0.05997560778916161,-0.010287864101570746
20.19028769425653,3.895151884728014,7.899800905266427,-1.2469092613317372,0.6611057408635609,0.25904821895035446,0.0032172588342634853,-0.05997570409381329,-0.010280733547983496
20.200287694256527,3.897176839863146,7.901416821898629,-1.2475090188525912,0.6610029688075268,0.2590477876919327,0.0032419866747327697,-0.059975800015616226,-0.010273688563032549
20.21028769425653,3.8992018057571807,7.903032723077821,-1.2481087773307453,0.6609002667581285,0.25904735408090585,0.00326672596676997,-0.059975895555879025,-0.01026672958221205
20.220287694256527,3.901226782226533,7.904648609036669,-1.2487085367623942,0.6607976338587492,0.259046918133081,0.003291476833177373,-0.0599759907159051,-0.01025985704623698
20.23028769425653,3.9032517690884405,7.906264480007113,-1.2493082971437452,0.6606950692473756,0.25904647986403784,0.003316239397438669,-0.059976085496993646,-0.010253071402677944
20.240287694256526,3.905276766160964,7.907880336220362,-1.249908058471018,0.6605925720565984,0.2590460392891285,0.0033410137837189538,-0.059976179900439616,-0.010246373105961173
20.250287694256528,3.907301773262988,7.909496177906897,-1.2505078207404445,0.660490141413611,0.25904559642347763,0.0033658001168647266,-0.0599762739275337,-0.010239762617368524
20.26028769425653,3.909326790214218,7.911112005296469,-1.2511075839482693,0.660387776440211,0.25904515128198247,0.00339059852240389,-0.059976367579562345,-0.01023324040503747
20.270287694256528,3.911351816835184,7.912727818618103,-1.251707348090749,0.660285476252799,0.2590447038793127,0.003415409126545752,-0.05997646085780777,-0.010226806943961119
20.28028769425653,3.913376852947238,7.914343618100093,-1.252307113164153,0.6601832399623795,0.2590442542299106,0.0034402320561810235,-0.059976553763547935,-0.010220462715988194
20.290287694256527,3.915401898372555,7.915959403970004,-1.252906879164763,0.6600810666745602,0.2590438023479909,0.0034650674388818203,-0.05997664629805656,-0.010214208209823048
20.30028769425653,3.917426952934133,7.917575176454674,-1.2535066460888733,0.6599789554895525,0.25904334824754094,0.0034899154029016614,-0.0599767384626031,-0.010208043921025655
20.310287694256527,3.9194520164557924,7.919190935780211,-1.2541064139327898,0.6598769055021713,0.25904289194232044,0.003514776077175471,-0.0599768302584528,-0.010201970352011617
20.32028769425653,3.9214770887621775,7.920806682171994,-1.2547061826928316,0.6597749158018346,0.2590424334458618,0.0035396495913195773,-0.05997692168686663,-0.010195988012052154
20.33028769425653,3.9235021696787538,7.922422415854675,-1.25530595236533,0.6596729854725644,0.25904197277146984,0.0035645360756317106,-0.05997701274910133,-0.010190097417274117
20.340287694256528,3.9255272590318113,7.924038137052175,-1.2559057229466286,0.6595711135929859,0.2590415099322219,0.0035894356610910085,-0.05997710344640939,-0.010184299090659977
20.35028769425653,3.9275523566484623,7.9256538459876875,-1.2565054944330833,0.6594692992363279,0.2590410449409679,0.0036143484793580097,-0.05997719378003905,-0.010178593562047828
20.360287694256527,3.929577462356641,7.927269542883677,-1.257105266821063,0.6593675414704229,0.2590405778103303,0.0036392746627746586,-0.05997728375123432,-0.010172981368131393
20.37028769425653,3.9316025759851057,7.928885227961879,-1.2577050401069478,0.6592658393577063,0.259040108552704,0.003664214344364304,-0.05997737336123494,-0.010167463052460015
20.380287694256527,3.9336276973634368,7.930500901443301,-1.2583048142871314,0.6591641919552178,0.25903963718025635,0.0036891676578316894,-0.05997746261127642,-0.010162039165438667
20.390287694256525,3.9356528263220385,7.93211656354822,-1.2589045893580195,0.6590625983145998,0.25903916370492747,0.0037141347375629873,-0.059977551502590036,-0.010156710264327936
20.400287694256527,3.937677962692137,7.933732214496187,-1.25950436531603,0.6589610574820988,0.25903868813842984,0.0037391157186257504,-0.0599776400364028,-0.010151476913244039
20.410287694256525,3.9397031063057812,7.9353478545060225,-1.2601041421575936,0.6588595684985644,0.2590382104922484,0.003764110736768942,-0.05997772821393748,-0.010146339683158822
20.420287694256526,3.941728256995843,7.936963483795817,-1.2607039198791525,0.65875813039945,0.25903773077764075,0.0037891199284229324,-0.059977816036412605,-0.010141299151899746
20.430287694256524,3.9437534145960185,7.938579102582936,-1.2613036984771626,0.6586567422148123,0.25903724900563696,0.0038141434306994933,-0.05997790350504246,-0.010136355904149904
20.440287694256526,3.9457785789408244,7.940194711084011,-1.2619034779480913,0.6585554029693117,0.25903676518703955,0.0038391813813918015,-0.05997799062103708,-0.010131510531448007
20.450287694256524,3.9478037498656016,7.94181030951495,-1.2625032582884184,0.6584541116822117,0.2590362793324237,0.0038642339189744372,-0.059978077385602256,-0.010126763632188394
20.460287694256525,3.9498289272066778,7.943425898090677,-1.2631030394946374,0.6583528673677931,0.2590357914521351,0.003889301182358226,-0.05997816379993923,-0.010122115815845002
20.470287694256527,3.9518541108013987,7.945041477025048,-1.2637028215632538,0.6582516690335425,0.259035301556299,0.003914383311231743,-0.05997824986524513,-0.010117567702201652
20.480287694256525,3.9538793004878197,7.9466570465313096,-1.264302604490783,0.658150515679342,0.2590348096548224,0.003939480446526706,-0.05997833558271353,-0.010113119913444744
20.489438771235285,3.9557325723603,7.9481354585423105,-1.2648514712144978,0.6580579880238697,0.2590343577627712,0.0039624602985124675,-0.05997841371964384,-0.010109138154693182
20.499438771235287,3.957757759784268,7.949750928221489,-1.2654511522764387,0.6579574460396871,0.2590336427441038,0.003987276557360499,-0.05997815925880371,-0.010102955820914918
20.509438771235285,3.9597829656223413,7.951366468727742,-1.2660509342987287,0.6578564373269606,0.25903314537816613,0.004012412961934941,-0.05997824514546368,-0.010098799303152267
20.519438771235286,3.9618081769313584,7.952982000622333,-1.2666507171781944,0.6577554696270033,0.2590326451304687,0.0040375633382000505,-0.059978330695002,-0.010094751381833295
20.529438771235284,3.9638333935560404,7.954597524096608,-1.2672505009114725,0.6576545418567241,0.2590321420161425,0.004062727844743558,-0.059978415908570656,-0.010090812588519531
20.539438771235286,3.965858615342085,7.956213039341006,-1.2678502854952112,0.6575536529265891,0.25903163605005275,0.004087906640938306,-0.05997850078731789,-0.010086983463546001
20.549438771235284,3.967883842136166,7.957828546545059,-1.2684500709260693,0.6574528017406205,0.25903112724679933,0.004113099886942253,-0.059978585332388146,-0.010083264556021227
20.559438771235286,3.969909073785932,7.95944404589739,-1.2690498572007174,0.6573519871963976,0.2590306156207164,0.004138307743698465,-0.059978669544922106,-0.010079656423827216
20.569438771235287,3.9719343101400075,7.961059537585714,-1.2696496443158365,0.6572512081850564,0.2590301011858725,0.0041635303729351154,-0.059978753426056686,-0.010076159633619472
20.579438771235285,3.973959551047993,7.962675021796839,-1.2702494322681184,0.6571504635912896,0.25902958395607073,0.004188767937165496,-0.059978836976925,-0.010072774760826991
20.589438771235287,3.975984796360464,7.964290498716662,-1.2708492210542668,0.6570497522933462,0.2590290639448486,0.004214020599688004,-0.05997892019865643,-0.010069502389652258
20.599438771235285,3.978010045928973,7.965905968530175,-1.2714490106709955,0.6569490731630323,0.259028541165478,0.00423928852458615,-0.05997900309237654,-0.010066343113071252
20.609438771235286,3.9800352996060466,7.967521431421462,-1.27204880111503,0.6568484250657107,0.2590280156309654,0.004264571876728555,-0.05997908565920715,-0.010063297532833445
20.619438771235284,3.982060557245189,7.969136887573695,-1.2726485923831063,0.6567478068603008,0.2590274873540514,0.004289870821768953,-0.05997916790026629,-0.0100603662594618
20.629438771235286,3.984085818700878,7.970752337169143,-1.273248384471972,0.6566472173992784,0.2590269563472114,0.004315185526146186,-0.05997924981666823,-0.010057549912252774
20.639438771235287,3.9861110838285687,7.972367780389165,-1.273848177378385,0.6565466555286767,0.25902642262265496,0.004340516157084208,-0.05997933140952346,-0.010054849119276314
20.649438771235285,3.9881363524846916,7.973983217414211,-1.2744479710991148,0.6564461200880851,0.25902588619232625,0.004365862882592086,-0.059979412679938685,-0.010052264517375861
20.659438771235287,3.9901616245266514,7.975598648423823,-1.2750477656309418,0.6563456099106496,0.2590253470679037,0.004391225871463995,-0.05997949362901685,-0.010049796752168345
20.669438771235285,3.992186899812831,7.977214073596636,-1.2756475609706572,0.6562451238230733,0.25902480526080035,0.004416605293279223,-0.05997957425785712,-0.010047446478044189
20.679438771235287,3.994212178202587,7.978829493110377,-1.2762473571150637,0.6561446606456157,0.25902426078216356,0.004442001318402169,-0.05997965456755489,-0.010045214358167314
20.689438771235285,3.9962374595562524,7.980444907141864,-1.2768471540609743,0.6560442191920931,0.2590237136428752,0.004467414117982343,-0.059979734559201775,-0.010043101064475127
20.699438771235286,3.9982627437351366,7.982060315867008,-1.2774469518052134,0.6559437982698785,0.2590231638535515,0.0044928438639543645,-0.059979814233885625,-0.010041107277678527
20.709438771235288,4.000288030601523,7.98367571946081,-1.278046750344617,0.6558433966799017,0.25902261142454314,0.004518290729037966,-0.0599798935926905,-0.010039233687261909
20.719438771235286,4.002313320018673,7.985291118097366,-1.2786465496760309,0.655743013216649,0.2590220563659353,0.00454375488673799,-0.05997997263669671,-0.010037480991483156
20.729438771235287,4.00433861185082,7.9869065119498615,-1.279246349796313,0.6556426466681634,0.2590214986875475,0.004569236511344391,-0.059980051366980765,-0.010035849897373649
20.739438771235285,4.00636390596323,7.9885219011904836,-1.279846150702331,0.6555422958151352,0.2590209383989318,0.0045947357780743055,-0.059980129784615546,-0.010034341121051242
20.749438771235287,4.008389202223256,7.990137285988546,-1.280445952390957,0.6554419594129003,0.2590203755093374,0.004620252865836402,-0.05998020789067273,-0.010032955395020415
20.759438771235285,4.010414500498397,7.991752666513936,-1.2810457548590803,0.655341636227106,0.2590198100277901,0.004645787951590902,-0.05998028568621787,-0.01003169345753266
20.769438771235286,4.012439800656702,7.993368042936391,-1.2816455581036048,0.6552413250247409,0.25901924196307086,0.004671341211854754,-0.05998036317231164,-0.010030556053199035
20.779438771235288,4.014465102567319,7.994983415424503,-1.282245362121444,0.655141024563918,0.25901867132369266,0.004696912824315208,-0.05998044035001129,-0.010029543936078116
20.789438771235286,4.0164904061005,7.99659878414572,-1.282845166909522,0.6550407335938747,0.2590180981179009,0.004722502967829816,-0.059980517220370615,-0.010028657869676012
20.799438771235288,4.018515711127603,7.998214149266342,-1.2834449724647725,0.6549404508549733,0.2590175223536735,0.00474811182242643,-0.059980593784439984,-0.010027898626946355
20.809438771235286,4.020541017521087,7.999829510951528,-1.2840447787841396,0.6548401750787003,0.25901694403872055,0.004773739569303204,-0.05998067004326631,-0.010027266990290303
20.819438771235287,4.022566325154518,8.001444869365292,-1.2846445858645772,0.6547399049876671,0.25901636318048465,0.0047993863908285936,-0.059980745997893055,-0.010026763751556542
20.829438771235285,4.024591633902561,8.0030602246705,-1.285244393703049,0.6546396392956092,0.2590157797861409,0.004825052470541354,-0.05998082164936027,-0.010026389712041285
20.839438771235287,4.026616943640987,8.004675577028875,-1.2858442022965297,0.6545393767073872,0.2590151938625964,0.004850737993150544,-0.05998089699870454,-0.010026145682488267
20.849438771235288,4.028642254246672,8.006290926600999,-1.2864440116420033,0.6544391159189858,0.25901460541649096,0.004876443144535522,-0.05998097204695901,-0.010026032483088754
20.859438771235286,4.030667565597594,8.007906273546302,-1.2870438217364637,0.6543388556175146,0.25901401445419664,0.004902168111745948,-0.05998104679515338,-0.010026050943481536
20.869438771235288,4.032692877572832,8.009521618023076,-1.2876436325769152,0.6542385944812076,0.2590134209818179,0.004927913083001782,-0.059981121244313915,-0.010026201902752926
20.879438771235286,4.034718190052574,8.01113696018846,-1.2882434441603723,0.6541383311794233,0.25901282500519146,0.004953678247693288,-0.05998119539546345,-0.010026486209436773
20.889438771235287,4.036743502918108,8.012752300198462,-1.2888432564838592,0.654038064372645,0.25901222652988665,0.00497946379638103,-0.05998126924962134,-0.01002690472151444
20.899438771235285,4.038768816051824,8.014367638207931,-1.2894430695444103,0.6539377927124801,0.25901162556120494,0.0050052699207958715,-0.05998134280780354,-0.010027458306414825
20.909438771235287,4.04079412933722,8.015982974370576,-1.2900428833390702,0.6538375148416612,0.25901102210418026,0.00503109681383898,-0.05998141607102254,-0.01002814784101435
20.91943877123529,4.042819442658895,8.017598308838968,-1.2906426978648933,0.6537372293940449,0.259010416163579,0.005056944669581822,-0.059981489040287383,-0.01002897421163696
20.929438771235283,4.0448447559025515,8.019213641764523,-1.291242513118944,0.6536369349946126,0.25900980774389976,0.005082813683266159,-0.05998156171660369,-0.01002993831405413
20.939438771235285,4.0468700689549975,8.020828973297517,-1.2918423290982972,0.6535366302594702,0.2590091968493736,0.005108704051304077,-0.05998163410097362,-0.010031041053484862
20.949438771235283,4.048895381704141,8.022444303587083,-1.2924421458000377,0.6534363137958483,0.25900858348396405,0.005134615971277939,-0.0599817061943959,-0.01003228334459568
20.959438771235284,4.050920694038997,8.024059632781206,-1.2930419632212597,0.6533359842021019,0.25900796765136685,0.005160549641940416,-0.05998177799786581,-0.010033666111500639
20.969438771235282,4.052946005849681,8.02567496102673,-1.2936417813590682,0.6532356400677106,0.25900734935501013,0.0051865052632144824,-0.059981849512375195,-0.010035190287761314
20.979438771235284,4.054971317027416,8.027290288469349,-1.294241600210578,0.6531352799732787,0.25900672859805457,0.005212483036193414,-0.059981920738912446,-0.010036856816386816
20.989438771235285,4.0569966274645255,8.028905615253615,-1.2948414197729143,0.6530349024905346,0.25900610538339297,0.005238483163140787,-0.05998199167846252,-0.010038666649833772
20.999438771235283,4.059021937054436,8.030520941522937,-1.2954412400432116,0.652934506182332,0.2590054797136507,0.005264505847490477,-0.059982062332006945,-0.01004062075000634
21.009438771235285,4.061047245691681,8.032136267419578,-1.296041061018615,0.6528340896026484,0.2590048515911854,0.005290551293846664,-0.05998213270052377,-0.010042720088256204
21.019438771235283,4.063072553271915,8.033751593084625,-1.2966408826962796,0.6527336512965854,0.25900422101808496,0.005316619707965208,-0.05998220278498761,-0.010044965645809917
21.029438771235284,4.065097859692448,8.035366918657244,-1.2972407050733719,0.6526331897993101,0.25900358799611317,0.005342711296512185,-0.05998227258636917,-0.010047358423335115
21.039438771235282,4.067123164851693,8.036982244275384,-1.2978405281470666,0.6525327036339964,0.25900295252676914,0.005368826267962309,-0.05998234210563632,-0.01004989942847577
21.049438771235284,4.0691484686491055,8.038597570075915,-1.2984403519145475,0.6524321913132952,0.2590023146112925,0.005394964832360017,-0.059982411343753886,-0.010052589675619662
21.058589848214044,4.0710018384667155,8.04007576742583,-1.2989892558670886,0.6523401875208882,0.25900172870729415,0.005418905287510197,-0.059982474458545494,-0.010055183189217429
21.068589848214042,4.073027126508118,8.041691011387366,-1.2995889774548393,0.6522401507580916,0.2590008677530659,0.00544477818629525,-0.059982203645461085,-0.010056158574297556
21.078589848214044,4.075052425062586,8.043306335774602,-1.3001887998395052,0.6521395745814863,0.25900022282692353,0.00547098498092797,-0.05998227324266514,-0.010059082799288773
21.088589848214045,4.077077721842809,8.044921660897742,-1.3007886229187742,0.6520389690405233,0.2589995743946261,0.0054972166508516105,-0.05998234256639576,-0.010062032251338506
21.098589848214043,4.079103016738295,8.046536986890393,-1.3013884466899173,0.6519383338728157,0.2589989224733412,0.005523473172600628,-0.05998241161758793,-0.010065008471755794
21.108589848214045,4.081128309639355,8.048152313885517,-1.301988271150214,0.6518376688011859,0.25899826707997353,0.005549754525453185,-0.059982480397173535,-0.010068012996459859
21.118589848214043,4.083153600437097,8.04976764201543,-1.3025880962969536,0.6517369735336647,0.25899760823116436,0.005576060691431147,-0.059982548906081325,-0.010071047355980097
21.128589848214045,4.085178889023428,8.05138297141181,-1.3031879221274336,0.6516362477634923,0.25899694594329203,0.005602391655300086,-0.05998261714523696,-0.010074113075456087
21.138589848214043,4.087204175291058,8.05299830220569,-1.3037877486389615,0.6515354911691175,0.2589962802324718,0.00562874740456928,-0.05998268511556298,-0.010077211674637584
21.148589848214044,4.089229459133494,8.054613634527461,-1.3043875758288535,0.6514347034141982,0.2589956111145556,0.005655127929491711,-0.0599827528179788,-0.010080344667884527
21.158589848214046,4.091254740445045,8.056228968506872,-1.3049874036944347,0.6513338841476012,0.25899493860513245,0.005681533223064068,-0.059982820253400744,-0.010083513564167033
21.168589848214044,4.093280019120818,8.057844304273024,-1.3055872322330393,0.6512330330034021,0.25899426271952813,0.005707963281026743,-0.05998288742274201,-0.0100867198670654
21.178589848214045,4.095305295056721,8.059459641954382,-1.306187061442011,0.6511321496008858,0.2589935834728053,0.005734418101863833,-0.05998295432691268,-0.0100899650747701
21.188589848214043,4.09733056814946,8.061074981678765,-1.3067868913187024,0.6510312335445457,0.2589929008797636,0.005760897686803143,-0.05998302096681975,-0.01009325068008179
21.198589848214045,4.099355838296544,8.062690323573346,-1.3073867218604749,0.6509302844240844,0.2589922149549394,0.005787402039816181,-0.05998308734336707,-0.010096578170411307
21.208589848214043,4.101381105396278,8.064305667764664,-1.3079865530646992,0.6508293018144135,0.25899152571260603,0.005813931167618162,-0.05998315345745539,-0.010099949027779664
21.218589848214044,4.10340636934777,8.065921014378606,-1.3085863849287551,0.6507282852756531,0.2589908331667737,0.005840485079668004,-0.059983219309982364,-0.010103364728818056
21.228589848214046,4.1054316300509255,8.06753636354042,-1.3091862174500315,0.6506272343531327,0.2589901373311894,0.0058670637881683314,-0.059983284901842515,-0.010106826744767858
21.238589848214044,4.107456887406521,8.069151715374591,-1.309786050625926,0.6505261485773995,0.2589894382193244,0.005893667307995388,-0.059983350233927375,-0.010110336543246903
21.248589848214046,4.109482141316374,8.070767070004559,-1.3103858844538445,0.650425027463055,0.25898873584430127,0.00592029565679593,-0.059983415307125754,-0.010113895590927909
21.258589848214044,4.111507391682787,8.072382427553684,-1.3109857189312029,0.6503238705085213,0.25898803021898303,0.005946948855580012,-0.059983480122322734,-0.010117505339302748
21.268589848214045,4.113532638408907,8.073997788144606,-1.3115855540554269,0.6502226771979595,0.2589873213559683,0.005973626927944442,-0.05998354468040039,-0.010121167236163771
21.278589848214043,4.115557881398772,8.075613151899148,-1.3121853898239502,0.6501214470013903,0.25898660926758527,0.0060003298999927205,-0.05998360898223785,-0.010124882727128751
21.288589848214045,4.117583120557317,8.077228518938318,-1.312785226234215,0.650020179374694,0.2589858939658915,0.006027057800335045,-0.05998367302871132,-0.010128653255640881
21.298589848214046,4.119608355790373,8.078843889382302,-1.3133850632836723,0.6499188737596109,0.25898517546267413,0.006053810660088304,-0.05998373682069407,-0.010132480262968781
21.308589848214044,4.121633587004664,8.080459263350473,-1.313984900969782,0.6498175295837405,0.2589844537694499,0.00608058851287608,-0.05998380035905645,-0.010136365188206488
21.318589848214046,4.123658814107809,8.08207464096139,-1.3145847392900116,0.6497161462605423,0.2589837288974648,0.0061073913948286465,-0.059983863644665854,-0.010140309468273465
21.328589848214044,4.125684037008325,8.083690022332787,-1.315184578241838,0.6496147231893354,0.2589830008576945,0.0061342193445829765,-0.05998392667838676,-0.010144314537914596
21.338589848214045,4.127709255615622,8.08530540758159,-1.3157844178227467,0.6495132597552988,0.2589822696608441,0.00616107240328273,-0.05998398946108073,-0.010148381829700187
21.348589848214043,4.129734469840004,8.086920796823902,-1.316384258030231,0.6494117553294707,0.25898153531734824,0.006187950614578264,-0.059984051993606353,-0.010152512774025966
21.358589848214045,4.131759679592673,8.088536190175011,-1.3169840988617931,0.6493102092687495,0.258980797837371,0.0062148540246266286,-0.05998411427681933,-0.010156708799113083
21.368589848214047,4.133784884785724,8.09015158774939,-1.3175839403149443,0.649208620915893,0.25898005723080597,0.006241782682091567,-0.0599841763115724,-0.010160971331008113
21.378589848214045,4.135810085332147,8.091766989660691,-1.3181837823872036,0.6491069895995187,0.25897931350727627,0.006268736638143515,-0.05998423809871538,-0.010165301793583052
21.388589848214046,4.137835281145827,8.093382396021756,-1.3187836250760994,0.649005314634104,0.25897856667613445,0.006295715946459604,-0.05998429963909516,-0.010169701608535316
21.398589848214044,4.139860472141547,8.094997806944601,-1.3193834683791679,0.6489035953199856,0.25897781674646264,0.006322720663223656,-0.0599843609335557,-0.010174172195387745
21.408589848214046,4.141885658234983,8.096613222540428,-1.3199833122939546,0.648801830943356,0.2589770637270721,0.006349750847124697,-0.05998442198293801,-0.010178714971545202
21.418589848214044,4.143910839343042,8.098228642919068,-1.3205831568180113,0.648700020775218,0.2589763076264461,0.0063768065592655875,-0.05998448278808069,-0.010183331359067852
21.428589848214045,4.1459360153833495,8.099844068189846,-1.3211830019489,0.6485981640713171,0.2589755484527626,0.00640388786368243,-0.059984543349819036,-0.010188022771890874
21.438589848214047,4.147961186274245,8.101459498461583,-1.3217828476841917,0.6484962600735683,0.25897478621394215,0.0064309948270311985,-0.059984603668985156,-0.010192790617583325
21.448589848214045,4.149986351935072,8.10307493384209,-1.3223826940214658,0.648394308009885,0.25897402091762384,0.006458127518336571,-0.05998466374640838,-0.010197636304405712
21.458589848214046,4.152011512286178,8.104690374438176,-1.3229825409583096,0.6482923070941784,0.2589732525711657,0.006485286008991919,-0.05998472358291531,-0.010202561241310004
21.468589848214044,4.154036667248913,8.106305820355642,-1.3235823884923184,0.6481902565263582,0.2589724811816444,0.006512470372759319,-0.05998478317932976,-0.010207566837939622
21.478589848214046,4.156061816745631,8.107921271699283,-1.3241822366210951,0.6480881554923317,0.2589717067558554,0.006539680685769543,-0.05998484253647281,-0.010212654504629446
21.488589848214044,4.158086960699693,8.109536728572886,-1.3247820853422518,0.6479860031640045,0.2589709293003128,0.0065669170265220626,-0.05998490165516277,-0.01021782565240581
21.498589848214046,4.1601120990354605,8.111152191079238,-1.3253819346534075,0.6478837986992803,0.2589701488212497,0.00659417947588505,-0.05998496053621521,-0.010223081692986507
21.508589848214044,4.162137231678301,8.112767659320115,-1.3259817845521897,0.6477815412420606,0.2589693653246177,0.006621468117095375,-0.05998501918044291,-0.010228424038780786
21.51858984821404,4.1641623585545835,8.114383133396284,-1.326581635036234,0.6476792299222454,0.25896857881608726,0.0066487830357586,-0.05998507758865594,-0.010233854102889349
21.528589848214043,4.1661874795916845,8.115998613407518,-1.3271814861031843,0.6475768638557323,0.25896778930104764,0.0066761243198490096,-0.05998513576166158,-0.010239373299104357
21.53858984821404,4.168212594717981,8.117614099452572,-1.327781337750692,0.6474744421444173,0.2589669967846068,0.006703492059709565,-0.059985193700264366,-0.010244983041909432
21.548589848214043,4.170237703862856,8.119229591629198,-1.3283811899764169,0.6473719638761944,0.2589662012715914,0.006730886348051932,-0.05998525140526607,-0.010250684746479641
21.55858984821404,4.172262806956695,8.120845090034146,-1.3289810427780266,0.6472694281249557,0.258965402766547,0.006758307279956478,-0.059985308877465705,-0.010256479828681518
21.568589848214042,4.17428790393089,8.122460594763158,-1.329580896153197,0.6471668339505912,0.25896460127373777,0.006785754952872268,-0.059985366117659554,-0.010262369705073049
21.578589848214044,4.176312994717832,8.124076105910968,-1.3301807500996117,0.6470641803989889,0.25896379679714665,0.006813229466617068,-0.0599854231266411,-0.010268355792903673
21.588589848214042,4.1783380792509215,8.125691623571303,-1.330780604614963,0.6469614665020353,0.25896298934047546,0.006840730923377341,-0.05998547990520112,-0.010274439510114294
21.598589848214043,4.180363157464598,8.12730714783685,-1.3313804596969505,0.64685869127617,0.25896217890709294,0.006868259427998162,-0.059985536454127554,-0.010280622274139969
21.60858984821404,4.182388229294426,8.128922678799114,-1.3319803153432828,0.6467558537215966,0.2589613655000008,0.006895815088075379,-0.05998559277420566,-0.010286905502881829
21.618589848214043,4.1844132946770225,8.130538216548482,-1.3325801715516745,0.6466529528264897,0.2589605491219826,0.006923398013084298,-0.059985648866218114,-0.010293290618869735
21.627740925192803,4.186266441894775,8.132016613602474,-1.333129105076167,0.6465587310488239,0.2589597994469834,0.006948663346559596,-0.059985699997268785,-0.010299224180819378
21.6377409251928,4.1882914821861945,8.133632082272342,-1.3337288588542398,0.6464562368274965,0.25895875969699717,0.006975986780185256,-0.05998541613925609,-0.010303906143467012
21.647740925192803,4.19031652769374,8.135247637600388,-1.334328713298824,0.6463531638825568,0.2589579343779442,0.007003649854578541,-0.059985472741528816,-0.010310709516014623
21.6577409251928,4.1923415664732,8.13686320009656,-1.3349285683083145,0.6462500219368053,0.25895710471706873,0.00703134276016909,-0.05998552912100244,-0.010317704892972257
21.667740925192803,4.19436659844517,8.138478769851432,-1.335528423880488,0.6461468090697372,0.25895627071687166,0.007059065770077188,-0.059985585278438544,-0.010324893541851446
21.677740925192804,4.19639162353189,8.140094346953791,-1.3361282800131296,0.6460435233467202,0.25895543237943264,0.007086819159300573,-0.05998564121459618,-0.010332276743660428
21.687740925192802,4.198416641657236,8.141709931490645,-1.3367281367040305,0.6459401628189939,0.25895458970641005,0.007114603204714434,-0.0599856969302319,-0.010339855792904152
21.697740925192804,4.200441652746725,8.143325523547214,-1.3373279939509897,0.6458367255236696,0.2589537426990412,0.007142418185071412,-0.059985752426099756,-0.010347631997584275
21.7077409251928,4.202466656727515,8.144941123206936,-1.3379278517518138,0.6457332094837306,0.25895289135814226,0.0071702643810016,-0.05998580770295126,-0.010355606679199157
21.717740925192803,4.2044916535284065,8.146556730551465,-1.3385277101043165,0.6456296127080323,0.258952035684108,0.007198142075012541,-0.05998586276153545,-0.01036378117274387
21.7277409251928,4.206516643079834,8.148172345660674,-1.3391275690063187,0.645525933191302,0.2589511756769124,0.00722605155148923,-0.05998591760259882,-0.010372156826710196
21.737740925192803,4.208541625313879,8.14978796861265,-1.3397274284556488,0.645422168914139,0.2589503113361078,0.007253993096694116,-0.059985972226885384,-0.010380735003086616
21.747740925192804,4.210566600164259,8.151403599483695,-1.3403272884501425,0.6453183178430144,0.2589494426608258,0.007281966998767096,-0.059986026635136636,-0.01038951707735833
21.757740925192802,4.212591567566332,8.15301923834833,-1.3409271489876426,0.6452143779302715,0.2589485696497765,0.007309973547725521,-0.05998608082809155,-0.010398504438507239
21.767740925192804,4.214616527457099,8.154634885279293,-1.341527010066,0.6451103471141252,0.25894769230124914,0.007338013035464193,-0.05998613480648661,-0.01040769848901195
21.777740925192802,4.2166414797751965,8.156250540347534,-1.3421268716830717,0.6450062233186626,0.2589468106131114,0.007366085755755367,-0.05998618857105577,-0.010417100644847787
21.787740925192804,4.218666424460906,8.157866203622225,-1.342726733836723,0.6449020044538428,0.2589459245828101,0.007394192004248746,-0.05998624212253049,-0.010426712335486771
21.7977409251928,4.220691361456147,8.159481875170751,-1.3433265965248262,0.6447976884154969,0.25894503420737075,0.007422332078471488,-0.05998629546163971,-0.010436535003897638
21.807740925192803,4.222716290704479,8.161097555058715,-1.3439264597452611,0.6446932730853275,0.2589441394833978,0.007450506277828202,-0.05998634858910986,-0.01044657010654583
21.817740925192805,4.224741212151102,8.162713243349934,-1.3445263234959144,0.6445887563309098,0.2589432404070743,0.007478714903600947,-0.05998640150566488,-0.010456819113393495
21.827740925192803,4.226766125742855,8.164328940106442,-1.3451261877746805,0.6444841360056905,0.2589423369741623,0.007506958258949235,-0.05998645421202617,-0.01046728350789949
21.837740925192804,4.22879103142822,8.165944645388493,-1.3457260525794612,0.6443794099489883,0.25894142918000274,0.00753523664891003,-0.059986506708912646,-0.010477964787019383
21.847740925192802,4.230815929157317,8.167560359254553,-1.3463259179081652,0.6442745759859942,0.25894051701951515,0.007563550380397745,-0.0599865589970407,-0.010488864461205446
21.857740925192804,4.232840818882761,8.16917608175997,-1.3469257837587072,0.6441696319166935,0.2589396004870406,0.007591899763785174,-0.05998661107712483,-0.010499984060089186
21.867740925192802,4.234865700559241,8.170791812957647,-1.3475256501290083,0.644064575522591,0.2589386795764168,0.007620285111858901,-0.05998666294987719,-0.010511325130554265
21.877740925192803,4.236890574141642,8.17240755290096,-1.3481255170170006,0.6439594045906193,0.2589377542813237,0.007648706736434667,-0.05998671461600631,-0.010522889223911328
21.887740925192805,4.238915439586701,8.174023301641167,-1.3487253844206226,0.6438541168906671,0.2589368245949798,0.007677164951630263,-0.05998676607621838,-0.010534677906214948
21.897740925192803,4.2409402968530365,8.17563905922735,-1.3493252523378203,0.643748710175201,0.2589358905101368,0.007705660073920128,-0.05998681733121727,-0.010546692758447258
21.907740925192805,4.242965145901149,8.17725482570643,-1.3499251207665455,0.6436431821792653,0.2589349520190795,0.007734192422135349,-0.05998686838170453,-0.010558935376517944
21.917740925192803,4.24498998669342,8.178870601123156,-1.3505249897047575,0.6435375306204819,0.258934009113626,0.007762762317463658,-0.059986919228379405,-0.01057140737126425
21.927740925192804,4.247014819194113,8.180486385520107,-1.3511248591504221,0.6434317531990507,0.25893306178512754,0.007791370083449437,-0.05998696987193881,-0.01058411036845098
21.937740925192802,4.24903964336937,8.182102178937694,-1.351724729101512,0.643325847597749,0.2589321100244684,0.007820016045993715,-0.059987020313077344,-0.010597046008770488
21.947740925192804,4.251064459187219,8.183717981414162,-1.352324599556006,0.6432198114819321,0.2589311538220664,0.007848700533354168,-0.059987070552487295,-0.01061021594784269
21.9577409251928,4.253089266617567,8.185333792985585,-1.352924470511891,0.6431136424995327,0.2589301931678721,0.007877423876145118,-0.05998712059085864,-0.010623621856215057
21.967740925192803,4.255114065632201,8.186949613685869,-1.3535243419671592,0.6430073382810617,0.25892922805136953,0.007906186407337538,-0.05998717042887902,-0.010637265419362616
21.977740925192805,4.257138856204792,8.188565443546752,-1.3541242139198106,0.6429008964396073,0.2589282584615759,0.007934988462259046,-0.059987220067233775,-0.01065114833768795
21.987740925192803,4.2591636383108895,8.190181282597802,-1.3547240863678516,0.6427943145708356,0.25892728438704155,0.007963830378593908,-0.05998726950660593,-0.010665272326521197
21.997740925192804,4.261188411927928,8.19179713086642,-1.3553239593092952,0.6426875902529905,0.2589263058158499,0.007992712496383038,-0.05998731874767616,-0.01067963911612006
22.007740925192802,4.26321317703522,8.193412988377835,-1.3559238327421612,0.6425807210468935,0.2589253227356177,0.008021635158023998,-0.05998736779112287,-0.010694250451669786
22.017740925192804,4.265237933613961,8.195028855155112,-1.3565237066644769,0.6424737044959438,0.2589243351334949,0.008050598708270995,-0.059987416637622124,-0.010709108093283189
22.027740925192802,4.267262681647228,8.196644731219147,-1.357123581074275,0.6423665381261184,0.2589233429961645,0.008079603494234887,-0.05998746528784766,-0.010724213816000633
22.037740925192804,4.269287421119978,8.198260616588664,-1.3577234559695963,0.6422592194459723,0.2589223463098428,0.008108649865383176,-0.059987513742470924,-0.010739569409790043
22.047740925192805,4.2713121520190525,8.19987651128022,-1.3583233313484877,0.6421517459466376,0.25892134506027914,0.008137738173540014,-0.059987562002161016,-0.010755176679546898
22.057740925192803,4.27333687433317,8.201492415308204,-1.3589232072090027,0.6420441151018247,0.2589203392327563,0.008166868772886202,-0.05998761006758475,-0.010771037445094235
22.0677409251928,4.275361588052932,8.203108328684836,-1.3595230835492018,0.6419363243678214,0.25891932881209007,0.008196042019959174,-0.05998765793940659,-0.010787153541182641
22.0777409251928,4.277386293170824,8.204724251420167,-1.3601229603671527,0.6418283711834936,0.25891831378262936,0.008225258273653044,-0.05998770561828871,-0.010803526817490274
22.0877409251928,4.279410989681211,8.206340183522082,-1.3607228376609293,0.6417202529702842,0.25891729412825637,0.008254517895218543,-0.05998775310489095,-0.010820159138622838
22.097740925192802,4.281435677580732,8.207956124995738,-1.3613227154286123,0.6416119671297438,0.25891626983227717,0.008283821248460417,-0.05998780039987079,-0.010837052387620134
22.1077409251928,4.28346035686832,8.209572075843523,-1.3619225936682895,0.6415035110427679,0.2589152408774181,0.008313168699875981,-0.05998784750388342,-0.010854208465677896
22.117740925192802,4.28548502754454,8.211188036065971,-1.362522472378055,0.6413948820730941,0.25891420724601544,0.008342560618455152,-0.05998789441758191,-0.01087162928602372
22.1277409251928,4.287509689612048,8.212804005661134,-1.3631223515560085,0.6412860775645122,0.2589131689198909,0.008371997375897737,-0.05998794114161715,-0.010889316778062215
22.1377409251928,4.289534343075593,8.21441998462457,-1.363722231200257,0.6411770948408422,0.2589121258803507,0.008401479346615136,-0.05998798767663781,-0.0109072728874083
22.1477409251928,4.2915589879420155,8.216035972949348,-1.3643221113089135,0.6410679312059343,0.2589110781081853,0.008431006907730347,-0.05998803402329036,-0.010925499575887204
22.1577409251928,4.29358362422025,8.217651970626044,-1.3649219918800974,0.6409585839436691,0.2589100255836699,0.008460580439077967,-0.05998808018221911,-0.01094399882153446
22.167740925192803,4.2956082519213235,8.219267977642748,-1.3655218729119347,0.640849050317957,0.25890896828656396,0.008490200323204194,-0.05998812615406613,-0.010962772618595908
22.1777409251928,4.297632871058357,8.220883993985053,-1.366121754402558,0.6407393275727391,0.2589079061961116,0.008519866945366819,-0.05998817193947132,-0.010981822977527696
22.187740925192802,4.299657481646563,8.222500019636069,-1.3667216363501054,0.6406294129319862,0.2589068392910411,0.00854958069353523,-0.059988217539072373,-0.011001151924996282
22.196892002171563,4.301510210904693,8.22397886528971,-1.36727059333693,0.6405286586664574,0.2589058587205757,0.00857681360068525,-0.059988259105345824,-0.011019085850125478
22.20689200217156,4.3035347925979694,8.22559482666201,-1.367870372654128,0.6404189010981264,0.2589045654016201,0.008606304840441373,-0.0599879648353957,-0.011036836924879287
22.216892002171562,4.305559377637715,8.227210876595391,-1.368470252533783,0.640308434557683,0.2589034833026814,0.00863615363039259,-0.05998801106536823,-0.011056465795493992
22.22689200217156,4.307583954182165,8.228826935745174,-1.3690701328748243,0.6401977719936255,0.25890239446639685,0.008666049179988148,-0.05998805711272476,-0.011076042786853806
22.23689200217156,4.309608522241857,8.23044300407084,-1.3696700136754285,0.6400869139037257,0.25890129892296,0.008695991263005952,-0.05998810297808976,-0.011095571108690057
22.24689200217156,4.311633081828282,8.232059081531247,-1.3702698949337797,0.6399758607555065,0.25890019670204656,0.008725979659294522,-0.05998814866208564,-0.011115053947379924
22.25689200217156,4.313657632953895,8.233675168084625,-1.3708697766480669,0.6398646129862408,0.2588990878328146,0.008756014154772989,-0.05998819416533268,-0.011134494465946427
22.266892002171563,4.315682175632108,8.235291263688579,-1.3714696588164859,0.6397531710029517,0.2588979723439044,0.008786094541431092,-0.05998823948844909,-0.011153895804058426
22.27689200217156,4.317706709877293,8.236907368300091,-1.3720695414372381,0.6396415351824132,0.2588968502634384,0.008816220617329187,-0.05998828463205099,-0.01117326107803063
22.286892002171562,4.319731235704781,8.238523481875518,-1.3726694245085318,0.6395297058711491,0.2588957216190213,0.00884639218659824,-0.0599883295967524,-0.011192593380823583
22.29689200217156,4.321755753130862,8.240139604370592,-1.3732693080285807,0.639417683385434,0.2588945864377401,0.008876609059439825,-0.05998837438316525,-0.011211895782043685
22.306892002171562,4.323780262172788,8.241755735740417,-1.3738691919956048,0.6393054680112925,0.258893444746164,0.008906871052126135,-0.059988418991899384,-0.011231171327943167
22.31689200217156,4.325804762848765,8.243371875939477,-1.3744690764078302,0.6391930600044998,0.2588922965703444,0.008937177986999965,-0.05998846342356255,-0.011250423041420113
22.32689200217156,4.3278292551779645,8.244988024921629,-1.3750689612634892,0.6390804595905815,0.258891141935815,0.008967529692474732,-0.05998850767876041,-0.011269653922018444
22.336892002171563,4.329853739180513,8.246604182640102,-1.37566884656082,0.6389676669648132,0.25888998086759163,0.008997926003034456,-0.05998855175809653,-0.011288866945927926
22.34689200217156,4.331878214877516,8.248220349047468,-1.376268732298067,0.6388546822925234,0.25888881339017006,0.00902836675914965,-0.0599885956621724,-0.011308065066766983
22.356892002171563,4.3339026822912885,8.249836524095262,-1.3768686184734804,0.6387415057111915,0.25888763952743254,0.00905885180662177,-0.05998863939158761,-0.011327251222588708
22.36689200217156,4.335927141444889,8.251452707734849,-1.3774685050853166,0.6386281373218474,0.2588864593026361,0.009089380998916506,-0.05998868294693945,-0.01134642831493083
22.376892002171562,4.337951592362345,8.253068899916961,-1.3780683921318386,0.6385145771959514,0.2588852727385236,0.009119954195417479,-0.05998872632882314,-0.01136559922285736
22.38689200217156,4.33997603506876,8.254685100591468,-1.3786682796113148,0.6384008253776725,0.2588840798573284,0.009150571260814313,-0.059988769537831874,-0.011384766808360047
22.396892002171562,4.342000469590318,8.256301309707382,-1.3792681675220195,0.6382868818838885,0.2588828806807748,0.00918123206510263,-0.0599888125745569,-0.011403933916358383
22.40689200217156,4.344024895954279,8.25791752721285,-1.379868055862233,0.6381727467041861,0.2588816752300776,0.009211936483584055,-0.059988855439587443,-0.011423103374699603
22.41689200217156,4.346049314188983,8.259533753055168,-1.380467944630241,0.6380584198008611,0.25888046352594224,0.009242684396866206,-0.059988898133510764,-0.011442277994158681
22.426892002171563,4.348073724323849,8.261149987180762,-1.3810678338243356,0.6379439011089176,0.25887924558856484,0.009273475690862705,-0.059988940656912126,-0.011461460568438336
22.43689200217156,4.350098126389374,8.262766229535206,-1.3816677234428143,0.6378291905360692,0.2588780214376323,0.009304310256793173,-0.059988983010374794,-0.011480653874169024
22.446892002171563,4.352122520417133,8.26438248006321,-1.3822676134839804,0.6377142879627378,0.25887679109232203,0.009335187991183231,-0.059989025194480065,-0.011499860670908945
22.45689200217156,4.354146906439781,8.265998738708625,-1.382867503946143,0.6375991932420545,0.25887555457130224,0.009366108795864496,-0.059989067209807234,-0.011519083701144043
22.466892002171562,4.35617128449105,8.267615005414441,-1.3834673948276175,0.6374839061998591,0.2588743118927317,0.009397072577974588,-0.0599891090569336,-0.011538325690287997
22.47689200217156,4.358195654605751,8.26923128012279,-1.384067286126724,0.6373684266347002,0.25887306307425983,0.009428079249957127,-0.059989150736434495,-0.011557589346682237
22.48689200217156,4.360220016819775,8.270847562774945,-1.3846671778417898,0.6372527543178355,0.25887180813302685,0.009459128729561728,-0.05998919224888325,-0.011576877361595924
22.496892002171563,4.362244371170178,8.272463853311153,-1.3852670699711467,0.6371368889942038,0.25887054708565416,0.00949022093954596,-0.059989233594851275,-0.011596192412360307
22.50689200217156,4.364268717695314,8.274080151670463,-1.3858669625131326,0.6370208303819958,0.25886927994814407,0.009521355807670122,-0.05998927477490812,-0.011615537164005338
22.516892002171563,4.366293056434307,8.275696457791677,-1.3864668554660915,0.6369045781668184,0.2588680067359219,0.009552533268485578,-0.059989315789621106,-0.011634914250403397
22.52689200217156,4.368317387427444,8.27731277161257,-1.387066748828373,0.6367881320085872,0.25886672746390504,0.009583753261416326,-0.059989356639555624,-0.01165432629218848
22.536892002171562,4.370341710716218,8.27892909306982,-1.3876666425983328,0.636671491542106,0.2588654421465037,0.009615015730589857,-0.05998939732527519,-0.011673775898429347
22.54689200217156,4.372366026343327,8.280545422099006,-1.3882665367743314,0.6365546563770684,0.25886415079762143,0.009646320624837144,-0.05998943784734141,-0.011693265666629534
22.556892002171562,4.374390334352676,8.2821617586346,-1.3888664313547352,0.6364376260980572,0.2588628534306545,0.009677667897692643,-0.05998947820631402,-0.011712798182727344
22.566892002171564,4.3764146347893735,8.283778102609977,-1.3894663263379161,0.6363204002645442,0.2588615500584925,0.009709057507394305,-0.05998951840275086,-0.011732376021095853
22.57689200217156,4.378438927699736,8.285394453957407,-1.3900662217222515,0.6362029784108904,0.2588602406935177,0.00974048941688356,-0.05998955843720788,-0.011752001744542911
22.586892002171563,4.380463213131284,8.287010812608061,-1.390666117506124,0.6360853600463462,0.25885892534760574,0.00977196359380533,-0.059989598310239145,-0.011771677904311136
22.59689200217156,4.382487491132744,8.288627178492009,-1.3912660136879218,0.6359675446550511,0.25885760403212504,0.009803480010508013,-0.05998963802239684,-0.011791407040077915
22.606892002171563,4.384511761754049,8.290243551538216,-1.3918659102660393,0.635849531696034,0.25885627675793715,0.009835038644043505,-0.059989677574231244,-0.011811191679955408
22.61689200217156,4.386536025046336,8.291859931674553,-1.3924658072388758,0.6357313206032126,0.25885494353539656,0.009866639476167184,-0.05998971696629076,-0.011831034340490548
22.626892002171562,4.388560281061951,8.293476318827782,-1.3930657046048358,0.6356129107853943,0.25885360437435095,0.00989828249333791,-0.0599897561991219,-0.011850937526665037
22.636892002171564,4.39058452985444,8.295092712923568,-1.3936656023623302,0.6354943016262754,0.25885225928414085,0.009929967686718034,-0.05998979527326928,-0.011870903731895349
22.646892002171562,4.392608771478567,8.296709113886463,-1.3942655005097744,0.6353754924844027,0.2588509082735962,0.009961695052177104,-0.05998983418927564,-0.011890935438088527
22.65689200217156,4.394633005990481,8.298325521639676,-1.3948653990455897,0.6352564826912832,0.2588495513508849,0.009993464590571325,-0.059989872947681926,-0.011911035116158352
22.666892002171558,4.396657233447471,8.299941936105455,-1.3954652979682034,0.635137271552639,0.25884818852363867,0.010025276307687412,-0.05998991154902711,-0.011931205222704416
22.67689200217156,4.398681453908043,8.30155835720489,-1.3960651972760476,0.6350178583505418,0.2588468197990208,0.010057130213670875,-0.059989949993848324,-0.011951448205128013
22.68689200217156,4.400705667432032,8.30317478485775,-1.3966650969675598,0.6348982423431372,0.25884544518367897,0.010089026322994374,-0.0599899882826809,-0.011971766503330867
22.69689200217156,4.4027298740805945,8.304791218982494,-1.3972649970411828,0.6347784227646444,0.2588440646837452,0.010120964654457698,-0.05999002641605834,-0.01199216254971512
22.70689200217156,4.4047540739162185,8.306407659496255,-1.3978648974953647,0.634658398825357,0.2588426783048362,0.010152945231187779,-0.059990064394512384,-0.01201263876918334
22.71689200217156,4.406778267002714,8.308024106314848,-1.3984647983285587,0.6345381697116423,0.25884128605205287,0.01018496808063868,-0.05999010221857291,-0.01203319757913851
22.72689200217156,4.408802453405221,8.309640559352774,-1.399064699539224,0.6344177345859418,0.2588398879299806,0.010217033234591602,-0.05999013988876805,-0.012053841389484043
22.736892002171558,4.410826633190201,8.311257018523209,-1.3996646011258238,0.6342970925867704,0.25883848394268927,0.010249140729154877,-0.059990177405624096,-0.012074572602623767
22.74689200217156,4.412850806425445,8.312873483738015,-1.4002645030868275,0.6341762428287175,0.2588370740937331,0.010281290604763979,-0.05999021476966554,-0.012095393613461935
22.75689200217156,4.414874973180071,8.314489954907735,-1.4008644054207098,0.6340551844024462,0.25883565838615086,0.01031348290618151,-0.05999025198141508,-0.012116306809403217
22.766043079150315,4.416727298140229,8.315969205259353,-1.4014133809898648,0.6339442192618255,0.25883435772969365,0.010342979546987928,-0.05999028590116904,-0.01213552744111685
22.776043079150316,4.418751439414879,8.317585605381769,-1.4020131805334954,0.6338232927137526,0.2588327148698386,0.010374936012150887,-0.0599899833071129,-0.012153821997166116
22.786043079150318,4.42077558697565,8.319202090612661,-1.4026130805563781,0.6337016601570455,0.25883128242536574,0.010407235965652096,-0.059990021244292466,-0.012172429889566606
22.796043079150316,4.42279972838229,8.320818581365586,-1.4032129809578777,0.6335798495613212,0.25882984341752613,0.010439565693601058,-0.05999005903059615,-0.012189430559960846
22.806043079150317,4.4248238637221355,8.322435077511262,-1.4038128817364883,0.6334578769446375,0.25882839810206576,0.010471922099703,-0.05999009666653997,-0.012204831969379637
22.816043079150315,4.42684799307701,8.32405157892949,-1.404412782890709,0.6333357582555897,0.2588269467345667,0.010504302108364717,-0.05999013415263821,-0.012218641859844908
22.826043079150317,4.428872116523224,8.32566808550915,-1.4050126844190434,0.63321350937331,0.25882548957044704,0.01053670266469459,-0.05999017148940338,-0.012230867754369719
22.836043079150315,4.4308962341315725,8.327284597148203,-1.4056125863200013,0.633091146107468,0.25882402686496103,0.01056912073450258,-0.05999020867734628,-0.012241516956958258
22.846043079150316,4.432920345967335,8.328901113753695,-1.4062124885920966,0.63296868419827,0.2588225588731989,0.010601553304300225,-0.05999024571697596,-0.012250596552605842
22.856043079150318,4.4349444520902805,8.330517635241746,-1.4068123912338486,0.63284613931646,0.25882108585008684,0.010633997381300647,-0.05999028260879972,-0.012258113407298916
22.866043079150316,4.43696855255466,8.332134161537564,-1.407412294243782,0.6327235270633188,0.2588196080503873,0.010666449993418549,-0.059990319353323114,-0.012264074168015055
22.876043079150318,4.438992647409214,8.333750692575434,-1.4080121976204256,0.6326008629706665,0.25881812572869856,0.01069890818926977,-0.05999035595104998,-0.012268485262723968
22.886043079150316,4.44101673669688,8.33536722829906,-1.408612101362315,0.6324781625171689,0.25881663913947806,0.010731369034920113,-0.05999039240248243,-0.012271352904402757
22.896043079150317,4.443040820455186,8.336983768661383,-1.4092120054679889,0.6323554410992508,0.2588151485365759,0.010763829619964606,-0.059990428708120845,-0.0122726830677243
22.906043079150315,4.445064898716255,8.338600313624358,-1.4098119099359925,0.6322327140398878,0.25881365417359825,0.010796287055501418,-0.059990464868463836,-0.01227248150551485
22.916043079150317,4.4470889715064,8.34021686315924,-1.4104118147648752,0.6321099966158622,0.2588121563041946,0.010828738468519889,-0.05999050088400833,-0.01227075376524095
22.92604307915032,4.449113038846133,8.341833417246583,-1.4110117199531915,0.6319873040577625,0.2588106551820577,0.010861181001900545,-0.059990536755249575,-0.012267505189009438
22.936043079150316,4.451137100750162,8.34344997587625,-1.4116116254995008,0.6318646515499836,0.25880915106092356,0.010893611814415088,-0.05999057248268116,-0.012262740913567445
22.946043079150318,4.453161157227393,8.345066539047409,-1.4122115314023678,0.6317420542307268,0.25880764419457153,0.010926028080726404,-0.05999060806679498,-0.0122564658703024
22.956043079150316,4.4551852082809225,8.346683106768523,-1.412811437660361,0.6316195271919999,0.2588061348368241,0.01095842699138855,-0.059990643508081254,-0.012248684785242025
22.966043079150317,4.457209253908049,8.348299679057366,-1.4134113442720553,0.6314970854796166,0.25880462324154707,0.010990805752846772,-0.05999067880702853,-0.012239402179054336
22.976043079150315,4.459233294100264,8.349916255941014,-1.4140112512360292,0.6313747440931975,0.25880310966264963,0.01102316158743749,-0.05999071396412367,-0.012228622367047639
22.986043079150317,4.461257328843256,8.351532837455842,-1.4146111585508667,0.6312525179861789,0.25880159435408423,0.011055491733386382,-0.05999074897985186,-0.012216349459174622
22.99604307915032,4.463281358116507,8.353149423647992,-1.4152110662151565,0.631130422085062,0.2588000775698989,0.011087793441024391,-0.05999078385469668,-0.012202587364951884
23.006043079150317,4.4653053818938675,8.35476601457298,-1.415810974227492,0.6310084712564809,0.25879855956373615,0.011120063979546152,-0.05999081858913999,-0.012187339770766276
23.016043079150318,4.467329400143534,8.356382610295517,-1.416410882586472,0.6308866803144763,0.25879704058915615,0.011152300635330096,-0.05999085318366195,-0.012170610153297819
23.026043079150316,4.46935341282753,8.357999210889963,-1.4170107912907,0.6307650640494413,0.2587955208999366,0.011184500706082911,-0.059990887638741115,-0.01215240179491112
23.036043079150318,4.4713774199017005,8.359615816440318,-1.4176107003387834,0.6306436372281207,0.25879400075007314,0.011216661500839534,-0.05999092195485441,-0.012132717783655374
23.046043079150316,4.47340142131571,8.36123242704024,-1.4182106097293354,0.6305224145936111,0.2587924803937786,0.011248780339963158,-0.05999095613247718,-0.012111561013264358
23.056043079150317,4.47542541701305,8.362849042793027,-1.4188105194609733,0.6304014108653613,0.2587909600854837,0.011280854555145233,-0.05999099017208311,-0.01208893418315644
23.06604307915032,4.477449406931031,8.364465663811627,-1.419410429532319,0.630280640739172,0.2587894400798367,0.011312881489405457,-0.059991024074144306,-0.012064839798434571
23.076043079150317,4.479473391000788,8.366082290218634,-1.4200103399419999,0.6301601188871957,0.25878792063170325,0.011344858497091787,-0.059991057839131244,-0.012039280169886285
23.08604307915032,4.481497369147278,8.367698922146289,-1.4206102506886469,0.6300398599579369,0.25878640199616704,0.01137678294388043,-0.05999109146751279,-0.012012257413983707
23.096043079150316,4.483521341289279,8.369315559736485,-1.4212101617708965,0.6299198785762522,0.25878488442852887,0.011408652206775852,-0.05999112495975619,-0.011983773452883546
23.106043079150318,4.4855453073392235,8.37093220314095,-1.4218100731873897,0.6298001893501133,0.25878336818433456,0.011440463672805866,-0.05999115831632711,-0.011953830015711592
23.116043079150316,4.487569267202833,8.372548852521811,-1.422409984936772,0.6296808068816352,0.2587818535191755,0.011472214737078096,-0.05999119153768965,-0.01192242863229427
23.126043079150318,4.489593220780337,8.374165508050272,-1.4230098970176936,0.6295617457197409,0.25878034068843064,0.011503902811934336,-0.05999122462430621,-0.011889570622615846
23.13604307915032,4.4916171679654475,8.37578216990753,-1.4236098094288097,0.6294430204063691,0.25877882994780127,0.011535525317745767,-0.05999125757663762,-0.011855257118285376
23.146043079150317,4.493641108645218,8.37739883828492,-1.4242097221687797,0.6293246454821664,0.2587773215533549,0.01156707968179745,-0.05999129039514318,-0.011819489064385612
23.15604307915032,4.4956650427000495,8.379015513383909,-1.424809635236268,0.6292066354864866,0.25877581576152564,0.01159856333828832,-0.059991323080280615,-0.011782267219473015
23.166043079150317,4.497688970003685,8.380632195416101,-1.4254095486299425,0.6290890049573917,0.25877431282911384,0.01162997372833119,-0.05999135563250611,-0.011743592155577753
23.17604307915032,4.499712890423214,8.382248884603237,-1.426009462348477,0.6289717684316514,0.25877281301328625,0.011661308299952745,-0.0599913880522743,-0.011703464258203696
23.186043079150316,4.501736803819069,8.383865581177192,-1.4266093763905487,0.628854940444743,0.25877131657157615,0.011692564508093547,-0.05999142034003827,-0.011661883726328424
23.196043079150318,4.503760710045029,8.385482285379974,-1.4272092907548397,0.6287385355308517,0.2587698237618831,0.011723739814608036,-0.05999145249624954,-0.011618850572403217
23.20604307915032,4.5057846089482165,8.387098997463728,-1.427809205440037,0.6286225682228701,0.25876833484247325,0.011754831688264524,-0.05999148452135811,-0.011574364622353063
23.216043079150317,4.507808500369098,8.388715717690735,-1.4284091204448317,0.6285070530523988,0.2587668500719789,0.011785837604745199,-0.059991516415812386,-0.011528425515576656
23.226043079150315,4.50983238414125,8.390332446333703,-1.429009035767919,0.6283920045569212,0.25876536970939157,0.011816755045328921,-0.059991548180059286,-0.011481032703845524
23.236043079150313,4.511856260091039,8.391949183676322,-1.429608951408,0.6282774372868046,0.25876389401378164,0.011847581495820193,-0.059991579814544206,-0.011432185440710318
23.246043079150315,4.513880128038837,8.393565930011746,-1.4302088673637783,0.628163365769846,0.25876242324434834,0.011878314453007728,-0.059991611319710925,-0.011381882788467452
23.256043079150317,4.515903987797893,8.395182685643759,-1.4308087836339638,0.6280498045505786,0.2587609576607609,0.011908951417117637,-0.05999164269600172,-0.011330123626278596
23.266043079150315,4.51792783917423,8.39679945088691,-1.43140870021727,0.6279367681937529,0.25875949752317257,0.011939489891160053,-0.05999167394385739,-0.011276906650264745
23.276043079150316,4.519951681966638,8.398416226066509,-1.4320086171124145,0.6278242712843359,0.25875804309222017,0.01196992738092914,-0.05999170506371724,-0.01122223037350622
23.286043079150314,4.521975515966678,8.400033011518621,-1.4326085343181194,0.6277123284275116,0.25875659462902434,0.012000261395003091,-0.059991736056019075,-0.011166093126042678
23.296043079150316,4.523999340958682,8.40164980759008,-1.4332084518331114,0.6276009542486805,0.2587551523951897,0.012030489444744115,-0.059991766921199216,-0.011108493054873098
23.306043079150314,4.526023156719752,8.403266614638468,-1.4338083696561215,0.6274901633934601,0.25875371665280444,0.012060609044298457,-0.0599917976596925,-0.01104942812395579
23.316043079150315,4.52804696301976,8.404883433032142,-1.4344082877858848,0.6273799705276845,0.25875228766444064,0.012090617710596387,-0.05999182827193228,-0.010988896114208396
23.326043079150317,4.530070759621348,8.406500263150203,-1.4350082062211411,0.6272703903374047,0.25875086569315425,0.012120512963352195,-0.05999185875835039,-0.010926894623507882
23.335194156129074,4.531922742763884,8.40797984744284,-1.4355571964659648,0.6271706620493396,0.25874957080948957,0.012147768849407214,-0.05999188654681965,-0.01086886672963145
23.345194156129075,4.533946505360506,8.409596618278675,-1.4361570119827465,0.6270628278410422,0.258747949962943,0.012177110918927356,-0.05999157727778553,-0.010801549952612115
23.355194156129073,4.535970271748312,8.411213481862875,-1.4367569279120638,0.6269551501198656,0.2587465566203946,0.012206609415671943,-0.059991608564715256,-0.010733577193251922
23.365194156129075,4.537994027843032,8.41283035833419,-1.4373568441536209,0.6268481650389388,0.2587451747128041,0.01223594960596426,-0.05999163972583812,-0.010663020657995279
23.375194156129076,4.540017773566393,8.414447247909118,-1.437956760706162,0.6267418984234956,0.25874380467374003,0.01226512704585385,-0.0599916707615844,-0.010589878644225795
23.385194156129074,4.542041508827136,8.416064150823008,-1.438556677568436,0.62663637613123,0.25874244693742365,0.012294137296964498,-0.059991701672382915,-0.010514149102309757
23.395194156129076,4.5440652335210165,8.417681067330049,-1.4391565947391949,0.6265316240522971,0.25874110193872935,0.012322975926494244,-0.05999173245866106,-0.010435829635596106
23.405194156129074,4.546088947530805,8.419297997703282,-1.4397565122171958,0.6264276681093128,0.2587397701131844,0.012351638507215375,-0.05999176312084476,-0.010354917500416453
23.415194156129076,4.5481126507262895,8.420914942234594,-1.4403564300012,0.6263245342573536,0.25873845189696904,0.012380120617474425,-0.059991793659358486,-0.010271409606085071
23.425194156129074,4.550136342964271,8.422531901234716,-1.4409563480899725,0.6262222484839569,0.25873714772691636,0.012408417841192173,-0.05999182407462527,-0.010185302514898896
23.435194156129075,4.552160024088566,8.424148875033229,-1.4415562664822834,0.6261208368091208,0.2587358580405126,0.01243652576786365,-0.05999185436706668,-0.01009659244213753
23.445194156129077,4.554183693930005,8.425765863978555,-1.442156185176906,0.6260203252853043,0.2587345832758967,0.012464439992558134,-0.059991884537102844,-0.010005275256063238
23.455194156129075,4.556207352306121,8.42738286843835,-1.442756104172619,0.6259207400070376,0.25873332387181047,0.012492156114162694,-0.05999191458515244,-0.009911346472662974
23.465194156129076,4.558230999020119,8.428999888800933,-1.4433560234682037,0.6258221071401868,0.2587320802670129,0.012519669730293372,-0.05999194451163276,-0.009814801223037392
23.475194156129074,4.560254633863627,8.430616925472043,-1.4439559430624471,0.6257244528400167,0.2587308529005559,0.01254697645230734,-0.05999197431695958,-0.009715634293810284
23.485194156129076,4.562278256614491,8.432233978877157,-1.4445558629541397,0.6256278033228971,0.2587296422121191,0.012574071891723644,-0.05999200400154724,-0.009613840116391869
23.495194156129074,4.564301867036395,8.433851049461923,-1.4451557831420765,0.6255321848781422,0.25872844864199995,0.012600951658025706,-0.05999203356580872,-0.009509412762579848
23.505194156129075,4.566325464878868,8.435468137692158,-1.4457557036250561,0.6254376238680099,0.2587272726311142,0.012627611358661339,-0.059992063010155576,-0.009402345944559406
23.515194156129077,4.568349049877277,8.437085244053847,-1.4463556244018816,0.6253441467277026,0.2587261146209956,0.01265404659904274,-0.059992092334997985,-0.009292633014903205
23.525194156129075,4.5703726217528295,8.438702369053146,-1.4469555454713596,0.6252517799653663,0.25872497505379594,0.012680252982546495,-0.05999212154074472,-0.009180266966571392
23.535194156129077,4.572396180212575,8.440319513216384,-1.4475554668323012,0.6251605501620913,0.2587238543722852,0.012706226110513573,-0.05999215062780316,-0.00906524043291159
23.545194156129075,4.5744197249494025,8.441936677090055,-1.4481553884835217,0.625070483971912,0.25872275301985137,0.01273196158224933,-0.0599921795965793,-0.00894754568765891
23.555194156129076,4.576443255642041,8.443553861240826,-1.4487553104238402,0.6249816081218066,0.2587216714405007,0.012757454995023508,-0.05999220844747772,-0.008827174644935938
23.565194156129074,4.578466771955063,8.445171066255531,-1.4493552326520798,0.6248939494116977,0.25872061007885727,0.012782701944070236,-0.05999223718090162,-0.008704118859252744
23.575194156129076,4.580490273537252,8.446788292743118,-1.449955155167068,0.6248075347596392,0.25871956937984836,0.012807698014494794,-0.05999226579725286,-0.00857836949151136
23.585194156129077,4.582513760023616,8.44840554133255,-1.4505550779676355,0.6247223911452948,0.2587185497883586,0.012832438791792881,-0.05999229429693186,-0.008449917324121627
23.595194156129075,4.58453723103581,8.450022812672087,-1.4511550010526182,0.6246385456013078,0.2587175517497777,0.012856919863061412,-0.05999232268033766,-0.008318752787573696
23.605194156129077,4.586560686179875,8.451640107431812,-1.4517549244208554,0.624556025277151,0.2587165757099745,0.012881136805313035,-0.05999235094786792,-0.008184865928623681
23.615194156129075,4.588584125046246,8.453257426303612,-1.4523548480711903,0.6244748574391298,0.258715622115297,0.01290508518547573,-0.05999237909991898,-0.008048246410292337
23.625194156129076,4.590607547209746,8.454874770001197,-1.4529547720024703,0.6243950694703816,0.25871469141257253,0.012928760560392815,-0.059992407136885834,-0.00790888351186506
23.635194156129074,4.592630952229587,8.456492139260083,-1.4535546962135462,0.6243166888708759,0.25871378404910766,0.012952158476822939,-0.05999243505916213,-0.007766766128891877
23.645194156129076,4.594654339649373,8.458109534837606,-1.454154620703273,0.6242397432574147,0.258712900472688,0.012975274471440085,-0.05999246286714019,-0.0076218827731874585
23.655194156129077,4.596677708997097,8.45972695751291,-1.4547545454705098,0.6241642603636317,0.25871204113157853,0.012998104070833573,-0.05999249056121098,-0.0074742215728311094
23.665194156129076,4.598701059785143,8.461344408086957,-1.4553544705141193,0.6240902680399933,0.2587112064745233,0.013020642791508056,-0.05999251814176415,-0.0073237702721667755
23.675194156129077,4.600724391510285,8.462961887382523,-1.4559543958329684,0.6240177942537978,0.25871039695074555,0.013042886139883521,-0.059992545609187986,-0.0071705162318030395
23.685194156129075,4.6027477036536855,8.464579396244195,-1.4565543214259273,0.6239468670891756,0.258709613009948,0.01306482961229529,-0.05999257296386944,-0.0070144464286131195
23.695194156129077,4.604770995679003,8.466196935540594,-1.457154247291871,0.6238775147955966,0.25870885510189895,0.013086468686468762,-0.05999260020619418,-0.006855547408409229
23.705194156129075,4.606794267033937,8.467814506162798,-1.4577541734296775,0.6238097657490282,0.25870812367606216,0.013107798828690915,-0.05999262733654655,-0.00669380529791991
23.715194156129076,4.608817517152422,8.469432109021662,-1.4583540998382294,0.6237436483979549,0.2587074191823869,0.013128815503062167,-0.059992654355309455,-0.006529205871645116
23.725194156129078,4.610840745450968,8.471049745051902,-1.4589540265164123,0.623679191357163,0.2587067420710135,0.013149514154734594,-0.05999268126286457,-0.0063617344798262716
23.735194156129076,4.612863951328635,8.472667415212122,-1.4595539534631168,0.6236164234084574,0.2587060927922695,0.013169890209784794,-0.05999270805959224,-0.006191376047829705
23.745194156129077,4.614887134167037,8.47428512048482,-1.4601538806772358,0.6235553735006617,0.25870547179666953,0.013189939075213902,-0.05999273474587155,-0.0060181150761466394
23.755194156129075,4.616910293330337,8.475902861876385,-1.4607538081576674,0.6234960707496181,0.2587048795349151,0.013209656138947578,-0.0599927613220803,-0.005841935640393201
23.765194156129077,4.618933428165249,8.477520640417094,-1.4613537359033124,0.6234385444381874,0.2587043164578951,0.013229036769836016,-0.059992787788595,-0.005662821391310416
23.775194156129075,4.620956538001037,8.479138457161119,-1.4619536639130755,0.6233828240162489,0.25870378301668545,0.013248076317653928,-0.059992814145790885,-0.005480755554764264
23.785194156129073,4.6229796221495185,8.480756313186522,-1.4625535921858654,0.6233289391007004,0.258703279662549,0.013266770113100583,-0.059992840394041895,-0.005295720931745457
23.795194156129075,4.62500267990506,8.482374209595253,-1.4631535207205948,0.6232769194754587,0.258702806846936,0.013285113467799753,-0.0599928665337207,-0.0051076998983697755
23.805194156129073,4.6270257105445785,8.483992147513161,-1.4637534495161795,0.6232267950914587,0.2587023650214835,0.01330310167429975,-0.05999289256519867,-0.004916674405877843
23.815194156129074,4.6290487133275064,8.485610128090025,-1.4643533785715395,0.6231785960675276,0.2587019546379959,0.013320730005928401,-0.05999291848884592,-0.004722625979128474
23.825194156129072,4.631071687493932,8.487228152501878,-1.464953307885598,0.6231323527359753,0.2587015761472457,0.013337993709269485,-0.05999294430503128,-0.004525535632467007
23.835194156129074,4.63309463226639,8.488846221948803,-1.4655532374572828,0.6230880956030116,0.2587012299998354,0.013354888010654318,-0.059992970014122286,-0.0043253839387765915
23.845194156129075,4.6351175468492,8.49046433765554,-1.4661531672855246,0.6230458553632643,0.25870091664659806,0.013371408113392035,-0.059992995616485245,-0.004122151033982957
23.855194156129073,4.63714043042735,8.492082500872844,-1.466753097369258,0.6230056629262632,0.25870063653810993,0.01338754919332103,-0.059993021112485216,-0.003915816576012967
23.865194156129075,4.639163282166492,8.493700712877478,-1.4673530277074212,0.6229675494164398,0.25870039012469104,0.013403306398808958,-0.05999304650248602,-0.003706359744794623
23.875194156129073,4.641186101212943,8.49531897497222,-1.4679529582989557,0.6229315461731274,0.25870017785640465,0.013418674850752738,-0.05999307178685022,-0.0034937592422570546
23.885194156129074,4.643208886693689,8.496937288485855,-1.4685528891428072,0.6228976847505607,0.2587000001830576,0.013433649642578543,-0.05999309696593917,-0.003277993292330531
23.895194156129072,4.645231637716376,8.49855565477318,-1.469152820237925,0.6228659969178765,0.25869985755420016,0.013448225840241815,-0.05999312204011298,-0.0030590396409464543
23.904345233107833,4.647082641777813,8.50003668163967,-1.4697018220205458,0.6228389310083041,0.25869975812425516,0.01346121113277663,-0.059993144894054565,-0.002855860851183812
23.914345233107834,4.649105308057935,8.501655069479769,-1.4703016500939907,0.6228120232830365,0.2586994738687109,0.013474660844619197,-0.05999283025266522,-0.0026306138740902845
23.924345233107832,4.65112795317127,8.503273594228933,-1.4709015785262773,0.6227868318268803,0.2586994495736337,0.013487941428993488,-0.05999285618701002,-0.0024077428917127965
23.934345233107834,4.65315056116499,8.504892176193708,-1.4715015072173783,0.6227638671297391,0.2586994689881345,0.01350074418577189,-0.05999288201558621,-0.002185256729786641
23.944345233107832,4.655173131576993,8.50651081625747,-1.4721014361662377,0.6227431255353697,0.2586995318298222,0.013513071037236564,-0.05999290773875556,-0.0019631173305219548
23.954345233107833,4.657195663936774,8.508129515310069,-1.4727013653718033,0.6227246037628811,0.25869963782062827,0.013524923830723725,-0.05999293335687863,-0.0017412868789056077
23.964345233107835,4.659218157765425,8.509748274247848,-1.4733012948330262,0.622708298906734,0.2586997866868062,0.013536304338623635,-0.059992958870314736,-0.0015197278027012022
23.974345233107833,4.661240612575638,8.511367093973622,-1.4739012245488619,0.6226942084367412,0.25869997815893203,0.013547214258380604,-0.05999298427942196,-0.001298402772449072
23.984345233107835,4.663263027871594,8.512985975396825,-1.474501154518268,0.6226823301957923,0.2587002119719231,0.013557655213021637,-0.05999300958455716,-0.0010772746849763467
23.994345233107833,4.6652854031486175,8.514604919433802,-1.4751010847402075,0.6226726623997867,0.2587004878653777,0.013567628751373845,-0.05999303478607598,-0.0008563065880715732
24.004345233107834,4.66730773789337,8.516223927007754,-1.4757010152136454,0.6226652036419851,0.25870080558340136,0.013577136347292006,-0.05999305988433284,-0.0006354618238690108
24.014345233107832,4.669330031583365,8.517842999049593,-1.4763009459375511,0.6226599528732565,0.25870116487421846,0.013586179404150073,-0.05999308487968092,-0.0004147040677351661
24.024345233107834,4.671352283686928,8.51946213649801,-1.476900876910897,0.6226569094007658,0.25870156549016,0.013594759255138932,-0.059993109772472235,-0.00019399732560660484
24.034345233107835,4.673374493663198,8.521081340299478,-1.47750080813266,0.6226560728879741,0.2587020071876636,0.01360287716326639,-0.0599931345630576,2.6694066010048622e-05
24.044345233107833,4.675396660962093,8.522700611408277,-1.4781007396018189,0.6226574433538704,0.25870248972726806,0.013610534321533984,-0.059993159251786596,0.00024740478046642326
24.054345233107835,4.677418785024052,8.524319950786786,-1.4787006713173574,0.6226610211336961,0.2587030128730175,0.013617731860504686,-0.05999318383900764,0.0004681611698979374
24.064345233107833,4.679440865280106,8.525939359405397,-1.4793006032782618,0.622666806807479,0.25870357639109187,0.013624470861684586,-0.05999320832506792,0.0006889874831159375
24.074345233107834,4.681462901151588,8.527558838243104,-1.4799005354835226,0.6226748011988379,0.2587041800496932,0.013630752358280103,-0.05999323271031348,0.0009099084340741205
24.084345233107832,4.683484892050075,8.529178388287585,-1.4805004679321332,0.6226850053761097,0.258704823619068,0.013636577335064104,-0.059993256995089145,0.0011309486030585693
24.094345233107834,4.685506837377389,8.530798010535207,-1.4811004006230906,0.6226974206523495,0.2587055068715074,0.013641946728375908,-0.059993281179738574,0.0013521324366877528
24.104345233107836,4.68752873652536,8.532417705991458,-1.4817003335553955,0.6227120485806331,0.2587062295811824,0.013646861427392054,-0.05999330526460427,0.001573484254279105
24.114345233107834,4.68955058887607,8.534037475670328,-1.4823002667280514,0.6227288909612506,0.25870699152452903,0.013651322272204218,-0.05999332925002754,0.0017950282332808475
24.124345233107835,4.691572393802,8.535657320594,-1.4829002001400655,0.622747949845068,0.2587077924803983,0.01365533005291619,-0.05999335313634851,0.00201678840314697
24.134345233107833,4.69359415066528,8.537277241794298,-1.483500133790449,0.6227692275177618,0.258708632229435,0.013658885513896935,-0.059993376923906154,0.0022387886689848946
24.144345233107835,4.695615858817682,8.538897240312698,-1.4841000676782157,0.6227927264996019,0.2587095105540693,0.013661989353839398,-0.0599934006130383,0.0024610528118761436
24.154345233107833,4.697637517600619,8.540517317200333,-1.4847000018023828,0.6228184495454512,0.25871042723851684,0.013664642225760505,-0.05999342420408162,0.002683604488876345
24.164345233107834,4.699659126345144,8.54213747351799,-1.4852999361619714,0.6228463996447657,0.2587113820687786,0.013666844737001154,-0.05999344769737165,0.002906467233015227
24.174345233107836,4.701680684371952,8.543757710336111,-1.4858998707560056,0.6228765800215943,0.2587123748326409,0.013668597449226228,-0.059993471093242746,0.003129664453296624
24.184345233107834,4.703702190991339,8.54537802873485,-1.4864998055835128,0.6229089941341396,0.2587134053196594,0.013669900878549919,-0.05999349439202815,0.003353219435032378
24.194345233107835,4.705723645502692,8.546998429804622,-1.4870997406435236,0.6229436456715038,0.25871447332113273,0.013670755496534013,-0.059993517594059936,0.0035771553363205823
24.204345233107833,4.7077450471953775,8.54861891464466,-1.4876996759350725,0.622980538566066,0.2587155786306919,0.013671161726702748,-0.059993540699669064,0.003801495170931513
24.214345233107835,4.709766395347958,8.550239484364466,-1.4882996114571967,0.6230196769786016,0.25871672104356147,0.013671119948586481,-0.059993563709185314,0.004026261832074793
24.224345233107833,4.711787689227889,8.551860140084324,-1.488899547208937,0.6230610652938744,0.25871790035636677,0.0136706304989519,-0.059993586622937384,0.004251478097650657
24.234345233107835,4.7138089280915105,8.553480882935284,-1.4894994831893373,0.6231047081206375,0.2587191163671338,0.013669693671802027,-0.059993609441252836,0.00447716663024995
24.244345233107836,4.715830111184048,8.555101714059171,-1.490099419397445,0.6231506102916322,0.25872036887528915,0.013668309718376213,-0.059993632164458126,0.004703349977154129
24.254345233107834,4.717851237739618,8.556722634608581,-1.4906993558323107,0.6231987768635894,0.25872165768166017,0.013666478847150132,-0.05999365479287859,0.004930050570335265
24.264345233107836,4.71987230698122,8.558343645746884,-1.4912992924929878,0.6232492131172281,0.25872298258847487,0.013664201223835796,-0.059993677326838454,0.005157290726456038
24.274345233107834,4.721893318120648,8.559964748648348,-1.4918992293785336,0.6233019245563157,0.2587243433993113,0.013661476971649905,-0.059993699766660816,0.005385092647385215
24.284345233107835,4.723914270357965,8.561585944498598,-1.4924991664880083,0.6233569169053609,0.2587257399190218,0.013658306172018953,-0.05999372211266771,0.005613478412890501
24.294345233107833,4.7259351628826,8.563207234493056,-1.493099103820475,0.6234141961212978,0.25872717195442146,0.01365468886123101,-0.05999374436517999,0.005842469967990434
24.304345233107835,4.727955994872282,8.564828619838716,-1.493699041375001,0.6234737683776113,0.2587286393133672,0.013650625034827384,-0.05999376652451747,0.006072089146661954
24.314345233107836,4.7299767654928075,8.56645010175448,-1.494298979150656,0.6235356400614995,0.2587301418045977,0.01364611464840005,-0.05999378859099884,0.00630235767490818
24.324345233107834,4.731997473898038,8.56807168147118,-1.4948989171465126,0.6235998177738751,0.25873167923773327,0.013641157617591658,-0.05999381056494172,0.006533297170758406
24.334345233107836,4.7340181192299,8.56969336023156,-1.4954988553616475,0.6236663083293638,0.2587332514232759,0.013635753818095526,-0.05999383244666266,0.006764929144268098
24.344345233107834,4.7360387006183835,8.57131513929028,-1.4960987937951398,0.6237351187563054,0.25873485817260944,0.013629903085655643,-0.059993854236477115,0.0069972749975188995
24.354345233107836,4.738059217181548,8.572937019913924,-1.4966987324460719,0.6238062562967536,0.2587364992979991,0.013623605216066667,-0.059993875934699466,0.007230356024618629
24.36434523310783,4.740079668025486,8.574559003381028,-1.4972986713135292,0.6238797284062139,0.2587381746125732,0.013616859965247854,-0.059993897541643,0.007464193411832508
24.37434523310783,4.742100052243607,8.576181090982823,-1.4978986103966012,0.6239555427487997,0.25873988392996483,0.013609667050610947,-0.059993919057619964,0.007698808233320558
24.384345233107833,4.744120368917856,8.577803284021448,-1.4984985496943792,0.6240337072104544,0.25874162706527554,0.013602026147286558,-0.0599939404829415,0.007934221433339751
24.39434523310783,4.746140617117881,8.579425583811371,-1.4990984892059587,0.6241142298865361,0.2587434038342408,0.013593936891569765,-0.059993961817917676,0.008170453847862087
24.404345233107833,4.7481607959005,8.581047991680151,-1.4996984289304376,0.6241971190760708,0.25874521405282447,0.013585398882536466,-0.05999398306285751,0.008407526210395538
24.41434523310783,4.7501809043096985,8.58267050896843,-1.500298368866917,0.6242823832817527,0.2587470575372187,0.013576411682043371,-0.05999400421806898,0.008645459151984046
24.424345233107832,4.752200941376628,8.584293137029942,-1.500898309014501,0.6243700312099436,0.25874893410384414,0.013566974814728005,-0.05999402528385902,0.008884273201207531
24.43434523310783,4.754220906119608,8.585915877231507,-1.501498249372297,0.6244600717706736,0.2587508435693497,0.013557087768008704,-0.05999404626053351,0.00912398878418188
24.444345233107832,4.756240797544124,8.58753873095303,-1.5020981899394157,0.6245525140776407,0.2587527857506126,0.013546749992084627,-0.059994067148397286,0.009364626224558959
24.454345233107833,4.758260614642829,8.589161699587507,-1.50269813071497,0.6246473674482107,0.25875476046473855,0.013535960899935738,-0.05999408794775414,0.009606205743526604
24.46434523310783,4.760280356395502,8.590784784540917,-1.5032980716980768,0.6247446414042969,0.25875676752909693,0.013524719867043919,-0.059994108658906815,0.00984874745324633
24.473496310086592,4.762128570718276,8.59227018521032,-1.5038470824911099,0.6248357869019409,0.2587586324011243,0.013514036528545593,-0.05999412753480873,0.010071559393110134
24.483496310086593,4.764148151801541,8.593893407860916,-1.50444692036935,0.6249377074119101,0.25876047986692674,0.013501669157663427,-0.059993808562254225,0.010312728445716133
24.49349631008659,4.766167668117096,8.595516836143346,-1.5050468585631422,0.6250420224450552,0.25876258958241516,0.013488984934441886,-0.059993830181197014,0.010549494194781846
24.503496310086593,4.7681871061779875,8.597140384921298,-1.5056467969726746,0.6251486814359952,0.25876473482856177,0.013475777411877082,-0.05999385171034327,0.010781524870793572
24.51349631008659,4.770206465529448,8.598764054884072,-1.5062467355970508,0.625257637276538,0.2587669143222801,0.013462056762474693,-0.059993873150000133,0.011008866212490457
24.523496310086593,4.772225745723839,8.600387846701699,-1.5068466744353775,0.625368843298784,0.2587691267969239,0.013447833050304569,-0.05999389450047372,0.011231563489570372
24.53349631008659,4.774244946320648,8.602011761024945,-1.5074466134867641,0.6254822532751256,0.258771371002287,0.01343311623100074,-0.05999391576206908,0.01144966150268991
24.543496310086592,4.776264066886492,8.603635798485309,-1.5080465527503235,0.6255978214182478,0.2587736457046035,0.013417916151761404,-0.059993936935090246,0.011663204583464391
24.553496310086594,4.778283106995114,8.605259959695022,-1.5086464922251717,0.6257155023811278,0.25877594968654766,0.01340224255134894,-0.059993958019840185,0.011872236594467848
24.56349631008659,4.780302066227602,8.606884245247207,-1.509246431910427,0.6258352512507853,0.25877828174783857,0.013386105061953134,-0.05999397901662083,0.012076800903732194
24.573496310086593,4.7823209441722385,8.608508655715186,-1.5098463718052118,0.6259570235851235,0.258780640706674,0.013369513201058869,-0.059993999925733114,0.012276940336987653
24.58349631008659,4.784339740424582,8.610133191653164,-1.5104463119086504,0.6260807753789732,0.2587830253981953,0.013352476378834506,-0.059994020747476874,0.012472697230744862
24.593496310086593,4.78635845458783,8.611757853596933,-1.511046252219871,0.6262064630291527,0.2587854346741441,0.013335003906429862,-0.05999404148215096,0.012664113437522216
24.60349631008659,4.7883770862728205,8.613382642063877,-1.5116461927380043,0.6263340433344445,0.25878786740286275,0.013317104995982045,-0.059994062130053205,0.01285123032583197
24.613496310086592,4.790395635098031,8.615007557552966,-1.512246133462184,0.6264634734955946,0.2587903224692941,0.013298788760615462,-0.059994082691480426,0.013034088780180232
24.623496310086594,4.792414100689581,8.616632600544765,-1.5128460743915468,0.6265947111153133,0.2587927987749818,0.013280064214441811,-0.059994103166728416,0.013212729201066963
24.633496310086592,4.794432482681228,8.618257771501426,-1.5134460155252323,0.6267277141982746,0.25879529523806993,0.01326094027256008,-0.059994123556091954,0.01338719150498598
24.643496310086594,4.796450780714602,8.61988307086689,-1.5140459568623832,0.6268624411407234,0.258797810793473,0.013241425753720427,-0.059994143859864825,0.013557515109586398
24.65349631008659,4.798468994439063,8.621508499066248,-1.5146458984021451,0.6269988507669698,0.25880034439426625,0.013221529372283325,-0.05999416407833981,0.013723738885686471
24.663496310086593,4.80048712351172,8.623134056506226,-1.5152458401436666,0.6271369023040544,0.2588028950105153,0.013201259743685854,-0.05999418421180864,0.01388590120116653
24.67349631008659,4.802505167597844,8.624759743575943,-1.5158457820860989,0.6272765553410038,0.25880546162848256,0.013180625393928091,-0.059994204260562095,0.014044039936408662
24.683496310086593,4.804523126370867,8.62638556064692,-1.5164457242285965,0.6274177698287592,0.25880804325062634,0.013159634759590198,-0.059994224224889946,0.014198192484292663
24.693496310086594,4.806540999512385,8.628011508073063,-1.5170456665703165,0.627560506080176,0.25881063889560085,0.013138296187832417,-0.05999424410508098,0.014348395750196035
24.703496310086592,4.808558786712155,8.629637586190684,-1.5176456091104187,0.6277047247700238,0.2588132475982563,0.013116617936395084,-0.059994263901423005,0.014494686151993983
24.713496310086594,4.810576487668095,8.631263795318485,-1.5182455518480664,0.6278503869349868,0.2588158684096386,0.013094608173598615,-0.05999428361420283,0.014637099620059418
24.723496310086592,4.812594102086416,8.632890135757673,-1.5188454947824253,0.6279974539666029,0.25881850039690396,0.013072274980038113,-0.05999430324370629,0.014775671594178271
24.733496310086593,4.814611629681782,8.634516607791761,-1.5194454379126638,0.6281458876230096,0.2588211426441542,0.013049626346321343,-0.05999432279021826,0.01491043697980028
24.74349631008659,4.8166290701769405,8.636143211686306,-1.520045381237954,0.6282956500476944,0.25882379425258334,0.013026670168523134,-0.059994342254022594,0.015041430162078099
24.753496310086593,4.818646423303295,8.63776994768994,-1.5206453247574696,0.6284467037082795,0.2588264543388325,0.013003414262165043,-0.059994361635402185,0.015168685042866054
24.763496310086595,4.820663688800942,8.639396816034424,-1.521245268470388,0.6285990113930854,0.25882912203491315,0.012979866363012913,-0.05999438093463898,0.015292235041644432
24.773496310086593,4.822680866418679,8.641023816934647,-1.5218452123758894,0.6287525362111304,0.25883179648820764,0.012956034127076865,-0.059994400152013946,0.015412113095519485
24.783496310086594,4.824697955913999,8.642650950588626,-1.5224451564731565,0.6289072415921313,0.25883447686146893,0.012931925130611307,-0.05999441928780712,0.01552835165922343
24.793496310086592,4.826714957053093,8.644278217177508,-1.5230451007613748,0.629063091286503,0.25883716233282056,0.012907546870114923,-0.05999443834229756,0.01564098270511445
24.803496310086594,4.828731869610852,8.645905616865566,-1.5236450452397323,0.6292200493651477,0.2588398520957513,0.012882906762379012,-0.05999445731576338,0.015750037723219593
24.81349631008659,4.830748693371233,8.647533149800408,-1.5242449899074209,0.6293780802026404,0.2588425453587879,0.012858012148481156,-0.059994476208481744,0.015855547710501926
24.823496310086593,4.83276542812687,8.649160816112294,-1.5248449347636337,0.6295371485250771,0.25884524134702996,0.012832870283094775,-0.059994495020728844,0.01595754312920514
24.833496310086595,4.834782073679296,8.650788615914818,-1.525444879807568,0.6296972193682522,0.25884793930071076,0.012807488343763126,-0.05999451375277991,0.01605605395468757
24.843496310086593,4.836798629839287,8.652416549305336,-1.5260448250384229,0.6298582580469366,0.2588506384742996,0.01278187343787049,-0.05999453240490927,0.0161511096916711
24.853496310086594,4.838815096426868,8.654044616364972,-1.5266447704554007,0.6300202301548782,0.2588533381365019,0.012756032602642174,-0.059994550977390294,0.016242739374241172
24.863496310086592,4.8408314732713045,8.65567281715861,-1.527244716057706,0.6301831015648015,0.258856037570259,0.012729972805144497,-0.05999456947049544,0.0163309715658468
24.873496310086594,4.842847760211108,8.6573011517349,-1.527844661844547,0.630346838428408,0.25885873607274834,0.012703700942284806,-0.05999458788449623,0.01641583435930055
24.883496310086592,4.844863957094035,8.658929620126258,-1.5284446078151335,0.6305114071763758,0.25886143295538333,0.012677223840811463,-0.059994606219663245,0.016497355376778544
24.893496310086594,4.846880063777114,8.66055822234888,-1.5290445539686783,0.6306767745166386,0.2588641275437588,0.012650548257702496,-0.05999462447626615,0.01657556177024056
24.903496310086595,4.848896080127078,8.662186958402847,-1.5296445003043977,0.6308429074175459,0.25886681917716203,0.012623680884077521,-0.059994642654573695,0.016650480208583323
24.91349631008659,4.8509120060197555,8.663815828271566,-1.5302444468215095,0.6310097731612893,0.25886950721031576,0.012596628333290743,-0.05999466075485368,0.016722136843427198
24.92349631008659,4.852927841340547,8.665444831922512,-1.5308443935192353,0.6311773392866639,0.2588721910114605,0.012569397153630256,-0.05999467877737299,0.016790557361398235
24.93349631008659,4.854943585984657,8.667073969307436,-1.5314443403967986,0.6313455735697351,0.2588748699617263,0.012541993832646642,-0.0599946967223976,0.016855766994800483
24.94349631008659,4.8569592398571,8.66870324036237,-1.5320442874534257,0.6315144440238387,0.25887754345513303,0.01251442479715294,-0.05999471459019261,0.016917790521616086
24.95349631008659,4.8589748028726945,8.670332645007633,-1.532644234688346,0.6316839188995812,0.25888021089859004,0.012486696413224654,-0.05999473238102218,0.016976652265505245
24.96349631008659,4.860990274956066,8.671962183147816,-1.5332441821007907,0.6318539666848392,0.25888287171189617,0.012458814986199747,-0.059994750095149596,0.017032376095806247
24.973496310086592,4.86300565604165,8.673591854671793,-1.5338441296899943,0.6320245561047599,0.25888552532774,0.012430786760678648,-0.05999476773283723,0.01708498542753543
24.98349631008659,4.865020946073689,8.675221659452722,-1.5344440774551935,0.6321956561217728,0.2588881711916987,0.01240261792052255,-0.05999478529434657,0.017134503220953157
24.99349631008659,4.867036145006513,8.67685159734784,-1.5350440253956281,0.632367235938679,0.2588908087622578,0.01237431458823674,-0.059994802779938176,0.01718095195355965
25.00349631008659,4.869051252804476,8.678481668198701,-1.53564397351054,0.632539264990507,0.2588934375105706,0.012345882826792946,-0.05999482018987173,0.01722435363652561
25.01349631008659,4.871066269442079,8.68011187183146,-1.5362439217991741,0.632711712920941,0.2588960569196794,0.012317328644785215,-0.059994837524406014,0.01726472984448008
25.02349631008659,4.873081194904097,8.681742208056837,-1.5368438702607778,0.6328845495794627,0.2588986664843889,0.01228865799706864,-0.05999485478379896,0.01730210170994547
25.03349631008659,4.875096029185581,8.683372676670105,-1.5374438188946007,0.6330577450213519,0.2589012657112661,0.012259876784759349,-0.05999487196830758,0.017336489923337577
25.04264738706535,4.876939739652557,8.684864846868937,-1.5379928366580151,0.6332165265672475,0.2589036348147702,0.012233446971779952,-0.05999488762858333,0.017365361621342078
25.05264738706535,4.878954390126844,8.686495473397846,-1.5385926821197178,0.6333899732505,0.258905983468127,0.012204294763890358,-0.05999456515427768,0.017393760404167385
25.06264738706535,4.8809689586107705,8.688126322916107,-1.5391926278619696,0.6335640518684466,0.2589085506781099,0.012175159749740287,-0.05999458328305974,0.017421724385675047
25.072647387065352,4.882983436492697,8.689757303203484,-1.5397925737851186,0.6337384027083818,0.2589111056182218,0.01214588889721521,-0.05999460133379862,0.01744820656810921
25.08264738706535,4.884997824051756,8.691388413655812,-1.540392519888386,0.6339130110446046,0.2589136480755696,0.012116485302881964,-0.05999461930676126,0.017473222402815184
25.09264738706535,4.887012121571572,8.693019653663445,-1.5409924661709955,0.6340878622947446,0.2589161778433324,0.012086952028752389,-0.0599946372022137,0.01749678709289419
25.10264738706535,4.889026329340257,8.694651022611254,-1.541592412632173,0.6342629420197611,0.25891869472076084,0.012057292102283334,-0.05999465502042106,0.01751891559320334
25.11264738706535,4.891040447650418,8.696282519878624,-1.5421923592711475,0.6344382359239445,0.25892119851317763,0.012027508516376649,-0.0599946727616476,0.017539622610355656
25.12264738706535,4.893054476799151,8.697914144839453,-1.5427923060871505,0.6346137298549153,0.25892368903197716,0.0119976042293792,-0.05999469042615663,0.017558922602720056
25.13264738706535,4.89506841708804,8.699545896862164,-1.543392253079416,0.6347894098036244,0.25892616609462565,0.01196758216508285,-0.059994708014210585,0.017576829780421358
25.142647387065352,4.897082268823164,8.701177775309684,-1.5439922002471809,0.6349652619043531,0.25892862952466117,0.011937445212724471,-0.05999472552607101,0.017593358105340275
25.15264738706535,4.8990960323151125,8.702809779539503,-1.5445921475896842,0.6351412724315764,0.2589310791515635,0.011907196227685244,-0.059994742961998526,0.017608521293973715
25.162647387065352,4.901109707879153,8.704441908903718,-1.5451920951061684,0.6353174277895891,0.2589335148101932,0.011876838033812502,-0.059994760322252885,0.01762233282140296
25.17264738706535,4.903123295835011,8.706074162748608,-1.5457920427958778,0.6354937145511597,0.25893593634231205,0.011846373414817646,-0.05999477760709291,0.0176348058831165
25.18264738706535,4.905136796506986,8.707706540415222,-1.5463919906580594,0.6356701194156247,0.25893834359508155,0.011815805123611614,-0.059994794816776546,0.017645953443642035
25.19264738706535,4.907150210223994,8.70933904123947,-1.5469919386919635,0.6358466292007939,0.25894073642075005,0.01178513588410868,-0.05999481195156085,0.017655788244915413
25.20264738706535,4.909163537319567,8.710971664552144,-1.547591886896842,0.6360232308429498,0.2589431146766527,0.011754368391226457,-0.05999482901170204,0.017664322806280636
25.212647387065353,4.911176778131848,8.712604409678896,-1.5481918352719497,0.6361999113968475,0.2589454782252114,0.011723505310885889,-0.059994845997455436,0.017671569424489865
25.22264738706535,4.913189933003598,8.71423727594025,-1.5487917838165441,0.6363766580357153,0.2589478269339348,0.011692549280011257,-0.059994862909075505,0.017677540173703415
25.232647387065352,4.915203002282191,8.71587026265161,-1.5493917325298852,0.636553458051254,0.25895016067541843,0.011661502906530178,-0.05999487974681584,0.017682246905489755
25.24264738706535,4.9172159863196185,8.717503369123234,-1.5499916814112351,0.6367302988536373,0.2589524793273445,0.011630368769373605,-0.059994896510929166,0.017685701248825503
25.252647387065352,4.919228885472484,8.71913659466026,-1.5505916304598593,0.636907167971512,0.25895478277248213,0.011599149418475825,-0.059994913201667326,0.017687914610095445
25.26264738706535,4.921241700102103,8.720769938562789,-1.5511915796750249,0.6370840530400521,0.25895707089818815,0.011567847377403628,-0.05999492981928133,0.017688898183894856
25.27264738706535,4.923254430574525,8.72240340012566,-1.5517915290560018,0.6372609418162606,0.25895934359681433,0.011536465139967537,-0.05999494636402132,0.017688662931510182
25.282647387065353,4.925267077260373,8.724036978638457,-1.5523914786020627,0.6374378221902829,0.25896160076627395,0.011505005167755808,-0.059994962836136534,0.017687219574538282
25.29264738706535,4.927279640535007,8.725670673385883,-1.552991428312483,0.637614682148411,0.2589638423086868,0.011473469898301577,-0.059994979235875365,0.017684578635025042
25.302647387065353,4.929292120778529,8.727304483647762,-1.5535913781865398,0.6377915097725524,0.2589660681303593,0.011441861745200036,-0.059994995563485386,0.01768075043600554
25.31264738706535,4.9313045183757795,8.728938408699047,-1.5541913282235131,0.6379682932402296,0.25896827814178386,0.01141018309810843,-0.05999501181921332,0.017675745101504034
25.322647387065352,4.9333168337163436,8.730572447809813,-1.5547912784226854,0.6381450208245809,0.2589704722576394,0.011378436322746056,-0.05999502800330507,0.017669572556533994
25.33264738706535,4.935329067194544,8.732206600245261,-1.5553912287833416,0.6383216808943596,0.2589726503967912,0.011346623760894268,-0.05999504411600567,0.017662242527098065
25.34264738706535,4.937341219209447,8.733840865265716,-1.5559911793047687,0.6384982619139344,0.2589748124822907,0.011314747730396469,-0.05999506015755933,0.017653764540188088
25.352647387065353,4.939353290164859,8.73547524212663,-1.5565911299862565,0.6386747524432894,0.2589769584413757,0.01128281052515812,-0.059995076128209444,0.0176441479237851
25.36264738706535,4.941365280469326,8.73710973007858,-1.5571910808270975,0.6388511411380241,0.2589790882054704,0.01125081441514673,-0.05999509202819854,0.017633401806859322
25.372647387065353,4.943377190536251,8.738744328367297,-1.5577910318265857,0.639027416737276,0.2589812017096886,0.011218761649008023,-0.059995107857768334,0.01762153512984119
25.38264738706535,4.945389020783899,8.740379036233504,-1.5583909829840186,0.6392035680788251,0.25898329889321425,0.011186654450735604,-0.05999512361715971,0.017608556624311603
25.392647387065352,4.94740077163521,8.74201385291298,-1.5589909342986954,0.6393795841106681,0.2589853796998771,0.011154495017208324,-0.059995139306612696,0.017594474806808674
25.40264738706535,4.949412443517999,8.743648777636777,-1.5595908857699183,0.6395554538557428,0.25898744407689606,0.01112228552588877,-0.0599951549263665,0.017579298015627076
25.412647387065352,4.951424036864957,8.745283809631227,-1.5601908373969913,0.6397311664114641,0.25898949197486154,0.011090028134924027,-0.05999517047665953,0.017563034411269524
25.42264738706535,4.953435552113653,8.746918948117944,-1.5607907891792208,0.6399067109497244,0.2589915233477356,0.011057724983145696,-0.059995185957729395,0.017545691976446797
25.43264738706535,4.955446989706535,8.748554192313822,-1.561390741115916,0.6400820767168935,0.2589935381528521,0.011025378190069879,-0.05999520136981289,0.017527278516077712
25.442647387065353,4.957458350090924,8.75018954143103,-1.561990693206388,0.6402572530338188,0.25899553635091627,0.01099298985589718,-0.05999521671314599,0.01750780165728915
25.45264738706535,4.959469633719024,8.751824994677024,-1.5625906454499507,0.6404322292958247,0.2589975179060052,0.010960562061512712,-0.05999523198796389,0.017487268849416027
25.462647387065353,4.961480841047914,8.753460551254532,-1.56319059784592,0.6406069949727131,0.25899948278556745,0.010928096868486094,-0.05999524719450095,0.017465687364001326
25.47264738706535,4.963491972539547,8.755096210361568,-1.563790550393614,0.6407815396087637,0.25900143096042333,0.01089559631907145,-0.059995262332990754,0.017443064294796067
25.482647387065352,4.965503028660804,8.756731971191414,-1.5643905030923537,0.6409558528182838,0.25900336240459615,0.010863062437156568,-0.05999527740366605,0.01741940656153591
25.49264738706535,4.967514009883687,8.758367832932507,-1.5649904559414618,0.6411299242754427,0.2590052770947863,0.010830497230373284,-0.059995292406758854,0.017394720914259164
25.50264738706535,4.969524916684935,8.760003794768501,-1.565590408940264,0.6413037437546892,0.25900717501183146,0.01079790268146442,-0.059995307342500304,0.017369013897523745
25.51264738706535,4.971535749546272,8.761639855878375,-1.5661903620880877,0.6414773010914743,0.25900905613943104,0.010765280756768148,-0.05999532221112075,0.017342291890937916
25.522647387065348,4.9735465089544535,8.763276015436439,-1.566790315384263,0.6416505861761688,0.2590109204639327,0.010732633407523198,-0.05999533701284978,0.017314561114861033
25.53264738706535,4.9755571954012625,8.764912272612339,-1.5673902688281223,0.6418235889540637,0.25901276797433187,0.010699962569868798,-0.05999535174791621,0.017285827630403507
25.542647387065347,4.977567809383516,8.76654862657105,-1.567990222419,0.6419962994253696,0.2590145986622723,0.010667270164844695,-0.05999536641654806,0.01725609733942682
25.55264738706535,4.979578351403061,8.768185076472877,-1.5685901761562329,0.6421687076452177,0.25901641252204544,0.010634558098391152,-0.059995381018972595,0.017225375984543528
25.56264738706535,4.981588821966776,8.769821621473458,-1.5691901300391597,0.6423408037236588,0.259018209550591,0.010601828261348947,-0.0599953955554163,0.01719366914911724
25.57264738706535,4.9835992215865685,8.771458260723765,-1.5697900840671222,0.6425125778256635,0.2590199897474968,0.010569082529459376,-0.05999541002610489,0.017160982257262647
25.58264738706535,4.98560955077938,8.773094993370101,-1.5703900382394638,0.6426840201711229,0.25902175311499837,0.01053632276336425,-0.05999542443126329,0.017127320573845493
25.592647387065348,4.987619810067181,8.7747318185541,-1.57098999255553,0.6428551210348477,0.2590234996579795,0.010503550808605893,-0.059995438771115656,0.0170926892044826
25.60264738706535,4.989629999977029,8.776368735412635,-1.5715899470146693,0.6430258707486322,0.2590252293839531,0.01047076849512576,-0.059995453045885376,0.01705709309037857
25.611798464044107,4.991469479897396,8.777866770222834,-1.5721389700834187,0.6431818092379361,0.25902679754170294,0.010440761616445388,-0.05999546605199696,0.017023677509005065
25.621798464044105,4.993479530052168,8.779503765245567,-1.5727388213149247,0.6433515100065045,0.25902826602694884,0.01040781709781773,-0.05999514068627209,0.01698628191856033
25.631798464044106,4.995489520335383,8.781140941201302,-1.5733387727980745,0.6435211961477336,0.2590299468038336,0.010375034611967014,-0.059995155932145494,0.01695113472199843
25.641798464044104,4.997499443155226,8.782778205660925,-1.5739387244333358,0.6436905367562944,0.2590316102422407,0.010342255401828267,-0.05999517110861351,0.016917174418370325
25.651798464044106,4.999509298945428,8.78441555788027,-1.574538676220016,0.643859543658991,0.25903325666352245,0.010309477225866885,-0.05999518621591351,0.016884395648269317
25.661798464044107,5.001519088136322,8.78605299712291,-1.5751386281574242,0.6440282286381299,0.2590348863842179,0.010276697856299543,-0.05999520125428209,0.01685279322579189
25.671798464044105,5.003528811154836,8.787690522660158,-1.5757385802448725,0.6441966034315204,0.25903649971605275,0.0102439150790942,-0.05999521622395504,0.0168223621385377
25.681798464044107,5.005538468424495,8.789328133771063,-1.5763385324816752,0.6443646797324737,0.25903809696593944,0.010211126693970096,-0.05999523112516735,0.016793097547609583
25.691798464044105,5.007548060365424,8.790965829742412,-1.5769384848671488,0.6445324691898036,0.2590396784359769,0.010178330514397756,-0.059995245958153205,0.016764994787613546
25.701798464044106,5.009557587394343,8.79260360986873,-1.577538437400612,0.6446999834078264,0.25904124442345083,0.010145524367598982,-0.059995260723146,0.01673804936665878
25.711798464044104,5.011567049924572,8.794241473452278,-1.5781383900813861,0.6448672339463608,0.25904279522083357,0.010112706094546864,-0.05999527542037834,0.016712256966357645
25.721798464044106,5.013576448366029,8.795879419803057,-1.5787383429087947,0.6450342323207278,0.25904433111578395,0.010079873549965769,-0.059995290050081994,0.016687613441825677
25.731798464044108,5.015585783125229,8.797517448238807,-1.5793382958821636,0.6452009900017506,0.2590458523911477,0.010047024602331346,-0.05999530461248797,0.0166641148216816
25.741798464044106,5.017595054604817,8.79915555808515,-1.579938249000821,0.6453675184291499,0.25904735932551787,0.010014157131162516,-0.059995319107826475,0.016641757292934593
25.751798464044107,5.019604263203792,8.800793748675645,-1.580538202264097,0.6455338289966912,0.25904885219286145,0.009981269030198995,-0.05999533353632694,0.01662053721714181
25.761798464044105,5.021613409318167,8.802432019351455,-1.5811381556713249,0.64569993303888,0.2590503312618557,0.009948358209961504,-0.059995347898217956,0.016600451144740812
25.771798464044107,5.0236224933400395,8.804070369461533,-1.5817381092218397,0.6458658418649366,0.2590517967971213,0.009915422590723911,-0.05999536219372735,0.01658149577675161
25.781798464044105,5.025631515657585,8.80570879836262,-1.5823380629149788,0.6460315667591636,0.25905324905923593,0.009882460102437932,-0.05999537642308217,0.016563667964363087
25.791798464044106,5.027640476655054,8.807347305419245,-1.5829380167500817,0.6461971189809467,0.25905468830473455,0.00984946868473313,-0.05999539058650871,0.016546964708933003
25.801798464044108,5.029649376712773,8.808985890003731,-1.58353797072649,0.6463625097647534,0.25905611478610946,0.00981644628691692,-0.059995404684232506,0.016531383161987986
25.811798464044106,5.031658216207147,8.810624551496185,-1.5841379248435483,0.6465277503201341,0.25905752875181,0.00978339086797456,-0.0599954187164783,0.01651692062522354
25.821798464044107,5.033666995510653,8.812263289284505,-1.5847378791006024,0.6466928518317219,0.25905893044624284,0.00975030039656916,-0.05999543268347009,0.01650357455050404
25.831798464044105,5.035675714991846,8.813902102764384,-1.5853378334970012,0.6468578254592319,0.2590603201097719,0.009717172851041674,-0.059995446585431086,0.01649134253986274
25.841798464044107,5.037684375015358,8.815540991339299,-1.5859377880320953,0.6470226823374621,0.25906169797871836,0.00968400621941091,-0.05999546042258376,0.01648022234550176
25.851798464044105,5.039692975941896,8.817179954420514,-1.5865377427052376,0.6471874335762928,0.2590630642853605,0.009650798499373517,-0.05999547419514979,0.016470211869792088
25.861798464044107,5.041701518127846,8.81881899142727,-1.5871376975157836,0.6473520902711822,0.2590644192582814,0.009617547696204041,-0.05999548790335012,0.016461309154617375
25.871798464044108,5.04371000192518,8.820458101786892,-1.5877376524630906,0.647516663499052,0.25906576312236074,0.009584251823715346,-0.05999550154740495,0.01645351238558677
25.881798464044106,5.045718427682645,8.822097284934209,-1.5883376075465183,0.647681164288723,0.25906709609779377,0.00955090891011987,-0.05999551512753364,0.0164468199212534
25.891798464044108,5.047726795744557,8.82373654031199,-1.5889375627654285,0.647845603660076,0.2590684184012693,0.009517516990037181,-0.05999552864395486,0.016441230252848483
25.901798464044106,5.049735106450754,8.825375867370976,-1.5895375181191853,0.6480099926256292,0.25906973024601954,0.009484074104174964,-0.0599955420968865,0.01643674200267207
25.911798464044107,5.051743360136586,8.827015265569871,-1.5901374736071552,0.6481743421905374,0.2590710318418196,0.009450578299329016,-0.059995555486545726,0.01643335392409306
25.921798464044105,5.053751557132927,8.828654734375352,-1.5907374292287062,0.6483386633525933,0.25907232339498804,0.009417027628383253,-0.05999556881314899,0.016431064901549178
25.931798464044107,5.055759697766163,8.830294273262059,-1.5913373849832089,0.6485029671022262,0.25907360510838623,0.009383420150309704,-0.05999558207691199,0.016429873950546993
25.94179846404411,5.0577677823582015,8.831933881712597,-1.5919373408700361,0.6486672644225031,0.259074877181419,0.009349753930168516,-0.05999559527804969,0.01642978021766191
25.951798464044106,5.059775811226466,8.833573559217546,-1.5925372968885623,0.6488315662891277,0.25907613981003424,0.009316027039107944,-0.05999560841677633,0.016430782980538173
25.961798464044108,5.061783784683898,8.835213305275447,-1.5931372530381644,0.6489958836704413,0.259077393186723,0.009282237554364366,-0.0599956214933054,0.016432881647888854
25.971798464044106,5.063791703038956,8.836853119392808,-1.593737209318222,0.6491602275274222,0.2590786375005195,0.00924838355926227,-0.05999563450784967,0.01643607575949587
25.981798464044108,5.065799566595616,8.83849300108411,-1.5943371657281156,0.6493246088137289,0.2590798729370022,0.009214463143205773,-0.059995647460621165,0.016440364986170967
25.991798464044106,5.067807375652449,8.840132949872368,-1.594937122267229,0.6494890384951357,0.259081099678792,0.009180474397906719,-0.05999566035183123,0.016445749112404245
26.001798464044107,5.069815130503819,8.841772965288476,-1.5955370789349475,0.6496535275156026,0.25908231790477426,0.009146415424176551,-0.059995673181690426,0.016452228067145438
26.01179846404411,5.071822831439963,8.84341304687105,-1.5961370357306583,0.6498180868026661,0.2590835277901975,0.00911228433068918,-0.05999568595040858,0.01645980191755197
26.021798464044107,5.073830478746023,8.845053194166978,-1.596736992653752,0.6499827272925657,0.259084729507281,0.009078079228991088,-0.059995698658194804,0.016468470845994062
26.03179846404411,5.07583807270204,8.846693406731431,-1.5973369497036196,0.6501474599302443,0.25908592322521484,0.009043798233501335,-0.05999571130525752,0.016478235150054706
26.041798464044106,5.077845613582953,8.848333684127855,-1.5979369068796554,0.6503122956693473,0.25908710911015964,0.009009439461511557,-0.059995723891804444,0.0164890952425297
26.051798464044108,5.079853101658606,8.849974025927972,-1.5985368641812547,0.6504772454722234,0.2590882873252468,0.008975001033185966,-0.05999573641804257,0.01650105165142763
26.061798464044106,5.08186053719374,8.851614431711779,-1.5991368216078161,0.6506423203099241,0.2590894580305784,0.008940481071561352,-0.05999574888417821,0.01651410501996987
26.071798464044104,5.083867920447996,8.853254901067551,-1.599736779158739,0.650807531162204,0.2590906213832273,0.00890587770254709,-0.059995761290416984,0.01652825610659058
26.081798464044105,5.085875251675918,8.854895433591842,-1.6003367368334256,0.6509728890175207,0.2590917775372369,0.008871189054925097,-0.05999577363696377,0.016543505784936723
26.091798464044103,5.08788253112695,8.856536028889478,-1.6009366946312802,0.6511384048730349,0.2590929266436214,0.008836413260349904,-0.059995785924022785,0.01655985504386804
26.101798464044105,5.089889759045435,8.858176686573564,-1.6015366525517087,0.6513040897346098,0.25909406885036573,0.008801548453348603,-0.05999579815179751,0.01657730498745707
26.111798464044103,5.091896935670618,8.859817406265485,-1.6021366105941195,0.6514699546168123,0.25909520430242555,0.008766592771320861,-0.05999581032049075,0.01659585683498913
26.121798464044105,5.093904061236447,8.861458187595089,-1.6027365687579225,0.6516360105417607,0.25909633314167757,0.008731544354886168,-0.059995822430304595,0.016615511922683308
26.131798464044106,5.095911135971267,8.863099030200928,-1.60333652704253,0.651802268541358,0.2590974555069604,0.008696401347537495,-0.059995834481440434,0.01663627170151461
26.141798464044104,5.097918160098154,8.86473993372982,-1.6039364854473563,0.651968739667051,0.2590985715343497,0.008661161893343513,-0.059995846474098995,0.016658137726331134
26.151798464044106,5.09992513383462,8.86638089783716,-1.6045364439718177,0.6521354349890136,0.2590996813570899,0.008625824137289531,-0.05999585840848029,0.016681111658165073
26.161798464044104,5.101932057392592,8.868021922186932,-1.6051364026153323,0.6523023655960718,0.25910078510559054,0.008590386225299495,-0.05999587028478368,0.016705195264350242
26.171798464044105,5.10393893097842,8.869663006451702,-1.6057363613773203,0.6524695425957046,0.2591018829074263,0.00855484630423598,-0.05999588210320783,0.016730390418522086
26.180949541022866,5.105775392827689,8.87116482752503,-1.606285388362146,0.6526227529333575,0.2591028824097467,0.008522232484811916,-0.05999589286778979,0.01675442239247118
26.190949541022864,5.107782163769339,8.87280593056047,-1.6068852438496153,0.6527900762644786,0.2591037407978523,0.00848633998769334,-0.05999556505929659,0.016779685149854562
26.200949541022865,5.109788892490838,8.874447184392006,-1.6074851995643085,0.6529580008315078,0.25910482052414385,0.008450503289650137,-0.05999557786887639,0.016805083480569326
26.210949541022863,5.111795571963183,8.87608849694578,-1.6080851554067832,0.6531261748097844,0.25910589257479005,0.008414567814622723,-0.05999559061562056,0.01682956901124914
26.220949541022865,5.113802202354523,8.877729867919031,-1.608685111376412,0.6532945891364057,0.2591069568523186,0.00837853549012124,-0.05999560329974402,0.01685315217067226
26.230949541022863,5.115808783835735,8.879371297005921,-1.6092850674725698,0.6534632348447075,0.25910801326260013,0.008342408220894132,-0.05999561592146098,0.016875843231185055
26.240949541022864,5.117815316580437,8.881012783897525,-1.6098850236946338,0.6536321030642642,0.259109061714848,0.008306187888928146,-0.0599956284809849,0.016897652308702
26.250949541022866,5.119821800764976,8.88265432828184,-1.6104849800419831,0.6538011850208892,0.25911010212161845,0.008269876353448337,-0.05999564097852854,0.01691858936270568
26.260949541022864,5.121828236568439,8.884295929843782,-1.6110849365139988,0.6539704720366344,0.25911113439881045,0.008233475450918064,-0.059995653414303914,0.01693866419624679
26.270949541022866,5.123834624172645,8.88593758826519,-1.6116848931100642,0.6541399555297902,0.2591121584656658,0.008196986995038989,-0.05999566578852233,0.016957886455944135
26.280949541022864,5.125840963762147,8.887579303224816,-1.612284849829565,0.6543096270148859,0.2591131742447692,0.008160412776751077,-0.059995678101394355,0.01697626563198464
26.290949541022865,5.127847255524236,8.889221074398336,-1.6128848066718884,0.6544794781026897,0.259114181662048,0.008123754564232607,-0.05999569035312984,0.016993811058123327
26.300949541022863,5.129853499648942,8.890862901458398,-1.6134847636364245,0.6546495004961117,0.25911518064660194,0.008087014103825192,-0.05999570254393792,0.01701053191612476
26.310949541022865,5.131859696329135,8.892504784074642,-1.6140847207225648,0.6548196859874996,0.2591161711303671,0.008050193120678463,-0.05999571467402702,0.017026437235415418
26.320949541022866,5.133865845760472,8.894146721913343,-1.614684677929703,0.6549900264848592,0.2591171530491687,0.00801329331283963,-0.05999572674360482,0.01704153586428587
26.330949541022864,5.135871948141341,8.895788714637913,-1.6152846352572356,0.6551605139791286,0.2591181263416852,0.007976316358598804,-0.05999573875287829,0.01705583651035487
26.340949541022866,5.1378780036728715,8.897430761908959,-1.6158845927045602,0.6553311405407537,0.2591190909493246,0.00793926391725999,-0.05999575070205369,0.017069347744568253
26.350949541022864,5.139884012558922,8.899072863384275,-1.616484550271077,0.6555018983196871,0.2591200468162245,0.007902137629141093,-0.059995762591336606,0.017082078001198892
26.360949541022865,5.141889975006089,8.900715018718842,-1.617084507956188,0.6556727795453886,0.2591209938892521,0.007864939115573908,-0.05999577442093191,0.017094035577846743
26.370949541022863,5.143895891223703,8.902357227564833,-1.6176844657592975,0.6558437765268252,0.25912193211800394,0.007827669978904122,-0.05999578619104378,0.017105228635438813
26.380949541022865,5.145901761423827,8.903999489571609,-1.6182844236798115,0.656014881652471,0.25912286145480634,0.007790331802491322,-0.05999579790187571,0.01711566519822917
26.390949541022866,5.147907585821263,8.905641804385724,-1.6188843817171383,0.656186087390307,0.25912378185471496,0.007752926150708986,-0.05999580955363047,0.01712535315379896
26.400949541022865,5.149913364633543,8.907284171650915,-1.619484339870688,0.6563573862878214,0.2591246932755152,0.007715454568944488,-0.05999582114651017,0.017134300253056366
26.410949541022866,5.151919098080937,8.908926591008113,-1.620084298139873,0.6565287709717695,0.2591255956777132,0.007677918583652707,-0.05999583268071619,0.01714251411051265
26.420949541022864,5.1539247863864945,8.910569062095592,-1.6206842565241075,0.6567002341344201,0.2591264890239524,0.007640319705433125,-0.05999584415644927,0.01715000221890399
26.430949541022866,5.1559304297760935,8.912211584548572,-1.6212842150228075,0.6568717685642799,0.25912737327992724,0.007602659422186027,-0.0599958555739094,0.017156771911497382
26.440949541022864,5.157936028478359,8.913854157999472,-1.6218841736353917,0.6570433671303305,0.25912824841404575,0.007564939202622189,-0.059995866933295894,0.017162830383477375
26.450949541022865,5.159941582724652,8.915496782078106,-1.6224841323612804,0.6572150227660397,0.25912911439690944,0.007527160499830082,-0.059995878234807384,0.01716818471107791
26.460949541022867,5.1619470927490765,8.917139456411679,-1.6230840911998956,0.6573867284693604,0.25912997120131326,0.007489324751275875,-0.05999588947864183,0.01717284185158231
26.470949541022865,5.163952558788472,8.91878218062479,-1.6236840501506615,0.6575584773027316,0.25913081880224564,0.007451433378803431,-0.05999590066499655,0.017176808643323282
26.480949541022866,5.165957981082417,8.920424954339438,-1.6242840092130046,0.6577302623930781,0.25913165717688863,0.007413487788634308,-0.059995911794068144,0.01718009180568291
26.490949541022864,5.167963359873229,8.92206777717501,-1.624883968386353,0.65790207693181,0.2591324863046176,0.007375489371367762,-0.059995922866052584,0.017182697939092675
26.500949541022866,5.1699686954059665,8.923710648748292,-1.6254839276701363,0.6580739141748236,0.25913330616700164,0.007337439501980742,-0.05999593388114516,0.017184633525033438
26.510949541022864,5.171973987928423,8.92535356867346,-1.626083887063787,0.6582457674425006,0.25913411674780307,0.007299339539827894,-0.05999594483954049,0.01718590492603543
26.520949541022866,5.173979237691133,8.926996536562086,-1.626683846566739,0.6584176301197087,0.25913491803297795,0.0072611908286415614,-0.05999595574143251,0.01718651838567829
26.530949541022867,5.175984444947369,8.928639552023144,-1.627283806178428,0.658589495655171,0.25913571001065355,0.007222994696670969,-0.05999596658701451,0.01718648002929149
26.540949541022865,5.177989609953218,8.930282614663078,-1.627883765898292,0.6587613575483274,0.2591364926705646,0.007184752459583623,-0.05999597737647914,0.017185795877237
26.550949541022867,5.17999473296757,8.931925724085527,-1.628483725725771,0.6589332093814239,0.2591372660050136,0.007146465413377915,-0.059995988110018335,0.01718447180725206
26.560949541022865,5.181999814252064,8.933568879891563,-1.6290836856603064,0.6591050447997343,0.25913803000841196,0.007108134838763804,-0.05999599878782337,0.017182513579774513
26.570949541022866,5.184004854071089,8.935212081679785,-1.629683645701342,0.6592768574994826,0.25913878467690044,0.007069762003832941,-0.059996009410084886,0.017179926851977927
26.580949541022864,5.186009852691787,8.936855329046333,-1.6302836058483234,0.6594486412278421,0.2591395300083488,0.0070313481640586605,-0.05999601997699286,0.0171767171777716
26.590949541022866,5.188014810384047,8.938498621584886,-1.630883566100698,0.6596203897829359,0.25914026600235596,0.006992894562295988,-0.05999603048873665,0.017172890007800545
26.600949541022867,5.1900197274205135,8.940141958886656,-1.631483526457915,0.6597920970138371,0.25914099266025026,0.006954402428781637,-0.05999604094550496,0.01716845068944551
26.610949541022865,5.192024604076582,8.941785340540392,-1.6320834869194256,0.6599637568205682,0.2591417099850889,0.006915872981134008,-0.05999605134748586,0.017163404466822962
26.620949541022863,5.194029440630396,8.94342876613238,-1.6326834474846827,0.6601353631541013,0.2591424179816583,0.006877307424353203,-0.059996061694866765,0.017157756480785106
26.63094954102286,5.196034237362856,8.94507223524644,-1.6332834081531418,0.6603069100163586,0.25914311665647427,0.006838706950820974,-0.05999607198783446,0.017151511768919856
26.640949541022863,5.198038994557608,8.946715747463937,-1.633883368924259,0.6604783914602117,0.25914380601778153,0.0068000727403008,-0.059996082226575084,0.01714467526555086
26.650949541022865,5.200043712501054,8.948359302363759,-1.6344833297974932,0.6606498015894819,0.2591444860755541,0.006761405959937833,-0.05999609241127413,0.017137251801737495
26.660949541022863,5.202048391482407,8.950002899522294,-1.635083290772305,0.6608211345572198,0.25914515684132516,0.00672270776461651,-0.05999610254211646,0.01712924610538636
26.670949541022864,5.2040530317937375,8.951646538513378,-1.6356832518481565,0.6609923845693896,0.25914581832818134,0.006683979296152254,-0.0599961126192863,0.017120662795856247
26.680949541022862,5.2060576337298246,8.953290218908458,-1.6362832130245122,0.6611635458806641,0.25914647055091966,0.006645221684260758,-0.05999612264296722,0.01711150639313977
26.690949541022864,5.208062197588225,8.954933940276591,-1.636883174300838,0.6613346127864385,0.2591471135257278,0.006606436048284757,-0.05999613261334218,0.017101781325333566
26.70094954102286,5.210066723669268,8.956577702184433,-1.637483135676602,0.6615055796227662,0.2591477472701802,0.006567623497207667,-0.05999614253059354,0.017091491928680536
26.710949541022863,5.212071212276063,8.958221504196242,-1.6380830971512734,0.6616764407663595,0.2591483718032383,0.006528785129653586,-0.059996152394902996,0.01708064244756984
26.720949541022865,5.214075663714493,8.959865345873883,-1.6386830587243242,0.6618471906345885,0.2591489871452503,0.006489922033887293,-0.059996162206451674,0.017069237034536874
26.730949541022863,5.216080078293218,8.961509226776819,-1.6392830203952273,0.6620178236854825,0.25914959331795134,0.006451035287814248,-0.05999617196542006,0.0170572797502633
26.740949541022864,5.2180844563236715,8.963153146462119,-1.639882982163458,0.6621883344177284,0.2591501903444634,0.006412125958980592,-0.05999618167198801,0.01704477456357703
26.75010061800162,5.219918646330318,8.96465754362531,-1.6404320118808364,0.662344258267528,0.2591507286943795,0.0063765008445141455,-0.059996190508779045,0.01703285416610771
26.760100618001623,5.221922948654874,8.966301441240551,-1.6410318703342197,0.6625141671643634,0.2591510808530261,0.006337399335788236,-0.059995860598414226,0.0170187956654763
26.770100618001624,5.223927221642367,8.967945468147393,-1.641631828993812,0.6626842923647911,0.25915164965620535,0.006298436554509826,-0.05999587131038457,0.017006323422050672
26.780100618001622,5.22593145924635,8.969589532138686,-1.6422317877602315,0.6628542954646224,0.25915220741921935,0.006259455487950164,-0.05999588196384938,0.0169943741192177
26.790100618001624,5.227935661737868,8.971233632795022,-1.6428317466328939,0.6630241816765376,0.25915275427314194,0.006220455179533357,-0.059995892559008765,0.01698294674305514
26.800100618001622,5.229939829386288,8.972877769700773,-1.6434317056112173,0.6631939562077533,0.25915329034711215,0.006181434675933119,-0.059995903096062134,0.01697204034484712
26.810100618001623,5.231943962459311,8.974521942444095,-1.6440316646946218,0.6633636242600217,0.25915381576833457,0.006142393027072777,-0.05999591357520825,0.01696165404108414
26.82010061800162,5.233948061222956,8.976166150616923,-1.6446316238825291,0.6635331910296308,0.25915433066207927,0.006103329286125265,-0.05999592399664518,0.016951787013463077
26.830100618001623,5.235952125941575,8.977810393814977,-1.6452315831743631,0.663702661707405,0.2591548351516816,0.006064242509513132,-0.05999593436057036,0.01694243850888718
26.840100618001625,5.237956156877839,8.979454671637757,-1.64583154256955,0.6638720414787043,0.25915532935854235,0.0060251317569085345,-0.059995944667180515,0.016933607839466073
26.850100618001623,5.239960154292753,8.981098983688543,-1.646431502067517,0.6640413355234247,0.25915581340212773,0.005985996091233239,-0.05999595491667173,0.01692529438251575
26.860100618001624,5.241964118445639,8.9827433295744,-1.6470314616676942,0.6642105490159982,0.25915628739996943,0.0059468345786586226,-0.0599959651092394,0.01691749758055858
26.870100618001622,5.243968049594153,8.984387708906175,-1.6476314213695133,0.6643796871253929,0.2591567514676645,0.005907646288605674,-0.05999597524507827,0.016910216941323313
26.880100618001624,5.245971947994274,8.98603212129849,-1.6482313811724079,0.6645487550151125,0.2591572057188753,0.005868430293744991,-0.059995985324382384,0.01690345203774506
26.89010061800162,5.247975813900305,8.987676566369753,-1.6488313410758135,0.664717757843197,0.25915765026532983,0.005829185669996783,-0.059995995347345156,0.016897202507965312
26.900100618001623,5.249979647564878,8.98932104374216,-1.6494313010791677,0.6648867007622242,0.2591580852168214,0.0057899114965304505,-0.059996005314159294,0.016891468055330486
26.910100618001625,5.251983449238287,8.99096555304205,-1.65003126118191,0.6650555889319577,0.2591585106815923,0.0057506068533395484,-0.059996015225016915,0.016886248440701336
26.920100618001623,5.25398721916924,8.992610093899573,-1.6506312213834817,0.6652244274985135,0.25915892676586216,0.005711270825401455,-0.05999602508010942,0.016881543498757312
26.930100618001624,5.255990957605164,8.99425466594842,-1.6512311816833263,0.665393221593746,0.2591593335737129,0.005671902502649446,-0.05999603487962751,0.016877353135009952
26.940100618001622,5.257994664791462,8.995899268826207,-1.6518311420808889,0.6655619763532223,0.2591597312075525,0.005632500976427032,-0.05999604462376128,0.01687367731264027
26.950100618001624,5.259998340971513,8.99754390217447,-1.6524311025756169,0.6657306969162222,0.25916011976811537,0.005593065339487958,-0.05999605431270013,0.016870516052498754
26.960100618001622,5.262001986386669,8.999188565638669,-1.6530310631669591,0.6658993884257384,0.259160499354462,0.005553594685996211,-0.05999606394663288,0.01686786943310535
26.970100618001624,5.264005601276259,9.000833258868177,-1.6536310238543668,0.6660680560284762,0.2591608700639791,0.005514088111526006,-0.05999607352574768,0.016865737590649486
26.980100618001625,5.266009185877588,9.002477981516297,-1.6542309846372922,0.666236704874854,0.25916123199237956,0.005474544713061799,-0.05999608305023205,0.01686412071899006
26.990100618001623,5.268012740425936,9.004122733240246,-1.6548309455151904,0.6664053401190028,0.25916158523370253,0.005434963588998283,-0.05999609252027289,0.016863019069655427
27.000100618001625,5.270016265154558,9.005767513701167,-1.6554309064875175,0.6665739669187661,0.2591619298803134,0.005395343839140383,-0.05999610193605644,0.01686243295184343
27.010100618001623,5.272019760294684,9.007412322564122,-1.6560308675537319,0.6667425904357008,0.2591622660229036,0.005355684564703264,-0.05999611129776831,0.016862362732421372
27.020100618001624,5.2740232260755215,9.009057159498091,-1.6566308287132938,0.6669112158350762,0.2591625937504909,0.005315984868312323,-0.059996120605593485,0.01686280883592603
27.030100618001622,5.276026662724251,9.010702024175979,-1.657230789965665,0.6670798482858741,0.2591629131504192,0.005276243854003196,-0.0599961298597163,0.016863771744563653
27.040100618001624,5.2780300704660315,9.012346916274609,-1.6578307513103099,0.6672484929607897,0.2591632243083587,0.005236460627221755,-0.05999613906032047,0.016865251998209953
27.050100618001625,5.280033449523993,9.013991835474727,-1.658430712746694,0.6674171550362404,0.25916352730830583,0.00519663429482223,-0.059996148207589056,0.016867250194404552
27.060100618001623,5.2820368001184095,9.015636781461556,-1.6590306742742844,0.6675858397075776,0.2591638222328896,0.005156763962202503,-0.05999615730170455,0.01686976698057449
27.070100618001625,5.284040122467742,9.017281753924138,-1.6596306358925508,0.667754552164316,0.2591641091629554,0.005116848738121066,-0.05999616634284879,0.0168728030701375
27.080100618001623,5.286043416788955,9.018926752555085,-1.6602305976009644,0.6679232975885069,0.2591643881774947,0.00507688773488245,-0.059996175331202904,0.016876359240488633
27.090100618001625,5.288046683296595,9.020571777051146,-1.6608305593989985,0.6680920811744555,0.25916465935400457,0.005036880064540332,-0.05999618426694745,0.016880436320999764
27.100100618001623,5.290049922202795,9.022216827113219,-1.6614305212861278,0.6682609081287221,0.259164922768488,0.004996824838897542,-0.05999619315026235,0.016885035193019583
27.110100618001624,5.292053133717272,9.023861902446347,-1.6620304832618291,0.6684297836701212,0.2591651784954537,0.004956721169506054,-0.05999620198132694,0.016890156789873597
27.120100618001626,5.294056318047327,9.025507002759712,-1.6626304453255807,0.668598713029722,0.2591654266079162,0.004916568167666992,-0.05999621076031996,0.016895802096864136
27.130100618001624,5.296059475397843,9.027152127766648,-1.6632304074768627,0.6687677014508481,0.2591656671773958,0.004876364944430627,-0.059996219487419525,0.01690197215127034
27.140100618001625,5.2980626059712925,9.02879727718463,-1.663830369715157,0.6689367541890779,0.2591659002739186,0.004836110610596379,-0.059996228162803165,0.016908668042348175
27.150100618001623,5.300065709967728,9.030442450735274,-1.6644303320399476,0.6691058765122442,0.25916612596601657,0.004795804276712815,-0.0599962367866478,0.01691589091133041
27.160100618001625,5.302068787584787,9.032087648144348,-1.6650302944507196,0.669275073700434,0.2591663443207274,0.004755445053077651,-0.059996245359129736,0.016923641951426642
27.170100618001623,5.304071839017692,9.03373286914176,-1.6656302569469603,0.6694443510459895,0.2591665554035945,0.004715032049737752,-0.0599962538804247,0.016931922407823288
27.180100618001624,5.306074864459251,9.035378113461562,-1.6662302195281586,0.669613713853507,0.2591667592786673,0.004674564376489129,-0.0599962623507078,0.016940733577683574
27.190100618001626,5.308077864099854,9.037023380841951,-1.6668301821938054,0.6697831674398372,0.25916695600850076,0.004634041142876941,-0.05999627077015354,0.016950076810147544
27.200100618001624,5.310080838127475,9.038668671025272,-1.6674301449433933,0.6699527171340859,0.25916714565415583,0.004593461458195499,-0.05999627913893583,0.01695995350633207
27.210100618001622,5.312083786727673,9.040313983758015,-1.668030107776416,0.6701223682776287,0.2591673282751993,0.004552824431486262,-0.059996287457227966,0.016970365119345698
27.22010061800162,5.314086710083073,9.041959318791273,-1.6686300706923698,0.67029212622648,0.2591675039297217,0.004512129171303399,-0.05999629572520267,0.01698131315793754
27.23010061800162,5.316089608373821,9.04360467588032,-1.6692300336907526,0.6704619963481654,0.25916767267433605,0.004471374786124286,-0.059996303943032035,0.016992799183799104
27.240100618001623,5.318092481777677,9.045250054784491,-1.6698299967710637,0.6706319840256532,0.2591678345642238,0.004430560383457818,-0.05999631211088758,0.017004824806149444
27.25010061800162,5.320095330469622,9.046895455267514,-1.6704299599328043,0.6708020946605754,0.25916798965315857,0.0043896850693634195,-0.05999632022894025,0.017017391683039458
27.260100618001623,5.322098154621861,9.048540877097523,-1.671029923175477,0.670972333673228,0.25916813799350596,0.004348747948451047,-0.05999632829736039,0.01703050152135187
27.27010061800162,5.324100954403821,9.050186320047057,-1.6716298864985866,0.67114270650257,0.25916827963622363,0.004307748123881183,-0.05999633631631778,0.017044156076801254
27.280100618001622,5.326103729982157,9.051831783893052,-1.6722298499016393,0.671313218606225,0.2591684146308614,0.004266684697364845,-0.05999634428598164,0.017058357153934008
27.29010061800162,5.328106481520745,9.053477268416845,-1.6728298133841426,0.6714838754604795,0.2591685430255611,0.004225556769163578,-0.05999635220652058,0.01707310660612837
27.300100618001622,5.3301092091806845,9.05512277340418,-1.6734297769456066,0.671654682560284,0.25916866486705675,0.004184363438089458,-0.05999636007810266,0.01708840633559442
27.310100618001623,5.332111913120299,9.056768298645201,-1.6740297405855422,0.6718256454192527,0.2591687802006743,0.004143103801505089,-0.05999636790089535,0.017104258293374065
27.31925169498038,5.333944582259211,9.05827414903288,-1.6745787719992402,0.671982236044059,0.2591688800781508,0.0041052879194883665,-0.05999637501698286,0.017119250142199442
27.329251694980382,5.335947235193409,9.059919617326523,-1.6751786322883302,0.6721531581555914,0.25916875688624597,0.004063748018953031,-0.05999604322925957,0.01713506967517242
27.33925169498038,5.3379498705917845,9.06156519717087,-1.675778592764854,0.6723245952702785,0.25916885156089847,0.004022298154214618,-0.059996052066354506,0.017152421287720016
27.34925169498038,5.339952482794046,9.063210796527244,-1.6763785533294686,0.6724962082585217,0.25916893761273035,0.003980782513349893,-0.05999606084747255,0.017170242079649706
27.359251694980383,5.341955071904789,9.064856415221422,-1.6769785139816151,0.6726680018116021,0.25916901509242796,0.003939200348519177,-0.05999606957280511,0.017188534368867338
27.36925169498038,5.343957638025963,9.066502053083424,-1.677578474720737,0.6728399806474101,0.259169084049428,0.0038975509086088874,-0.05999607824254295,0.017207300509159387
27.379251694980383,5.345960181256866,9.068147709947505,-1.6781784355462794,0.6730121495104453,0.25916914453191814,0.00385583343923153,-0.05999608685687622,0.01722654289019295
27.38925169498038,5.347962701694148,9.06979338565216,-1.6787783964576892,0.6731845131718164,0.2591691965868366,0.0038140471827257066,-0.0599960954159944,0.01724626393751576
27.399251694980382,5.349965199431811,9.071439080040124,-1.679378357454415,0.6733570764292411,0.2591692402598725,0.0037721913781561113,-0.05999610392008636,0.017266466112556167
27.40925169498038,5.351967674561208,9.073084792958372,-1.679978318535908,0.6735298441070469,0.2591692755954654,0.0037302652613135302,-0.059996112369340354,0.017287151912623144
27.41925169498038,5.353970127171043,9.07473052425812,-1.6805782797016202,0.6737028210561697,0.2591693026368057,0.0036882680647148426,-0.05999612076394395,0.017308323870906295
27.429251694980383,5.355972557347371,9.07637627379482,-1.6811782409510063,0.673876012154155,0.2591693214258346,0.003646199017603021,-0.059996129104084125,0.01732998455647585
27.43925169498038,5.357974965173601,9.078022041428163,-1.6817782022835226,0.6740494223051573,0.2591693320032439,0.0036040573459471302,-0.05999613738994721,0.017352136574282667
27.449251694980383,5.35997735073049,9.079667827022082,-1.6823781636986268,0.6742230564399404,0.259169334408476,0.0035618422724423273,-0.05999614562171889,0.017374782565158224
27.45925169498038,5.3619797140961465,9.081313630444752,-1.6829781251957792,0.6743969195158772,0.25916932867972425,0.0035195530165098633,-0.05999615379958423,0.017397925205814624
27.469251694980382,5.363982055346033,9.08295945156858,-1.6835780867744412,0.6745710165169497,0.2591693148539325,0.0034771887942970808,-0.05999616192372765,0.0174215672088446
27.47925169498038,5.36598437455296,9.084605290270218,-1.6841780484340767,0.6747453524537491,0.2591692929667955,0.0034347488186774163,-0.059996169994332944,0.017445711322721515
27.489251694980382,5.367986671787093,9.086251146430557,-1.6847780101741514,0.6749199323634759,0.25916926305275845,0.003392232299250398,-0.05999617801158327,0.017470360331799346
27.499251694980384,5.369988947115945,9.087897019934724,-1.6853779719941322,0.6750947613099395,0.2591692251450175,0.003349638442341648,-0.05999618597566114,0.017495517056312707
27.50925169498038,5.371991200604383,9.08954291067209,-1.6859779338934884,0.6752698443835587,0.2591691792755193,0.0033069664510028806,-0.059996193886748456,0.01752118435237683
27.519251694980383,5.373993432314126,9.0911888185367,-1.6865778958716913,0.6754451867067914,0.2591691254749199,0.0032642155241249683,-0.059996201745026484,0.017547365112306153
27.52925169498038,5.3759956423014374,9.092834743429355,-1.6871778579282126,0.6756207934574007,0.2591690637723471,0.0032213848527284598,-0.05999620955067605,0.017574062267912388
27.539251694980383,5.377997830623089,9.094480685252329,-1.6877778200625277,0.6757966698024321,0.25916899419587125,0.003178473630794333,-0.0599962173038771,0.017601278787521664
27.54925169498038,5.379999997333364,9.096126643911983,-1.688377782274113,0.6759728209339724,0.2591689167723301,0.003135481049265106,-0.05999622500480895,0.017629017674620384
27.559251694980382,5.382002142483263,9.097772619319453,-1.688977744562447,0.6761492520780392,0.25916883152726977,0.0030924062945790667,-0.05999623265365032,0.017657281968079475
27.569251694980384,5.384004266120508,9.099418611390645,-1.68957770692701,0.6763259684945813,0.2591687384849445,0.003049248548670271,-0.059996240250579334,0.017686074742154365
27.579251694980382,5.386006368289536,9.101064620046245,-1.6901776693672836,0.6765029754774782,0.2591686376683168,0.003006006988968545,-0.059996247795773526,0.017715399106485
27.589251694980383,5.388008449031505,9.102710645211708,-1.6907776318827517,0.6766802783545404,0.25916852909905763,0.002962680788399482,-0.05999625528940985,0.01774525820609584
27.59925169498038,5.390010508384293,9.104356686817269,-1.6913775944728995,0.6768578824875091,0.259168412797546,0.0029192691153844463,-0.059996262731664654,0.017775655221395858
27.609251694980383,5.392012546382492,9.106002744797935,-1.691977557137214,0.6770357932720569,0.25916828878286924,0.002875771133840571,-0.0599962701227137,0.017806593368178532
27.61925169498038,5.394014563057419,9.107648819093486,-1.692577519875184,0.6772140161377866,0.25916815707282304,0.0028321860031807573,-0.05999627746273216,0.017838075897621857
27.629251694980383,5.396016558437103,9.109294909648481,-1.6931774826863002,0.6773925565482327,0.2591680176839111,0.0027885128783136765,-0.05999628475189461,0.017870106096288342
27.639251694980384,5.398018532546296,9.110941016412248,-1.6937774455700547,0.67757142000086,0.2591678706313458,0.002744750909643769,-0.05999629199037505,0.01790268728612501
27.649251694980382,5.400020485406469,9.112587139338896,-1.6943774085259415,0.6777506120270645,0.25916771592904725,0.002700899243071243,-0.059996299178346875,0.01793582282446339
27.659251694980384,5.40202241703581,9.114233278387301,-1.6949773715534562,0.6779301381921731,0.2591675535896442,0.002656957019992078,-0.059996306315982885,0.017969516104019527
27.66925169498038,5.404024327449226,9.11587943352112,-1.6955773346520964,0.6781100040954434,0.25916738362447356,0.00261292337729802,-0.0599963134034553,0.01800377055289398
27.679251694980383,5.406026216658342,9.117525604708783,-1.6961772978213612,0.6782902153700643,0.2591672060435805,0.002568797447376587,-0.059996320440935745,0.01803858963457182
27.68925169498038,5.4080280846715025,9.119171791923494,-1.6967772610607512,0.6784707776831552,0.2591670208557184,0.0025245783581110634,-0.059996327428595245,0.018073976847922623
27.699251694980383,5.410029931493772,9.12081799514323,-1.6973772243697691,0.6786516967357668,0.2591668280683489,0.002480265232880504,-0.05999633436660425,0.01810993572720049
27.709251694980384,5.412031757126932,9.122464214350746,-1.6979771877479195,0.6788329782628802,0.25916662768764204,0.002435857190559734,-0.05999634125513262,0.018146469842044027
27.719251694980382,5.4140335615694815,9.12411044953357,-1.6985771511947083,0.6790146280334081,0.2591664197184759,0.002391353345519344,-0.05999634809434959,0.01818358279747635
27.729251694980384,5.416035344816593,9.12575670068405,-1.699177114709643,0.6791966518505596,0.2591662041644234,0.002346752807574824,-0.05999635488442384,0.01822127823406735
27.739251694980382,5.418037106858226,9.127402967801233,-1.6997770782922332,0.6793790555648231,0.25916598102720007,0.002302054680238238,-0.05999636162552351,0.018259559834473856
27.749251694980384,5.420038847681847,9.12904925088815,-1.7003770419419901,0.6795618450530252,0.25916575030736516,0.002257258063674047,-0.059996368317816094,0.018298431314529337
27.75925169498038,5.4220405672720915,9.130695549952113,-1.7009770056584264,0.6797450262237651,0.259165512004349,0.00221236205373847,-0.05999637496146849,0.01833789642231498
27.76925169498038,5.424042265609676,9.132341865005785,-1.7015769694410567,0.6799286050260056,0.25916526611617413,0.00216736574075134,-0.059996381556647056,0.01837795894143173
27.77925169498038,5.4260439426713996,9.133988196067182,-1.7021769332893975,0.6801125874490724,0.259165012639455,0.0021222682094961917,-0.05999638810351759,0.018418622691000187
27.78925169498038,5.428045598430142,9.135634543159682,-1.7027768972029662,0.6802969795226546,0.2591647515693984,0.002077068539220204,-0.05999639460224532,0.018459891525660674
27.79925169498038,5.4300472328548635,9.137280906312009,-1.7033768611812823,0.6804817873168044,0.25916448289980293,0.0020317658036342135,-0.059996401052994926,0.018501769335573223
27.80925169498038,5.432048845910606,9.138927285558248,-1.703976825223867,0.6806670169419372,0.25916420662305945,0.0019863590709127154,-0.05999640745593054,0.018544260046417568
27.81925169498038,5.434050437558492,9.140573680937836,-1.7045767893302426,0.6808526745488319,0.25916392273015093,0.0019408474036938632,-0.059996413811215725,0.018587367619393145
27.82925169498038,5.436052007755725,9.142220092495563,-1.7051767534999336,0.6810387663286304,0.25916363121065233,0.0018952298590794682,-0.0599964201190135,0.01863109605121911
27.83925169498038,5.43805355645559,9.14386652028158,-1.7057767177324659,0.6812252985128378,0.2591633320527308,0.0018495054886350005,-0.05999642637948632,0.018675449374134307
27.84925169498038,5.4400550836074535,9.145512964351386,-1.7063766820273667,0.6814122773733224,0.2591630252431455,0.0018036733383895883,-0.05999643259279609,0.018720431655897297
27.85925169498038,5.4420565891567625,9.147159424765839,-1.7069766463841656,0.6815997092223159,0.25916271076724773,0.0017577324488360177,-0.05999643875910416,0.01876604699978635
27.86925169498038,5.444058073045045,9.148805901591148,-1.707576610802393,0.6817876004124133,0.25916238860898083,0.0017116818549307335,-0.05999644487857131,0.018812299544599426
27.87925169498038,5.446059535209909,9.15045239489888,-1.7081765752815818,0.6819759573365723,0.2591620587508804,0.0016655205860938386,-0.059996450951357784,0.018859193464654207
27.888402771959143,5.447891069552126,9.151959128107656,-1.7087256074479609,0.6821487377912722,0.25916175013205567,0.0016231802420472424,-0.059996456467842754,0.018902672050394396
27.898402771959145,5.4498924837224045,9.153605558365898,-1.7093254685428312,0.6823376457224356,0.2591611801132958,0.001576654106749227,-0.05999612293353771,0.018948888790259133
27.908402771959143,5.451893881983232,9.155252096824311,-1.7099254298076692,0.6825273665980084,0.2591608247512139,0.0015301593992224356,-0.05999613002486985,0.018995119460522375
27.918402771959144,5.453895258316963,9.156898651930959,-1.7105253911431446,0.6827175445376595,0.2591604586054169,0.001483549009647988,-0.059996137061068835,0.01904030335332529
27.928402771959142,5.455896612684794,9.15854522368396,-1.7111253525487071,0.6829081691481623,0.2591600816427759,0.0014368251315506517,-0.05999614404232324,0.019084452648837773
27.938402771959144,5.457897945051379,9.160191812077944,-1.7117253140238085,0.6830992301492553,0.2591596938328518,0.001389989932032501,-0.05999615096882103,0.019127579351059135
27.94840277195914,5.459899255384826,9.161838417104061,-1.7123252755679017,0.6832907173736421,0.2591592951478958,0.0013430455517729149,-0.05999615784074949,0.019169695287818107
27.958402771959143,5.4619005436566965,9.163485038749977,-1.7129252371804422,0.6834826207669917,0.2591588855628493,0.001295994105028579,-0.05999616465829531,0.019210812110772846
27.968402771959145,5.463901809842006,9.165131676999875,-1.7135251988608873,0.6836749303879384,0.25915846505534357,0.0012488376796334845,-0.05999617142164453,0.019250941295410932
27.978402771959143,5.465903053919224,9.166778331834452,-1.7141251606086954,0.6838676364080813,0.2591580336057002,0.0012015783369989288,-0.05999617813098254,0.019290094141049357
27.988402771959144,5.467904275870276,9.168425003230922,-1.7147251224233275,0.6840607291119855,0.2591575911969309,0.0011542181121135147,-0.059996184786494114,0.019328281770834548
27.998402771959142,5.469905475680542,9.17007169116302,-1.7153250843042465,0.6842541988971803,0.2591571378147373,0.0011067590135431515,-0.059996191388363374,0.019365515131742343
28.008402771959144,5.471906653338843,9.171718395601125,-1.7159250462509166,0.6844480362650571,0.25915667344717036,0.0010592030255125737,-0.059996197936773826,0.019401805003679315
28.018402771959142,5.473907808837646,9.173365116512052,-1.7165250082628043,0.6846422318368267,0.2591561980846875,0.0010115521043887433,-0.05999620443190834,0.019437161976879273
28.028402771959144,5.475908942172954,9.175011853859008,-1.7171249703393776,0.6848367763566472,0.2591557117205825,0.0009638081778949974,-0.059996210873949136,0.019471596452835967
28.038402771959145,5.477910053344129,9.176658607602008,-1.7177249324801067,0.68503166066351,0.2591552143503742,0.0009159731514334827,-0.059996217263077814,0.019505118677942655
28.048402771959143,5.4799111423538935,9.178305377697878,-1.7183248946844634,0.6852268756909865,0.2591547059717995,0.0008680489081423928,-0.059996223599475366,0.019537738743777237
28.058402771959145,5.481912209208329,9.179952164100253,-1.718924856951921,0.6854224124672283,0.25915418658481354,0.0008200373088959689,-0.059996229883322184,0.01956946658710227
28.068402771959143,5.483913253916878,9.181598966759584,-1.7195248192819552,0.6856182621149673,0.25915365619158937,0.000771940192304499,-0.05999623611479803,0.01960031198986496
28.078402771959144,5.485914276492338,9.183245785623123,-1.7201247816740433,0.685814415851515,0.25915311479651837,0.000723759374714318,-0.05999624229408205,0.019630284579197153
28.088402771959142,5.487915276950869,9.184892620634942,-1.7207247441276636,0.6860108649887635,0.25915256240620993,0.0006754966502078082,-0.059996248421352795,0.019659393827415352
28.098402771959144,5.489916255311989,9.186539471735918,-1.7213247066422976,0.6862076009331844,0.25915199902949154,0.0006271537906033988,-0.0599962544967882,0.019687649052020702
28.108402771959145,5.491917211598576,9.188186338863739,-1.7219246692174273,0.6864046151858302,0.2591514246774089,0.0005787325454555664,-0.05999626052056558,0.019715059415698996
28.118402771959143,5.493918145836847,9.189833221953002,-1.7225246318525373,0.6866018993347345,0.25915083936298844,0.000530234643766546,-0.059996266492861654,0.01974163393461268
28.128402771959145,5.495919058056516,9.19148012093511,-1.7231245945471134,0.6867994450624687,0.2591502431010785,0.00048166179235656316,-0.05999627241385253,0.019767381466013288
28.138402771959143,5.497919948290789,9.193127035738083,-1.7237245573006437,0.6869972441630885,0.25914963590897094,0.0004330156720342502,-0.059996278283713685,0.01979231069093651
28.148402771959145,5.499920816576159,9.194773966286975,-1.7243245201126176,0.6871952885097559,0.2591490178057871,0.0003842979448210361,-0.05999628410262001,0.019816430153820033
28.158402771959143,5.501921662952398,9.196420912503878,-1.7249244829825268,0.6873935700536439,0.2591483888124514,0.0003355102541964702,-0.05999628987074578,0.019839748263787257
28.168402771959144,5.503922487462558,9.198067874307934,-1.725524445909864,0.6875920808239369,0.2591477489516915,0.00028665422509822224,-0.05999629558826473,0.019862273294647275
28.178402771959142,5.505923290152965,9.199714851615322,-1.7261244088941239,0.68779081292783,0.25914709824803844,0.00023773146392209755,-0.059996301255349944,0.019884013384894886
28.18840277195914,5.507924071073227,9.201361844339269,-1.7267243719348033,0.6879897585505294,0.2591464367278263,0.00018874355852197574,-0.05999630687217397,0.019904976537710613
28.19840277195914,5.509924830276232,9.20300885239004,-1.7273243350314005,0.6881889099552524,0.2591457644191925,0.00013969207820990293,-0.05999631243890875,0.019925170620960664
28.20840277195914,5.5119255678181425,9.204655875674952,-1.7279242981834153,0.6883882594832275,0.25914508135207776,9.05785737560299e-05,-0.05999631795572563,0.01994460336719696
28.21840277195914,5.513926283758403,9.206302914098357,-1.7285242613903493,0.6885877995536936,0.25914438755822594,4.140457738862843e-05,-0.05999632342279537,0.019963282373657125
28.228402771959143,5.515926978159733,9.207949967561662,-1.729124224651706,0.6887875226633304,0.2591436830711697,-7.828397035789296e-06,-0.059996328840288146,0.019981215102903228
28.23840277195914,5.517927651088112,9.209597035963478,-1.7297241879669902,0.6889874213728812,0.2591429679257337,-5.7118830550199854e-05,-0.05999633420837357,0.019998408895885406
28.248402771959142,5.519928302612693,9.211244119199648,-1.730324151335709,0.6891874883408643,0.25914224215863424,-0.00010646517523141121,-0.05999633952722063,0.020014870929015684
28.25840277195914,5.521928932805411,9.212891217163703,-1.7309241147573708,0.6893877163020472,0.2591415058083211,-0.00015586589328906027,-0.059996344796997746,0.020030608240023385
28.268402771959142,5.523929541740899,9.214538329747018,-1.7315240782314858,0.6895880980539524,0.2591407589147095,-0.00020531946204892256,-0.05999635001787275,0.020045627743657018
28.27840277195914,5.525930129496497,9.216185456838803,-1.7321240417575656,0.6897886264568569,0.2591400015191801,-0.0002548243739529124,-0.059996355190012916,0.020059936231684266
28.28840277195914,5.527930696152246,9.217832598326101,-1.7327240053351243,0.6899892944337932,0.25913923366457897,-0.00030437913655908226,-0.059996360313584976,0.02007354037289199
28.298402771959143,5.529931241790891,9.219479754093795,-1.7333239689636761,0.6901900949705483,0.25913845539521774,-0.00035398227254162384,-0.05999636538875505,0.020086446713086223
28.30840277195914,5.531931766497879,9.221126924024604,-1.7339239326427387,0.6903910211156644,0.2591376667568735,-0.00040363231969086695,-0.059996370415688734,0.020098661675092177
28.318402771959143,5.533932270361358,9.222774107999086,-1.73452389637183,0.6905920659804384,0.2591368677967888,-0.0004533278309132802,-0.059996375394551035,0.02011019155875424
28.32840277195914,5.535932753472185,9.224421305895632,-1.7351238601504702,0.6907932227389224,0.2591360585636716,-0.0005030673742314708,-0.0599963803255064,0.020121042540935972
28.338402771959142,5.537933215923912,9.22606851759047,-1.7357238239781811,0.6909944846279231,0.2591352391076954,-0.0005528495327841848,-0.05999638520871871,0.020131220675520114
28.34840277195914,5.539933657812802,9.22771574295767,-1.736323787854486,0.6911958449464105,0.2591344094804799,-0.000602672904704402,-0.059996390044351276,0.02014073189396671
28.358402771959142,5.54193407923791,9.22936298186914,-1.73692375177891,0.6913972970477485,0.2591335697346629,-0.0006525361015863844,-0.05999639483256687,0.02014958201054133
28.368402771959143,5.543934480301098,9.231010234194562,-1.7375237157509797,0.6915988343602822,0.25913271992436915,-0.0007024377527915753,-0.05999639957352769,0.020157776700754235
28.37840277195914,5.545934861106901,9.232657499801517,-1.7381236797702233,0.6918004503693636,0.25913186010507155,-0.0007523765015641184,-0.05999640426739535,0.02016532152395172
28.388402771959143,5.547935221762521,9.234304778555527,-1.738723643836171,0.6920021386099476,0.2591309903334201,-0.00080235100347831,-0.05999640891433095,0.02017222193115798
28.39840277195914,5.549935562377826,9.235952070320051,-1.739323607948354,0.6922038926665928,0.2591301106672416,-0.0008523599264385989,-0.05999641351449502,0.020178483265075108
28.408402771959143,5.551935883065348,9.237599374956485,-1.7399235721063055,0.6924057061734599,0.2591292211655403,-0.0009024019506795872,-0.05999641806804757,0.020184110760083102
28.41840277195914,5.553936183940285,9.239246692324157,-1.7405235363095604,0.6926075728143133,0.2591283218884972,-0.0009524757687660295,-0.05999642257514804,0.020189109542239854
28.428402771959142,5.555936465120505,9.240894022280337,-1.7411235005576544,0.69280948632252,0.25912741289747043,-0.0010025800855928326,-0.05999642703595534,0.02019348462928116
28.43840277195914,5.557936726726535,9.24254136468023,-1.7417234648501259,0.6930114404810505,0.2591264942549951,-0.0010527136183850574,-0.05999643145062784,0.020197240930620718
28.44840277195914,5.559936968881573,9.244188719376979,-1.7423234291865137,0.6932134291224777,0.25912556602478354,-0.001102875096697916,-0.05999643581932335,0.020200383247350122
28.457553848937902,5.561767388938161,9.245696236989641,-1.7428724612072855,0.6933982954892507,0.2591247082480047,-0.0011488016678494108,-0.059996439776996154,0.02020272479012091
28.4675538489379,5.563767569308684,9.247343542447917,-1.7434723221267325,0.6935999548201303,0.2591235383575448,-0.001198976715885318,-0.05999610453913419,0.020203671905498977
28.4775538489379,5.565767754163946,9.248990930204105,-1.7440722831991047,0.6938020017823088,0.2591225792435103,-0.0012492150487991415,-0.05999610992598249,0.0202056977862049
28.487553848937903,5.56776792007361,9.250638329588254,-1.7446722443250646,0.6940040681489708,0.2591216075387303,-0.001299480659294834,-0.059996115256778455,0.020207554262640835
28.4975538489379,5.569768067160911,9.252285740408718,-1.745272205504053,0.6942061522467299,0.2591206233248878,-0.001349773124725101,-0.059996120531713784,0.02020924389361484
28.507553848937903,5.571768195549844,9.253933162474382,-1.7458721667355126,0.694408252424916,0.25911962668348276,-0.0014000920275779889,-0.05999612575097953,0.020210769201376287
28.5175538489379,5.573768305365163,9.255580595594662,-1.7464721280188873,0.6946103670555753,0.25911861769583294,-0.0014504369554768858,-0.059996130914766126,0.020212132671615837
28.527553848937902,5.575768396732385,9.257228039579497,-1.7470720893536236,0.6948124945334709,0.2591175964430734,-0.0015008075011805214,-0.05999613602326334,0.02021333675346545
28.5375538489379,5.577768469777787,9.258875494239364,-1.7476720507391692,0.6950146332760819,0.2591165630061568,-0.0015512032625829666,-0.05999614107666031,0.020214383859498395
28.547553848937902,5.579768524628409,9.260522959385266,-1.7482720121749742,0.6952167817236042,0.2591155174658531,-0.0016016238427136338,-0.059996146075145536,0.020215276365729236
28.557553848937903,5.58176856141205,9.262170434828734,-1.7488719736604903,0.69541893833895,0.2591144599027497,-0.0016520688497372769,-0.059996151018906874,0.02021601661161383
28.5675538489379,5.58376858025727,9.263817920381834,-1.749471935195171,0.6956211016077481,0.2591133903972518,-0.001702537896953991,-0.05999615590813153,0.020216606900049342
28.577553848937903,5.585768581293392,9.26546541585716,-1.7500718967784723,0.6958232700383438,0.25911230902958154,-0.001753030602799213,-0.05999616074300607,0.020217049497374233
28.5875538489379,5.587768564650498,9.26711292106783,-1.7506718584098513,0.6960254421617985,0.259111215879779,-0.0018035465908437208,-0.05999616552371645,0.020217346633368268
28.597553848937903,5.589768530459434,9.268760435827499,-1.7512718200887671,0.6962276165318907,0.2591101110277014,-0.0018540854897936337,-0.05999617025044793,0.020217500501252504
28.6075538489379,5.591768478851803,9.270407959950349,-1.7518717818146812,0.696429791725115,0.2591089945530235,-0.0019046469334904137,-0.05999617492338517,0.020217513257689307
28.617553848937902,5.593768409959908,9.272055493251106,-1.752471743587056,0.6966319663382764,0.25910786653518475,-0.0019552305603954515,-0.05999617954271219,0.020217387026007748
28.627553848937904,5.595768323916718,9.273703035545017,-1.7530717054053568,0.6968341389873807,0.25910672705319987,-0.0020058360134056286,-0.05999618410861244,0.020217123896931387
28.637553848937902,5.597768220856264,9.275350586647805,-1.7536716672690502,0.6970363083220424,0.25910557618595553,-0.0020564629429442828,-0.05999618862126862,0.02021672590919492
28.647553848937903,5.599768100913248,9.276998146375755,-1.7542716291776046,0.6972384730108931,0.2591044140121082,-0.002107111003762968,-0.05999619308086281,0.020216195070134595
28.6575538489379,5.601767964223008,9.278645714545718,-1.7548715911304904,0.6974406317402212,0.25910324061006473,-0.002157779854646703,-0.059996197487576515,0.020215533357560902
28.667553848937903,5.603767810921519,9.280293290975111,-1.7554715531271798,0.6976427832139729,0.2591020560579824,-0.002208469158413973,-0.059996201841590595,0.020214742719758545
28.6775538489379,5.605767641145391,9.281940875481926,-1.7560715151671469,0.6978449261537513,0.25910086043376923,-0.002259178581916729,-0.05999620614308532,0.020213825075486462
28.687553848937903,5.6077674550318735,9.283588467884716,-1.7566714772498673,0.698047059298817,0.2590996538150835,-0.0023099077960403876,-0.05999621039224034,0.02021278231397781
28.697553848937904,5.609767252718848,9.285236068002607,-1.7572714393748181,0.698249181406088,0.2590984362793341,-0.002360656475703831,-0.059996214589234716,0.020211616294939984
28.707553848937902,5.611767034344837,9.286883675655297,-1.7578714015414791,0.6984512912501395,0.2590972079036805,-0.002411424299859408,-0.05999621873424689,0.020210328848554598
28.717553848937904,5.613766800048995,9.288531290663041,-1.758471363749331,0.6986533876232041,0.2590959687650325,-0.0024622109514929316,-0.05999622282745468,0.020208921775477496
28.7275538489379,5.615766549971116,9.290178912846674,-1.7590713259978568,0.6988554693351714,0.25909471894005054,-0.0025130161176236832,-0.059996226869035336,0.020207396846838744
28.737553848937903,5.617766284251628,9.291826542027595,-1.7596712882865408,0.6990575352135887,0.2590934585051455,-0.002563839489304408,-0.059996230859165466,0.020205755804242644
28.7475538489379,5.6197660030315975,9.293474178027768,-1.7602712506148697,0.6992595841036605,0.2590921875364788,-0.002614680761621317,-0.05999623479802107,0.020204000359767715
28.757553848937903,5.6217657064527256,9.295121820669731,-1.7608712129823312,0.6994616148682485,0.2590909061099623,-0.0026655396336940883,-0.05999623868577756,0.02020213219596671
28.767553848937904,5.623765394657342,9.296769469776589,-1.7614711753884156,0.6996636263875448,0.25908961430125566,-0.0027164158086051935,-0.05999624252260974,0.02020015296631094
28.777553848937902,5.625765067788198,9.29841712517201,-1.7620711378326142,0.6998656175515321,0.25908831218563844,-0.002767308991794061,-0.05999624630869185,0.02019806430509631
28.787553848937904,5.627764725988955,9.300064786680199,-1.7626711003144202,0.7000675872775761,0.25908699983806505,-0.0028182188948956584,-0.05999625004419749,0.02019586780299996
28.797553848937902,5.629764369403976,9.301712454125925,-1.763271062833329,0.7002695345026296,0.2590856773332315,-0.0028691452340017685,-0.0599962537292996,0.02019356501846255
28.807553848937903,5.631763998178148,9.303360127334546,-1.7638710253888377,0.7004714581770519,0.25908434474554676,-0.0029200877283152037,-0.05999625736417057,0.020191157486234658
28.8175538489379,5.633763612456888,9.305007806132002,-1.7644709879804448,0.700673357264609,0.2590830021491326,-0.002971046100149804,-0.05999626094898221,0.02018864671737678
28.827553848937903,5.635763212386133,9.306655490344818,-1.7650709506076505,0.7008752307424733,0.25908164961782404,-0.003022020074930438,-0.059996264483905735,0.02018603419925933
28.837553848937905,5.637762798112354,9.308303179800102,-1.765670913269957,0.7010770776012236,0.25908028722516874,-0.0030730093811930015,-0.059996267969111804,0.020183321395562646
28.847553848937903,5.639762369782544,9.30995087432555,-1.7662708759668677,0.7012788968448453,0.25907891504442765,-0.003124013750584419,-0.059996271404770485,0.020180509746276977
28.857553848937904,5.641761927544223,9.311598573749434,-1.7668708386978882,0.7014806874907304,0.2590775331485744,-0.0031750329178626435,-0.05999627479105129,0.020177600667702498
28.867553848937902,5.643761471545438,9.313246277900618,-1.7674708014625253,0.7016824485696773,0.2590761416102957,-0.003226066620896656,-0.05999627812812314,0.0201745955524493
28.877553848937904,5.645761001934764,9.314893986608547,-1.768070764260288,0.7018841791258909,0.2590747405019913,-0.0032771146006664656,-0.05999628141615437,0.020171495769437393
28.887553848937902,5.647760518861299,9.316541699703249,-1.7686707270906863,0.7020858782169823,0.25907332989577375,-0.003328176601263109,-0.05999628465531277,0.02016830266389671
28.897553848937903,5.649760022474672,9.31818941701534,-1.7692706899532327,0.7022875449139698,0.2590719098634687,-0.0033792523698886515,-0.05999628784576553,0.020165017557367094
28.907553848937905,5.651759512925035,9.319837138376013,-1.7698706528474404,0.7024891783012777,0.2590704804766146,-0.0034303416568561874,-0.05999629098767927,0.020161641747698317
28.917553848937903,5.653758990363069,9.321484863617052,-1.7704706157728254,0.7026907774767368,0.25906904180646306,-0.003481444215589838,-0.059996294081220036,0.02015817650905006
28.927553848937904,5.655758454939979,9.323132592570822,-1.7710705787289043,0.7028923415515846,0.25906759392397855,-0.0035325598026247525,-0.0599962971265533,0.020154623091891928
28.937553848937903,5.657757906807536,9.324780325070234,-1.7716705417151961,0.7030938696515766,0.25906613689973595,-0.0035836881779000634,-0.05999630012384395,0.020150982720695897
28.947553848937904,5.659757346118078,9.326428060948746,-1.7722705047312215,0.7032953609167164,0.25906467080388523,-0.003634829104712823,-0.059996303073256325,0.02014725659411743
28.957553848937902,5.661756773024374,9.32807580004044,-1.7728704677765021,0.7034968144970778,0.2590631957063779,-0.0036859823486962992,-0.05999630597495419,0.020143445892451744
28.967553848937904,5.66375618767965,9.329723542179977,-1.773470430850562,0.7036982295535517,0.25906171167686165,-0.0037371476780380703,-0.059996308829100745,0.02013955177575338
28.9775538489379,5.665755590237594,9.331371287202606,-1.7740703939529263,0.7038996052578613,0.2590602187846783,-0.0037883248634843444,-0.059996311635858654,0.020135575383801813
28.987553848937903,5.667754980852351,9.33301903494415,-1.7746703570831217,0.7041009407925636,0.2590587170988642,-0.003839513678339962,-0.059996314395390035,0.020131517836101426
28.997553848937905,5.669754359678524,9.334666785241014,-1.7752703202406772,0.704302235351048,0.2590572066881501,-0.003890713898468395,-0.05999631710785643,0.02012738023188152
29.007553848937903,5.671753726871177,9.336314537930182,-1.7758702834251228,0.704503488137537,0.25905568762096104,-0.003941925302291745,-0.059996319773418856,0.020123163650096327
29.017553848937904,5.673753082585831,9.337962292849221,-1.7764702466359898,0.7047046983670864,0.2590541599654165,-0.0039931476707907474,-0.059996322392237754,0.020118869149424977
29.026704925916658,5.6755826984661395,9.339470167875977,-1.7770192776114515,0.7048887894465583,0.25905275452814047,-0.004040031078112263,-0.05999632474791554,0.020114871825752337
29.036704925916656,5.677581947120916,9.341117926069707,-1.777619137371846,0.7050894028215643,0.25905099156133865,-0.004090968185813611,-0.059995987757731344,0.020108354422454
29.046704925916657,5.679581267430915,9.342765686468711,-1.7782190972676313,0.7052904608127725,0.25904943638230027,-0.004142206722611074,-0.05999599138959554,0.02010316629925751
29.05670492591666,5.681580576765779,9.344413448526348,-1.7788190571994416,0.7054914643519036,0.25904786986526634,-0.004193446542082925,-0.0599959949627345,0.020097465444086415
29.066704925916657,5.683579875218805,9.346061212111827,-1.7794190171666904,0.7056924083354198,0.25904629212722646,-0.004244686638927638,-0.059995998477349086,0.02009125425583018
29.07670492591666,5.685579162886095,9.347708977092505,-1.7800189771687935,0.705893287678712,0.25904470328555307,-0.004295926013791825,-0.059996001933639465,0.02008453505895106
29.086704925916656,5.6875784398665585,9.349356743333896,-1.780618937205169,0.7060940973160995,0.2590431034580018,-0.004347163673270233,-0.059996005331805144,0.0200773101034841
29.096704925916658,5.6895777062619075,9.351004510699653,-1.7812188972752365,0.7062948322008303,0.25904149276271127,-0.004398398629905751,-0.05999600867204495,0.02006958156503713
29.106704925916656,5.691576962176661,9.352652279051584,-1.7818188573784177,0.7064954873050812,0.2590398713182032,-0.004449629902189403,-0.05999601195455705,0.02006135154479077
29.116704925916657,5.693576207718145,9.35430004824965,-1.7824188175141364,0.706696057619957,0.2590382392433823,-0.004500856514560351,-0.059996015179538925,0.02005262206949842
29.12670492591666,5.69557544299649,9.355947818151952,-1.783018777681818,0.7068965381554917,0.2590365966575365,-0.004552077497405897,-0.05999601834718739,0.020043395091486272
29.136704925916657,5.697574668124631,9.357595588614746,-1.7836187378808903,0.7070969239406475,0.2590349436803365,-0.004603291887061477,-0.05999602145769858,0.0200336724886533
29.14670492591666,5.699573883218308,9.359243359492435,-1.7842186981107826,0.7072972100233151,0.2590332804318363,-0.004654498725810668,-0.05999602451126795,0.020023456064471278
29.156704925916657,5.701573088396072,9.360891130637576,-1.7848186583709267,0.7074973914703142,0.25903160703247285,-0.004705697061885183,-0.059996027508090306,0.02001274754798475
29.166704925916658,5.7035722837792715,9.36253890190087,-1.7854186186607561,0.7076974633673927,0.25902992360306615,-0.004756885949464874,-0.059996030448359765,0.020001548593811053
29.176704925916656,5.705571469492178,9.364186673130996,-1.786018578979706,0.7078974208128567,0.2590282302647404,-0.004808064447457024,-0.05999603333226979,0.019989860786136255
29.186704925916658,5.707570645662146,9.36583444417453,-1.7866185393272138,0.708097258919501,0.25902652713870017,-0.00485923162005057,-0.05999603616001321,0.019977685633027497
29.19670492591666,5.70956981241918,9.36748221487656,-1.787218499702719,0.7082969728359841,0.2590248143465307,-0.004910386540759566,-0.05999603893178209,0.019965024554349457
29.206704925916657,5.711568969896155,9.369129985080187,-1.7878184601056628,0.7084965577211448,0.259023092010146,-0.004961528287288306,-0.05999604164776789,0.01995187890309853
29.21670492591666,5.713568118228832,9.3707777546265,-1.7884184205354885,0.7086960087427656,0.25902136025178063,-0.005012655941288689,-0.0599960443081614,0.019938249966315068
29.226704925916657,5.715567257555852,9.372425523354568,-1.7890183809916411,0.7088953210775724,0.2590196191939896,-0.0050637685883602205,-0.05999604691315277,0.01992413896508336
29.23670492591666,5.717566388018746,9.374073291101448,-1.7896183414735676,0.7090944899112346,0.25901786895964846,-0.005114865318050008,-0.059996049462931536,0.019909547054531646
29.246704925916656,5.719565509761923,9.375721057702176,-1.7902183019807165,0.7092935104383653,0.2590161096719534,-0.005165945223852764,-0.05999605195768656,0.019894475323832105
29.256704925916658,5.7215646229326795,9.37736882298978,-1.7908182625125388,0.7094923778625211,0.25901434145442087,-0.0052170074032108086,-0.05999605439760607,0.019878924796200858
29.266704925916656,5.7235637276811975,9.379016586795263,-1.791418223068487,0.709691087396202,0.2590125644308881,-0.005268050957514062,-0.05999605678287767,0.019862896428897974
29.276704925916658,5.725562824160541,9.380664348947622,-1.7920181836480154,0.7098896342608516,0.25901077872551276,-0.0053190749921000514,-0.059996059113688306,0.019846391113227464
29.28670492591666,5.727561912526658,9.382312109273832,-1.7926181442505804,0.7100880136868571,0.259008984462773,-0.00537007861625391,-0.05999606139022428,0.019829409674537283
29.296704925916657,5.729560992938383,9.383959867598852,-1.79321810487564,0.7102862209135493,0.2590071817674675,-0.005421060943208373,-0.05999606361267128,0.019811952872219332
29.30670492591666,5.731560065557432,9.38560762374563,-1.7938180655226543,0.7104842511892021,0.25900537076471547,-0.00547202109014378,-0.0599960657812143,0.019794021399709448
29.316704925916657,5.733559130548465,9.387255377534999,-1.7944180261910851,0.7106820997681682,0.25900355157994903,-0.005522958177642316,-0.05999606789603777,0.019775615886130592
29.32670492591666,5.73555818807944,9.388903128785211,-1.7950179868803964,0.7108797618989956,0.25900172433875873,-0.005573871327536303,-0.05999606995732549,0.019756736900373526
29.336704925916656,5.737557238320959,9.39055087731308,-1.795617947590053,0.7110772328612881,0.2589998891669013,-0.005624759669992661,-0.05999607196526054,0.019737384928441598
29.346704925916658,5.739556281446546,9.39219862293334,-1.7962179083195235,0.7112745079402158,0.2589980461904305,-0.0056756223384583715,-0.05999607392002541,0.019717560393003767
29.35670492591666,5.741555317632741,9.393846365458469,-1.7968178690682763,0.711471582420618,0.2589961955357009,-0.005726458468518722,-0.059996075821801935,0.01969726365723224
29.366704925916657,5.743554347059104,9.395494104698695,-1.797417829835783,0.7116684515870031,0.2589943373293677,-0.005777267197897312,-0.05999607767077136,0.019676495024802475
29.37670492591666,5.74555336990821,9.397141840461991,-1.7980177906215162,0.7118651107235486,0.2589924716983866,-0.00582804766645605,-0.05999607946711433,0.019655254739893168
29.386704925916657,5.747552386365656,9.398789572554072,-1.7986177514249504,0.7120615551141016,0.25899059877001407,-0.005878799016195154,-0.059996081211010854,0.019633542987186274
29.39670492591666,5.749551396620053,9.400437300778407,-1.7992177122455624,0.7122577800421781,0.2589887186718071,-0.005929520391253151,-0.059996082902640364,0.01961135989186699
29.406704925916657,5.7515504008630325,9.4020850249362,-1.7998176730828301,0.7124537807909632,0.25898683153162355,-0.005980210937906879,-0.05999608454218166,0.019588705519623766
29.416704925916658,5.753549399289243,9.403732744826412,-1.8004176339362337,0.7126495526433113,0.25898493747762164,-0.0060308698045714836,-0.05999608612981293,0.019565579876648292
29.42670492591666,5.755548392096352,9.40538046024574,-1.8010175948052547,0.7128450908817461,0.25898303663826033,-0.006081496141800423,-0.05999608766571177,0.019541982909635516
29.436704925916658,5.757547379485043,9.407028170988633,-1.8016175556893765,0.7130403907884603,0.2589811291422993,-0.006132089102285461,-0.059996089150055144,0.019517914505783624
29.44670492591666,5.759546361659019,9.408675876847287,-1.802217516588085,0.7132354476453158,0.2589792151187988,-0.006182647840856675,-0.05999609058301943,0.019493374492794056
29.456704925916657,5.761545338825001,9.410323577611637,-1.8028174775008665,0.713430256733844,0.2589772946971197,-0.006233171514482451,-0.05999609196478038,0.019468362638871504
29.46670492591666,5.763544311192764,9.411971273069323,-1.8034174384272104,0.7136248133344367,0.2589753680069161,-0.0062836592821333475,-0.05999609329551315,0.019442878652700498
29.476704925916657,5.7655432789756285,9.413618963005115,-1.804017399366607,0.7138191127186424,0.2589734351779665,-0.006334110303598065,-0.05999609457539231,0.019416922180340856
29.48670492591666,5.767542242389706,9.415266647201934,-1.804617360318549,0.7140131501669134,0.2589714963402566,-0.006384523742537759,-0.0599960958045918,0.01939049280413892
29.49670492591666,5.7695412016541345,9.416914325440391,-1.8052173212825302,0.7142069209561256,0.25896955162409585,-0.006434898764084719,-0.05999609698328496,0.019363590050025994
29.506704925916658,5.771540156991251,9.41856199749856,-1.8058172822580465,0.7144004203548677,0.25896760116010353,-0.006485234534012216,-0.05999609811164453,0.019336213388320825
29.51670492591666,5.773539108626599,9.420209663151962,-1.8064172432445955,0.7145936436234411,0.25896564507920905,-0.006535530218734512,-0.05999609918984268,0.019308362233729597
29.526704925916658,5.7755380567889185,9.421857322173572,-1.8070172042416768,0.7147865860138599,0.2589636835126518,-0.006585784985306855,-0.05999610021805101,0.019280035945345955
29.53670492591666,5.777537001710157,9.423504974333824,-1.8076171652487907,0.7149792427698513,0.2589617165919812,-0.006635998001425479,-0.05999610119644051,0.019251233826650976
29.546704925916657,5.77953594362546,9.425152619400603,-1.8082171262654403,0.7151716091268547,0.2589597444490567,-0.0066861684354276064,-0.05999610212518163,0.01922195512551319
29.55670492591666,5.781534882773175,9.426800257139245,-1.8088170872911298,0.7153636803120229,0.25895776721604763,-0.006736295456291446,-0.0599961030044442,0.019192199034188562
29.56670492591666,5.7835338193948544,9.428447887312545,-1.809417048325365,0.7155554515442211,0.2589557850254335,-0.006786378233636194,-0.059996103834397484,0.019161964689320517
29.57670492591666,5.785532753735251,9.43009550968075,-1.8100170093676542,0.7157469180340273,0.25895379801000373,-0.006836415937722032,-0.05999610461521017,0.019131251171939912
29.58670492591666,5.787531686042319,9.43174312400156,-1.8106169704175061,0.7159380749837325,0.2589518063028578,-0.006886407739450132,-0.05999610534705036,0.01910005750746506
29.59585600289542,5.789360922816109,9.433250861289583,-1.8111659993988627,0.7161127288487785,0.2589499796787189,-0.006932114693999739,-0.05999610597399273,0.019071090332761102
29.60585600289542,5.791359763541241,9.434898459837036,-1.8117658569620545,0.7163027618275754,0.2589477629575932,-0.006981701853475821,-0.05999576709134866,0.01903724868420691
29.61585600289542,5.793358688492452,9.436546049235195,-1.8123658146416943,0.7164929737624203,0.2589457573547493,-0.007031541124983923,-0.05999576882622422,0.01900510873406337
29.625856002895418,5.795357612304445,9.438193629704703,-1.8129657723383663,0.7166828634412309,0.2589437457121993,-0.007081324514304049,-0.05999577049781591,0.018972796444029896
29.63585600289542,5.7973565351718985,9.439841201042174,-1.8135657300514387,0.7168724291241451,0.2589417281479809,-0.007131051792994996,-0.059995772106340134,0.018940308717638337
29.645856002895417,5.799355457291616,9.441488763042837,-1.814165687780282,0.7170616690402435,0.2589397047800081,-0.007180722727629321,-0.0599957736520126,0.018907642452567472
29.65585600289542,5.801354378862526,9.443136315500537,-1.814765645524269,0.7172505813875502,0.2589376757260711,-0.007230337079793331,-0.059995775135048265,0.018874794540643017
29.66585600289542,5.80335330008568,9.444783858207735,-1.8153656032827743,0.7174391643330318,0.2589356411038364,-0.007279894606087094,-0.059995776555661386,0.018841761867837627
29.67585600289542,5.805352221164258,9.446431390955505,-1.8159655610551748,0.7176274160125983,0.25893360103084656,-0.00732939505812443,-0.0599957779140655,0.018808541314270892
29.68585600289542,5.807351142303561,9.448078913533541,-1.8165655188408494,0.7178153345311026,0.2589315556245206,-0.007378838182532918,-0.0599957792104734,0.01877512975420934
29.695856002895418,5.809350063711015,9.449726425730148,-1.8171654766391792,0.7180029179623405,0.25892950500215356,-0.007428223720953891,-0.0599957804450972,0.01874152405606643
29.70585600289542,5.811348985596175,9.451373927332247,-1.817765434449547,0.7181901643490513,0.2589274492809168,-0.0074775514100424365,-0.05999578161814825,0.018707721082402557
29.715856002895418,5.813347908170716,9.453021418125378,-1.8183653922713388,0.7183770717029168,0.258925388577858,-0.0075268209814674004,-0.059995782729837216,0.018673717689925054
29.72585600289542,5.81534683164844,9.45466889789369,-1.8189653501039413,0.718563638004562,0.258923323009901,-0.007576032161911385,-0.05999578378037401,0.018639510729488194
29.73585600289542,5.817345756245273,9.456316366419955,-1.8195653079467444,0.7187498612035551,0.25892125269384575,-0.007625184673070745,-0.059995784769967864,0.018605097046093175
29.74585600289542,5.819344682179268,9.457963823485553,-1.8201652657991394,0.7189357392184071,0.2589191777463686,-0.007674278231655593,-0.05999578569882724,0.018570473478888145
29.75585600289542,5.821343609670599,9.459611268870487,-1.8207652236605198,0.7191212699365723,0.258917098284022,-0.007723312549389797,-0.05999578656715992,0.018535636861168173
29.76585600289542,5.823342538941568,9.46125870235337,-1.8213651815302818,0.7193064512144477,0.2589150144232347,-0.007772287333010982,-0.05999578737517295,0.018500584020375275
29.77585600289542,5.825341470216766,9.462906123711178,-1.8219651394078231,0.7194912808760626,0.2589129262804012,-0.007821202284137923,-0.05999578812307268,0.018465311775353044
29.785856002895418,5.827340403723806,9.464553532718167,-1.8225650972925431,0.719675756705425,0.2589108339723397,-0.007870057098283752,-0.05999578881106483,0.0184298169261915
29.79585600289542,5.82933933969146,9.466200929148664,-1.823165055183844,0.7198598764605554,0.2589087376153237,-0.007918851466181126,-0.05999578943935426,0.018394096286155955
29.80585600289542,5.8313382783506755,9.467848312775528,-1.8237650130811303,0.720043637868571,0.25890663732554026,-0.007967585073660334,-0.05999579000814513,0.018358146660966492
29.81585600289542,5.833337219934823,9.469495683369754,-1.8243649709838077,0.7202270386239615,0.25890453321921814,-0.008016257601506541,-0.05999579051764092,0.01832196484430956
29.82585600289542,5.835336164679696,9.471143040700484,-1.8249649288912848,0.7204100763885896,0.2589024254126274,-0.008064868725459789,-0.05999579096804443,0.018285547617837974
29.83585600289542,5.837335112823518,9.472790384535003,-1.8255648868029715,0.7205927487916897,0.25890031402207964,-0.008113418116214985,-0.059995791359557765,0.018248891751170906
29.84585600289542,5.83933406460693,9.474437714638738,-1.82616484471828,0.7207750534298689,0.25889819916392787,-0.008161905439421909,-0.05999579169238239,0.018211994001893904
29.85585600289542,5.841333020273002,9.476085030775257,-1.826764802636624,0.7209569878671072,0.2588960809545664,-0.00821033035568522,-0.05999579196671905,0.018174851115558867
29.86585600289542,5.8433319800672265,9.477732332706275,-1.8273647605574206,0.7211385496347562,0.2588939595104312,-0.008258692520564439,-0.05999579218276784,0.018137459825684064
29.875856002895418,5.8453309442375225,9.479379620191644,-1.827964718480087,0.7213197362315407,0.25889183494799967,-0.008306991584573967,-0.05999579234072816,0.018099816853754135
29.88585600289542,5.8473299130342316,9.481026892989368,-1.8285646764040433,0.7215005451235575,0.2588897073837904,-0.008355227193183077,-0.059995792440798744,0.01806191890922007
29.89585600289542,5.849328886710119,9.482674150855583,-1.8291646343287118,0.7216809737442763,0.25888757693436376,-0.008403398986815911,-0.059995792483177636,0.018023762689499234
29.90585600289542,5.851327865520378,9.484321393544576,-1.8297645922535164,0.7218610194945387,0.2588854437163214,-0.008451506600851484,-0.05999579246806221,0.01798534487997535
29.91585600289542,5.853326849722624,9.485968620808775,-1.8303645501778831,0.7220406797425591,0.25888330784630637,-0.008499549665623683,-0.059995792395649165,0.01794666215399851
29.92585600289542,5.855325839576895,9.487615832398747,-1.8309645081012398,0.7222199518239245,0.2588811694410032,-0.008547527806421271,-0.0599957922661345,0.01790771117288517
29.93585600289542,5.857324835345657,9.489263028063208,-1.8315644660230166,0.7223988330415938,0.25887902861713796,-0.008595440643487877,-0.059995792079713575,0.017868488585918146
29.945856002895418,5.859323837293799,9.490910207549014,-1.8321644239426453,0.722577320665899,0.258876885491478,-0.008643287792022007,-0.059995791836581026,0.01782899103034662
29.95585600289542,5.861322845689441,9.492557370600018,-1.8327643818595598,0.7227554119270446,0.2588747401811806,-0.008691068861280312,-0.05999579153693092,0.017789215119354735
29.96585600289542,5.863321860803237,9.494204516958082,-1.8333643397731954,0.7229331040190689,0.2588725928035818,-0.008738783454803159,-0.05999579118095662,0.01774915745514724
29.97585600289542,5.86532088290731,9.495851646364553,-1.8339642976829902,0.7231103941111303,0.25887044347570437,-0.008786431171905104,-0.05999579076885071,0.017708814643133168
29.98585600289542,5.867319912276562,9.497498758558406,-1.8345642555883843,0.723287279337127,0.2588682923147654,-0.008834011606608896,-0.05999579030080515,0.017668183270468495
29.99585600289542,5.869318949188678,9.499145853276232,-1.8351642134888189,0.7234637567956367,0.25886613943817943,-0.008881524347638862,-0.05999578977701124,0.01762725990594748
30.00585600289542,5.871317993924127,9.50079293025224,-1.835764171383738,0.7236398235499174,0.25886398496355834,-0.008928968978420906,-0.05999578919765966,0.01758604110000267
30.01585600289542,5.8733170467661635,9.50243998921826,-1.8363641292725867,0.7238154766279066,0.2588618290087112,-0.008976345077082502,-0.059995788562940446,0.017544523384704903
30.02585600289542,5.875316108000825,9.504087029903731,-1.8369640871548125,0.723990713022222,0.2588596716916445,-0.009023652216452707,-0.05999578787304299,0.01750270327376331
30.03585600289542,5.877315177916933,9.505734052035715,-1.8375640450298645,0.724165529690161,0.258857513130562,-0.009070889964062152,-0.05999578712815604,0.01746057726252531
30.04585600289542,5.8793142568060945,9.507381055338891,-1.8381640028971937,0.7243399235537014,0.25885535344386473,-0.009118057882143045,-0.059995786328467735,0.017418141827976602
30.05585600289542,5.8813133449627,9.509028039535554,-1.838763960756253,0.7245138914995001,0.25885319275015123,-0.009165155527629167,-0.05999578547416554,0.017375393428741188
30.06585600289542,5.883312442683923,9.510675004345616,-1.8393639186064967,0.7246874303788947,0.2588510311682171,-0.00921218245215588,-0.05999578456543631,0.01733232850508135
30.07585600289542,5.885311550269725,9.512321949486605,-1.8399638764473822,0.7248605370079023,0.25884886881705543,-0.009259138202060119,-0.05999578360246624,0.017288943478897662
30.08585600289542,5.887310668022846,9.513968874673669,-1.8405638342783672,0.72503320816722,0.25884670581585656,-0.009306022318380396,-0.059995782585440895,0.017245234753728987
30.09585600289542,5.889309796248815,9.51561577961957,-1.8411637920989126,0.7252054406022246,0.25884454228400816,-0.009352834336856799,-0.05999578151454521,0.017201198714752473
30.105856002895422,5.891308935255944,9.517262664034691,-1.84176374990848,0.7253772310229734,0.25884237834109525,-0.009399573787930994,-0.05999578038996346,0.01715683172878357
30.11585600289542,5.8933080853553275,9.518909527627027,-1.842363707706534,0.7255485761042029,0.25884021410690006,-0.009446240196746223,-0.05999577921187931,0.017112130144275997
30.12585600289542,5.895307246860845,9.520556370102197,-1.8429636654925403,0.7257194724853301,0.2588380497014023,-0.009492833083147302,-0.05999577798047576,0.01706709029132178
30.13585600289542,5.897306420089381,9.522203191163156,-1.8435636232659665,0.725889916765631,0.2588358852449262,-0.009539351960830358,-0.05999577669593519,0.017021708480987344
30.14585600289542,5.899305605361049,9.523849990509879,-1.8441635810262824,0.7260599055026509,0.2588337208582224,-0.009585796337209383,-0.059995775358439335,0.016975981001076272
30.15585600289542,5.901304802998835,9.5254967678398,-1.8447635387729595,0.7262294352209974,0.25883155666220264,-0.009632165714999474,-0.059995773968169346,0.016929904116482188
30.165007079874172,5.903134295260265,9.527003726898664,-1.8453125647129434,0.7263841679589068,0.25882957646004473,-0.009674532542875394,-0.05999577264983217,0.01688742943505679
30.175007079874174,5.905133428173441,9.528650460145064,-1.845912418932228,0.7265522883361992,0.25882719841152,-0.009720435339001614,-0.05999543163628006,0.016839110496647044
30.185007079874175,5.907132660764961,9.53029717157182,-1.8465123732466355,0.7267204486267442,0.25882503519321615,-0.009766551682886142,-0.05999543123360884,0.016792992776415386
30.195007079874173,5.909131906748336,9.531943860055417,-1.8471123275566663,0.7268881492758861,0.2588228711340835,-0.009812573470163604,-0.05999543076096469,0.016747180497048465
30.205007079874175,5.911131166309808,9.53359052542931,-1.8477122818616218,0.7270553932890435,0.2588207062791016,-0.00985850146963688,-0.05999543021858693,0.016701665808232735
30.215007079874173,5.913130439635843,9.53523716752705,-1.8483122361608062,0.7272221835980467,0.25881854067309606,-0.009904336434774298,-0.059995429606714085,0.016656440940992973
30.225007079874175,5.915129726913135,9.53688378618229,-1.8489121904535253,0.7273885230611373,0.2588163743607388,-0.009950079103709639,-0.05999542892558389,0.016611498207692275
30.235007079874173,5.917129028328604,9.53853038122878,-1.8495121447390879,0.7275544144629682,0.2588142073865479,-0.009995730199242138,-0.059995428175433255,0.016566830002032063
30.245007079874174,5.919128344069394,9.540176952500364,-1.850112099016805,0.7277198605146038,0.25881203979488776,-0.010041290428836485,-0.05999542735649829,0.01652242879905208
30.255007079874176,5.921127674322876,9.541823499830985,-1.8507120532859898,0.7278848638535196,0.25880987162996877,-0.010086760484622818,-0.05999542646901432,0.016478287155130396
30.265007079874174,5.923127019276649,9.543470023054688,-1.851312007545958,0.7280494270436026,0.2588077029358476,-0.01013214104339673,-0.05999542551321582,0.01643439770798339
30.275007079874175,5.9251263791185345,9.54511652200561,-1.8519119617960276,0.7282135525751513,0.2588055337564273,-0.010177432766619268,-0.0599954244893365,0.01639075317666578
30.285007079874173,5.9271257540365845,9.546762996517993,-1.8525119160355188,0.7283772428648756,0.25880336413545685,-0.01022263630041693,-0.05999542339760926,0.01634734636157059
30.295007079874175,5.929125144219099,9.548409446426133,-1.8531118702637543,0.7285405002566336,0.25880119411655556,-0.010267752275757505,-0.05999542223826617,0.016304170142863166
30.305007079874173,5.931124549854925,9.550055871563899,-1.8537118244800592,0.7287033270286732,0.2587990237437061,-0.01031278131018867,-0.059995421011538576,0.01626121746296046
30.315007079874174,5.933123971132716,9.551702271765658,-1.8543117786837608,0.728865725372369,0.25879685306085326,-0.010357724002769563,-0.05999541971765695,0.01621848136956287
30.325007079874176,5.935123408241421,9.553348646865777,-1.8549117328741889,0.729027697408477,0.25879468211184814,-0.010402580937908586,-0.05999541835685097,0.01617595498626399
30.335007079874174,5.937122861370498,9.554994996698355,-1.8555116870506752,0.7291892451933271,0.25879251094056427,-0.0104473526868357,-0.05999541692934954,0.016133631500122005
30.345007079874176,5.93912233070991,9.556641321097228,-1.856111641212554,0.729350370718824,0.2587903395908977,-0.01049203980760242,-0.059995415435380804,0.016091504161659696
30.355007079874174,5.941121816450125,9.558287619895967,-1.856711595359162,0.729511075912447,0.2587881681067668,-0.010536642845081826,-0.059995413875172134,0.016049566284864425
30.365007079874175,5.9431213187821195,9.55993389292788,-1.8573115494898376,0.7296713626372496,0.2587859965321126,-0.010581162330968556,-0.059995412248950115,0.016007811247188152
30.375007079874173,5.945120837897372,9.561580140026006,-1.857911503603922,0.72983123269186,0.25878382491089835,-0.010625598783778804,-0.05999541055694058,0.01596623248954743
30.385007079874175,5.947120373987872,9.563226361023123,-1.8585114577007582,0.7299906878104805,0.25878165328710995,-0.010669952708850324,-0.059995408799368585,0.0159248235163234
30.395007079874176,5.949119927246111,9.564872555751741,-1.8591114117796919,0.7301497296628882,0.2587794817047557,-0.010714224598342433,-0.059995406976458415,0.015883577895361788
30.405007079874174,5.951119497865088,9.566518724044107,-1.8597113658400706,0.7303083598544345,0.25877731020786626,-0.010758414931236,-0.05999540508843358,0.015842489257972922
30.415007079874176,5.95311908603831,9.568164865732202,-1.8603113198812444,0.7304665799260454,0.25877513884049486,-0.01080252417333346,-0.05999540313551683,0.015801551298931717
30.425007079874174,5.955118691959902,9.569810980647592,-1.8609112739025655,0.7306243913567287,0.2587729676467944,-0.01084655277787803,-0.05999540111793015,0.01576075777067324
30.435007079874175,5.957118315824757,9.571457068621132,-1.8615112279033879,0.7307817955650513,0.25877079667138825,-0.010890501185963708,-0.059995399035894785,0.01572010247651274
30.445007079874173,5.959117957827769,9.573103129483949,-1.8621111818830687,0.7309387938925359,0.25876862595892364,-0.010934369822430227,-0.05999539688963116,0.015679579308762508
30.455007079874175,5.961117618164537,9.574749163066649,-1.8627111358409667,0.73109538762169,0.25876645555417327,-0.010978159100240416,-0.05999539467935895,0.01563918221198493
30.465007079874177,5.963117297031447,9.576395169199229,-1.8633110897764429,0.7312515779778779,0.25876428550206715,-0.011021869420938607,-0.05999539240529709,0.015598905178931284
30.475007079874175,5.965116994625668,9.578041147711069,-1.8639110436888604,0.731407366129321,0.25876211584769293,-0.011065501174650638,-0.05999539006766377,0.015558742250541747
30.485007079874176,5.967116711145155,9.579687098430938,-1.8645109975775849,0.7315627531870973,0.2587599466362958,-0.011109054740083847,-0.05999538766667646,0.015518687515945402
30.495007079874174,5.9691164467886475,9.581333021186985,-1.8651109514419837,0.7317177402051418,0.25875777791327836,-0.011152530484527077,-0.05999538520255189,0.015478735112460233
30.505007079874176,5.971116201755671,9.582978915806756,-1.8657109052814267,0.7318723281802465,0.25875560972420086,-0.011195928763850675,-0.05999538267550603,0.015438879225593125
30.515007079874174,5.973115976246536,9.584624782117173,-1.8663108590952853,0.7320265180520601,0.25875344211478096,-0.011239249922506486,-0.059995380085754155,0.015399114089039868
30.525007079874175,5.975115770462337,9.586270619944546,-1.866910812882934,0.7321803107030883,0.2587512751308939,-0.01128249429352786,-0.05999537743351076,0.015359433984685148
30.535007079874177,5.977115584604955,9.587916429114575,-1.8675107666437483,0.7323337069586937,0.2587491088185725,-0.011325662198529653,-0.05999537471898963,0.01531983324260256
30.545007079874175,5.979115418877054,9.589562209452344,-1.868110720377107,0.7324867075870957,0.2587469432240069,-0.01136875394770822,-0.059995371942403806,0.015280306241054592
30.555007079874176,5.981115273482132,9.591207960782265,-1.8687106740823902,0.732639313300068,0.2587447783935676,-0.011411769840024023,-0.0599953691039656,0.015240847404607315
30.565007079874174,5.983115148624892,9.592853682927535,-1.8693106277589806,0.7327915247573609,0.25874261437416557,-0.011454710164426288,-0.05999536620388663,0.015201451189028723
30.575007079874176,5.98511504451031,9.594499375711258,-1.8699105814062627,0.7329433425508893,0.25874045121295164,-0.011497575195764047,-0.05999536324237771,0.015162112121344358
30.585007079874174,5.987114961344211,9.596145038955838,-1.8705105350236235,0.733094767217208,0.2587382889572768,-0.011540365197897437,-0.05999536021964895,0.015122824773003106
30.595007079874176,5.989114899333491,9.597790672482711,-1.871110488610452,0.7332457992413349,0.25873612765475923,-0.01158308042468012,-0.059995357135909734,0.015083583750398675
30.605007079874177,5.991114858686116,9.59943627611236,-1.8717104421661388,0.7333964390567526,0.25873396735328424,-0.01162572111995928,-0.059995353991368745,0.015044383694869594
30.615007079874175,5.993114839611122,9.601081849664297,-1.872310395690077,0.7335466870454069,0.2587318081010044,-0.011668287517575631,-0.059995350786233984,0.01500521928269922
30.625007079874177,5.995114842318617,9.602727392957075,-1.8729103491816623,0.7336965435377082,0.25872964994633935,-0.011710779841363404,-0.059995347520712713,0.014966085225115732
30.635007079874175,5.9971148670197785,9.604372905808283,-1.873510302640291,0.73384600881253,0.25872749293797603,-0.011753198305150354,-0.05999534419501152,0.014926976268292128
30.645007079874176,5.999114913926854,9.606018388034547,-1.874110256065363,0.7339950830972106,0.25872533712486845,-0.011795543112757762,-0.05999534080933627,0.014887887193346236
30.655007079874174,6.001114983253162,9.607663839451535,-1.874710209456279,0.7341437665675515,0.25872318255623783,-0.011837814458000433,-0.05999533736389215,0.0148488128163407
30.665007079874176,6.003115075213092,9.609309259873946,-1.8753101628124427,0.7342920593478185,0.25872102928157253,-0.011880012524686696,-0.05999533385888361,0.014809747988282993
30.675007079874177,6.005115190022101,9.610954649115518,-1.8759101161332592,0.7344399615107412,0.2587188773506282,-0.0119221374866184,-0.05999533029451442,0.014770687595125408
30.685007079874175,6.007115327896722,9.61260000698903,-1.876510069418136,0.7345874730775129,0.25871672681342756,-0.01196418950759092,-0.059995326670987635,0.014731626557765061
30.695007079874177,6.009115489054545,9.614245333306252,-1.8771100226664825,0.734734594015942,0.2587145777203914,-0.01200616874098989,-0.05999532298850561,0.014692559833702795
30.705007079874175,6.011115673714305,9.615890627877743,-1.8777099758777103,0.7348813242383236,0.25871243012264034,-0.012048075329392895,-0.05999531924726999,0.01465348241625968
30.715007079874177,6.01311588209603,9.61753589051293,-1.8783099290512328,0.7350276636121056,0.25871028407139507,-0.01208990940697345,-0.05999531544748176,0.014614389321958708
30.725007079874175,6.015116114420992,9.619181121020059,-1.8789098821864654,0.7351736119558079,0.2587081396181973,-0.01213167109858915,-0.0599953115893412,0.014575275595197744
30.734158156852928,6.016946563589164,9.620686655804978,-1.8794589038848333,0.7353068275670516,0.2587061786570557,-0.012169824213256835,-0.05999530800776497,0.014539460047287033
30.74415815685293,6.01894675244009,9.622331821733413,-1.880058753445284,0.7354515031240767,0.2587038250244343,-0.012211131330900706,-0.059994964513769025,0.01449864804376529
30.75415815685293,6.0209470529727485,9.623976957393976,-1.8806587030760265,0.7355962971915895,0.2587016871562134,-0.012252667600998746,-0.059994961621568005,0.014460242027983988
30.76415815685293,6.022947378226543,9.625622060295376,-1.881258652677451,0.7357407096888429,0.2586995508054837,-0.012294124977297894,-0.05999495865023681,0.014422332500882526
30.77415815685293,6.024947728361497,9.627267130311763,-1.8818586022487678,0.7358847455331755,0.2586974159372635,-0.01233550455671858,-0.0599949556000461,0.014384912046807873
30.78415815685293,6.026948103536455,9.628912167318445,-1.8824585517891896,0.7360284095734666,0.25869528251685775,-0.012376807420861788,-0.059994952471265614,0.014347973350810147
30.79415815685293,6.028948503909068,9.630557171191876,-1.883058501297932,0.7361717065901363,0.2586931505098582,-0.01241803463600906,-0.05999494926416419,0.014311509198642606
30.804158156852928,6.030948929635809,9.632202141809666,-1.883658450774213,0.7363146412951458,0.25869101988214305,-0.012459187253122488,-0.05999494597900975,0.014275512476761653
30.81415815685293,6.032949380871959,9.63384707905057,-1.8842584002172533,0.7364572183319967,0.25868889059987715,-0.012500266307844725,-0.0599949426160693,0.014239976172326835
30.82415815685293,6.034949857771618,9.635491982794502,-1.8848583496262763,0.7365994422757316,0.2586867626295121,-0.012541272820498975,-0.05999493917560894,0.014204893373200843
30.83415815685293,6.0369503604877,9.63713685292252,-1.8854582990005082,0.736741317632934,0.2586846359377861,-0.012582207796088998,-0.059994935657893864,0.014170257267949512
30.84415815685293,6.038950889171931,9.638781689316838,-1.886058248339178,0.7368828488417283,0.25868251049172397,-0.012623072224299111,-0.05999493206318834,0.01413606114584182
30.85415815685293,6.040951443974853,9.64042649186082,-1.8866581976415164,0.7370240402717793,0.2586803862586371,-0.012663867079494183,-0.05999492839175573,0.014102298396849889
30.86415815685293,6.042952025045888,9.6420712604389,-1.887258146906758,0.7371648962282312,0.25867826320618587,-0.012704593321597436,-0.059994924643858506,0.01406896250515733
30.87415815685293,6.0449526325333105,9.643715994936475,-1.8878580961341394,0.7373054209527684,0.25867614130276184,-0.012745251896271566,-0.05999492081975827,0.014036047045912409
30.88415815685293,6.046953266583928,9.645360695240283,-1.8884580453228996,0.7374456186041811,0.2586740205171817,-0.01278584373058645,-0.05999491691971563,0.014003545717252399
30.89415815685293,6.048953927343526,9.647005361238064,-1.889057994472281,0.7375854932821897,0.25867190081857727,-0.012826369738402349,-0.05999491294399035,0.013971452303030775
30.90415815685293,6.050954614956912,9.648649992818509,-1.8896579435815277,0.7377250490293623,0.2586697821764041,-0.01286683082080055,-0.05999490889284128,0.013939760669744736
30.91415815685293,6.0529553295679035,9.65029458987128,-1.890257892649887,0.7378642898311151,0.2586676645604415,-0.012907227866083363,-0.059994904766526434,0.013908464766535211
30.92415815685293,6.054956071319338,9.651939152286996,-1.8908578416766086,0.7380032196157116,0.2586655479407927,-0.012947561749774128,-0.059994900565302926,0.013877558625186857
30.93415815685293,6.056956840353067,9.653583679957238,-1.8914577906609444,0.7381418422542635,0.2586634322878848,-0.012987833334617211,-0.05999489628942702,0.013847036360128054
30.94415815685293,6.058957636809957,9.65522817277455,-1.8920577396021496,0.7382801615607301,0.2586613175724685,-0.013028043470578001,-0.05999489193915409,0.013816892168430912
30.95415815685293,6.0609584608298945,9.656872630632435,-1.8926576884994808,0.7384181812919185,0.2586592037656186,-0.013068192994842914,-0.05999488751473863,0.013787120329811267
30.964158156852932,6.062959312551779,9.658517053425358,-1.8932576373521983,0.7385559051474838,0.2586570908387334,-0.013108282731819396,-0.0599948830164343,0.01375771520662868
30.97415815685293,6.064960192113526,9.660161441048746,-1.8938575861595643,0.7386933367699284,0.25865497876353527,-0.013148313493135912,-0.05999487844449383,0.013728671243886442
30.98415815685293,6.0669610996520795,9.661805793398976,-1.8944575349208437,0.738830479745261,0.2586528675120731,-0.01318828607779013,-0.059994873799169124,0.013699982968179338
30.99415815685293,6.068962035303579,9.663450110373153,-1.8950574836353038,0.7389673376129768,0.25865075705692137,-0.013228201274376187,-0.05999486908071125,0.013671644971116021
31.00415815685293,6.070962999202874,9.665094391869498,-1.8956574323022144,0.7391039138409703,0.2586486473712938,-0.01326805985540332,-0.05999486428937034,0.013643651948585947
31.01415815685293,6.072963991483848,9.666738637787162,-1.8962573809208485,0.739240211841321,0.2586465384287601,-0.013307862580898415,-0.05999485942539567,0.013615998676890707
31.02415815685293,6.074965012279578,9.6683828480261,-1.8968573294904807,0.7393762349784908,0.25864443020322264,-0.013347610200259973,-0.05999485448903567,0.013588679999867029
31.034158156852932,6.076966061722336,9.670027022487066,-1.8974572780103884,0.7395119865693225,0.25864232266891574,-0.01338730345225812,-0.059994849480537946,0.013561690828886764
31.04415815685293,6.078967139943586,9.671671161071613,-1.8980572264798519,0.739647469883041,0.2586402158004061,-0.013426943065034593,-0.05999484440014926,0.0135350261428569
31.05415815685293,6.080968247073984,9.673315263682095,-1.8986571748981529,0.7397826881412525,0.25863810957259276,-0.013466529756102755,-0.05999483924811553,0.013508680988219553
31.06415815685293,6.082969383243381,9.67495933022167,-1.8992571232645765,0.7399176445179451,0.258636003960707,-0.013506064232347584,-0.059994834024681844,0.013482650478951974
31.07415815685293,6.08497054858082,9.67660336059429,-1.8998570715784098,0.7400523421394883,0.2586338989403125,-0.013545547190025682,-0.059994828730092466,0.01345692979656654
31.08415815685293,6.086971743214537,9.678247354704716,-1.9004570198389423,0.7401867840846337,0.258631794487305,-0.013584979314765266,-0.05999482336459081,0.01343151419011076
31.09415815685293,6.088972967271961,9.679891312458501,-1.9010569680454663,0.7403209733845137,0.25862969057791274,-0.013624361281566175,-0.05999481792841945,0.01340639897616728
31.104158156852932,6.090974220879716,9.681535233762006,-1.901656916197276,0.7404549130226432,0.25862758718869616,-0.013663693754799866,-0.059994812421820136,0.013381579538853867
31.11415815685293,6.09297550416364,9.68317911852236,-1.9022568642936688,0.7405886059361192,0.25862548429655324,-0.013702977388480976,-0.059994806845033784,0.013357051327897239
31.124158156852932,6.094976817248915,9.684822966647289,-1.9028568123339433,0.7407220550230315,0.2586233818789246,-0.013742212827923029,-0.05999480119830053,0.013332809846089033
31.13415815685293,6.096978160259612,9.686466778045483,-1.903456760317402,0.7408552631195784,0.2586212799138493,-0.013781400704545413,-0.0599947954818596,0.01330885068539076
31.14415815685293,6.0989795333190475,9.688110552626387,-1.9040567082433484,0.740988233017291,0.2586191783797086,-0.013820541639805147,-0.0599947896959494,0.013285169500604642
31.15415815685293,6.100980936549892,9.689754290300103,-1.9046566561110896,0.741120967468127,0.25861707725520794,-0.01385963624635324,-0.05999478384080755,0.013261762001359255
31.16415815685293,6.102982370074161,9.691397990977396,-1.9052566039199343,0.741253469184471,0.25861497651937715,-0.0138986851280347,-0.05999477791667085,0.013238623952109525
31.174158156852933,6.104983834013221,9.693041654569692,-1.9058565516691939,0.7413857408391346,0.2586128761515704,-0.013937688879888525,-0.05999477192377531,0.013215751172136726
31.18415815685293,6.106985328487788,9.694685280989079,-1.9064564993581816,0.7415177850653557,0.2586107761314662,-0.013976648088147713,-0.05999476586235614,0.013193139535548489
31.194158156852932,6.108986853617928,9.696328870148307,-1.9070564469862137,0.7416496044567997,0.2586086764390675,-0.01401556333023925,-0.059994759732647764,0.013170784971278793
31.20415815685293,6.110988409523056,9.697972421960785,-1.9076563945526082,0.7417812015675586,0.2586065770547014,-0.014054435174784123,-0.059994753534883774,0.013148683463087969
31.214158156852932,6.112989996321935,9.699615936340585,-1.9082563420566858,0.7419125789121509,0.25860447795901953,-0.014093264181597306,-0.059994747269297,0.013126831049562698
31.22415815685293,6.114991614132678,9.701259413202443,-1.9088562894977692,0.7420437389655222,0.2586023791329977,-0.014132050901687775,-0.05999474093611946,0.013105223824116016
31.23415815685293,6.116993263072748,9.702902852461754,-1.9094562368751837,0.7421746841630451,0.25860028055793627,-0.014170795877258493,-0.05999473453558235,0.013083857934987307
31.244158156852933,6.118994943258959,9.704546254034573,-1.9100561841882573,0.7423054169005142,0.25859818221546005,-0.014209499641705389,-0.059994728067916094,0.013062729585247883
31.25415815685293,6.120996654807384,9.706189617837575,-1.9106561314363193,0.7424359395309452,0.25859608408782775,-0.014248162718862867,-0.059994721533350316,0.013041835036676963
31.264158156852933,6.122998397833478,9.70783294378802,-1.911256078618702,0.7425662543695338,0.2585939861577599,-0.014286785624144363,-0.059994714932113835,0.01302117060256655
31.27415815685293,6.125000172452183,9.709476231803762,-1.9118560257347401,0.7426963636984967,0.2585918884081237,-0.014325368865670624,-0.05999470826443472,0.013000732641255595
31.284158156852932,6.127001978777877,9.711119481803241,-1.91245597278377,0.7428262697647077,0.25858979082212064,-0.014363912943716924,-0.05999470153054025,0.012980517559141841
31.29415815685293,6.1290038169243735,9.712762693705471,-1.913055919765131,0.742955974779699,0.2585876933832867,-0.014402418350713072,-0.059994694730656925,0.01296052181068183
31.30330923383169,6.13083574240202,9.714266376114686,-1.9136049358062348,0.7430744945168402,0.25858577411608297,-0.014437621471731507,-0.05999468845039985,0.012942412762855364
31.313309233831692,6.132837551341039,9.715909511021255,-1.914204779156301,0.7432032937883548,0.25858346513978825,-0.014475736336384196,-0.05999434199767443,0.012921030221602861
31.32330923383169,6.134839480002635,9.717552611309054,-1.914804722547039,0.7433324087647722,0.25858136766253004,-0.014514112337508493,-0.05999433613475647,0.01290203710426038
31.33330923383169,6.136841440772359,9.719195673333425,-1.9154046658786914,0.7434613361582897,0.258579268676849,-0.014552441082871721,-0.05999433018062168,0.012883512350775183
31.34330923383169,6.138843433669747,9.720838697093047,-1.9160046091503478,0.7435900806177537,0.2585771681282721,-0.014590723542272083,-0.05999432413558204,0.012865450950095572
31.35330923383169,6.140845458712771,9.722481682588237,-1.9166045523611006,0.7437186467467526,0.25857506596270136,-0.014628960674717448,-0.05999431799994849,0.012847847971182833
31.363309233831693,6.14284751591783,9.724124629820954,-1.9172044955100458,0.7438470391036177,0.2585729621264139,-0.014667153428425362,-0.05999431177403092,0.012830698563011228
31.37330923383169,6.14484960529975,9.725767538794795,-1.9178044385962816,0.7439752622014227,0.258570856566062,-0.014705302740823035,-0.05999430545813817,0.012813997954567996
31.383309233831692,6.146851726871786,9.727410409514992,-1.91840438161891,0.7441033205079836,0.2585687492286728,-0.014743409538547353,-0.05999429905257805,0.012797741454853358
31.39330923383169,6.148853880645624,9.729053241988419,-1.9190043245770358,0.7442312184458588,0.2585666400616487,-0.014781474737444872,-0.05999429255765727,0.01278192445288051
31.403309233831692,6.150856066631378,9.73069603622359,-1.9196042674697669,0.7443589603923494,0.25856452901276716,-0.014819499242571818,-0.05999428597368155,0.012766542417675627
31.41330923383169,6.15285828483759,9.732338792230651,-1.920204210296214,0.7444865506794986,0.2585624160301806,-0.014857483948194089,-0.05999427930095553,0.012751590898277869
31.42330923383169,6.154860535271233,9.733981510021398,-1.9208041530554916,0.7446139935940924,0.2585603010624166,-0.014895429737787251,-0.05999427253978279,0.012737065523739363
31.433309233831693,6.156862817937707,9.735624189609252,-1.921404095746716,0.7447412933776988,0.2585581840583778,-0.014933337484045175,-0.059994265690465884,0.012722962003070987
31.44330923383169,6.158865132840875,9.737266831009238,-1.9220040383690078,0.7448684542358924,0.25855606496742223,-0.01497120805085679,-0.05999425875330636,0.012709276112556948
31.453309233831693,6.160867479982864,9.738909434238018,-1.9226039809214899,0.744995480319577,0.2585539437396602,-0.015009042289183457,-0.05999425172860471,0.01269600372095016
31.46330923383169,6.162869859364209,9.740551999313888,-1.9232039234032885,0.7451223757312387,0.2585518203256259,-0.015046841038507838,-0.059994244616660315,0.01268314078103977
31.473309233831692,6.164872270983968,9.742194526256737,-1.9238038658135326,0.7452491445375791,0.2585496946761612,-0.01508460512960296,-0.05999423741777158,0.01267068331245114
31.48330923383169,6.166874714839719,9.743837015088046,-1.9244038081513546,0.7453757907695152,0.25854756674241525,-0.015122335384532209,-0.0599942301322359,0.012658627401645837
31.493309233831692,6.168877190927565,9.745479465830883,-1.9250037504158894,0.7455023184221795,0.2585454364758447,-0.015160032616649331,-0.05999422276034966,0.012646969201921637
31.503309233831693,6.1708796992421275,9.747121878509914,-1.925603692606275,0.7456287314549203,0.25854330382821367,-0.01519769763059843,-0.05999421530240824,0.012635704933412524
31.51330923383169,6.172882239776551,9.74876425315139,-1.9262036347216522,0.7457550337913008,0.25854116875159366,-0.015235331222313974,-0.059994207758706036,0.012624830883088693
31.523309233831693,6.174884812522502,9.750406589783154,-1.9268035767611646,0.7458812293191003,0.2585390311983637,-0.015272934179020786,-0.059994200129536414,0.012614343404756548
31.53330923383169,6.176887417470169,9.752048888434645,-1.9274035187239595,0.746007321890313,0.25853689112121025,-0.015310507279234054,-0.05999419241519175,0.0126042389190587
31.543309233831692,6.178890054608262,9.75369114913689,-1.928003460609186,0.7461333153211493,0.2585347484731272,-0.01534805129275932,-0.059994184615963425,0.012594513913473966
31.55330923383169,6.180892723924012,9.755333371922504,-1.928603402415997,0.7462592133920346,0.25853260320741583,-0.015385566980692492,-0.0599941767321418,0.012585164942317381
31.563309233831692,6.182895425403175,9.756975556825697,-1.929203344143548,0.7463850198477693,0.25853045527768376,-0.015423055095454385,-0.05999416876401624,0.012576188626532474
31.573309233831694,6.1848981590300465,9.758617703882262,-1.9298032857909972,0.746510738407523,0.25852830463785303,-0.01546051638292906,-0.059994160711875175,0.012567581640697335
31.58330923383169,6.186900924787297,9.760259813129569,-1.9304032273575058,0.7466363727434128,0.25852615124251754,-0.0154979515777713,-0.05999415257600597,0.012559340740869535
31.593309233831693,6.188903722656103,9.761901884606573,-1.9310031688422384,0.7467619264890633,0.25852399504664275,-0.015535361405336276,-0.059994144356694985,0.01255146275323629
31.60330923383169,6.190906552616223,9.7635439183538,-1.9316031102443618,0.7468874032504903,0.2585218360054231,-0.015572746584054371,-0.059994136054227605,0.012543944559910718
31.613309233831693,6.192909414645998,9.765185914413351,-1.9322030515630462,0.7470128066061008,0.25851967407428245,-0.015610107825431187,-0.059994127668888265,0.01253678309893183
31.62330923383169,6.194912308722352,9.766827872828895,-1.9328029927974641,0.7471381401066925,0.2585175092088737,-0.015647445834047535,-0.05999411920096044,0.012529975364264541
31.633309233831692,6.196915234820794,9.76846979364568,-1.9334029339467913,0.7472634072754547,0.2585153413650789,-0.015684761307559435,-0.05999411065072665,0.01252351840579966
31.643309233831694,6.19891819291541,9.770111676910524,-1.9340028750102056,0.7473886116079673,0.2585131704990095,-0.015722054936698125,-0.05999410201846844,0.0125174093293539
31.653309233831692,6.200921182978875,9.77175352267182,-1.9346028159868887,0.7475137565722015,0.258510996567006,-0.015759327405270057,-0.05999409330446642,0.012511645296669864
31.663309233831693,6.202924204982441,9.773395330979534,-1.9352027568760242,0.7476388456085195,0.25850881952563803,-0.015796579390156894,-0.05999408450900022,0.01250622352541606
31.67330923383169,6.204927258895947,9.775037101885204,-1.9358026976767986,0.7477638821296744,0.25850663933170465,-0.01583381156131551,-0.059994075632348515,0.012501141289186894
31.683309233831693,6.206930344687812,9.776678835441938,-1.9364026383884019,0.7478888695208109,0.2585044559422338,-0.015871024581777995,-0.059994066674789036,0.012496395917502665
31.69330923383169,6.20893346232504,9.778320531704427,-1.9370025790100258,0.7480138111394642,0.25850226931448295,-0.015908219107651646,-0.059994057636598534,0.012491984795809576
31.703309233831693,6.210936611773212,9.779962190728936,-1.937602519540866,0.7481387103187654,0.2585000794059185,-0.015945395788800512,-0.05999404851805284,0.012487905361582147
31.713309233831694,6.212939792996414,9.781603812573339,-1.9382024599801195,0.7482635703695344,0.25849788617437724,-0.015982555269228992,-0.059994039319426866,0.012484155102075092
31.723309233831692,6.2149430059572435,9.783245397297021,-1.9388024003269877,0.7483883945606745,0.2584956895782188,-0.01601969818290849,-0.05999403004099449,0.012480731578047672
31.733309233831694,6.216946250616908,9.784886944960949,-1.9394023405806735,0.7485131861387019,0.25849348957597257,-0.01605682515801736,-0.05999402068302864,0.012477632399487041
31.743309233831692,6.218949526935224,9.786528455627671,-1.9400022807403834,0.7486379483296469,0.2584912861263142,-0.016093936817349698,-0.059994011245801365,0.012474855223270851
31.753309233831693,6.220952834870621,9.788169929361317,-1.9406022208053257,0.7487626843390547,0.25848907918806574,-0.016131033778315356,-0.05999400172958376,0.012472397753167259
31.76330923383169,6.2229561743801405,9.789811366227601,-1.9412021607747125,0.7488873973519846,0.2584868687201952,-0.01616811665293992,-0.05999399213464602,0.012470257739834921
31.773309233831693,6.224959545419433,9.791452766293823,-1.9418021006477575,0.7490120905330105,0.25848465468181714,-0.016205186047864726,-0.05999398246125745,0.012468432980822997
31.783309233831694,6.2269629479427655,9.793094129628859,-1.9424020404236775,0.7491367670262209,0.2584824370321921,-0.01624224256434685,-0.0599939727096864,0.012466921320571154
31.793309233831692,6.228966381903013,9.794735456303174,-1.9430019801016922,0.7492614299552185,0.258480215730727,-0.016279286798259122,-0.059993962880200334,0.012465720650409554
31.803309233831694,6.230969847251662,9.796376746388814,-1.9436019196810235,0.7493860824231204,0.2584779907369751,-0.016316319340090108,-0.0599939529730658,0.012464828908558866
31.813309233831692,6.232973343938811,9.798017999959411,-1.944201859160896,0.7495107275125586,0.2584757620106356,-0.01635334077494412,-0.05999394298854841,0.01246424408013026
31.823309233831694,6.234976871913172,9.799659217090175,-1.9448017985405377,0.749635368285679,0.2584735295115543,-0.016390351682541222,-0.05999393292691289,0.012463964197125409
31.83330923383169,6.236980431122069,9.8013003978579,-1.9454017378191784,0.7497600077841424,0.258471293199723,-0.01642735263721721,-0.059993922788423026,0.012463987338436488
31.843309233831693,6.238984021511397,9.802941542340974,-1.946001676996051,0.7498846490280563,0.258469053035354,-0.016464344207668728,-0.05999391257334172,0.012464311631356216
31.853309233831695,6.240987643025499,9.804582650619388,-1.946601616070391,0.750009295013838,0.2584668089791486,-0.01650132695639298,-0.059993902281930904,0.012464935254972926
31.863309233831693,6.242991295607422,9.806223722774726,-1.947201555041436,0.7501339487249682,0.25846456099170334,-0.016538301442189193,-0.0599938919144517,0.012465856425496698
31.872460310810446,6.2448248806830104,9.807725448954267,-1.947750563720935,0.7502480295915286,0.2584625003627935,-0.016572130310260745,-0.05999388236065719,0.012466958641938877
31.882460310810448,6.246828501812056,9.809366447278705,-1.9483503989921327,0.7503721771188119,0.258460035043772,-0.016608779721179648,-0.05999353231808241,0.012466190785265402
31.892460310810446,6.248832241864522,9.811007414374831,-1.9489503342680605,0.7504968433273218,0.2584577771764183,-0.016645733419053142,-0.05999352284981623,0.012467000264147241
31.902460310810447,6.250836012818876,9.81264834562512,-1.9495502694487712,0.7506215159100383,0.25845551528090044,-0.016682681510891414,-0.05999351327470568,0.012467466956874809
31.912460310810445,6.252839814638044,9.814289241088575,-1.950150204533198,0.7507461914524312,0.25845324946412596,-0.016719623349679635,-0.059993503593116164,0.012467591729090665
31.922460310810447,6.254843647286925,9.81593010082272,-1.9507501395202782,0.7508708665453042,0.25845097983277365,-0.016756558291094133,-0.05999349380541185,0.012467375403300028
31.93246031081045,6.256847510732391,9.817570924883595,-1.9513500744089527,0.7509955377847954,0.25844870649329343,-0.01679348569350237,-0.059993483911955706,0.012466818758870788
31.942460310810446,6.258851404943288,9.81921171332576,-1.9519500091981659,0.7511202017723775,0.2584464295519065,-0.016830404917962973,-0.05999347391310946,0.012465922532033496
31.952460310810448,6.260855329890432,9.820852466202295,-1.9525499438868652,0.7512448551148567,0.25844414911460495,-0.0168673153282257,-0.059993463809233635,0.012464687415881368
31.962460310810446,6.262859285546614,9.822493183564792,-1.9531498784740025,0.7513694944243742,0.25844186528715235,-0.016904216290731463,-0.05999345360068752,0.012463114060370286
31.972460310810447,6.264863271886597,9.824133865463368,-1.9537498129585325,0.7514941163184051,0.25843957817508323,-0.01694110717461232,-0.059993443287829185,0.012461203072318794
31.982460310810445,6.2668672888871155,9.825774511946658,-1.9543497473394138,0.7516187174197588,0.25843728788370335,-0.016977987351691485,-0.059993432871015474,0.012458955015408104
31.992460310810447,6.268871336526879,9.82741512306181,-1.954949681615609,0.7517432943565789,0.2584349945180897,-0.017014856196483304,-0.059993422350602024,0.012456370410182091
32.00246031081045,6.270875414786567,9.829055698854496,-1.955549615786083,0.7518678437623435,0.25843269818309034,-0.017051713086193274,-0.05999341172694323,0.012453449734047295
32.01246031081045,6.272879523648834,9.830696239368903,-1.9561495498498056,0.7519923622758647,0.2584303989833245,-0.017088557400718053,-0.059993401000392285,0.012450193421272923
32.022460310810445,6.274883663098307,9.832336744647737,-1.9567494838057495,0.752116846541289,0.25842809702318265,-0.017125388522645425,-0.059993390171301154,0.012446601862990842
32.03246031081045,6.27688783312161,9.833977214732181,-1.9573494176528912,0.7522412932070781,0.25842579240684505,-0.017162205837062357,-0.05999337924002058,0.012442675407635238
32.04246031081045,6.278892033707755,9.835617649661375,-1.95794935139021,0.7523656989159785,0.25842348523837594,-0.0171990087297515,-0.05999336820690024,0.012438414363225191
32.052460310810446,6.280896264847559,9.837258049473482,-1.9585492850166895,0.752490060330464,0.2584211756211598,-0.017235796592067414,-0.059993357072288415,0.012433818984473806
32.062460310810444,6.2829005265337825,9.838898414205211,-1.9591492185313168,0.7526143741181802,0.2584188636583585,-0.017272568817996298,-0.059993345836532194,0.01242888948374023
32.07246031081045,6.284904818761256,9.840538743891575,-1.9597491519330823,0.7527386369456863,0.25841654945305215,-0.017309324802950256,-0.05999333449997748,0.012423626034354701
32.08246031081045,6.286909141526886,9.842179038565881,-1.9603490852209802,0.7528628454784544,0.25841423310823947,-0.017346063943767275,-0.059993323062969034,0.012418028770618546
32.092460310810445,6.28891349482965,9.843819298259739,-1.9609490183940073,0.75298699638087,0.2584119147268373,-0.01738278563871125,-0.05999331152585045,0.012412097787804178
32.10246031081045,6.290917878670601,9.845459523003052,-1.9615489514511646,0.753111086316232,0.258409594411681,-0.017419489287471973,-0.059993299888964166,0.012405833142155097
32.11246031081045,6.292922293052861,9.84709971282403,-1.9621488843914556,0.7532351119467527,0.25840727226552423,-0.017456174291165128,-0.05999328815265148,0.012399234850885892
32.122460310810446,6.294926737981631,9.848739867749174,-1.9627488172138883,0.7533590699335576,0.2584049483910391,-0.0174928400523323,-0.0599932763172525,0.012392302892182242
32.132460310810444,6.296931213464179,9.850379987803286,-1.9633487499174729,0.7534829569366853,0.25840262289081595,-0.01752948597494097,-0.059993264383106204,0.012385037205200913
32.14246031081045,6.29893571950985,9.852020073009474,-1.9639486825012236,0.7536067696150881,0.2584002958673637,-0.017566111464384512,-0.0599932523505504,0.012377437690069758
32.15246031081045,6.300940256130063,9.853660123389131,-1.9645486149641582,0.7537305046266314,0.2583979674231094,-0.017602715927482207,-0.05999324021992174,0.01236950420788772
32.162460310810445,6.302944823338307,9.855300138961962,-1.9651485473052974,0.7538541586280938,0.25839563766039864,-0.017639298772479228,-0.05999322799155572,0.012361236580724829
32.17246031081045,6.304949421150146,9.856940119745962,-1.9657484795236655,0.7539777282751673,0.25839330668149524,-0.01767585940904664,-0.05999321566578668,0.0123526345916222
32.18246031081045,6.306954049583215,9.858580065757431,-1.9663484116182899,0.7541012102224575,0.2583909745885816,-0.017712397248281407,-0.0599932032429478,0.012343697984592044
32.192460310810446,6.308958708657384,9.860219977010722,-1.966948343588202,0.7542246011187365,0.2583886414838626,-0.017748911701833486,-0.05999319072337115,0.012334426466058921
32.202460310810444,6.3109633983950495,9.861859853517927,-1.9675482754324352,0.7543478976027203,0.2583863074695489,-0.01778540218124808,-0.05999317810738776,0.012324819703307437
32.21246031081045,6.312968118820229,9.8634996952903,-1.9681482071500276,0.7544710963307679,0.25838397264722923,-0.017821868103067504,-0.05999316539532729,0.012314877315910936
32.22246031081045,6.314972869959108,9.86513950233722,-1.9687481387400203,0.7545941939541552,0.2583816371185044,-0.017858308884495504,-0.0599931525875183,0.01230459888635891
32.232460310810445,6.316977651840103,9.866779274666099,-1.9693480702014579,0.7547171871169159,0.25837930098504114,-0.01789472394299316,-0.059993139684288224,0.012293983960882241
32.24246031081045,6.318982464493857,9.86841901228238,-1.9699480015333877,0.7548400724558422,0.2583769643485716,-0.017931112696278874,-0.059993126685963426,0.012283032049453219
32.25246031081045,6.320987307953241,9.870058715189531,-1.9705479327348603,0.754962846600484,0.25837462731089395,-0.017967474562328365,-0.05999311359286917,0.012271742625785525
32.26246031081045,6.32299218225336,9.871698383389049,-1.9711478638049298,0.7550855061731495,0.2583722899738721,-0.01800380895937468,-0.05999310040532963,0.012260115127334242
32.272460310810445,6.3249970874315435,9.873338016880458,-1.9717477947426536,0.755208047788905,0.2583699524394357,-0.018040115305908176,-0.059993087123667875,0.012248148955295853
32.28246031081045,6.327002023527351,9.874977615661315,-1.9723477255470916,0.7553304680555749,0.2583676148095802,-0.01807639302067655,-0.05999307374820589,0.012235843474608236
32.29246031081045,6.329006990582573,9.876617179727203,-1.9729476562173076,0.7554527635737415,0.2583652771863667,-0.018112641522684807,-0.05999306027926455,0.012223198013950668
32.302460310810446,6.331011988641227,9.878256709071731,-1.973547586752368,0.7555749309367453,0.25836293967192225,-0.01814886023119528,-0.059993046717163656,0.012210211865743828
32.31246031081045,6.333017017749561,9.879896203686544,-1.974147517151343,0.755696966730685,0.2583606023684395,-0.018185048565727623,-0.0599930330622219,0.012196884286149788
32.32246031081045,6.335022077956051,9.881535663561305,-1.9747474474133055,0.7558188675344172,0.25835826537817697,-0.018221205946058812,-0.05999301931475689,0.012183214495072023
32.33246031081045,6.337027169311403,9.883175088683716,-1.975347377537332,0.7559406299195568,0.2583559288034589,-0.018257331792223146,-0.05999300547508513,0.012169201676155405
32.342460310810445,6.339032291868551,9.8848144790395,-1.9759473075225018,0.7560622504504766,0.2583535927466754,-0.018293425524512248,-0.05999299154352204,0.012154844976786205
32.35246031081045,6.34103744568266,9.886453834612412,-1.9765472373678976,0.7561837256843076,0.2583512573102822,-0.018329486563475057,-0.05999297752038193,0.012140143508092092
32.36246031081045,6.34304263081134,9.888093155384087,-1.9771471670726053,0.7563050521710258,0.2583489225966812,-0.01836551433009859,-0.05999296340597803,0.012125096340835216
32.372460310810446,6.345047847314772,9.889732441333928,-1.977747096635714,0.756426226452166,0.25834658870819643,-0.018401508245630593,-0.0599929492006225,0.012109702504325569
32.38246031081045,6.347053095255214,9.891371692439368,-1.9783470260563156,0.7565472450580878,0.2583442557474578,-0.01843746773063959,-0.05999293490462642,0.012093960998019005
32.39246031081045,6.349058374697305,9.893010908675638,-1.9789469553335053,0.7566681045077286,0.2583419238172581,-0.01847339220519355,-0.059992920518299825,0.012077870786024675
32.40246031081045,6.351063685708071,9.894650090015768,-1.9795468844663815,0.7567888013086079,0.25833959302054976,-0.01850928108886622,-0.059992906041951705,0.012061430796965679
32.412460310810445,6.353069028356932,9.89628923643058,-1.9801468134540454,0.7569093319568272,0.25833726346044417,-0.018545133800737103,-0.05999289147588999,0.012044639923979066
32.42246031081045,6.3550744027157,9.89792834788869,-1.9807467422956013,0.7570296929370696,0.25833493524021206,-0.018580949759391483,-0.05999287682042156,0.012027497024715828
32.43246031081045,6.357079808858573,9.899567424356517,-1.9813466709901568,0.7571498807226006,0.25833260846328343,-0.018616728382920403,-0.059992862075852256,0.012010000921340911
32.44161138778921,6.3589149993737495,9.90106732515844,-1.9818956702271526,0.7572597107134639,0.258330480564721,-0.018649436465381967,-0.05999284850516694,0.011993679569630824
32.45161138778921,6.360920375582139,9.902706328724097,-1.982495495137739,0.7573790287408487,0.25832794779434076,-0.018684822613757125,-0.05999249405684308,0.011973957779689475
32.461611387789205,6.362925871914092,9.904345302870714,-1.9830954200089437,0.7574986811674992,0.2583256256456746,-0.01872046522162119,-0.059992480163014575,0.011956592765788046
32.47161138778921,6.364931400134976,9.90598424207892,-1.9836953447405756,0.7576181620758234,0.25832330364567146,-0.018756056010877504,-0.059992466142361825,0.011939652838273028
32.48161138778921,6.366936960207054,9.907623146413906,-1.9842952693313687,0.7577374756820783,0.2583209817096961,-0.018791595888503227,-0.05999245199531859,0.01192313290910559
32.491611387789206,6.36894255209122,9.909262015941989,-1.9848951937800614,0.7578566261562063,0.25831865975410245,-0.01882708575060176,-0.05999243772231718,0.01190702796541857
32.50161138778921,6.370948175746999,9.910900850730624,-1.9854951180853966,0.757975617621836,0.2583163376962338,-0.018862526482402747,-0.059992423323788444,0.011891333069516457
32.51161138778921,6.372953831132546,9.912539650848398,-1.9860950422461205,0.7580944541562814,0.2583140154544224,-0.018897918958262077,-0.059992408800161774,0.011876043358875408
32.52161138778921,6.37495951820465,9.914178416365031,-1.9866949662609847,0.7582131397905426,0.25831169294798995,-0.018933264041661877,-0.0599923941518651,0.011861154046143234
32.531611387789205,6.376965236918733,9.915817147351376,-1.9872948901287444,0.7583316785093054,0.2583093700972472,-0.01896856258521052,-0.0599923793793249,0.011846660419139413
32.54161138778921,6.378970987228846,9.91745584387942,-1.9878948138481594,0.7584500742509412,0.25830704682349415,-0.019003815430642623,-0.05999236448296619,0.011832557840855079
32.55161138778921,6.380976769087671,9.91909450602228,-1.988494737417993,0.7585683309075076,0.25830472304901997,-0.019039023408819043,-0.05999234946321251,0.011818841749453027
32.561611387789206,6.382982582446527,9.920733133854212,-1.989094660837014,0.7586864523247475,0.25830239869710314,-0.019074187339726885,-0.05999233432048597,0.011805507658267716
32.57161138778921,6.384988427255358,9.922371727450598,-1.9896945841039944,0.7588044423021603,0.2583000736920103,-0.019109308032495113,-0.059992319055207216,0.011792551155704888
32.58161138778921,6.386994303462843,9.924010286887905,-1.9902945072177107,0.7589223046016487,0.2582977479589803,-0.019144386287291797,-0.05999230366779549,0.011779967892728645
32.59161138778921,6.3890002110160875,9.925648812243717,-1.9908944301769438,0.7590400429292493,0.25829542142469825,-0.019179422891222417,-0.05999228815866854,0.011767753608462567
32.601611387789205,6.391006149860805,9.927287303596756,-1.991494352980479,0.7591576609424424,0.2582930940168996,-0.019214418620019772,-0.059992272528242636,0.011755904120182566
32.61161138778921,6.393012119941478,9.928925761026836,-1.992094275627105,0.7592751622612539,0.25829076566414433,-0.01924937424052492,-0.05999225677693265,0.011744415307598968
32.62161138778921,6.395018121201363,9.930564184614859,-1.9926941981156154,0.7593925504682559,0.25828843629581666,-0.019284290510687165,-0.05999224090515205,0.011733283112856534
32.631611387789206,6.397024153582486,9.932202574442828,-1.9932941204448078,0.7595098291085668,0.2582861058421254,-0.019319168179564083,-0.05999222491331293,0.011722503540534444
32.64161138778921,6.399030217025649,9.933840930593831,-1.9938940426134832,0.7596270016898504,0.2582837742341037,-0.019354007987321484,-0.05999220880182596,0.01171207265764631
32.65161138778921,6.4010363114704205,9.935479253152057,-1.9944939646204474,0.7597440716823168,0.258281441403609,-0.019388810665233448,-0.059992192571100424,0.011701986593640164
32.66161138778921,6.403042436855147,9.937117542202781,-1.9950938864645098,0.7598610425187223,0.2582791072833232,-0.019423576935682304,-0.05999217622154423,0.011692241540398465
32.671611387789206,6.405048593116942,9.938755797832377,-1.9956938081444842,0.7599779175943688,0.25827677180675274,-0.01945830751215863,-0.05999215975356385,0.011682833752238098
32.68161138778921,6.407054780191695,9.940394020128307,-1.9962937296591883,0.7600947002671045,0.2582744349082282,-0.019493003099261264,-0.059992143167564405,0.011673759545910378
32.69161138778921,6.4090609980140645,9.942032209179132,-1.9968936510074438,0.7602113938573234,0.25827209652290484,-0.019527664392697305,-0.05999212646394959,0.011665015300601036
32.70161138778921,6.411067246517485,9.9436703650745,-1.9974935721880767,0.7603280016482439,0.25826975658675694,-0.019562292079343832,-0.059992109643121704,0.011656597457546618
32.71161138778921,6.4130735256342595,9.94530848790512,-1.9980934931999166,0.7604445268950663,0.25826741503649947,-0.01959688683925812,-0.059992092705481774,0.011648502507327867
32.72161138778921,6.4150798352952565,9.94694657776279,-1.9986934140417973,0.7605609728039308,0.2582650718101399,-0.019631449340975105,-0.05999207565142932,0.01164072701864702
32.73161138778921,6.417086175430102,9.948584634740389,-1.9992933347125572,0.7606773425422272,0.2582627268465642,-0.01966598024384898,-0.05999205848136247,0.011633267624245922
32.741611387789206,6.419092545967302,9.950222658931867,-1.9998932552110382,0.7607936392474838,0.2582603800853262,-0.019700480200035658,-0.05999204119567802,0.011626121008692264
32.75161138778921,6.421098946834244,9.951860650432252,-2.000493175536086,0.7609098660273673,0.25825803146664733,-0.01973494985449281,-0.059992023794771414,0.01161928390837958
32.76161138778921,6.423105377957195,9.953498609337636,-2.0010930956865507,0.7610260259596826,0.2582556809314169,-0.019769389844979845,-0.05999200627903678,0.01161275311152725
32.77161138778921,6.425111839261304,9.955136535745185,-2.0016930156612855,0.7611421220923729,0.25825332842119186,-0.019803800802057903,-0.05999198864886691,0.011606525458180498
32.78161138778921,6.427118330670601,9.956774429753137,-2.0022929354591485,0.7612581574435197,0.2582509738781972,-0.019838183349089877,-0.05999197090465324,0.011600597840210397
32.79161138778921,6.429124852107996,9.958412291460803,-2.0028928550790006,0.7613741350013428,0.2582486172453254,-0.0198725381022404,-0.0599919530467859,0.011594967201313863
32.80161138778921,6.431131403495277,9.96005012096856,-2.0034927745197075,0.7614900577242004,0.25824625846613675,-0.019906865670475844,-0.05999193507565368,0.011589630537013658
32.811611387789206,6.433137984753118,9.961687918377864,-2.004092693780138,0.761605928540589,0.2582438974848595,-0.019941166655564325,-0.05999191699164404,0.01158458489465839
32.82161138778921,6.435144595801069,9.963325683791236,-2.004692612859166,0.7617217503491431,0.25824153424638946,-0.0199754416520757,-0.05999189879514307,0.011579827373422507
32.83161138778921,6.437151236557564,9.964963417312271,-2.005292531755668,0.7618375260186362,0.2582391686962903,-0.020009691247381566,-0.05999188048653558,0.01157535512430631
32.84161138778921,6.439157906939945,9.966601119045635,-2.0058924504685245,0.7619532583916246,0.2582368007807368,-0.0200439160224541,-0.059991862066205055,0.01157116534531538
32.85161138778921,6.441164606864407,9.968238789097049,-2.00649236899662,0.7620689502836896,0.2582344304467102,-0.020078116551652363,-0.059991843534533705,0.01156725528247732
32.86161138778921,6.443171336245875,9.969876427573286,-2.007092287338844,0.762184604468396,0.25823205764222407,-0.020112293399432636,-0.0599918248919023,0.011563622249617366
32.87161138778921,6.445178094998225,9.971514034582189,-2.0076922054940884,0.7623002236949146,0.2582296823158385,-0.020146447124267334,-0.059991806138690325,0.011560263604967246
32.881611387789206,6.447184883034289,9.97315161023266,-2.0082921234612496,0.7624158106891012,0.258227304416636,-0.0201805782788834,-0.05999178727527597,0.011557176749735922
32.89161138778921,6.449191700265865,9.974789154634676,-2.0088920412392275,0.7625313681534969,0.25822492389422164,-0.02021468741026234,-0.059991768302036196,0.01155435912810958
32.90161138778921,6.451198546603703,9.976426667899275,-2.0094919588269256,0.7626468987673272,0.25822254069872275,-0.02024877505964019,-0.05999174921934665,0.01155180822725165
32.91161138778921,6.453205421957522,9.978064150138561,-2.010091876223251,0.7627624051865028,0.25822015478078925,-0.020282841762507525,-0.05999173002758172,0.011549521577302782
32.92161138778921,6.455212326235992,9.979701601465704,-2.0106917934271156,0.7628778900436199,0.25821776609159347,-0.020316888048609476,-0.05999171072711454,0.011547496751380866
32.93161138778921,6.45721925934675,9.981339021994945,-2.0112917104374333,0.762993355947959,0.25821537458283017,-0.02035091444194571,-0.05999169131831695,0.011545731365581024
32.94161138778921,6.459226221196388,9.982976411841584,-2.0118916272531226,0.763108805485486,0.2582129802067167,-0.02038492146077044,-0.05999167180155953,0.011544223078975605
32.95161138778921,6.461233211690459,9.984613771121994,-2.0124915438731064,0.7632242412188515,0.2582105829159926,-0.020418909617592414,-0.05999165217721157,0.011542969593614193
32.96161138778921,6.463240230733477,9.986251099953611,-2.01309146029631,0.7633396656873913,0.2582081826639201,-0.020452879419174935,-0.05999163244564112,0.011541968654523607
32.97161138778921,6.465247278228915,9.987888398454936,-2.0136913765216633,0.7634550814071263,0.25820577940428374,-0.02048683136653584,-0.05999161260721492,0.011541218049707893
32.98161138778921,6.467254354079159,9.989525666745537,-2.0142912925480996,0.7635704908691994,0.2582033730915153,-0.020520765954576213,-0.05999159266229846,0.011540715612315426
32.99161138778921,6.469261458185437,9.991162904946032,-2.014891208374556,0.7636858965392421,0.2582009636808756,-0.020554683671891984,-0.05999157261125598,0.01154045922164775
33.00161138778921,6.471268590448073,9.992800113178122,-2.0154911239999724,0.7638013008668075,0.2581985511278187,-0.020588585002980483,-0.05999155245445047,0.011540446790233428
33.010762464767964,6.473105357218982,9.994298308878582,-2.016040111229804,0.763906909147922,0.25819634059079793,-0.020619594421687454,-0.059991533916434206,0.011540647441983565
33.02076246476796,6.475112452130868,9.995935453566757,-2.0166399229672223,0.7640217865013836,0.2581937148871896,-0.020653152127142888,-0.05999117401932976,0.011538885923241133
33.03076246476796,6.477119663101051,9.997572574919007,-2.017239834610702,0.7641371749617621,0.25819129542860475,-0.02068699970972215,-0.059991154651578935,0.01153876485941449
33.040762464767965,6.479126901819989,9.999209666826891,-2.0178397460597424,0.7642525607476603,0.258188873125648,-0.02072082762765394,-0.05999113513164901,0.011538352741683428
33.05076246476796,6.4811341681698655,10.000846729435176,-2.018439657312825,0.7643679409562,0.2581864480842287,-0.02075463537249205,-0.059991115460060376,0.011537649284394198
33.06076246476796,6.483141462034862,10.002483762887028,-2.0190395683684357,0.7644833126788745,0.25818402041017857,-0.020788422436158437,-0.059991095637331654,0.01153665417117764
33.07076246476797,6.485148783301162,10.004120767324013,-2.019639479225066,0.7645986730015496,0.25818159020925174,-0.02082218831094321,-0.05999107566397975,0.011535367054949187
33.080762464767965,6.487156131856956,10.005757742886097,-2.0202393898812128,0.7647140190044625,0.2581791575871247,-0.020855932489504632,-0.05999105554051986,0.011533787557908865
33.09076246476796,6.489163507592436,10.007394689711642,-2.020839300335377,0.7648293477622222,0.25817672264939634,-0.020889654464869116,-0.059991035267465416,0.011531915271541288
33.10076246476796,6.491170910399795,10.009031607937416,-2.021439210586066,0.7649446563438097,0.2581742855015879,-0.020923353730431235,-0.05999101484532813,0.011529749756615663
33.110762464767966,6.493178340173233,10.010668497698582,-2.0220391206317903,0.7650599418125779,0.2581718462491431,-0.020957029779953715,-0.059990994274618,0.01152729054318579
33.120762464767964,6.495185796808949,10.012305359128703,-2.0226390304710673,0.7651752012262513,0.25816940499742785,-0.020990682107567434,-0.05999097355584326,0.011524537130590061
33.13076246476796,6.497193280205147,10.013942192359744,-2.0232389401024187,0.7652904316369263,0.25816696185173077,-0.021024310207771423,-0.059990952689510456,0.011521488987451454
33.14076246476797,6.499200790262035,10.015578997522065,-2.023838849524371,0.7654056300910714,0.2581645169172626,-0.021057913575432873,-0.05999093167612437,0.011518145551677544
33.150762464767965,6.501208326881821,10.01721577474443,-2.024438758735456,0.7655207936295265,0.25816207029915655,-0.021091491705787124,-0.05999091051618805,0.011514506230460499
33.16076246476796,6.50321588996872,10.018852524154001,-2.025038667734211,0.7656359192875036,0.2581596221024682,-0.02112504409443767,-0.05999088921020284,0.011510570400277071
33.17076246476796,6.505223479428945,10.020489245876337,-2.0256385765191776,0.7657510040945866,0.25815717243217556,-0.021158570237356157,-0.05999086775866834,0.01150633740688861
33.180762464767966,6.507231095170718,10.022125940035403,-2.026238485088902,0.765866045074731,0.25815472139317897,-0.0211920696308824,-0.05999084616208241,0.011501806565341057
33.190762464767964,6.50923873710426,10.023762606753555,-2.026838393441938,0.7659810392462643,0.25815226909030126,-0.021225541771724345,-0.0599908244209412,0.01149697715996494
33.20076246476796,6.51124640514235,10.02539924615082,-2.0274383015768405,0.7660959836117945,0.2581498156285261,-0.021258986155263476,-0.0599908025357393,0.011491848443557004
33.21076246476797,6.5132540991999335,10.027035858345647,-2.0280382094921716,0.7662108751712808,0.25814736111249903,-0.021292402277979017,-0.05999078050696958,0.011486419633104959
33.220762464767965,6.515261819193435,10.028672443455672,-2.0286381171864987,0.7663257109307168,0.258144905646431,-0.021325789638755463,-0.05999075833512288,0.011480689914023845
33.23076246476796,6.51726956504147,10.030309001596628,-2.0292380246583943,0.7664404878851117,0.2581424493346236,-0.021359147735869433,-0.05999073602068845,0.011474658442396991
33.24076246476796,6.519277336664847,10.03194553288233,-2.029837931906435,0.7665552030184518,0.25813999228146983,-0.021392476066982823,-0.0599907135641539,0.0114683243449775
33.250762464767966,6.521285133986568,10.033582037424681,-2.030437838929202,0.7666698533036996,0.2581375345914543,-0.02142577412914279,-0.05999069096600522,0.011461686719188242
33.260762464767964,6.523292956931828,10.03521851533367,-2.0310377457252824,0.7667844357027945,0.258135076369153,-0.02145904141878178,-0.05999066822672676,0.011454744633121867
33.27076246476796,6.525300805428013,10.036854966717371,-2.031637652293267,0.7668989471666519,0.25813261771923374,-0.021492277431717517,-0.05999064534680126,0.01144749712554079
33.28076246476797,6.5273086794047055,10.038491391681946,-2.032237558631752,0.7670133846351641,0.2581301587464557,-0.021525481663152986,-0.059990622326709805,0.011439943205877207
33.290762464767965,6.529316578793679,10.040127790331644,-2.0328374647393375,0.7671277450371998,0.2581276995556695,-0.021558653607676465,-0.05999059916693189,0.011432081854233077
33.30076246476796,6.531324503528901,10.041764162768798,-2.033437370614629,0.7672420252906043,0.2581252402518175,-0.021591792759261492,-0.05999057586794535,0.01142391202138014
33.31076246476796,6.533332453546532,10.04340050909383,-2.034037276256237,0.7673562223021994,0.25812278093993357,-0.021624898611266898,-0.05999055243022641,0.011415432628759901
33.32076246476797,6.535340428784925,10.045036829405248,-2.034637181662776,0.7674703329677832,0.25812032172514304,-0.02165797065643677,-0.059990528854249665,0.011406642568483645
33.330762464767965,6.537348429184625,10.046673123799643,-2.0352370868328657,0.7675843541721309,0.25811786271266285,-0.021691008386900495,-0.05999050514048808,0.011397540703332425
33.34076246476796,6.539356454688374,10.048309392371696,-2.035836991765131,0.7676982827889937,0.25811540400780136,-0.021724011294172712,-0.059990481289413,0.011388125866757064
33.35076246476797,6.541364505241103,10.049945635214172,-2.0364368964582003,0.7678121156810994,0.25811294571595866,-0.021756978869153346,-0.059990457301494125,0.011378396862878164
33.360762464767966,6.5433725807899386,10.051581852417925,-2.0370368009107076,0.7679258497001527,0.25811048794262625,-0.021789910602127607,-0.05999043317719954,0.011368352466486096
33.370762464767964,6.5453806812841995,10.053218044071896,-2.037636705121292,0.7680394816868342,0.2581080307933872,-0.021822805982765963,-0.05999040891699572,0.011357991423041003
33.38076246476796,6.547388806676121,10.054854210262118,-2.0382366090885955,0.768153008457667,0.25810557437429715,-0.021855664497919747,-0.05999038452134772,0.011347312447093943
33.39076246476797,6.549396956920412,10.056490351072537,-2.0388365128112658,0.7682664268177064,0.2581031187913767,-0.0218884856339274,-0.05999035999071903,0.011336314219602512
33.400762464767965,6.551405131973024,10.058126466586604,-2.0394364162879564,0.7683797335808853,0.2581006641500733,-0.02192126887994956,-0.05999033532557109,0.011324995392275385
33.41076246476796,6.553413331792354,10.059762556885497,-2.0400363195173243,0.7684929255447281,0.25809821055609133,-0.02195401372359742,-0.05999031052636382,0.011313354587595153
33.42076246476797,6.55542155633926,10.061398622048085,-2.040636222498032,0.7686059994901268,0.2580957581153993,-0.02198671965089428,-0.05999028559355562,0.011301390398806116
33.430762464767966,6.557429805577056,10.063034662150947,-2.0412361252287465,0.7687189521813392,0.2580933069342298,-0.022019386146275518,-0.05999026052760336,0.011289101389914298
33.440762464767964,6.559438079471517,10.06467067726836,-2.041836027708138,0.7688317803659904,0.2580908571190795,-0.022052012692588593,-0.059990235328962395,0.011276486095687432
33.45076246476796,6.561446377990875,10.066306667472302,-2.0424359299348827,0.7689444807750723,0.2580884087767091,-0.02208459877109306,-0.059990209998086554,0.01126354302165497
33.46076246476797,6.563454701105822,10.067942632832455,-2.04303583190766,0.7690570501229429,0.2580859620141433,-0.022117143861460558,-0.059990184535428134,0.011250270644108079
33.470762464767965,6.56546304878951,10.069578573416202,-2.043635733625154,0.7691694851073276,0.2580835169386711,-0.022149647441774816,-0.05999015894143793,0.01123666741009964
33.48076246476796,6.567471421017545,10.071214489288625,-2.044235635086055,0.7692817824093183,0.2580810736578453,-0.02218210898853164,-0.05999013321656519,0.011222731737444255
33.49076246476797,6.569479817767996,10.072850380512511,-2.0448355362890545,0.7693939386933734,0.2580786322794829,-0.02221452797663894,-0.05999010736125766,0.011208462014718234
33.500762464767966,6.57148823902139,10.074486247148347,-2.0454354372328507,0.7695059506073181,0.25807619291166506,-0.022246903879416698,-0.05999008137596153,0.011193856601259612
33.510762464767964,6.573496684760711,10.076122089254321,-2.0460353379161464,0.7696178147823446,0.25807375566273677,-0.02227923616859699,-0.059990055261121514,0.011178913827168131
33.52076246476796,6.5755051549714025,10.077757906886326,-2.0466352383376476,0.7697295278330115,0.2580713206413073,-0.02231152431432398,-0.059990029017180764,0.011163631993305256
33.53076246476797,6.577513649641368,10.079393700097953,-2.047235138496066,0.7698410863572442,0.2580688879562499,-0.02234376778515391,-0.059990002644580924,0.011148009371294162
33.540762464767965,6.579522168760969,10.081029468940494,-2.0478350383901156,0.7699524869363351,0.25806645771670184,-0.022375966048055126,-0.05998997614376212,0.011132044203519745
33.55076246476796,6.581530712323023,10.082665213462947,-2.048434938018518,0.7700637261349428,0.2580640300320646,-0.022408118568408047,-0.059989949515162934,0.011115734703128611
33.56076246476797,6.583539280322811,10.08430093371201,-2.0490348373799963,0.770174800501093,0.2580616050120035,-0.022440224810005186,-0.05998992275922045,0.011099079054029088
33.57076246476797,6.585547872758069,10.08593662973208,-2.04963473647328,0.770285706566178,0.25805918276644824,-0.022472284235051137,-0.059989895876370214,0.011082075410891215
33.57991354174672,6.587385972569894,10.087433446556098,-2.050183708515404,0.7703870471166379,0.2580569686757383,-0.022501580579036763,-0.05998987116483177,0.011066208709190927
33.58991354174672,6.589394520946405,10.089069089260372,-2.0507835035913966,0.7704970907680467,0.25805434561375995,-0.022533229269803758,-0.05998950449538325,0.01104696774577081
33.599913541746716,6.591403181722515,10.090704714741515,-2.0513833985056444,0.770607475684914,0.2580519328005396,-0.022565124018323005,-0.059989478323537626,0.011030078546502797
33.60991354174672,6.593411866737257,10.092340316363828,-2.051983293157252,0.7707176937629368,0.25804952197991915,-0.02259695674156394,-0.05998945196749094,0.011013598699262526
33.61991354174672,6.5954205758746065,10.09397589427668,-2.052583187544381,0.7708277490586095,0.2580471130357653,-0.02262872835139198,-0.05998942542787317,0.010997522560699005
33.62991354174672,6.59742930901736,10.095611448630072,-2.0531830816651992,0.7709376455765239,0.2580447058536399,-0.02266043974771217,-0.059989398705312204,0.010981844563921992
33.63991354174672,6.599438066047141,10.097246979574651,-2.0537829755178794,0.7710473872693697,0.25804230032080033,-0.022692091818469175,-0.05998937180043377,0.01096655921850199
33.64991354174672,6.601446846844397,10.098882487261703,-2.0543828691006025,0.7711569780379346,0.25803989632619895,-0.022723685439647277,-0.0599893447138615,0.010951661110470249
33.65991354174672,6.603455651288398,10.100517971843152,-2.054982762411554,0.7712664217311039,0.2580374937604834,-0.022755221475270385,-0.0599893174462169,0.010937144902318766
33.669913541746716,6.60546447925724,10.102153433471564,-2.0555826554489265,0.7713757221458609,0.25803509251599654,-0.02278670077740203,-0.059989289998119366,0.010923005333000283
33.67991354174672,6.607473330627842,10.103788872300143,-2.056182548210918,0.7714848830272868,0.2580326924867765,-0.02281812418614536,-0.059989262370186154,0.010909237217928294
33.68991354174672,6.609482205275949,10.105424288482736,-2.0567824406957333,0.7715939080685603,0.2580302935685566,-0.02284949252964315,-0.05998923456303243,0.01089583544897703
33.69991354174672,6.611491103076129,10.10705968217383,-2.0573823329015837,0.7717028009109586,0.2580278956587654,-0.022880806624077796,-0.059989206577271206,0.010882794994481481
33.70991354174672,6.613500023901794,10.108695053528542,-2.0579822248266857,0.77181156514478,0.25802549865650537,-0.022912067273881367,-0.059989178413513415,0.010870110897833362
33.71991354174672,6.6155089676253365,10.110330402702546,-2.058582116469262,0.7719202043166247,0.25802310246253224,-0.022943275273368223,-0.05998915007236797,0.010857778265940215
33.72991354174672,6.61751793411766,10.11196572985217,-2.059182007827543,0.7720287219080886,0.2580207069798913,-0.0229744314018706,-0.05998912155444155,0.010845792301092222
33.739913541746716,6.6195269232485705,10.113601035134362,-2.0597818988997627,0.7721371213521792,0.25801831211322573,-0.023005536427517567,-0.05998909286033872,0.010834148277012417
33.74991354174672,6.621535934886897,10.115236318706673,-2.0603817896841634,0.7722454060388282,0.25801591776860816,-0.02303659110849469,-0.05998906399066203,0.010822841530611662
33.75991354174672,6.623544968900493,10.116871580727247,-2.060981680178992,0.7723535793148928,0.25801352385354054,-0.023067596193044035,-0.059989034946011995,0.010811867461988646
33.76991354174672,6.625554025156236,10.118506821354831,-2.0615815703825024,0.7724616444841547,0.2580111302769543,-0.02309855241946417,-0.059989005726987114,0.010801221534429896
33.77991354174672,6.627563103520029,10.120142040748762,-2.0621814602929533,0.7725696048073205,0.2580087369492104,-0.023129460516110163,-0.05998897633418384,0.010790899274409758
33.78991354174672,6.6295722038567995,10.121777239068976,-2.0627813499086094,0.7726774635020217,0.25800634378209897,-0.02316032120139358,-0.059988946768196605,0.010780896271590415
33.79991354174672,6.631581326030496,10.123412416476011,-2.0633812392277426,0.7727852237428147,0.2580039506888397,-0.02319113518378249,-0.0599889170296178,0.010771208178821877
33.80991354174672,6.633590469904095,10.125047573130994,-2.0639811282486296,0.7728928886611808,0.25800155758408155,-0.023221903161801463,-0.0599888871190378,0.010761830712141983
33.81991354174672,6.635599635339597,10.126682709195657,-2.064581016969553,0.773000461345526,0.25799916438390313,-0.02325262582403157,-0.05998885703704494,0.0107527596507764
33.82991354174672,6.637608822198024,10.128317824832324,-2.0651809053888015,0.7731079448411814,0.25799677100581225,-0.02328330384911038,-0.05998882678422554,0.010743990837138633
33.83991354174672,6.639618030339497,10.129952920203896,-2.0657807935046697,0.7732153421538024,0.25799437736865766,-0.02331393790650675,-0.05998879636116392,0.01073552017174646
33.84991354174672,6.641627259623216,10.131587995473806,-2.0663806813154584,0.7733226562496707,0.2579919833928032,-0.023344528656564195,-0.05998876576844246,0.010727343612238467
33.85991354174672,6.643636509907121,10.13322305080611,-2.066980568819474,0.7734298900394063,0.25798958900055985,-0.023375076746788268,-0.05998873500664136,0.010719457197678148
33.86991354174672,6.645645781048311,10.134858086365442,-2.067580456015028,0.773537046396669,0.25798719411547366,-0.02340558281614047,-0.05998870407633884,0.010711857021224213
33.87991354174672,6.64765507290308,10.136493102316988,-2.0681803429004395,0.7736441281595513,0.25798479866228036,-0.023436047495356997,-0.05998867297811122,0.010704539228074
33.88991354174672,6.649664385326914,10.1381280988265,-2.068780229474032,0.7737511381305789,0.2579824025669053,-0.02346647140694874,-0.05998864171253283,0.010697500015463476
33.89991354174672,6.651673718174491,10.139763076060294,-2.0693801157341345,0.7738580790767104,0.25798000575646335,-0.0234968551652013,-0.05998861028017609,0.010690735632667234
33.90991354174672,6.653683071299681,10.141398034185244,-2.069980001679082,0.7739649537293369,0.2579776081592592,-0.02352719937617497,-0.059988578681611476,0.010684242380998491
33.91991354174672,6.655692444555548,10.143032973368788,-2.0705798873072156,0.7740717647842826,0.25797520970478693,-0.023557504637704743,-0.05998854691740752,0.010678016613809096
33.92991354174672,6.657701837794348,10.144667893778925,-2.071179772616881,0.7741785149018048,0.2579728103237304,-0.02358777153940032,-0.059988514988130806,0.01067205473648952
33.93991354174672,6.65971125086753,10.146302795584216,-2.071779657606431,0.7742852067065932,0.25797040994796294,-0.023618000662646094,-0.05998848289434598,0.010666353206468866
33.94991354174672,6.661720683625734,10.147937678953783,-2.0723795422742226,0.7743918427877708,0.2579680085105477,-0.023648192580601163,-0.059988450636615745,0.010660908533214861
33.95991354174672,6.663730135918794,10.149572544057314,-2.0729794266186192,0.7744984256988935,0.2579656059457373,-0.023678347858199326,-0.059988418215500876,0.01065571727823386
33.96991354174672,6.665739607595764,10.151207391065043,-2.0735793106379896,0.774604957959322,0.257963202188935,-0.02370846705246242,-0.0599883856315602,0.01065077605304924
33.97991354174672,6.667749098505015,10.152842220147704,-2.0741791943307084,0.7747114420594702,0.25796079717666254,-0.023738550713683193,-0.05998835288535077,0.010646081511178306
33.98991354174672,6.669758608493829,10.154477031476615,-2.074779077695156,0.7748178804416269,0.2579583908471863,-0.023768599381036846,-0.0599883199774275,0.010641630376154503
33.99991354174672,6.671768137408744,10.156111825223642,-2.075378960729718,0.7749242755154584,0.2579559831398682,-0.0237986135861479,-0.05998828690834341,0.010637419419189146
34.00991354174672,6.673777685095635,10.157746601561183,-2.0759788434327864,0.7750306296614632,0.25795357399504676,-0.023828593853881672,-0.05998825367864968,0.010633445454132683
34.01991354174672,6.675787251399707,10.159381360662167,-2.076578725802757,0.7751369452309717,0.2579511633540375,-0.023858540702344274,-0.05998822028889563,0.010629705337474694
34.02991354174672,6.677796836165501,10.161016102700057,-2.0771786078380323,0.7752432245461467,0.2579487511591325,-0.02388845464288262,-0.059988186739628704,0.010626195968343887
34.03991354174672,6.679806439236888,10.162650827848847,-2.07777848953702,0.7753494698999831,0.2579463373536007,-0.023918336180084404,-0.05998815303139452,0.010622914288508103
34.04991354174672,6.681816060457075,10.164285536283064,-2.078378370898133,0.7754556835563081,0.25794392188168763,-0.023948185811778138,-0.059988119164736835,0.010619857282374311
34.059913541746724,6.683825699668603,10.165920228177766,-2.0789782519197897,0.7755618677497809,0.25794150468861576,-0.023978004029033113,-0.05998808514019754,0.010617021976988612
34.06991354174672,6.685835356713341,10.167554903708542,-2.079578132600414,0.7756680246858929,0.2579390857205842,-0.02400779131615943,-0.059988050958316684,0.010614405442036238
34.07991354174672,6.687845031432496,10.169189563051516,-2.0801780129384344,0.7757741565409676,0.2579366649247688,-0.024037548150707973,-0.05998801661963247,0.01061200478984155
34.08991354174672,6.689854723666607,10.170824206383342,-2.080777892932286,0.7758802654621607,0.25793424224932215,-0.02406727500347043,-0.059987982124681226,0.01060981717536804
34.09991354174672,6.691864433255546,10.172458833881207,-2.0813777725804092,0.7759863535674603,0.25793181764337364,-0.024096972338479287,-0.05998794747399744,0.010607839796218332
34.10991354174672,6.693874160038471,10.174093445722812,-2.081977651881249,0.7760924229440191,0.25792939105717766,-0.024126640612614953,-0.05998791266811375,0.01060606989486306
34.11991354174672,6.695883903853809,10.175728042086346,-2.082577530833256,0.7761984756479426,0.25792696244224994,-0.02415628027554221,-0.059987877707560956,0.010604504758650286
34.129913541746724,6.697893664539483,10.177362623150534,-2.0831774094348865,0.7763045137129101,0.25792453175070973,-0.02418589177172924,-0.059987842592868074,0.010603141708043289
34.13991354174672,6.699903441932818,10.178997189094614,-2.0837772876846015,0.7764105391466742,0.2579220989355454,-0.024215475539627798,-0.05998780732456232,0.010601978101417263
34.14906461872548,6.701742619197799,10.180492979876556,-2.084326240579027,0.7765075544567484,0.25791987074751416,-0.024242523944308297,-0.059987774916106046,0.010601085824382862
34.15906461872548,6.703752337683172,10.182127510048701,-2.0849260146502564,0.776613027971817,0.25791722901235764,-0.02427174073425717,-0.059987399802781664,0.010598124785739979
34.16906461872548,6.705762160038481,10.183762032711641,-2.0855258884751877,0.7767190030991192,0.2579147927845923,-0.02430123260501804,-0.05998736514705902,0.010596867056561867
34.179064618725484,6.707771998407613,10.18539654105089,-2.086125761952437,0.7768249644412961,0.2579123550172425,-0.02433069030362535,-0.05998733026679344,0.010595369340744773
34.18906461872548,6.7097818525888036,10.187031035293298,-2.0867256350797643,0.7769309095986013,0.2579099158073262,-0.02436011346204891,-0.05998729516275256,0.010593630198434208
34.19906461872548,6.711791722382363,10.188665515663931,-2.0873255078549353,0.7770368361549521,0.25790747525208263,-0.02438950171034741,-0.05998725983570148,0.010591648170653598
34.20906461872548,6.713801607590671,10.190299982386087,-2.0879253802757254,0.7771427416779287,0.257905033448973,-0.024418854676668426,-0.05998722428640276,0.01058942177930427
34.21906461872548,6.715811508018184,10.191934435681276,-2.088525252339916,0.7772486237187751,0.25790259049568,-0.024448171987248406,-0.059987188515616435,0.010586949527165459
34.22906461872548,6.717821423471429,10.19356887576924,-2.0891251240452955,0.7773544798123984,0.2579001464901081,-0.024477453266412673,-0.059987152524099994,0.010584229897894308
34.23906461872548,6.719831353759005,10.195203302867938,-2.0897249953896613,0.7774603074773688,0.25789770153038355,-0.024506698136575442,-0.0599871163126084,0.010581261356025868
34.249064618725484,6.7218412986915865,10.196837717193555,-2.0903248663708176,0.7775661042159207,0.2578952557148541,-0.024535906218239794,-0.059987079881894056,0.010578042346973092
34.25906461872548,6.723851258081917,10.198472118960499,-2.0909247369865747,0.7776718675139508,0.2578928091420893,-0.02456507712999769,-0.05998704323270686,0.010574571297026845
34.26906461872548,6.725861231744817,10.200106508381397,-2.091524607234752,0.7777775948410199,0.2578903619108803,-0.024594210488529982,-0.059987006365794154,0.010570846613355899
34.27906461872548,6.727871219497176,10.201740885667105,-2.0921244771131757,0.7778832836503519,0.2578879141202399,-0.024623305908606386,-0.059986969281900754,0.010566866684006927
34.28906461872548,6.729881221157959,10.203375251026696,-2.092724346619679,0.7779889313788341,0.2578854658694029,-0.0246523630030855,-0.05998693198176894,0.010562629877904513
34.29906461872548,6.731891236548202,10.205009604667469,-2.0933242157521033,0.7780945354470169,0.25788301725782536,-0.024681381382914806,-0.05998689446613844,0.01055813454485115
34.30906461872548,6.733901265491014,10.206643946794944,-2.0939240845082967,0.7782000932591145,0.25788056838518525,-0.024710360657130663,-0.059986856735746476,0.010553379015527234
34.319064618725484,6.735911307811579,10.208278277612866,-2.0945239528861146,0.7783056022030042,0.25787811935138216,-0.024739300432858307,-0.0599868187913277,0.01054836160149107
34.32906461872548,6.73792136333715,10.209912597323203,-2.0951238208834204,0.7784110596502265,0.25787567025653746,-0.024768200315311847,-0.05998678063361426,0.010543080595178868
34.33906461872548,6.739931431897055,10.211546906126141,-2.0957236884980848,0.7785164629559856,0.257873221200994,-0.024797059907794284,-0.059986742263335745,0.010537534269904747
34.34906461872548,6.741941513322696,10.213181204220097,-2.0963235557279853,0.7786218094591488,0.2578707722853165,-0.02482587881169749,-0.059986703681219215,0.010531720879860733
34.35906461872548,6.743951607447545,10.214815491801703,-2.0969234225710074,0.7787270964822468,0.2578683236102914,-0.02485465662650221,-0.0599866648879892,0.010525638660116755
34.36906461872548,6.745961714107966,10.216449769064749,-2.097523289025043,0.778832321321173,0.25786587527727095,-0.0248833929482479,-0.0599866258843681,0.010519285820730079
34.37906461872548,6.747971833143666,10.21808403619977,-2.098123155087989,0.7789374812417001,0.2578634273882,-0.02491208736910582,-0.059986586671076335,0.010512660542716745
34.389064618725484,6.7499819643943075,10.219718293398445,-2.098723020757754,0.779042573521773,0.2578609800442043,-0.02494073948365274,-0.059986547248830485,0.010505761002433039
34.39906461872548,6.7519921077018275,10.221352540850418,-2.0993228860322533,0.7791475954202621,0.2578585333467266,-0.024969348884134237,-0.059986507618344766,0.010498585355860509
34.40906461872548,6.754002262910574,10.22298677874309,-2.0999227509094096,0.7792525441751535,0.2578560873975896,-0.02499791516019298,-0.05998646778033101,0.010491131737629437
34.41906461872548,6.756012429867308,10.224621007261637,-2.100522615387152,0.7793574170035477,0.25785364229899616,-0.02502643789886871,-0.05998642773549872,0.010483398261018845
34.429064618725484,6.758022608421203,10.226255226589,-2.1011224794634162,0.7794622111016601,0.2578511981535292,-0.025054916684598257,-0.059986387484555044,0.010475383017956483
34.43906461872548,6.7600327984238415,10.227889436905889,-2.1017223431361454,0.7795669236448213,0.25784875506415184,-0.025083351099215518,-0.059986347028204795,0.010467084079018842
34.44906461872548,6.76204299972922,10.229523638390782,-2.1023222064032887,0.7796715517874765,0.25784631313420703,-0.02511174072195148,-0.05998630636715044,0.010458499493431143
34.459064618725485,6.7640532121937476,10.231157831219928,-2.1029220692628035,0.779776092663186,0.257843872467418,-0.025140085129434213,-0.05998626550209209,0.010449627289067344
34.46906461872548,6.766063435676244,10.232792015567338,-2.1035219317126526,0.7798805433846249,0.25784143316788805,-0.02516838389568886,-0.05998622443372751,0.010440465472450141
34.47906461872548,6.768073670037941,10.234426191604795,-2.1041217937508065,0.779984901043583,0.25783899534010035,-0.025196636592137646,-0.05998618316275214,0.01043101202875096
34.48906461872548,6.770083915142482,10.236060359501852,-2.104721655375242,0.7800891627109654,0.25783655908891845,-0.02522484278759988,-0.059986141689859045,0.010421264921789963
34.499064618725484,6.772094170855924,10.237694519425826,-2.105321516583943,0.7801933254367919,0.2578341245195857,-0.025253002048291943,-0.059986100015738966,0.010411222094036051
34.50906461872548,6.774104437046733,10.239328671541806,-2.105921377374901,0.7802973862501972,0.2578316917377257,-0.02528111393782731,-0.05998605814108029,0.010400881466606855
34.51906461872548,6.776114713585789,10.240962816012644,-2.106521237746113,0.7804013421594307,0.2578292608493421,-0.025309178017216525,-0.05998601606656906,0.010390240939268741
34.529064618725485,6.778125000346384,10.242596952998964,-2.1071210976955834,0.7805051901518572,0.25782683196081857,-0.02533719384486722,-0.05998597379288897,0.010379298390436815
34.53906461872548,6.780135297204221,10.244231082659159,-2.1077209572213236,0.7806089271939557,0.25782440517891886,-0.025365160976584096,-0.059985931320721365,0.010368051677174913
34.54906461872548,6.782145604037415,10.245865205149387,-2.108320816321352,0.7807125502313207,0.2578219806107869,-0.025393078965568947,-0.059985888650745264,0.010356498635195608
34.55906461872548,6.784155920726493,10.247499320623577,-2.1089206749936933,0.7808160561886615,0.2578195583639466,-0.02542094736242064,-0.05998584578363732,0.010344637078860209
34.569064618725484,6.786166247154394,10.249133429233423,-2.1095205332363793,0.7809194419698018,0.25781713854630195,-0.025448765715135126,-0.05998580272007184,0.010332464801178755
34.57906461872548,6.78817658320647,10.250767531128389,-2.110120391047449,0.7810227044576808,0.257814721266137,-0.02547653356910544,-0.0599857594607208,0.010319979573810027
34.58906461872548,6.790186928770482,10.252401626455708,-2.110720248424948,0.7811258405143524,0.2578123066321161,-0.02550425046712168,-0.05998571600625382,0.010307179147061536
34.599064618725485,6.792197283736634,10.254035715360358,-2.1113201053669277,0.7812288469808025,0.25780989475328214,-0.025531915949350694,-0.05998567235733818,0.010294061249602004
34.60906461872548,6.794207647998725,10.255669797984138,-2.1119199618714486,0.7813317206691826,0.25780748573901446,-0.025559529552463465,-0.05998562851463876,0.010280623576439147
34.61906461872548,6.796218021452888,10.25730387446663,-2.1125198179365756,0.7814344583704073,0.25780507969913774,-0.025587090810413587,-0.05998558447881821,0.010266863802569826
34.62906461872548,6.798228403997457,10.258937944945208,-2.113119673560382,0.7815370568542724,0.25780267674398805,-0.02561459925439542,-0.05998554025053694,0.01025277958457886
34.639064618725484,6.800238795533503,10.260572009554624,-2.1137195287409463,0.7816395128658504,0.2578002769843969,-0.025642054412439,-0.059985495830453164,0.01023836855506685
34.64906461872548,6.8022491959648335,10.262206068426996,-2.1143193834763534,0.7817418231254898,0.25779788053169095,-0.025669455809410064,-0.05998545121922285,0.010223628322650176
34.65906461872548,6.804259605197993,10.263840121691818,-2.114919237764696,0.7818439843288153,0.2577954874976922,-0.025696802967010036,-0.059985406417499776,0.010208556471961006
34.669064618725486,6.806270023142261,10.265474169475945,-2.1155190916040714,0.7819459931467284,0.2577930979947179,-0.02572409540377603,-0.05998536142593548,0.010193150563647281
34.679064618725484,6.808280449709655,10.267108211903613,-2.116118944992585,0.7820478462254065,0.25779071213558036,-0.025751332635080837,-0.05998531624517929,0.010177408134372732
34.68906461872548,6.81029088481493,10.268742249096418,-2.1167187979283475,0.7821495401863036,0.2577883300335874,-0.025778514173132958,-0.05998527087587831,0.010161326696816865
34.69906461872548,6.812301328375574,10.27037628117333,-2.1173186504094765,0.7822510716261499,0.25778595180254205,-0.02580563952697657,-0.05998522531867742,0.01014490373967497
34.709064618725485,6.814311780311815,10.272010308250696,-2.117918502434097,0.782352437116952,0.2577835775567424,-0.02583270820249154,-0.059985179574219304,0.01012813672765812
34.71821569570424,6.816151567628475,10.273505614723668,-2.1184674312377987,0.7824450491031274,0.25778140845599967,-0.025857428867231667,-0.05998513754957196,0.010112489443973173
34.728215695704236,6.818161945402938,10.27513962504989,-2.119067178882536,0.7825455542364608,0.25777883790416856,-0.025884067824478916,-0.05998475188652683,0.010093474467451881
34.738215695704234,6.820172418427544,10.276773638024657,-2.1196670261753514,0.7826464053825242,0.2577764775662113,-0.0259109424919465,-0.05998470663074784,0.010076816807260818
34.74821569570424,6.822182899326188,10.278407646663453,-2.1202668730142316,0.7827470919707654,0.25777412096845237,-0.02593774486666995,-0.05998466109966352,0.010060561621333066
34.75821569570424,6.824193387904987,10.280041651192688,-2.1208667193964286,0.7828476179862729,0.25777176796460916,-0.025964475883459504,-0.05998461529421539,0.010044702680503403
34.768215695704235,6.826203883969059,10.281675651838968,-2.1214665653192037,0.7829479873563867,0.2577694184108214,-0.02599113646398204,-0.05998456921534181,0.010029233834529838
34.77821569570423,6.82821438732253,10.2833096488291,-2.1220664107798273,0.7830482039506992,0.25776707216565126,-0.026017727516761076,-0.05998452286397793,0.010014149012093606
34.78821569570424,6.830224897768528,10.284943642390088,-2.1226662557755787,0.7831482715810544,0.2577647290900831,-0.026044249937176776,-0.05998447624105578,0.009999442220799171
34.798215695704236,6.83223541510919,10.286577632749136,-2.123266100303747,0.7832481940015487,0.2577623890475238,-0.026070704607465935,-0.0599844293475042,0.009985107547174224
34.808215695704234,6.8342459391456565,10.288211620133644,-2.123865944361631,0.7833479749085301,0.2577600519038026,-0.026097092396721994,-0.05998438218424884,0.009971139156669685
34.81821569570424,6.836256469678071,10.289845604771214,-2.1244657879465376,0.783447617940599,0.2577577175271708,-0.026123414160895038,-0.05998433475221222,0.0099575312936597
34.82821569570424,6.8382670065055855,10.291479586889643,-2.1250656310557834,0.7835471266786076,0.2577553857883025,-0.026149670742791783,-0.05998428705231366,0.009944278281441645
34.838215695704235,6.840277549426355,10.29311356671693,-2.1256654736866945,0.7836465046456601,0.2577530565602937,-0.02617586297207559,-0.059984239085469314,0.009931374522236124
34.84821569570423,6.842288098237614,10.294747544481245,-2.1262653158366063,0.7837457553097895,0.2577507297185751,-0.026201991665888498,-0.059984190852592226,0.009918814492892175
34.85821569570424,6.844298652735724,10.296381520410863,-2.126865157502862,0.7838448820858062,0.257748405141046,-0.02622805762926286,-0.05998414235459238,0.009906592740967292
34.86821569570424,6.846309212715697,10.298015494734287,-2.127464998682816,0.7839438883185518,0.25774608270864846,-0.026254061651226294,-0.05998409359237641,0.00989470391149275
34.878215695704235,6.8483197779717475,10.29964946768019,-2.12806483937383,0.7840427773020835,0.2577437623044552,-0.026280004509283306,-0.05998404456684786,0.009883142717595108
34.88821569570424,6.850330348297349,10.301283439477404,-2.128664679573277,0.7841415522816273,0.25774144381358993,-0.02630588696987072,-0.05998399527890726,0.009871903937437013
34.89821569570424,6.85234092348523,10.302917410354912,-2.129264519278536,0.7842402164535787,0.25773912712322716,-0.026331709788357676,-0.05998394572945208,0.009860982414217215
34.908215695704236,6.854351503327382,10.30455138054186,-2.1298643584869974,0.7843387729655024,0.25773681212259253,-0.026357473709045648,-0.05998389591937678,0.009850373056170557
34.918215695704234,6.856362087615049,10.306185350267546,-2.130464197196059,0.7844372249161322,0.25773449870296256,-0.026383179465168407,-0.059983845849572746,0.009840070836567974
34.92821569570424,6.858372676138738,10.307819319761428,-2.1310640354031274,0.7845355753553714,0.2577321867576647,-0.026408827778892054,-0.05998379552092836,0.009830070793716505
34.93821569570424,6.860383268688211,10.309453289253119,-2.131663873105619,0.7846338272842923,0.2577298761820773,-0.026434419361315013,-0.059983744934328946,0.009820368030959276
34.948215695704235,6.862393865052487,10.311087258972389,-2.132263710300958,0.7847319836551367,0.25772756687362985,-0.026459954912468015,-0.059983694090656785,0.009810957716675516
34.95821569570424,6.864404465019847,10.312721229149163,-2.1328635469865787,0.7848300473713156,0.25772525873180263,-0.026485435121314117,-0.05998364299079113,0.009801835084280544
34.96821569570424,6.866415068377833,10.314355200013525,-2.1334633831599232,0.7849280212876106,0.25772295165811854,-0.026510860665795968,-0.059983591635608215,0.009792995431908194
34.978215695704236,6.868425674913487,10.315989171795623,-2.1340632188184423,0.7850259082182797,0.2577206455558796,-0.026536232214731476,-0.05998354002598138,0.00978443410928941
34.988215695704234,6.870436284412811,10.317623144725768,-2.134663053959596,0.78512371091846,0.257718340331073,-0.026561550423447374,-0.05998348816278081,0.009776146546356583
34.99821569570424,6.872446896661032,10.31925711903443,-2.135262888580854,0.7852214320934885,0.25771603589180153,-0.026586815935970887,-0.0599834360468736,0.009768128239527406
35.00821569570424,6.874457511442855,10.320891094952195,-2.1358627226796925,0.7853190744074174,0.2577137321478912,-0.026612029387027572,-0.059983383679123974,0.009760374738502185
35.018215695704235,6.876468128542466,10.322525072709759,-2.1364625562535986,0.7854166404830152,0.2577114290108909,-0.02663719140204133,-0.059983331060393205,0.009752881646263832
35.02821569570424,6.878478747743528,10.324159052537935,-2.137062389300066,0.7855141329017656,0.2577091263940728,-0.026662302597134382,-0.059983278191539674,0.009745644619077868
35.03821569570424,6.880489368829183,10.325793034667644,-2.137662221816599,0.785611554203869,0.257706824212432,-0.026687363579127297,-0.05998322507341886,0.009738659366492416
35.048215695704236,6.88249999158205,10.327427019329923,-2.138262053800708,0.7857089068882408,0.2577045223826869,-0.02671237494553897,-0.05998317170688333,0.009731921651338212
35.058215695704234,6.884510615784229,10.329061006755923,-2.138861885249913,0.7858061934125129,0.25770222082327865,-0.02673733728458664,-0.05998311809278275,0.009725427289728594
35.06821569570424,6.886521241217296,10.33069499717691,-2.1394617161617426,0.7859034161930327,0.2576999194543719,-0.026762251175185863,-0.059983064231963854,0.009719172151059512
35.07821569570424,6.888531867662306,10.332328990824257,-2.140061546533734,0.7860005776048636,0.257697618197854,-0.02678711718695055,-0.05998301012527049,0.009713152158009518
35.088215695704235,6.890542494899793,10.333962987929455,-2.140661376363432,0.7860976799817847,0.2576953169773356,-0.026811935880192938,-0.0599829557735436,0.009707363286539776
35.09821569570424,6.892553122709781,10.335596988724104,-2.141261205648391,0.7861947256166462,0.25769301571813563,-0.026836707806007457,-0.059982901177621215,0.009701801565327363
35.10821569570424,6.894563750872,10.33723099343981,-2.1418610343861726,0.7862917167683074,0.2576907143470631,-0.026861433507909826,-0.05998284633833865,0.009696463064297493
35.11821569570424,6.896574379165349,10.338865002308328,-2.1424608625743473,0.78638865564399,0.25768841279326404,-0.026886113517667308,-0.059982791256528126,0.0096913439222133
35.128215695704235,6.898585007368207,10.340499015561518,-2.143060690210495,0.7864855444096847,0.2576861109876167,-0.026910748357754238,-0.059982735933018956,0.009686440331038186
35.13821569570424,6.900595635258624,10.342133033431317,-2.143660517292203,0.7865823851964759,0.2576838088624365,-0.02693533854284553,-0.05998268036863768,0.009681748526015756
35.14821569570424,6.902606262614323,10.343767056149717,-2.144260343817067,0.7866791801005424,0.25768150635147646,-0.026959884579816667,-0.05998262456420805,0.009677264785669812
35.158215695704236,6.904616889212697,10.345401083948786,-2.1448601697826897,0.7867759311831563,0.2576792033899265,-0.02698438696774372,-0.059982568520551026,0.009672985431804355
35.16821569570424,6.906627514830816,10.347035117060647,-2.1454599951866835,0.7868726404706837,0.25767689991441406,-0.027008846197903336,-0.0599825122384848,0.00966890682950359
35.17821569570424,6.908638139245417,10.348669155717499,-2.1460598200266685,0.7869693099545847,0.2576745958630038,-0.02703326275377273,-0.059982455718824795,0.00966502538713192
35.18821569570424,6.910648762232912,10.350303200151599,-2.1466596443002723,0.7870659415914131,0.2576722911751976,-0.027057637111029705,-0.059982398962383644,0.00966133755633394
35.198215695704235,6.912659383569385,10.351937250595272,-2.147259468005131,0.7871625373028165,0.2576699857919347,-0.027081969737552638,-0.05998234196997119,0.009657839832034457
35.20821569570424,6.914670003030591,10.35357130728091,-2.1478592911388894,0.7872590989755365,0.25766767965559156,-0.02710626109342048,-0.05998228474239452,0.009654528752438468
35.21821569570424,6.916680620391959,10.35520537044097,-2.148459113699199,0.7873556284614084,0.25766537270998197,-0.027130511630912766,-0.059982227280457906,0.009651400899031173
35.228215695704236,6.918691235428588,10.356839440307974,-2.1490589356837204,0.7874521275773614,0.2576630649003569,-0.0271547217945096,-0.05998216958496288,0.009648452896577973
35.23821569570424,6.920701847915203,10.358473517114476,-2.1496587570901227,0.7875485981034396,0.2576607561735963,-0.02717889202043051,-0.05998211165670817,0.009645681415615668
35.24821569570424,6.922712457626192,10.360107601093027,-2.1502585779160817,0.7876450417838577,0.25765844647821173,-0.027203022736886497,-0.05998205349648978,0.009643083170488871
35.25821569570424,6.92472306433579,10.361741692476249,-2.150858398159282,0.7877414603339866,0.25765613576376445,-0.027227114365716183,-0.059981995105100994,0.009640654909940715
35.268215695704235,6.926733667818012,10.363375791496797,-2.1514582178174155,0.7878378554376295,0.2576538239811075,-0.02725116732175119,-0.05998193648333242,0.009638393420646528
35.27821569570424,6.92874426784665,10.365009898387347,-2.1520580368881834,0.7879342287469585,0.2576515110823916,-0.027275182012801494,-0.05998187763197197,0.009636295527294954
35.287366772683,6.9305841801911585,10.366505289276397,-2.1526069354205353,0.7880224029870154,0.2576493935133483,-0.02729712485256647,-0.05998182357612432,0.009634516410323132
35.297366772683,6.932594683674842,10.368139404443928,-2.153206649859452,0.7881182030282896,0.257646875242916,-0.027320750085052654,-0.05998142471366974,0.009630576631118137
35.307366772683,6.934605269503981,10.369773535372651,-2.153806463814276,0.788214498039506,0.25764456186782336,-0.027344635640183662,-0.059981366195284144,0.009628392643737329
35.317366772682995,6.936615850876866,10.371407675233547,-2.154406277182219,0.7883107702063985,0.25764224790244245,-0.02736847232224696,-0.059981307337853396,0.009626007261439251
35.327366772683,6.9386264274977085,10.373041824334939,-2.1550060899598975,0.7884070175030224,0.25763993343505276,-0.027392259881565875,-0.05998124814253672,0.009623417934169442
35.337366772683,6.940636999072916,10.374675982983206,-2.155605902143939,0.7885032378774294,0.2576376185545107,-0.0274159980644809,-0.0599811886104895,0.009620622102908784
35.347366772682996,6.9426475653110895,10.376310151482787,-2.1562057137309827,0.7885994292516665,0.2576353033502492,-0.027439686613349706,-0.05998112874286322,0.00961761719967352
35.357366772683,6.94465812592302,10.377944330136181,-2.156805524717678,0.7886955895217765,0.2576329879122781,-0.027463325266547146,-0.05998106854080554,0.009614400647515241
35.367366772683,6.946668680621693,10.37957851924394,-2.157405335100687,0.7887917165577983,0.2576306723311841,-0.02748691375846524,-0.05998100800546023,0.009610969860520896
35.377366772683,6.948679229122288,10.381212719104681,-2.1580051448766824,0.7888878082037664,0.2576283566981304,-0.0275104518195132,-0.059980947137967214,0.009607322243812786
35.387366772682995,6.950689771142176,10.382846930015072,-2.1586049540423473,0.7889838622777108,0.25762604110485715,-0.027533939176117395,-0.059980885939462554,0.009603455193548561
35.397366772683,6.952700306400921,10.384481152269846,-2.1592047625943778,0.7890798765716576,0.25762372564368125,-0.027557375550721384,-0.059980824411078444,0.009599366096921231
35.407366772683,6.954710834620281,10.38611538616179,-2.15980457052948,0.7891758488516286,0.2576214104074963,-0.0275807606617859,-0.05998076255394322,0.009595052332159156
35.417366772682996,6.956721355524206,10.38774963198175,-2.1604043778443716,0.7892717768576414,0.25761909548977274,-0.027604094223788848,-0.05998070036918135,0.00959051126852605
35.427366772683,6.9587318688388375,10.389383890018633,-2.161004184535782,0.7893676583037091,0.25761678098455765,-0.027627375947225315,-0.059980637857913445,0.00958574026632098
35.437366772683,6.960742374292514,10.391018160559401,-2.1616039906004505,0.789463490877841,0.25761446698647505,-0.02765060553860756,-0.059980575021256255,0.009580736676878367
35.447366772683,6.962752871615764,10.392652443889075,-2.1622037960351297,0.7895592722420417,0.25761215359072553,-0.02767378270046502,-0.05998051186032267,0.009575497842567983
35.457366772682995,6.964763360541308,10.394286740290735,-2.1628036008365816,0.789655000032312,0.25760984089308664,-0.027696907131344314,-0.059980448376221705,0.009570021096794959
35.467366772683,6.966773840804313,10.395921050045226,-2.1634034050015805,0.789750671856777,0.2576075289899682,-0.027719978525607418,-0.059980384570058685,0.009564303761118184
35.477366772683,6.968784312142996,10.397555373430468,-2.1640032085269096,0.7898462852902036,0.25760521797859687,-0.02774299657272234,-0.05998032044293552,0.009558343139571466
35.487366772682996,6.970794774296719,10.399189710723705,-2.164603011409366,0.7899418378882047,0.2576029079565968,-0.027765960958777328,-0.059980255995949534,0.009552136540939275
35.497366772683,6.972805227007177,10.400824062200076,-2.1652028136457577,0.7900373271797148,0.2576005990221827,-0.027788871365850593,-0.059980191230194276,0.009545681262914302
35.507366772683,6.974815670018583,10.402458428132398,-2.1658026152329026,0.7901327506657246,0.2575982912741951,-0.027811727471884682,-0.05998012614675968,0.009538974589895924
35.517366772683,6.976826103077672,10.404092808791164,-2.1664024161676307,0.790228105819282,0.2575959848121009,-0.02783452895068646,-0.05998006074673204,0.009532013792990207
35.527366772682996,6.9788365259336915,10.405727204444547,-2.1670022164467815,0.7903233900854909,0.25759367973599295,-0.027857275471927116,-0.059979995031193986,0.009524796130009899
35.537366772683,6.98084693833841,10.4073616153584,-2.167602016067205,0.7904186008815121,0.2575913761465903,-0.027879966701142164,-0.059979929001224536,0.009517318845474436
35.547366772683,6.982857340046115,10.408996041796255,-2.1682018150257623,0.7905137355965624,0.25758907414523796,-0.027902602299731443,-0.05997986265789907,0.009509579170609937
35.557366772683,6.984867730813607,10.410630484019318,-2.168801613319325,0.7906087915919157,0.25758677383390727,-0.027925181924959113,-0.05997979600228932,0.009501574323349207
35.567366772683,6.986878110400209,10.412264942286479,-2.1694014109447757,0.7907037662009021,0.25758447531519546,-0.027947705229953657,-0.05997972903546339,0.009493301508331739
35.577366772683,6.98888847856776,10.413899416854301,-2.1700012078990065,0.7907986567289084,0.257582178692326,-0.027970171863707885,-0.05997966175848573,0.009484757916903707
35.587366772683,6.990898835080616,10.415533907977032,-2.1706010041789217,0.7908934604533778,0.2575798840691485,-0.027992581471078932,-0.059979594172417175,0.009475940727117977
35.597366772682996,6.992909179705652,10.417168415906593,-2.171200799781434,0.7909881746238103,0.25757759155013854,-0.028014933692788253,-0.0599795262783149,0.009466847103734095
35.607366772683,6.9949195122122605,10.418802940892588,-2.17180059470347,0.791082796461762,0.25757530124039796,-0.028037228165421632,-0.059979458077232456,0.009457474198218291
35.617366772683,6.996929832372351,10.420437483182294,-2.1724003889419636,0.7911773231608459,0.2575730132456545,-0.028059464521429173,-0.05997938957021976,0.009447819148743488
35.627366772683,6.998940139960354,10.422072043020675,-2.173000182493861,0.7912717518867314,0.25757072767226225,-0.028081642389125302,-0.05997932075832308,0.009437879080189285
35.637366772683,7.000950434753222,10.423706620650352,-2.173599975356118,0.7913660797770562,0.2575684446272036,-0.02810376139267848,-0.05997925164258506,0.009427651104019085
35.647366772683,7.002960716531534,10.425341216310366,-2.1741997675257014,0.7914603039321914,0.2575661642183443,-0.02812582115098801,-0.05997918222404523,0.009417132306426147
35.657366772683,7.004970985077846,10.426975830238108,-2.1747995589995877,0.7915544214278885,0.25756388655410883,-0.028147821279072383,-0.05997911250373912,0.009406319768008799
35.667366772682996,7.00698124017671,10.428610462669266,-2.1753993497747657,0.7916484293162747,0.25756161174343173,-0.028169761388319246,-0.05997904248269832,0.009395210562033017
35.677366772683,7.008991481615568,10.43024511383677,-2.175999139848234,0.7917423246188005,0.2575593398959413,-0.02819164108569305,-0.05997897216195101,0.009383801743865572
35.687366772683,7.011001709184752,10.431879783970805,-2.1765989292170014,0.7918361043262396,0.25755707112195997,-0.028213459973735075,-0.05997890154252193,0.009372090350974024
35.697366772683,7.013011922677486,10.433514473298798,-2.1771987178780865,0.7919297653986892,0.2575548055325039,-0.028235217650563416,-0.05997883062543242,0.009360073402926716
35.707366772683,7.015022121889884,10.435149182045423,-2.1777985058285183,0.7920233047655694,0.2575525432392835,-0.02825691370987298,-0.05997875941170037,0.009347747901392787
35.717366772683,7.0170323066209495,10.436783910432604,-2.1783982930653347,0.7921167193256237,0.25755028435470273,-0.02827854774093551,-0.059978687902340254,0.00933511083014216
35.727366772683,7.0190424766725785,10.438418658679513,-2.178998079585585,0.7922100059469189,0.2575480289918597,-0.028300119328599545,-0.05997861609836313,0.009322159155045553
35.737366772682996,7.021052631849556,10.440053427002564,-2.1795978653863273,0.7923031614668453,0.25754577726454647,-0.02832162805329046,-0.05997854400077661,0.009308889824074466
35.747366772683,7.023062771959558,10.44168821561542,-2.1801976504646303,0.7923961826921162,0.25754352928724894,-0.02834307349101044,-0.05997847161058491,0.009295299767301191
35.757366772683,7.025072896813152,10.443323024728997,-2.180797434817573,0.7924890663987683,0.25754128517514696,-0.028364455213338493,-0.05997839892878879,0.009281385896898815
35.767366772683,7.027083006223796,10.44495785455145,-2.1813972184422443,0.7925818093321613,0.2575390450441144,-0.02838577278743044,-0.05997832595638561,0.009267145107141205
35.777366772683,7.029093100007837,10.446592705288188,-2.1819970013357417,0.7926744082069785,0.25753680901071896,-0.028407025776018925,-0.059978252694369294,0.00925257427440302
35.787366772683,7.031103177984514,10.448227577141862,-2.1825967834951743,0.7927668597072265,0.2575345771922223,-0.028428213737413412,-0.05997817914373033,0.009237670257159715
35.797366772683,7.033113239975957,10.449862470312372,-2.1831965649176612,0.7928591604862348,0.25753234970658,-0.028449336225500176,-0.05997810530545582,0.009222429895987524
35.807366772683,7.035123285807184,10.451497384996868,-2.18379634560033,0.7929513071666566,0.25753012667244163,-0.02847039278974232,-0.059978031180529384,0.009206850013563476
35.817366772683,7.037133315306144,10.453132321389711,-2.1843961255403204,0.7930432963399248,0.2575279082091666,-0.028491382975086035,-0.05997795676993126,0.00919092741452867
35.827366772683,7.039143328304127,10.454767279682095,-2.1849959047347802,0.7931351245609755,0.25752569443697326,-0.028512306321107947,-0.0599778820746382,0.00917465888288584
35.837366772683,7.0411533246354985,10.456402260062205,-2.1855956831808676,0.7932267883536421,0.257523485476771,-0.028533162363043384,-0.059977807095623774,0.009158041181208384
35.847366772683,7.0431633041377015,10.458037262715242,-2.18619546087575,0.793318284209906,0.2575212814501869,-0.028553950631611827,-0.059977731833858225,0.009141071051468344
35.856517849661756,7.045002636970126,10.459533485901241,-2.186744321400693,0.7934018626012954,0.25751926895583094,-0.028572914345311878,-0.059977662714295714,0.00912522994343944
35.866517849661754,7.0470124951145365,10.461168524251288,-2.1873439941482395,0.7934924927578431,0.2575168711242261,-0.02859325490416201,-0.05997724732508153,0.009106556566286509
35.87651784966175,7.04902242180235,10.462803592601928,-2.1879437662462156,0.7935834812756537,0.25751468173909176,-0.028613828489894952,-0.059977172200187286,0.009091396606145693
35.88651784966175,7.051032330893251,10.46443868406353,-2.1885435375908435,0.7936743258996722,0.25751249507040247,-0.02863432906195551,-0.0599770966558215,0.009077776921720942
35.896517849661755,7.053042222129466,10.46607379889085,-2.1891433081779375,0.793765041969461,0.25751031051250867,-0.028654759681669185,-0.05997702069341864,0.00906568738766093
35.90651784966175,7.055052095245704,10.467708937343735,-2.189743078003323,0.7938556447331339,0.257508127465776,-0.028675123384854076,-0.05997694431440832,0.00905511810602541
35.91651784966175,7.057061949969139,10.469344099687138,-2.190342847062842,0.7939461493473554,0.257505945336585,-0.02869542318182089,-0.05997686752021532,0.009046059406285214
35.92651784966176,7.0590717860194285,10.470979286191106,-2.1909426153523492,0.7940365708773417,0.25750376353733134,-0.028715662057372936,-0.059976790312259554,0.009038501845322252
35.936517849661755,7.061081603108699,10.472614497130785,-2.1915423828677136,0.7941269242968595,0.25750158148642566,-0.02873584297080613,-0.0599767126919561,0.00903243620742952
35.94651784966175,7.063091400941554,10.474249732786422,-2.1921421496048192,0.7942172244882268,0.25749939860829374,-0.028755968855908996,-0.05997663466071517,0.009027853504311083
35.95651784966175,7.0651011792150715,10.475884993443364,-2.1927419155595635,0.7943074862423128,0.2574972143333763,-0.02877604262096265,-0.059976556219942155,0.009024744975082098
35.966517849661756,7.067110937618803,10.47752027939212,-2.193341680727858,0.7943977242613524,0.257495028098004,-0.028796067149337776,-0.05997647737103758,0.00902310208234027
35.976517849661754,7.069120675834632,10.479155590928686,-2.193941445105628,0.7944879531713072,0.2574928393440641,-0.028816045302009874,-0.0599763981153973,0.00902291649259704
35.98651784966175,7.071130393536729,10.480790928353686,-2.1945412086888134,0.7945781874854351,0.25749064752075057,-0.028835979909788038,-0.05997631845441214,0.009024180125133747
35.99651784966176,7.073140090391838,10.482426291973136,-2.1951409714733683,0.7946684416401532,0.2574884520825529,-0.02885587378114443,-0.05997623838946819,0.009026885105788524
36.006517849661755,7.075149766059308,10.48406168209862,-2.1957407334552603,0.7947587300028258,0.25748625248886803,-0.02887572970388751,-0.05997615792194686,0.009031023756492756
36.01651784966175,7.077159420191085,10.485697099047291,-2.19634049463047,0.7948490668717652,0.2574840482040004,-0.028895550445162017,-0.05997607705322489,0.009036588595271084
36.02651784966175,7.079169052431715,10.487332543141868,-2.1969402549949923,0.7949394664762305,0.257481838697162,-0.028915338751448996,-0.05997599578467434,0.009043572336241399
36.036517849661756,7.081178662418351,10.48896801471064,-2.197540014544836,0.7950299429764288,0.2574796234424723,-0.028935097348565766,-0.059975914117662586,0.009051967889614848
36.046517849661754,7.083188249780742,10.490603514087463,-2.198139773276023,0.7951205104635145,0.2574774019189583,-0.02895482894166595,-0.059975832053552336,0.009061768361695833
36.05651784966175,7.085197814141239,10.492239041611763,-2.198739531184589,0.7952111829595894,0.2574751736105545,-0.028974536215239446,-0.059975749593701624,0.009072967054882006
36.06651784966176,7.087207355114796,10.493874597628533,-2.199339288266583,0.7953019744177027,0.25747293800610294,-0.028994221833112458,-0.05997566673946379,0.009085557467664276
36.076517849661755,7.089216872308902,10.495510182488626,-2.199939044518068,0.7953928987320891,0.2574706945988685,-0.029013888440588356,-0.05997558349218762,0.009099533280910805
36.08651784966175,7.091226365323419,10.497145796548555,-2.2005387999351202,0.7954839697278625,0.2574684428872911,-0.02903353866213207,-0.059975499853217235,0.009114888368217536
36.09651784966175,7.093235833750797,10.498781440170013,-2.20113855451383,0.7955752011469496,0.2574661823755378,-0.029053175098521084,-0.059975415823891945,0.009131616815414587
36.106517849661756,7.0952452771761045,10.500417113720752,-2.2017383082503,0.7956666066814089,0.2574639125716829,-0.02907280033397257,-0.05997533140554658,0.00914971287867554
36.116517849661754,7.097254695177025,10.502052817574588,-2.202338061140648,0.7957581999740987,0.25746163298767316,-0.029092416936284678,-0.05997524659951144,0.009169170983659292
36.12651784966175,7.099264087323861,10.503688552111415,-2.2029378131810025,0.7958499946186762,0.25745934313932806,-0.02911202745683652,-0.059975161407112336,0.009189985725510065
36.13651784966176,7.10127345317953,10.505324317717191,-2.2035375643675073,0.7959420041595983,0.2574570425463397,-0.029131634430588194,-0.05997507582967055,0.00921215186885739
36.146517849661755,7.103282792299569,10.506960114783949,-2.204137314696318,0.7960342420921206,0.2574547307322728,-0.029151240376080762,-0.059974989868502866,0.009235664347816126
36.15651784966175,7.105292104232128,10.508595943709793,-2.204737064163604,0.7961267218622983,0.25745240722456475,-0.029170847795436272,-0.05997490352492157,0.009260518265986445
36.16651784966175,7.1073013885179765,10.510231804898895,-2.205336812765547,0.7962194568669857,0.25745007155452554,-0.02919045917435773,-0.05997481680023442,0.009286708896453843
36.17651784966176,7.109310644690498,10.511867698761503,-2.205936560498343,0.7963124604538365,0.2574477232573378,-0.029210076982129133,-0.0599747296957447,0.009314231681789131
36.186517849661755,7.111319872275562,10.51350362571427,-2.2065363073582,0.7964057459310196,0.2574453618715666,-0.029229703673608644,-0.05997464221275127,0.009343082221585093
36.19651784966175,7.113329070791384,10.51513958618006,-2.2071360533413396,0.7964993265571569,0.2574429869398599,-0.029249341686996694,-0.059974554352548524,0.009373256282078146
36.20651784966176,7.115338239748884,10.51677558058733,-2.2077357984439963,0.7965932155266512,0.25744059800960456,-0.02926899344092128,-0.059974466116426206,0.009404749815457865
36.216517849661756,7.11734737865151,10.518411609371128,-2.2083355426624176,0.7966874260018337,0.2574381946311242,-0.02928866134120101,-0.05997437750566973,0.009437558921218314
36.226517849661754,7.119356486995226,10.520047672973119,-2.2089352859928644,0.7967819711136429,0.25743577635764303,-0.02930834778098633,-0.05997428852156014,0.009471679845322826
36.23651784966175,7.121365564268522,10.52168377184158,-2.209535028431609,0.796876863961624,0.25743334274528573,-0.02932805514075953,-0.05997419916537419,0.009507108980203996
36.24651784966176,7.123374609952403,10.523319906431407,-2.2101347699749367,0.7969721176139292,0.2574308933530775,-0.029347785788334746,-0.059974109438384264,0.009543842864763685
36.256517849661755,7.125383623520398,10.524956077204102,-2.210734510619146,0.7970677451073175,0.257428427742944,-0.029367542078857948,-0.05997401934185842,0.009581878184373019
36.26651784966175,7.127392604438554,10.52659228462779,-2.2113342503605473,0.797163759447155,0.2574259454797114,-0.02938732635480694,-0.059973928877060385,0.00962121177087239
36.27651784966176,7.1294015521654375,10.528228529177209,-2.211933989195465,0.7972601736074146,0.2574234461311063,-0.02940714094599138,-0.05997383804524954,0.009661840602571452
36.286517849661756,7.131410466152139,10.529864811333706,-2.212533727120234,0.7973570005306764,0.25742092926775584,-0.029426988169552762,-0.05997374684768094,0.009703761804249126
36.296517849661754,7.133419345842212,10.531501131585356,-2.2131334641312037,0.7974542531307405,0.25741839446304404,-0.02944687033049247,-0.05997365528560534,0.009746972643979439
36.30651784966175,7.135428190671259,10.533137490427546,-2.2137332002247345,0.7975519443040795,0.25741584129255124,-0.029466789723882215,-0.05997356336026932,0.009791470517369085
36.31651784966176,7.137437000067601,10.534773888361478,-2.2143329353972003,0.7976500868920302,0.2574132693361723,-0.029486748627170968,-0.05997347107291493,0.009837252991530553
36.326517849661755,7.139445773451981,10.536410325895266,-2.2149326696449885,0.7977486937130317,0.25741067817621355,-0.02950674930690951,-0.05997337842477995,0.009884317768705183
36.33651784966175,7.141454510237452,10.538046803544233,-2.2155324029644965,0.7978477775701263,0.2574080673969669,-0.029526794020286986,-0.059973285417097996,0.009932662677467074
36.34651784966176,7.143463209829378,10.539683321830902,-2.2161321353521353,0.7979473512509601,0.2574054365847102,-0.029546885015130902,-0.05997319205109853,0.009982285672723074
36.356517849661756,7.145471871625435,10.541319881284993,-2.2167318668043285,0.7980474275277822,0.25740278532770694,-0.029567024529907133,-0.059973098328006846,0.010033184835712788
36.366517849661754,7.147480495015603,10.542956482443438,-2.2173315973175103,0.7981480191574458,0.25740011321620654,-0.02958721479371992,-0.059973004249044067,0.010085358374008568
36.37651784966175,7.149489079382177,10.544593125850371,-2.2179313268881287,0.7982491388814069,0.257397419842444,-0.029607458026311862,-0.059972909815427154,0.01013880462151553
36.38651784966176,7.151497624099762,10.54622981205712,-2.2185310555126425,0.7983507994257253,0.2573947048006403,-0.029627756438063927,-0.059972815028368896,0.010193522038471535
36.396517849661755,7.153506128535268,10.547866541622227,-2.219130783187523,0.7984530135010641,0.25739196768700207,-0.029648112229995444,-0.05997271988907792,0.010249509211447202
36.40651784966175,7.15551459204792,10.549503315111432,-2.2197305099092546,0.79855579380269,0.2573892080997217,-0.029668527593764114,-0.0599726243987587,0.0103067648533459
36.41651784966176,7.157523013989186,10.551140133097677,-2.2203302356743326,0.7986591530089591,0.2573864256390752,-0.029689004711311157,-0.059972528558611536,0.010365287804305505
36.42566892664051,7.1593608993816735,10.552638037322119,-2.220879048497314,0.7987542558663422,0.2573838590063763,-0.029707799440857628,-0.059972440549031704,0.010419952223449498
36.43566892664052,7.161369151613795,10.554274934460716,-2.2214786689194397,0.7988582147617975,0.2573808277039431,-0.029728095531878926,-0.05997200443452609,0.010477283615633706
36.445668926640515,7.163377445954593,10.555911884977245,-2.222078388484464,0.7989632757087863,0.25737797482301805,-0.029748778309900643,-0.05997190848350745,0.010534582539215074
36.45566892664051,7.165385696349034,10.557548882007188,-2.222678107087371,0.7990688997088002,0.2573750966539156,-0.02976953456801821,-0.05997181201133637,0.010589895207941579
36.46566892664052,7.167393902243895,10.55918592599398,-2.2232778247229583,0.7991750669703398,0.25737219414103696,-0.029790360396377023,-0.05997171501979492,0.010643233048870226
36.475668926640516,7.169402063096912,10.560823017375105,-2.223877541386041,0.7992817578053097,0.2573692682202832,-0.02981125191535212,-0.05997161751065914,0.010694607239916144
36.485668926640514,7.171410178376782,10.562460156582103,-2.224477257071453,0.799388952629019,0.2573663198190559,-0.029832205275548168,-0.059971519485699044,0.010744028709852593
36.49566892664051,7.173418247563162,10.56409734404057,-2.2250769717740426,0.7994966319601806,0.2573633498562564,-0.02985321665779947,-0.059971420946678615,0.010791508138310962
36.50566892664052,7.1754262701466685,10.565734580170153,-2.2256766854886796,0.799604776420912,0.25736035924228645,-0.02987428227316997,-0.059971321895355804,0.010837055955780765
36.515668926640515,7.17743424562888,10.567371865384551,-2.226276398210249,0.7997133667367344,0.25735734887904765,-0.029895398362953244,-0.059971222333482524,0.010880682343609645
36.52566892664051,7.179442173522334,10.569009200091521,-2.226876109933654,0.7998223837365737,0.257354319659942,-0.029916561198672503,-0.05997112226280468,0.010922397234003376
36.53566892664052,7.181450053350542,10.57064658469262,-2.227475820653815,0.7999318083454672,0.2573512724703099,-0.029937767080534233,-0.0599710216850622,0.010962210311736737
36.545668926640516,7.183457884648227,10.572284019583146,-2.22807553036567,0.8000416215885652,0.25734820818708526,-0.029959012338407375,-0.059970920601989094,0.011000130998425058
36.555668926640514,7.185465666961211,10.573921505152997,-2.2286752390641746,0.8001518046132592,0.25734512767750733,-0.029980293336456583,-0.05997081901531318,0.0110361684507495
36.56566892664051,7.187473399846119,10.57555904178547,-2.229274946744302,0.8002623386475962,0.2573420318017663,-0.03000160646414058,-0.05997071692675646,0.011070331588792559
36.57566892664052,7.18948108287038,10.577196629857193,-2.229874653401042,0.8003732049980574,0.2573389214131408,-0.030022948135735392,-0.05997061433803508,0.011102629097153802
36.585668926640516,7.191488715612223,10.578834269738133,-2.2304743590294014,0.8004843850495577,0.2573357973579985,-0.03004431479033434,-0.05997051125085939,0.011133069424949857
36.59566892664051,7.193496297660681,10.58047196179158,-2.2310740636244044,0.8005958602654457,0.2573326604757956,-0.030065702891848057,-0.059970407666933935,0.011161660785814416
36.60566892664052,7.195503828615584,10.582109706374165,-2.2316737671810913,0.8007076121875043,0.2573295115990771,-0.03008710892900447,-0.0599703035879574,0.011188411157898235
36.61566892664052,7.197511308087568,10.583747503835847,-2.23227346969452,0.80081962243595,0.2573263515534766,-0.03010852941534881,-0.05997019901562268,0.011213328283869138
36.625668926640515,7.199518735698069,10.58538535451992,-2.2328731711597656,0.8009318727094333,0.25732318115771674,-0.030129960889243607,-0.05997009395161683,0.01123641967091201
36.63566892664051,7.201526111079334,10.587023258762917,-2.233472871571919,0.8010443447824055,0.25732000122375437,-0.030151399913317493,-0.059969988397621125,0.01125769259174424
36.64566892664052,7.20353343387464,10.58866121689401,-2.2340725709260894,0.8011570204901302,0.25731681255749245,-0.030172843071424,-0.05996988235531121,0.011277154082798713
36.655668926640516,7.205540703738239,10.590299229236495,-2.2346722692174015,0.8012698817737733,0.2573136159561914,-0.030194286978141263,-0.0599697758263567,0.01129481092055996
36.665668926640514,7.207547920335157,10.591937296106599,-2.2352719664409983,0.801382910639448,0.25731041221097894,-0.03021572826998874,-0.059969668812421495,0.011310669652439487
36.67566892664052,7.209555083341201,10.593575417813131,-2.235871662592038,0.8014960891474329,0.2573072021074752,-0.030237163603146978,-0.05996956131516389,0.011324736602685051
36.68566892664052,7.21156219244296,10.595213594657476,-2.236471357665696,0.8016093994121719,0.25730398642579266,-0.030258589653457596,-0.05996945333623658,0.011337017872380662
36.695668926640515,7.213569247337801,10.596851826933605,-2.2370710516571632,0.8017228236022752,0.25730076594053614,-0.030280003116423284,-0.05996934487728661,0.011347519339446582
36.70566892664051,7.215576247733871,10.598490114928067,-2.2376707445616484,0.8018363439405178,0.2572975414208027,-0.03030140070720782,-0.059969235939955456,0.011356246658639328
36.71566892664052,7.217583193350101,10.600128458919992,-2.238270436374375,0.8019499427038408,0.25729431363018185,-0.03032277916063605,-0.05996912652587894,0.011363205261551667
36.725668926640516,7.219590083916197,10.60176685918109,-2.2388701270905833,0.8020636022233506,0.25729108332675543,-0.030344135231193902,-0.05996901663668731,0.011368400356612619
36.735668926640514,7.221596919172649,10.603405315975655,-2.239469816705531,0.8021773048843195,0.2572878512630975,-0.03036546569302838,-0.05996890627400517,0.01137183692908746
36.74566892664052,7.223603698870822,10.605043829560254,-2.2400695052144903,0.802291033118283,0.25728461818665316,-0.03038676733834362,-0.05996879543945159,0.01137351974294267
36.75566892664052,7.225610422773265,10.606682400183512,-2.240669192612751,0.8024047694005166,0.2572813848396068,-0.0304080369770658,-0.05996868413464019,0.01137345333029676
36.765668926640515,7.227617090653231,10.608321028087518,-2.2412688788956188,0.8025184962857427,0.2572781519571813,-0.0304292714440618,-0.059968572361178724,0.011371641983360891
36.77566892664051,7.229623702294857,10.609959713506248,-2.241868564058416,0.802632196362415,0.25727492027016313,-0.03045046758961029,-0.059968460120669524,0.011368089779916676
36.78566892664052,7.231630257493184,10.611598456665453,-2.24246824809648,0.8027458522492327,0.2572716905050833,-0.030471622278683625,-0.059968347414709515,0.011362800584756538
36.795668926640516,7.233636756054163,10.613237257782654,-2.243067931005164,0.8028594465951393,0.2572684633842175,-0.03049273239094784,-0.05996823424489022,0.011355778049683705
36.805668926640514,7.235643197794649,10.614876117067137,-2.243667612779838,0.8029729620793233,0.2572652396255859,-0.030513794820762653,-0.05996812061279775,0.011347025613512222
36.81566892664052,7.237649582542405,10.616515034719962,-2.2442672934158856,0.8030863814112181,0.2572620199429534,-0.03053480647718145,-0.05996800652001282,0.011336546502066934
36.82566892664052,7.239655910136102,10.618154010933956,-2.244866972908709,0.8031996873305016,0.2572588050458294,-0.030555764283951306,-0.059967891968110726,0.011324343728183502
36.835668926640516,7.241662180425317,10.619793045893719,-2.2454666512537242,0.8033128626070967,0.25725559563946787,-0.030576665179512984,-0.05996777695866137,0.011310420091708394
36.84566892664051,7.243668393270535,10.621432139775614,-2.246066328446363,0.8034258900411709,0.2572523924248677,-0.03059750611700092,-0.059967661493229255,0.011294778179498885
36.85566892664052,7.245674548543255,10.623071292747536,-2.246666004482074,0.8035387524573016,0.25724919609902186,-0.030618284063089217,-0.059967545573373505,0.011277420366251772
36.86566892664052,7.247680646126477,10.624710504968284,-2.24726567935632,0.8036514326919012,0.257246007355197,-0.03063899599567735,-0.059967429200648056,0.011258348806931287
36.875668926640515,7.249686685913852,10.626349776589578,-2.2478653530645807,0.8037639136415271,0.2572428268807792,-0.030659638913477446,-0.05996731237660116,0.011237565427021293
36.88566892664052,7.2516926678101274,10.627989107754283,-2.248465025602351,0.8038761782159772,0.2572396553596984,-0.03068020982644315,-0.059967195102775823,0.01121507194421877
36.89566892664052,7.253698591731244,10.629628498596144,-2.2490646969651404,0.8039882093314765,0.25723649347274863,-0.030700705754401845,-0.059967077380709825,0.011190869870460338
36.905668926640516,7.255704457604337,10.631267949239781,-2.2496643671484757,0.8040999899106772,0.25723334189758856,-0.030721123727054645,-0.05996695921193578,0.011164960511922272
36.915668926640514,7.257710265367732,10.632907459800691,-2.2502640361478963,0.8042115028826584,0.25723020130874125,-0.030741460783976403,-0.05996684059798109,0.011137344969020488
36.92566892664052,7.259716014970949,10.634547030385246,-2.2508637039589576,0.8043227311829265,0.2572270723775943,-0.03076171397461571,-0.059966721540367945,0.011108024136410545
36.93566892664052,7.261721706374702,10.636186661090694,-2.2514633705772313,0.8044336577534151,0.2572239557723997,-0.030781880358294895,-0.05996660204061336,0.011076998702987654
36.945668926640515,7.263727339550898,10.637826352005163,-2.2520630359983027,0.8045442655424847,0.257220852158274,-0.030801957004210026,-0.05996648210022915,0.011044269151886669
36.95566892664052,7.265732914482635,10.639466103207656,-2.2526627002177735,0.8046545375049231,0.2572177621971981,-0.03082194099143091,-0.059966361720721915,0.01100983576048209
36.96566892664052,7.267738431164207,10.64110591476805,-2.253262363231259,0.8047644566019451,0.25721468654801743,-0.030841829408901077,-0.059966240903593065,0.010973698600388063
36.975668926640516,7.2697438896014415,10.642745786747023,-2.2538620250343913,0.8048740058025189,0.25721162586598423,-0.030861619355968435,-0.059966119650338816,0.010935857524216538
36.985668926640514,7.271749289811837,10.644385719195611,-2.254461685622817,0.804983168071481,0.25720858080332704,-0.03088130793998125,-0.05996599796245026,0.01089631216973048
36.99482000361927,7.273584395983806,10.64588648702607,-2.255010438575298,0.8050827097358806,0.25720580848334584,-0.030899233836152184,-0.05996588622533733,0.010858630042716281
37.00482000361927,7.27558959592533,10.647526526387717,-2.255609993323837,0.8051905422189088,0.25720259842589244,-0.030918419437826413,-0.059965424077942274,0.010812647790389165
37.01482000361927,7.277594824134846,10.64916663482666,-2.256209646954606,0.8052984314230984,0.25719962073966934,-0.030937822255210204,-0.059965301967698836,0.010764522969149554
37.02482000361927,7.2795999948167225,10.650806803642414,-2.2568092993610276,0.8054058189329872,0.25719667290019876,-0.030957126248564143,-0.059965179208902125,0.010712307638410676
37.034820003619274,7.281605108310764,10.652447032726156,-2.2574089505366284,0.8055126639032973,0.25719375647726295,-0.030976324094236892,-0.05996505580376967,0.010656009992753694
37.04482000361927,7.283610164981721,10.654087321948541,-2.258008600474956,0.805618925550789,0.25719087303120325,-0.030995408501311304,-0.059964931754511494,0.010595637657847821
37.05482000361927,7.2856151652192915,10.655727671159688,-2.25860824916958,0.8057245631542597,0.2571880241129198,-0.03101437221160443,-0.059964807063330114,0.01053119769045032
37.06482000361927,7.2876201094381186,10.657368080189194,-2.2592078966140914,0.8058295360545451,0.25718521126387184,-0.0310332079996675,-0.05996468173242051,0.010462696578406504
37.07482000361927,7.289624998077791,10.659008548846124,-2.259807542802104,0.8059338036545186,0.2571824360160775,-0.031051908672785955,-0.05996455576397018,0.010390140240649732
37.08482000361927,7.291629831602844,10.660649076919011,-2.2604071877272536,0.8060373254190912,0.25717969989211387,-0.031070467070979404,-0.05996442916015909,0.010313534027201421
37.09482000361927,7.293634610502792,10.662289664175795,-2.261006831383197,0.8061400608732104,0.25717700440518193,-0.031088876066607242,-0.05996430192315971,0.01023288271825803
37.104820003619274,7.29563933529304,10.663930310362373,-2.261606473763613,0.8062419695620241,0.2571743510600091,-0.03110712855670463,-0.05996417405513719,0.010148190488590702
37.11482000361927,7.297644006513838,10.665571015205275,-2.2622061148622024,0.8063430111248336,0.2571717413499533,-0.031125217477762708,-0.05996404555824901,0.010059460918012016
37.12482000361927,7.29964862473064,10.66721177840974,-2.2628057546726876,0.8064431452375729,0.2571691767598565,-0.03114313579387002,-0.059963916434645236,0.009966697009561536
37.13482000361927,7.301653190534522,10.668852599658653,-2.2634053931888127,0.8065423315820919,0.25716665876720557,-0.031160876490574762,-0.05996378668646868,0.009869901183061166
37.14482000361927,7.3036577045421875,10.670493478612537,-2.264005030404342,0.8066405298461577,0.25716418884213255,-0.031178432574884788,-0.059963656315854874,0.009769075275115157
37.15482000361927,7.305662167395964,10.672134414909555,-2.264604666313063,0.8067376997234542,0.25716176844741456,-0.0311957970752676,-0.05996352532493211,0.009664220539110096
37.16482000361927,7.3076665797638025,10.67377540816552,-2.265204300908781,0.8068338009135814,0.25715939903847396,-0.03121296304165036,-0.05996339371582139,0.009555337645214919
37.174820003619274,7.309670942339284,10.675416457973876,-2.265803934185327,0.8069287931220563,0.25715708206337823,-0.03122992354541989,-0.05996326149063647,0.009442426680380903
37.18482000361927,7.31167525584161,10.677057563905715,-2.2664035661365483,0.8070226360603127,0.2571548189628399,-0.031246671679422657,-0.05996312865148384,0.009325487148341664
37.19482000361927,7.313679521015802,10.67869872550943,-2.267003196756317,0.8071152894366252,0.2571526111704554,-0.031263200556217084,-0.05996299520046274,0.009204517964441715
37.20482000361927,7.315683738633753,10.68033994230933,-2.267602826038524,0.8072067129183274,0.25715046011312503,-0.031279503301051406,-0.05996286113966536,0.009079517412163137
37.21482000361927,7.317687909492368,10.681981213809141,-2.2682024539770826,0.8072968662224989,0.25714836720838063,-0.03129557306941068,-0.0599627264711764,0.008950483183956866
37.22482000361927,7.319692034414862,10.683622539488784,-2.2688020805659272,0.8073857090297251,0.2571463338676695,-0.031311403029916016,-0.05996259119707345,0.00881741237114913
37.23482000361927,7.321696114251075,10.685263918803743,-2.269401705799012,0.8074732009671979,0.25714436149688846,-0.03132698636102856,-0.05996245531942711,0.008680301457739256
37.244820003619274,7.323700149877472,10.686905351185077,-2.270001329670311,0.8075593016087158,0.25714245149638354,-0.03134231625104946,-0.05996231884030094,0.008539146320399659
37.25482000361927,7.325704142197143,10.6885468360394,-2.2706009521738206,0.8076439704746838,0.25714060526095034,-0.03135738589811986,-0.059962181761751485,0.008393942228475854
37.26482000361927,7.327708092139803,10.690188372748901,-2.271200573303556,0.807727167032114,0.2571388241798337,-0.031372188510220916,-0.059962044085828274,0.00824468384398644
37.27482000361927,7.329712000661792,10.69182996067133,-2.271800193053554,0.8078088506946247,0.2571371096367278,-0.031386717305173804,-0.05996190581457381,0.008091365221623122
37.284820003619274,7.331715868746073,10.693471599140002,-2.2723998114178707,0.8078889808224409,0.25713546300977635,-0.03140096551063969,-0.05996176695002358,0.007933979808750685
37.29482000361927,7.333719697402364,10.6951132874636,-2.272999428390584,0.8079675167173513,0.25713388567167755,-0.031414926363171364,-0.059961627494206075,0.0077725204416847615
37.30482000361927,7.335723487668751,10.696755024923942,-2.27359904396579,0.8080444175649634,0.25713237899038954,-0.03142859309756354,-0.05996148744914298,0.007606979285793722
37.314820003619275,7.337727240609105,10.698396810780423,-2.2741986581376072,0.8081196425428091,0.2571309443263442,-0.031441958967362224,-0.05996134681684875,0.007437347897338406
37.32482000361927,7.339730957314556,10.700038644266883,-2.2747982709001744,0.8081931507424138,0.2571295830351582,-0.031455017229700476,-0.0599612055993309,0.007263617203999044
37.33482000361927,7.341734638904237,10.701680524590287,-2.275397882247649,0.8082649011372599,0.25712829646845226,-0.03146776113920629,-0.05996106379859022,0.007085777486489389
37.34482000361927,7.343738286525287,10.703322450930747,-2.2759974921742088,0.8083348525827869,0.25712708597385103,-0.031480183948002595,-0.059960921416620676,0.006903818378556719
37.354820003619274,7.345741901352851,10.704964422441508,-2.2765971006740515,0.8084029638163919,0.2571259528949833,-0.03149227890570725,-0.0599607784554095,0.006717728866981838
37.36482000361927,7.347745484590076,10.706606438248956,-2.277196707741394,0.8084691934574292,0.2571248985714818,-0.031504039259433056,-0.05996063491693713,0.006527497291579076
37.37482000361927,7.349749037468116,10.708248497452615,-2.277796313370474,0.8085335000072104,0.2571239243389834,-0.03151545825378773,-0.05996049080317723,0.006333111345196287
37.384820003619275,7.351752561246125,10.709890599125144,-2.2783959175555477,0.8085958418490041,0.25712303152912896,-0.03152652913087394,-0.0599603461160967,0.0061345580737148485
37.39482000361927,7.353756057211268,10.711532742312343,-2.278995520290892,0.808656177248037,0.25712222146956326,-0.031537245130289285,-0.05996020085765566,0.005931823876049669
37.40482000361927,7.35575952667991,10.713174926031435,-2.2795951215708024,0.8087144643101685,0.25712149548446595,-0.031547599481575685,-0.059960055029807585,0.005724894460766706
37.41482000361927,7.357762970997555,10.714817149271727,-2.280194721389595,0.8087706609915593,0.25712085489343356,-0.03155758540635608,-0.059959908634499216,0.0055137548239747305
37.424820003619274,7.359766391536549,10.716459410997595,-2.2807943197416054,0.8088247251699636,0.2571203010109941,-0.03156719613112299,-0.05995976167367035,0.0052983893391287526
37.43482000361927,7.361769789698989,10.718101710143776,-2.281393916621188,0.8088766145353897,0.2571198351489416,-0.03157642486687353,-0.059959614149254256,0.005078781672960447
37.44482000361927,7.363773166916791,10.719744045615256,-2.2819935120227175,0.8089262865875474,0.25711945861638086,-0.03158526480863816,-0.05995946606317766,0.0048549147831898135
37.454820003619275,7.3657765246516975,10.721386416287276,-2.282593105940586,0.8089736986358472,0.2571191727197278,-0.03159370913548067,-0.059959317417360776,0.004626770918525176
37.46482000361927,7.367779864395274,10.723028821005325,-2.2831926983692066,0.8090188077994015,0.25711897876270884,-0.031601751010498225,-0.059959168213717266,0.004394331618663184
37.47482000361927,7.369783187668906,10.724671258585149,-2.283792289303009,0.8090615710070236,0.2571188780463615,-0.03160938358082129,-0.05995901845415427,0.004157577714288813
37.48482000361927,7.371786496023805,10.726313727812743,-2.2843918787364443,0.8091019449972281,0.25711887186903404,-0.0316165999776137,-0.05995886814057241,0.0039164893270753655
37.494820003619274,7.373789791041002,10.727956227444352,-2.2849914666639815,0.8091398863182309,0.2571189615263855,-0.03162339331607263,-0.05995871727486576,0.0036710458696844637
37.50482000361927,7.3757930743313525,10.729598756206476,-2.285591053080108,0.8091753513279492,0.2571191483113859,-0.0316297566954286,-0.059958565858921856,0.003421226045766062
37.51482000361927,7.377796347536506,10.731241312794923,-2.2861906379793315,0.8092082961668868,0.2571194335137377,-0.03163568319439404,-0.05995841389462175,0.003167007788753914
37.52482000361927,7.37979961232939,10.732883895874046,-2.2867902213561786,0.8092386767365727,0.25711981842011916,-0.031641165867171216,-0.05995826138384002,0.002908368237559729
37.534820003619274,7.38180287041352,10.73452650407694,-2.287389803205193,0.8092664487131187,0.25712030431559096,-0.03164619774528083,-0.059958108328444865,0.002645283804749995
37.54482000361927,7.383806123523919,10.736169136004483,-2.287989383520938,0.8092915675228856,0.2571208924832089,-0.03165077183346325,-0.05995795473029811,0.0023777301256953593
37.55482000361927,7.385809373427116,10.737811790225338,-2.2885889622979962,0.8093139883424233,0.257121584204022,-0.03165488110966865,-0.05995780059125524,0.0021056820584353774
37.56397108059802,7.387642561554346,10.739315014037055,-2.2891376400994687,0.8093321032788785,0.257122309032194,-0.03165822824015357,-0.05995765906503686,0.0018527684478476406
37.57397108059803,7.38964572022519,10.740957696018947,-2.289737112412763,0.8093487146507521,0.2571230057006092,-0.031661109934276,-0.05995716423447489,0.0015747242356773262
37.583971080598026,7.391648968304483,10.742600406673716,-2.2903366832810232,0.8093631011266047,0.25712402701234427,-0.03166381012898996,-0.059957009282727486,0.0013033471139018982
37.593971080598024,7.393652220219974,10.744243134285439,-2.290936252595723,0.8093747971741025,0.25712516391911494,-0.03166603152382984,-0.05995685352275286,0.0010366340977620396
37.60397108059803,7.395655477711303,10.745885877606709,-2.2915358203487934,0.8093838491798782,0.25712641361571026,-0.03166778413742767,-0.05995669695731427,0.0007745347272149975
37.61397108059803,7.3976587424954845,10.747528635393776,-2.292135386532194,0.8093903030456718,0.2571277733318682,-0.03166907786919093,-0.05995653958916558,0.0005169996926669444
37.623971080598025,7.399662016266913,10.749171406406541,-2.292734951137911,0.8093942041883322,0.2571292403322754,-0.0316699224993025,-0.059956381421051225,0.00026398083497297447
37.63397108059802,7.401665300697362,10.750814189408555,-2.2933345141579577,0.8093955975398157,0.2571308119165671,-0.031670327688720655,-0.05995622245570622,1.5431145437108098e-05
37.64397108059803,7.403668597436154,10.752456983167177,-2.2939340755843767,0.8093945275645891,0.25713248541885747,-0.03167030298287095,-0.05995606269585623,-0.00022869362749653783
37.653971080598026,7.405671908110091,10.754099786453235,-2.2945336354092354,0.809391038333544,0.25713425820562363,-0.03166985782545879,-0.05995590214421754,-0.00046842790482132365
37.663971080598024,7.407675234323504,10.755742598041179,-2.2951331936246304,0.8093851735745362,0.25713612767270017,-0.03166900156778543,-0.05995574080349704,-0.0007038030808246151
37.67397108059803,7.409678577659092,10.757385416710129,-2.295732750222684,0.8093769767145322,0.2571380912433212,-0.031667743478454385,-0.05995557867639245,-0.0009348502504898421
37.68397108059803,7.4116819396779485,10.75902824124392,-2.296332305195546,0.809366490880843,0.25714014636807825,-0.031666092743654124,-0.05995541576559229,-0.0011616001801777217
37.693971080598025,7.413685321919562,10.760671070431087,-2.296931858535393,0.809353758901124,0.2571422905249195,-0.03166405846715807,-0.059955252073775896,-0.0013840833076262625
37.70397108059802,7.415688725901814,10.76231390306487,-2.2975314102344275,0.8093388233033755,0.2571445212191504,-0.03166164967032461,-0.059955087603613434,-0.00160232974195076
37.71397108059803,7.417692153121037,10.763956737943369,-2.2981309602848796,0.80932172631837,0.25714683598339366,-0.031658875292761075,-0.0599549223577659,-0.0018163692599889511
37.72397108059803,7.419695605051849,10.765599573869808,-2.2987305086790055,0.8093025098715577,0.2571492323789072,-0.03165574419105048,-0.059954756338885196,-0.0020262312693035403
37.733971080598025,7.421699083146825,10.76724240965182,-2.2993300554090887,0.8092812155685954,0.25715170799609943,-0.031652265135042275,-0.059954589549614,-0.0022319448182467126
37.74397108059803,7.423702588837536,10.768885244102853,-2.2999296004674386,0.8092578847373848,0.25715426045201945,-0.03164844681792126,-0.05995442199258601,-0.002433538608286137
37.75397108059803,7.425706123534645,10.770528076042336,-2.3005291438463904,0.8092325584317936,0.2571568873901793,-0.03164429785713369,-0.05995425367042594,-0.002631040993234378
37.763971080598026,7.4277096886279015,10.77217090429567,-2.301128685538306,0.809205277431656,0.2571595864805544,-0.03163982679438727,-0.0599540845857496,-0.002824479979248896
37.773971080598024,7.429713285486147,10.773813727694238,-2.3017282255355727,0.8091760822427724,0.2571623554195835,-0.03163504209565112,-0.059953914741163815,-0.0030138832248320447
37.78397108059803,7.431716915457312,10.775456545075395,-2.302327763830605,0.809145013096909,0.25716519193016824,-0.03162995215115585,-0.05995374413926647,-0.0031992780408310753
37.79397108059803,7.433720579868533,10.777099355282914,-2.302927300415842,0.8091121099578654,0.25716809376157895,-0.03162456527706345,-0.05995357278264659,-0.0033806913776464626
37.803971080598025,7.435724280025612,10.77874215716654,-2.30352683528375,0.8090774124967687,0.25717105869150036,-0.031618889710062735,-0.05995340067388426,-0.003558149792386716
37.81397108059802,7.437728017213433,10.780384949582158,-2.3041263684268207,0.8090409601081558,0.2571740845245649,-0.031612933610818524,-0.059953227815550604,-0.003731679476870207
37.82397108059803,7.439731792696617,10.78202773139292,-2.304725899837571,0.8090027919403922,0.25717716909054184,-0.031606705071241234,-0.059953054210208065,-0.0039013062616678152
37.833971080598026,7.441735607719527,10.783670501469254,-2.3053254295085437,0.8089629468958048,0.25718031024433097,-0.031600212114519965,-0.05995287986041036,-0.004067055616054403
37.843971080598024,7.44373946350627,10.78531325868886,-2.3059249574323064,0.8089214636306836,0.25718350586596245,-0.031593462695122546,-0.0599527047687025,-0.0042289526480088135
37.85397108059803,7.445743361260693,10.78695600193671,-2.3065244836014536,0.8088783805552804,0.25718675386059675,-0.03158646469879551,-0.05995252893762077,-0.004387022104213871
37.86397108059803,7.447747302166386,10.788598730105052,-2.307124008008603,0.8088337358338092,0.2571900521585247,-0.0315792259425641,-0.059952352369692756,-0.004541288370056379
37.873971080598025,7.4497512873867935,10.790241442093949,-2.307723530646399,0.8087875673927598,0.25719339871485725,-0.031571754176866924,-0.05995217506743742,-0.004691775456714369
37.88397108059802,7.451755318064671,10.791884136810642,-2.3083230515075117,0.8087399128932103,0.25719679151166536,-0.03156405707942229,-0.05995199703336499,-0.004838506971061422
37.89397108059803,7.453759395322543,10.793526813169855,-2.3089225705846346,0.8086908097501025,0.2572002285563601,-0.03155614225943827,-0.059951818269977024,-0.004981506144594426
37.903971080598026,7.455763520263263,10.795169470094898,-2.309522087870488,0.8086402951622833,0.2572037078797799,-0.031548017264650355,-0.0599516387797666,-0.0051207958387659925
37.913971080598024,7.4577676939700055,10.796812106517667,-2.310121603357816,0.8085884061125409,0.2572072275361887,-0.03153968958133011,-0.05995145856521832,-0.005256398544975334
37.92397108059803,7.459771917506274,10.798454721378654,-2.310721117039387,0.8085351793676054,0.25721078560327576,-0.031531166634285165,-0.05995127762880832,-0.005388336384568269
37.93397108059803,7.461776191915899,10.800097313626944,-2.311320628907995,0.8084806514781485,0.25721438018215603,-0.031522455786859256,-0.059951095973004256,-0.0055166311088372215
37.943971080598025,7.4637805182230315,10.801739882220204,-2.3119201389564576,0.8084248587787832,0.2572180093973696,-0.03151356434093217,-0.059950913600265304,-0.005641304099021221
37.95397108059802,7.465784897432216,10.803382426125028,-2.3125196471776186,0.8083678373942997,0.2572216713965309,-0.031504499538404604,-0.05995073051304225,-0.005762376361687098
37.96397108059803,7.467789330528104,10.805024944317012,-2.3131191535643443,0.8083096232290702,0.2572253643513724,-0.031495268559072254,-0.05995054671377744,-0.005879868495848912
37.97397108059803,7.469793818475428,10.806667435779975,-2.313718658109528,0.8082502519548833,0.2572290864583269,-0.03148587851768734,-0.05995036220490471,-0.005993800710357147
37.983971080598025,7.4717983622197055,10.80830989950758,-2.3143181608060845,0.8081897590569989,0.2572328359353823,-0.0314763364744688,-0.059950176988849635,-0.006104192839223883
37.99397108059803,7.473802962687272,10.809952334503414,-2.314917661646956,0.8081281798362488,0.25723661102194595,-0.03146664943558827,-0.05994999106802955,-0.006211064341599151
38.00397108059803,7.475807620785277,10.811594739780993,-2.3155171606251046,0.8080655494090377,0.2572404099788449,-0.031456824353170126,-0.05994980444485356,-0.006314434301770929
38.013971080598026,7.477812337401687,10.813237114363758,-2.31611665773352,0.8080019027073426,0.2572442310883256,-0.03144686812529145,-0.05994961712172256,-0.006414321429165143
38.023971080598024,7.479817113405286,10.81487945728508,-2.3167161529652147,0.8079372744787127,0.25724807265405436,-0.03143678759598204,-0.05994942910102919,-0.006510744058345669
38.03397108059803,7.4818219496456715,10.816521767588267,-2.317315646313224,0.8078716992865472,0.2572519330010984,-0.031426589555287154,-0.05994924038515787,-0.00660372014897208
38.04397108059803,7.483826846953295,10.818164044327395,-2.317915137770608,0.8078052115244654,0.2572558104750646,-0.031416280742586906,-0.05994905097648494,-0.006693267270730088
38.053971080598025,7.485831806139002,10.819806286565997,-2.318514627330451,0.8077378453767908,0.2572597034449095,-0.03140586783784117,-0.05994886087737839,-0.006779402582450196
38.06397108059803,7.487836827994587,10.821448493378014,-2.319114114985861,0.8076696348532819,0.2572636103003679,-0.03139535746928203,-0.059948670090198095,-0.006862142861420789
38.07397108059803,7.489841913293034,10.823090663848674,-2.319713600729969,0.8076006138122861,0.25726752945035375,-0.03138475621860475,-0.059948478617295915,-0.006941504508064937
38.083971080598026,7.491847062788515,10.824732797074494,-2.3203130845559294,0.8075308159607397,0.2572714593229605,-0.03137407062096783,-0.059948286461015736,-0.007017503545940396
38.093971080598024,7.493852277216391,10.826374892163283,-2.32091256645692,0.8074602748541684,0.257275398365461,-0.03136330716499293,-0.059948093623693445,-0.00709015562173961
38.10397108059803,7.4958575572932125,10.828016948234133,-2.321512046426142,0.8073890238966864,0.25727934504430716,-0.03135247229276494,-0.05994790010765695,-0.007159476005289708
38.11397108059803,7.49786290371672,10.829658964417424,-2.322111524456819,0.8073170963409975,0.2572832978451305,-0.031341572399831916,-0.05994770591522618,-0.007225479589552504
38.123971080598025,7.499868317165825,10.831300939854827,-2.3227110005421996,0.8072445252879303,0.25728725527277857,-0.03133061383510362,-0.05994751104871305,-0.007288180889363044
38.133122157576786,7.50170354574481,10.832803487791852,-2.3232595840122983,0.807177579135642,0.25729087954310537,-0.03132053952173692,-0.059947332136154025,-0.007342677670687322
38.14312215757679,7.503708992015324,10.834445377079758,-2.323858952850921,0.80710401099453,0.2572946137626132,-0.03130928454592466,-0.05994679628724696,-0.0073991730638037385
38.15312215757679,7.505714601174206,10.836087229101349,-2.3244584198337903,0.8070297411205859,0.2572985785997645,-0.03129815303667436,-0.05994660011856295,-0.007454506884074447
38.16312215757679,7.50772027951699,10.837729037465545,-2.3250578848499273,0.8069549269660522,0.2573025437807873,-0.03128695775286518,-0.05994640294137966,-0.007508030003734043
38.173122157576785,7.5097260274787185,10.83937080152575,-2.3256573478892655,0.8068795865765722,0.2573065085045562,-0.03127570223535436,-0.05994620475914441,-0.007559752229018261
38.18312215757679,7.511731845484984,10.841012520641552,-2.3262568089417712,0.8068037379093609,0.2573104719801859,-0.03126438999877125,-0.05994600557529286,-0.007609683145078555
38.19312215757679,7.513737733951933,10.84265419417874,-2.3268562679974454,0.8067273988332055,0.25731443342703125,-0.03125302453151725,-0.05994580539324898,-0.007657832115982099
38.203122157576786,7.515743693286262,10.844295821509299,-2.327455725046322,0.8066505871284654,0.2573183920746872,-0.031241609295765867,-0.05994560421642509,-0.007704208284711785
38.21312215757679,7.517749723885222,10.8459374020114,-2.3280551800784717,0.8065733204870718,0.25732234716298874,-0.03123014772746266,-0.059945402048221845,-0.007748820573166224
38.22312215757679,7.519755826136618,10.847578935069414,-2.3286546330839952,0.8064956165125281,0.25732629794201106,-0.031218643236325293,-0.059945198892028206,-0.0077916776821597465
38.23312215757679,7.521762000418803,10.849220420073907,-2.329254084053031,0.8064174927199098,0.25733024367206936,-0.03120709920584349,-0.05994499475122148,-0.007832788091422403
38.243122157576785,7.523768247100676,10.850861856421915,-2.3298535329757493,0.806338966542309,0.2573341836232758,-0.03119551899466948,-0.05994478962916746,-0.007872160060764919
38.25312215757679,7.525774566541479,10.85250324351708,-2.3304529798423532,0.8062600553277429,0.2573381170758069,-0.031183905935903738,-0.05994458352922043,-0.007909801616403223
38.26312215757679,7.527780959090904,10.854144580768713,-2.331052424643082,0.8061807763186594,0.2573420433212809,-0.031172263332714147,-0.05994437645472272,-0.007945720550072078
38.273122157576786,7.529787425089346,10.855785867593028,-2.331651867368208,0.8061011466892357,0.25734596166010865,-0.031160594466464176,-0.05994416840900537,-0.007979924442435761
38.28312215757679,7.531793964867901,10.857427103413219,-2.332251308008035,0.806021183547458,0.25734987140134785,-0.031148902597163727,-0.059943959395388144,-0.00801242066401679
38.29312215757679,7.533800578748369,10.859068287659472,-2.332850746552901,0.8059409039351205,0.2573537718627032,-0.031137190963469126,-0.059943749417179545,-0.00804321637519592
38.30312215757679,7.535807267043254,10.86070941976895,-2.3334501829931757,0.8058603248278258,0.2573576623705262,-0.031125462782683126,-0.059943538477676826,-0.008072318526212147
38.313122157576785,7.537814030055767,10.862350499185807,-2.334049617319263,0.8057794631349846,0.25736154225981556,-0.0311137212507549,-0.059943326580165955,-0.008099733857162705
38.32312215757679,7.539820868079818,10.86399152536117,-2.334649049521599,0.8056983356998161,0.2573654108742167,-0.031101969542280058,-0.05994311372792166,-0.008125468898003071
38.33312215757679,7.541827781400025,10.865632497753161,-2.3352484795906516,0.8056169592993477,0.25736926756602213,-0.031090210810500635,-0.05994289992420739,-0.00814952996854696
38.343122157576786,7.543834770291699,10.867273415826972,-2.3358479075169227,0.8055353506466342,0.2573731116960183,-0.031078448187773243,-0.05994268517227539,-0.008171923179181136
38.35312215757679,7.545841835020678,10.868914279055574,-2.3364473332909457,0.8054535264047566,0.2573769426325362,-0.03106668478846506,-0.059942469475367,-0.008192654428590459
38.36312215757679,7.547848975843384,10.870555086918174,-2.337046756903288,0.8053715031459324,0.2573807597542661,-0.031054923700295764,-0.05994225283671188,-0.008211729384621745
38.37312215757679,7.5498561930069785,10.872195838901398,-2.3376461783445484,0.8052892973877751,0.25738456244771096,-0.03104316799212408,-0.059942035259528674,-0.008229153509675489
38.383122157576786,7.551863486749364,10.873836534499661,-2.3382455976053587,0.8052069256034555,0.2573883501064809,-0.031031420716107014,-0.05994181674702513,-0.008244932065637799
38.39312215757679,7.553870857299178,10.875477173215172,-2.338845014676382,0.8051244042217021,0.25739212213129353,-0.031019684907699848,-0.059941597302398154,-0.008259070113880392
38.40312215757679,7.5558783048757965,10.877117754557931,-2.339444429548312,0.8050417496268001,0.2573958779299739,-0.031007963585656134,-0.05994137692883378,-0.008271572515260598
38.41312215757679,7.55788582968933,10.878758278045732,-2.340043842211875,0.8049589781585926,0.2573996169174545,-0.030996259752027713,-0.059941155629507185,-0.008282443930121359
38.423122157576785,7.559893431940631,10.880398743204161,-2.3406432526578294,0.8048761061124798,0.25740333851577496,-0.030984576392164686,-0.05994093340758267,-0.008291688818291227
38.43312215757679,7.561901111821284,10.882039149566598,-2.341242660876964,0.8047931497394192,0.25740704215408255,-0.03097291647471544,-0.059940710266213705,-0.008299311439084368
38.44312215757679,7.563908869513618,10.883679496674212,-2.3418420668601003,0.8047101252459254,0.25741072726863184,-0.030961282951626642,-0.05994048620854286,-0.008305315851300557
38.453122157576786,7.565916705190616,10.885319784076266,-2.3424414705980907,0.804627048800813,0.2574143933023323,-0.03094967875951696,-0.059940261237702,-0.008309705914364418
38.46312215757679,7.5679246190156855,10.886960011330482,-2.3430408720818185,0.8045439365390489,0.25741803970449684,-0.030938106820334516,-0.05994003535681241,-0.008312485278995387
38.47312215757679,7.56993261114307,10.88860017800151,-2.3436402713022,0.8044608045274994,0.25742166593311755,-0.030926570034397118,-0.05993980856898406,-0.008313657381122745
38.48312215757679,7.57194068171768,10.8902402836625,-2.3442396682501823,0.804377668806593,0.25742527145204175,-0.03091507128907376,-0.059939580877316406,-0.008313225462571083
38.493122157576785,7.573948830875068,10.891880327895247,-2.3448390629167424,0.8042945453939209,0.25742885573072904,-0.030903613459527007,-0.05993935228489843,-0.00831119257230753
38.50312215757679,7.575957058741422,10.893520310290192,-2.345438455292888,0.8042114502842368,0.2574324182442515,-0.03089219940871301,-0.05993912279480867,-0.008307561566441735
38.51312215757679,7.577965365433572,10.895160230446416,-2.346037845369658,0.8041283994494576,0.2574359584732937,-0.030880831987381497,-0.05993889241011517,-0.008302335108225888
38.523122157576786,7.579973751058988,10.896800087971652,-2.346637233138121,0.8040454088386626,0.25743947590415245,-0.030869514034075778,-0.059938661133875554,-0.0082955156680547
38.53312215757679,7.581982215715779,10.898439882482272,-2.3472366185893767,0.8039624943780941,0.2574429700287372,-0.030858248375132746,-0.05993842896913696,-0.008287105523465415
38.54312215757679,7.583990759492692,10.900079613603296,-2.3478360017145548,0.803879671971157,0.25744644034456954,-0.030847037824682875,-0.05993819591893608,-0.00827710675913781
38.55312215757679,7.585999382469115,10.901719280968384,-2.3484353825048156,0.8037969574984192,0.2574498863547837,-0.03083588518465022,-0.059937961986299144,-0.008265521266894185
38.563122157576785,7.588008084714995,10.903358884220065,-2.3490347609513496,0.8037143668222354,0.2574533075678259,-0.030824793245665158,-0.059937727174242,-0.008252350746058752
38.57312215757679,7.590016866290423,10.9049984230105,-2.349634137045377,0.8036319158004446,0.2574567034965639,-0.03081376478963153,-0.05993749148577043,-0.008237596696305862
38.58312215757679,7.592025727246406,10.90663789699941,-2.3502335107781493,0.8035496202402638,0.2574600736612585,-0.030802802580586573,-0.05993725492387925,-0.008221260410501974
38.593122157576786,7.594034667624449,10.908277305855755,-2.3508328821409488,0.8034674959403995,0.25746341758680763,-0.030791909373263475,-0.05993701749155307,-0.008203342991966966
38.60312215757679,7.596043687456454,10.90991664925805,-2.3514322511250865,0.803385558698417,0.2574667348022669,-0.030781087914565724,-0.05993677919176643,-0.008183845356183808
38.61312215757679,7.598052786764721,10.911555926894371,-2.352031617721902,0.8033038243107403,0.2574700248408497,-0.030770340943567127,-0.05993654002748383,-0.008162768230798556
38.62312215757679,7.600061965561942,10.913195138462351,-2.3526309819227653,0.8032223085726524,0.25747328723992674,-0.030759671191511788,-0.059936300001659705,-0.008140112155620351
38.633122157576786,7.6020712238512065,10.914834283669183,-2.353230343719076,0.8031410272782951,0.2574765215410266,-0.03074908138181412,-0.05993605911723841,-0.008115877482621424
38.64312215757679,7.6040805616260005,10.916473362231617,-2.3538297031022615,0.8030599962206685,0.2574797272898354,-0.030738574230058845,-0.05993581737715428,-0.008090064375937098
38.65312215757679,7.606089978870203,10.91811237387596,-2.3544290600637794,0.8029792311916323,0.2574829040361968,-0.030728152444000983,-0.05993557478433156,-0.008062672811865781
38.66312215757679,7.608099475558094,10.919751318338081,-2.3550284145951172,0.8028987479819044,0.25748605133411206,-0.030717818723565878,-0.05993533134168446,-0.008033702578868965
38.67312215757679,7.6101090516543435,10.921390195363402,-2.355627766687791,0.8028185623810618,0.25748916874174027,-0.030707575760849166,-0.05993508705211709,-0.008003153277571236
38.68312215757679,7.6121187071138054,10.923029004707033,-2.3562271163333466,0.802738690176479,0.2574922558214685,-0.03069742623969371,-0.059934841918523545,-0.007971024310172171
38.69312215757679,7.614128441881318,10.92466774613421,-2.3568264635233582,0.8026591471630556,0.25749531213926813,-0.030687372837568085,-0.05993459594378799,-0.007937314879464015
38.70227323455554,7.615967635077613,10.926167311324768,-2.35737492859178,0.8025866586588807,0.2574980816766544,-0.03067825939363245,-0.05993437011579842,-0.007905081389510045
38.71227323455554,7.617977421472937,10.927805920283635,-2.3579741675524684,0.80250813583084,0.2575008450731979,-0.0306682607873905,-0.059933782793761534,-0.007868531809413097
38.722273234555544,7.619987384050106,10.929444462303946,-2.358573504142,0.8024296244749289,0.2575038157422649,-0.03065855269208629,-0.0599335349027396,-0.007833873290411958
38.73227323455554,7.621997426207572,10.931082935128174,-2.359172838246319,0.802351455523223,0.25750675871461015,-0.03064897715686639,-0.059933285751903,-0.007800049554588676
38.74227323455554,7.624007548148561,10.93272133832223,-2.3597721698528495,0.8022736206945834,0.25750967455603047,-0.030639532258129355,-0.059933035345557294,-0.0077670492158846294
38.752273234555545,7.626017750079541,10.934359671452615,-2.3603714989490583,0.8021961118145567,0.2575125638234583,-0.030630216097365597,-0.059932783687993464,-0.007734861047432283
38.76227323455554,7.628028032210216,10.93599793408643,-2.3609708255224544,0.8021189208153754,0.25751542706496205,-0.030621026801157362,-0.05993253078348793,-0.007703473981555185
38.77227323455554,7.630038394753534,10.937636125791364,-2.3615701495605887,0.8020420397359572,0.25751826481974605,-0.03061196252117874,-0.05993227663630256,-0.007672877109767972
38.78227323455554,7.632048837925679,10.939274246135708,-2.3621694710510557,0.8019654607219053,0.2575210776181502,-0.03060302143419567,-0.05993202125068465,-0.007643059682776364
38.792273234555545,7.634059361946077,10.94091229468834,-2.3627687899814918,0.801889176025509,0.25752386598165045,-0.03059420174206593,-0.05993176463086694,-0.007614011110477166
38.80227323455554,7.6360699670373915,10.942550271018737,-2.3633681063395753,0.8018131780057426,0.25752663042285845,-0.030585501671739145,-0.059931506781067616,-0.00758572096195827
38.81227323455554,7.638080653425514,10.944188174696965,-2.363967420113028,0.8017374591278243,0.25752937144556315,-0.030576919475154667,-0.05993124770549031,-0.007558178964813078
38.822273234555546,7.640091421339216,10.945826005293513,-2.3645667312896115,0.801662011951566,0.2575320895458771,-0.03056845342657108,-0.05993098740832459,-0.0075313749862391125
38.832273234555544,7.642102271010977,10.947463762379648,-2.3651660398571326,0.8015868291569651,0.2575347852099417,-0.030560101828512536,-0.05993072589374504,-0.007505299071351762
38.84227323455554,7.644113202676365,10.949101445527162,-2.365765345803438,0.8015119035261764,0.2575374589154706,-0.030551863007547617,-0.05993046316591182,-0.007479941417285394
38.85227323455554,7.646124216573681,10.950739054308222,-2.3663646491164174,0.8014372279321773,0.25754011113278025,-0.030543735311660037,-0.059930199228971075,-0.007455292356016812
38.862273234555545,7.648135312943949,10.952376588295369,-2.366963949784,0.8013627953387681,0.2575427423247908,-0.030535717110248627,-0.059929934087054874,-0.007431342354365265
38.87227323455554,7.65014649203092,10.954014047061515,-2.3675632477941573,0.801288598800572,0.2575453529470255,-0.03052780679412735,-0.059929667744281295,-0.007408082013992438
38.88227323455554,7.652157754081077,10.955651430179946,-2.3681625431348996,0.8012146314630353,0.25754794344761095,-0.03052000277552529,-0.05992940020475435,-0.007385502071402461
38.892273234555546,7.654169099343624,10.957288737224323,-2.36876183579428,0.8011408865624269,0.25755051426727704,-0.030512303488086662,-0.05992913147256405,-0.007363593397941901
38.902273234555544,7.656180528070499,10.95892596776868,-2.369361125760392,0.801067357425839,0.25755306583935694,-0.030504707386870812,-0.05992886155178634,-0.007342346999799767
38.91227323455554,7.658192040516363,10.960563121387423,-2.3699604130213694,0.8009940374711864,0.25755559858978716,-0.030497212948352198,-0.05992859044648315,-0.007321754018007509
38.92227323455554,7.660203636938556,10.96220019765531,-2.3705596975653873,0.8009209202055788,0.25755811293725506,-0.03048981867004336,-0.05992831816070245,-0.0073018057259763664
38.932273234555545,7.662215317596833,10.963837196147326,-2.37115897938066,0.8008479992161767,0.25756060929408403,-0.03048252306839703,-0.0599280446984787,-0.007282493514871455
38.94227323455554,7.664227082754204,10.965474116439033,-2.3717582584554444,0.8007752681968969,0.2575630880638633,-0.03047532468500722,-0.05992777006383172,-0.007263808933293028
38.95227323455554,7.666238932676163,10.967110958106266,-2.372357534778037,0.8007027209248831,0.2575655496434792,-0.030468222081120197,-0.0599274942607676,-0.007245743653153083
38.962273234555546,7.668250867630494,10.968747720725045,-2.372956808336775,0.8006303512543577,0.2575679944236608,-0.03046121383620627,-0.0599272172932789,-0.0072282894605474185
38.972273234555544,7.6702628878872705,10.970384403871568,-2.373556079120034,0.8005581531166213,0.2575704227889795,-0.03045429854795979,-0.05992693916534466,-0.007211438255755641
38.98227323455554,7.6722749937188555,10.972021007122228,-2.3741553471162287,0.8004861205200536,0.25757283511784973,-0.030447474832299145,-0.05992665988093043,-0.007195182053241159
38.99227323455554,7.674287185399902,10.973657530053595,-2.374754612313814,0.8004142475501135,0.2575752317825281,-0.030440741323366768,-0.05992637944398824,-0.007179512981651183
39.002273234555545,7.676299463207352,10.97529397224243,-2.375353874701284,0.8003425283693377,0.2575776131491142,-0.030434096673529126,-0.0599260978584566,-0.007164423283816729
39.01227323455554,7.678311827420437,10.976930333265669,-2.375953134267171,0.8002709572173425,0.2575799795775499,-0.030427539553376733,-0.05992581512826052,-0.007149905316752618
39.02227323455554,7.680324278320679,10.978566612700444,-2.376552391000049,0.8001995284108225,0.25758233142162,-0.03042106865172414,-0.059925531257311496,-0.00713595155165747
39.03227323455555,7.682336816191876,10.98020281012406,-2.377151644888529,0.8001282363431114,0.2575846690289903,-0.030414682675507922,-0.05992524624950752,-0.007122554573264545
39.042273234555545,7.684349441319809,10.981838925113866,-2.3777508959212605,0.8000570754739859,0.2575869927421356,-0.030408380347433043,-0.05992496010873366,-0.007109707064363561
39.05227323455554,7.686362153992974,10.98347495724756,-2.378350144086935,0.7999860403532272,0.25758930289632,-0.030402160411455055,-0.05992467283886096,-0.00709740183984156
39.06227323455554,7.688374954502078,10.985110906102987,-2.3789493893742817,0.7999151256052615,0.2575915998208783,-0.030396021629188762,-0.059924384443747016,-0.007085631825007542
39.072273234555546,7.690387843139745,10.98674677125802,-2.379548631772068,0.7998443259196215,0.25759388384004134,-0.03038996277769062,-0.05992409492723645,-0.00707439004170911
39.082273234555544,7.692400820200513,10.98838255229055,-2.3801478712691,0.7997736360509473,0.2575961552729356,-0.03038398264945876,-0.05992380429316089,-0.007063669608332472
39.09227323455554,7.694413885980838,10.9900182487785,-2.38074710785422,0.7997030508189857,0.25759841443358367,-0.030378080052432976,-0.05992351254533896,-0.007053463739802436
39.10227323455555,7.696427040779088,10.991653860299802,-2.38134634151631,0.7996325651085905,0.25760066163090384,-0.030372253809994722,-0.05992321968757629,-0.007043765747582416
39.112273234555545,7.698440284895549,10.993289386432426,-2.3819455722442884,0.7995621738697222,0.2576028971687104,-0.03036650276096712,-0.05992292572366551,-0.007034569039674427
39.12227323455554,7.70045361863242,10.994924826754357,-2.3825448000271128,0.7994918721174483,0.2576051213457134,-0.030360825759614952,-0.05992263065738626,-0.0070258671206190875
39.13227323455554,7.70246704229382,10.996560180843604,-2.3831440248537774,0.7994216549319437,0.2576073344555189,-0.030355221675644667,-0.05992233449250518,-0.00701765359149562
39.142273234555546,7.704480556185779,10.998195448278198,-2.383743246713315,0.7993515174584894,0.2576095367866289,-0.030349689394204384,-0.05992203723277593,-0.007009922149921851
39.152273234555544,7.706494160616111,10.999830628636136,-2.3843424655947953,0.7992814549028615,0.25761172862283976,-0.030344227814815262,-0.059921738881939406,-0.007002666583337437
39.16227323455554,7.708507855894511,11.001465721495403,-2.3849416814873257,0.7992114625336911,0.2576139102430877,-0.030338835851937203,-0.059921439443723794,-0.006995880771768932
39.17227323455555,7.7105216423329335,11.003100726434145,-2.385540894380052,0.7991415356960098,0.2576160819202742,-0.030333512438101607,-0.05992113892184371,-0.00698955870761401
39.182273234555545,7.712535520244961,11.004735643030411,-2.3861401042621573,0.7990716697904938,0.2576182439230097,-0.03032825651908138,-0.05992083732000121,-0.00698369446611953
39.19227323455554,7.714549489945773,11.00637047086213,-2.386739311122861,0.7990018602725194,0.2576203965156939,-0.030323067053671514,-0.059920534641885896,-0.006978282204024933
39.20227323455554,7.716563551752147,11.008005209507118,-2.3873385149514195,0.798932102652163,0.25762253995851564,-0.0303179430136891,-0.059920230891174854,-0.006973316159562239
39.212273234555546,7.718577705982458,11.009639858543077,-2.3879377157371238,0.7988623924942009,0.257624674507453,-0.03031288338397331,-0.05991992607153271,-0.006968790652456048
39.222273234555544,7.720591952956681,11.011274417547586,-2.388536913469303,0.7987927254181098,0.2576268004142733,-0.030307887162385423,-0.05991962018661159,-0.006964700083923541
39.23227323455554,7.722606292996388,11.012908886098115,-2.389136108137322,0.7987230970980659,0.2576289179265331,-0.030302953359808787,-0.059919313240051134,-0.006961038936674476
39.24227323455555,7.724620726424749,11.014543263772019,-2.389735299730581,0.798653503262946,0.2576310272875781,-0.030298081000148854,-0.0599190052354785,-0.0069578017749111955
39.252273234555545,7.72663525356653,11.016177550146532,-2.3903344882385196,0.7985839396963268,0.2576331287365432,-0.030293269120333168,-0.05991869617650838,-0.006954983244328618
39.26227323455554,7.7286498747481,11.017811744798777,-2.3909336736506104,0.798514402236485,0.25763522250835263,-0.03028851677031135,-0.059918386066742935,-0.0069525780721142435
39.271424311534304,7.730493552782725,11.019307128171727,-2.391481990111955,0.7984507873521716,0.25763713200420285,-0.030284219224484613,-0.05991810136519108,-0.00695073487281998
39.2814243115343,7.732508255250434,11.020941145314977,-2.392081066061715,0.7983816396168548,0.2576389769323198,-0.030279404614558813,-0.05991744945036647,-0.006948023364703446
39.29142431153431,7.73452314879321,11.022575070599252,-2.3926802389935435,0.7983121664018556,0.25764104883206296,-0.03027476219067331,-0.05991713665419215,-0.006946665112381137
39.301424311534305,7.736538137076818,11.024208903065583,-2.3932794087895304,0.7982427052598238,0.2576431125601329,-0.03027013557065912,-0.05991682228318884,-0.006945607788669914
39.3114243115343,7.738553220135584,11.025842642564132,-2.3938785754339578,0.7981732531980953,0.25764516829970396,-0.030265524151149557,-0.05991650634273691,-0.006944849461824453
39.3214243115343,7.740568398005592,11.02747628894446,-2.3944777389111582,0.7981038072404171,0.25764721623196807,-0.030260927333458237,-0.05991618883819863,-0.006944388241699072
39.331424311534306,7.742583670724679,11.029109842055517,-2.395076899205519,0.7980343644269471,0.25764925653613435,-0.03025634452357908,-0.05991586977491824,-0.0069442222797477205
39.341424311534304,7.744599038332444,11.030743301745652,-2.395676056301479,0.7979649218142539,0.2576512893894292,-0.030251775132186295,-0.05991554915822187,-0.006944349769023986
39.3514243115343,7.746614500870238,11.032376667862609,-2.39627521018353,0.7978954764753171,0.2576533149670964,-0.0302472185746344,-0.059915226993417635,-0.006944768944181094
39.36142431153431,7.748630058381173,11.034009940253526,-2.3968743608362164,0.7978260254995273,0.25765533344239705,-0.0302426742709582,-0.059914903285795545,-0.006945478081471905
39.371424311534305,7.750645710910115,11.035643118764936,-2.397473508244135,0.7977565659926855,0.2576573449866095,-0.030238141645872806,-0.05991457804062755,-0.006946475498748918
39.3814243115343,7.752661458503688,11.037276203242765,-2.3980726523919356,0.7976870950770042,0.25765934976902943,-0.030233620128773623,-0.059914251263167566,-0.006947759555464266
39.3914243115343,7.754677301210273,11.038909193532337,-2.3986717932643207,0.7976176098911062,0.2576613479569698,-0.030229109153736354,-0.0599139229586514,-0.006949328652669721
39.401424311534306,7.756693239080007,11.040542089478368,-2.3992709308460447,0.7975481075900256,0.257663339715761,-0.030224608159517007,-0.05991359313229683,-0.006951181233016689
39.411424311534304,7.758709272164785,11.042174890924974,-2.399870065121916,0.797478585345207,0.25766532520875063,-0.03022011658955188,-0.05991326178930353,-0.0069533157807562165
39.4214243115343,7.760725400518245,11.043807597715535,-2.4004691960767923,0.7974090403416229,0.25766730459751197,-0.03021563389135065,-0.05991292893485368,-0.006955730819074345
39.43142431153431,7.76274162419586,11.045440209692615,-2.4010683236955828,0.7973394697772627,0.25766927804185485,-0.03021115951645163,-0.059912594574112285,-0.006958424910637109
39.441424311534306,7.764757943254973,11.047072726698559,-2.401667447963254,0.7972698708770315,0.2576712456988283,-0.030206692923337452,-0.059912258712224546,-0.00696139667021049
39.4514243115343,7.766774357754623,11.048705148574953,-2.402266568864823,0.7972002408778182,0.2576732077238386,-0.030202233574206816,-0.059911921354318276,-0.006964644749438087
39.4614243115343,7.768790867755529,11.050337475162578,-2.402865686385356,0.7971305770273823,0.25767516427073067,-0.03019778093473689,-0.05991158250550409,-0.0069681678357578405
39.47142431153431,7.770807473320095,11.051969706301406,-2.4034648005099712,0.7970608765843545,0.2576771154917885,-0.03019333447408332,-0.059911242170875394,-0.006971964652402033
39.481424311534305,7.772824174512409,11.053601841830611,-2.404063911223836,0.796991136818236,0.257679061537735,-0.030188893664880218,-0.05991090035550841,-0.006976033958397294
39.4914243115343,7.774840971398241,11.055233881588554,-2.404663018512167,0.7969213550093986,0.2576810025577319,-0.03018445798324018,-0.059910557064462154,-0.006980374548564593
39.50142431153431,7.776857864045046,11.056865825412796,-2.4052621223602326,0.7968515284490854,0.2576829386993799,-0.030180026908754275,-0.05991021230277844,-0.006984985253519245
39.511424311534306,7.778874852521961,11.058497673140092,-2.4058612227533502,0.7967816544394098,0.2576848701087186,-0.03017559992449203,-0.05990986607548188,-0.006989864939670904
39.521424311534304,7.780891936899806,11.06012942460639,-2.4064603196768872,0.7967117302933563,0.25768679693022656,-0.030171176517001463,-0.0599095183875799,-0.006995012509223572
39.5314243115343,7.782909117251088,11.061761079646836,-2.4070594131162624,0.7966417533347802,0.2576887193068212,-0.03016675617630906,-0.05990916924406271,-0.007000426900175592
39.54142431153431,7.784926393649992,11.063392638095767,-2.407658503056943,0.7965717208984073,0.25769063737985876,-0.030162338395919776,-0.05990881864990335,-0.0070061070863196495
39.551424311534305,7.786943766172391,11.065024099786717,-2.4082575894844473,0.7965016303298345,0.2576925512891346,-0.030157922672817045,-0.05990846661005762,-0.007012052077242775
39.5614243115343,7.788961234895838,11.066655464552387,-2.4088566723843434,0.7964314789848311,0.25769446117293093,-0.030153508507317257,-0.059908113129464285,-0.0070182609177286805
39.57142431153431,7.790978799899616,11.068286732224239,-2.409455751742244,0.7963612642215686,0.2576963671685345,-0.030149095401484582,-0.059907758213046614,-0.007024732681725451
39.581424311534306,7.792996461264798,11.06991790263337,-2.4100548275438176,0.7962909834204537,0.25769826941084945,-0.03014468286330189,-0.05990740186570881,-0.007031466489954431
39.591424311534304,7.795014219074135,11.071548975610076,-2.4106538997747835,0.7962206339729958,0.2577001680332108,-0.030140270404270825,-0.059907044092337804,-0.007038461498922272
39.6014243115343,7.797032073412025,11.073179950983656,-2.4112529684209076,0.7961502132766015,0.257702063167749,-0.03013585753831534,-0.05990668489780419,-0.0070457168962583
39.61142431153431,7.7990500243645196,11.074810828582386,-2.411852033468004,0.7960797187345742,0.2577039549453907,-0.0301314437817817,-0.059906324286962194,-0.007053231900714515
39.621424311534305,7.801068072019324,11.076441608233539,-2.412451094901934,0.796009147756114,0.25770584349585834,-0.030127028653438487,-0.05990596226464971,-0.007061005762165593
39.6314243115343,7.803086216465791,11.078072289763373,-2.413050152708608,0.7959384977563183,0.2577077289476701,-0.030122611674476593,-0.059905598835688294,-0.007069037761608883
39.64142431153431,7.805104457794929,11.079702872997137,-2.4136492068739823,0.7958677661561812,0.2577096114281401,-0.03011819236850923,-0.05990523400488314,-0.007077327211164407
39.651424311534306,7.807122796099397,11.08133335775907,-2.4142482573840613,0.7957969503825938,0.25771149106337826,-0.030113770261571905,-0.05990486777702309,-0.007085873454074863
39.661424311534304,7.809141231473504,11.082963743872396,-2.4148473042248977,0.7957260478683442,0.25771336797829053,-0.030109344882122455,-0.05990450015688068,-0.007094675864705622
39.6714243115343,7.8111597640132135,11.084594031159332,-2.4154463473825905,0.7956550560521173,0.25771524229657855,-0.030104915761041025,-0.05990413114921205,-0.00710373384854473
39.68142431153431,7.813178393816139,11.086224219441084,-2.4160453868432876,0.7955839723784951,0.25771711414073983,-0.03010048243163007,-0.05990376075875704,-0.007113046842202908
39.691424311534306,7.815197120981548,11.087854308537846,-2.416644422593184,0.7955127942979562,0.25771898363206786,-0.030096044429614353,-0.059903388990239094,-0.007122614313413549
39.7014243115343,7.817215945610356,11.089484298268802,-2.4172434546185215,0.7954415192668766,0.25772085089065183,-0.030091601293140965,-0.05990301584836536,-0.007132435761032721
39.71142431153431,7.819234867805137,11.091114188452117,-2.417842482905592,0.79537014474745,0.25772271603538116,-0.030087152562764605,-0.059902641337826634,-0.007142510715007345
39.72142431153431,7.8212538876702755,11.09274397890467,-2.418441507440729,0.7952986682046019,0.257724579184081,-0.030082697780915275,-0.05990226546329828,-0.007152838735948114
39.731424311534305,7.823273005311832,11.094373669442481,-2.419040528210318,0.7952270871130401,0.2577264404531048,-0.030078236493266804,-0.05990188822943867,-0.007163419418991701
39.7414243115343,7.8252922208374605,11.09600325988058,-2.4196395452007913,0.7951553989527866,0.2577282999576686,-0.030073768247755307,-0.059901509640889805,-0.007174252389101846
39.75142431153431,7.827311534356478,11.097632750032785,-2.4202385583986263,0.7950836012057231,0.2577301578120522,-0.03006929259390717,-0.0599011297022781,-0.007185337299128867
39.761424311534306,7.829330945979867,11.09926213971171,-2.420837567790346,0.7950116913555905,0.2577320141295993,-0.03006480908283904,-0.05990074841821439,-0.007196673829809651
39.771424311534304,7.83135045582027,11.100891428728762,-2.4214365733625196,0.7949396668879892,0.2577338690227171,-0.030060317267257827,-0.0599003657932939,-0.007208261689767664
39.78142431153431,7.833370063991997,11.102520616894134,-2.422035575101761,0.7948675252903795,0.257735722602877,-0.030055816701460698,-0.05989998183209629,-0.007220100615512943
39.79142431153431,7.8353897706110205,11.104149704016823,-2.422634572994729,0.7947952640520809,0.257737574980614,-0.03005130694133509,-0.05989959653918562,-0.007232190371442098
39.801424311534305,7.837409575794974,11.105778689904609,-2.423233567028129,0.7947228806642724,0.2577394262655269,-0.030046787544358706,-0.059899209919110345,-0.007244530749838316
39.8114243115343,7.839429479663159,11.107407574364068,-2.4238325571887107,0.7946503726199925,0.25774127656627843,-0.030042258069599502,-0.05989882197640335,-0.0072571215708713555
39.82142431153431,7.841449482336537,11.109036357200573,-2.42443154346327,0.7945777374141392,0.25774312599059496,-0.030037718077715707,-0.05989843271558193,-0.007269962682597551
39.831424311534306,7.8434695839377335,11.110665038218281,-2.425030525838648,0.7945049725434699,0.2577449746452668,-0.030033167130955808,-0.05989804214114778,-0.007283053960959808
39.84057538851306,7.845318281256253,11.112155367366977,-2.425578655793366,0.7944382690995756,0.2577466657791235,-0.030028992553763355,-0.05989768357622384,-0.00729525302041591
39.85057538851306,7.847338473862332,11.1137838536721,-2.426177527159468,0.7943656000591851,0.2577482814255679,-0.030024233343651285,-0.05989695062267491,-0.007307623090647086
39.86057538851306,7.849358860753921,11.115412237440191,-2.426776494696197,0.7942924570783985,0.25775013590457435,-0.030019552981520498,-0.05989655639577644,-0.007320963767663926
39.87057538851306,7.8513793462020285,11.117040519603423,-2.4273754582808005,0.7942191810647635,0.2577519939882096,-0.03001479598947745,-0.0598961601987261,-0.007334230861053542
39.88057538851306,7.853399929898045,11.118668700449417,-2.427974417893613,0.7941457727227628,0.25775385561281494,-0.030009962717391203,-0.05989576203825319,-0.007347429621296928
39.89057538851306,7.855420611534496,11.120296780264331,-2.428573373515034,0.79407223270671,0.25775572071714886,-0.03000505350490887,-0.05989536192106436,-0.0073605652637930554
39.90057538851306,7.857441390805033,11.121924759332854,-2.4291723251255313,0.79399856162075,0.2577575892423869,-0.03000006868145561,-0.05989495985384359,-0.007373642968858862
39.91057538851306,7.859462267404449,11.123552637938214,-2.429771272705637,0.7939247600188585,0.25775946113212167,-0.029995008566234636,-0.05989455584325219,-0.007386667881729263
39.92057538851306,7.861483241028665,11.125180416362166,-2.4303702162359495,0.7938508284048424,0.2577613363323628,-0.029989873468227207,-0.0598941498959288,-0.007399645112557142
39.93057538851306,7.863504311374735,11.126808094885003,-2.4309691556971336,0.7937767672323403,0.25776321479153713,-0.029984663686192636,-0.05989374201848938,-0.007412579736413359
39.94057538851306,7.865525478140847,11.12843567378555,-2.4315680910699196,0.7937025769048209,0.25776509646048834,-0.02997937950866828,-0.059893332217527254,-0.007425476793286744
39.95057538851306,7.867546741026321,11.130063153341167,-2.4321670223351046,0.793628257775585,0.25776698129247727,-0.029974021213969554,-0.059892920499613034,-0.0074383412880841
39.96057538851306,7.8695680997316115,11.131690533827747,-2.4327659494735507,0.7935538101477638,0.257768869243182,-0.02996858907018991,-0.05989250687129469,-0.007451178190630203
39.97057538851306,7.871589553958303,11.133317815519717,-2.4333648724661874,0.7934792342743201,0.25777076027069734,-0.029963083335200865,-0.059892091339097515,-0.0074639924356678005
39.98057538851306,7.873611103409449,11.134944998689784,-2.4339637912940058,0.7934045303606359,0.257772654335223,-0.029957504257470898,-0.059891673909525246,-0.007476788931021535
39.99057538851306,7.8756327477890595,11.136572083609193,-2.4345627059380646,0.7933296985577765,0.25777455139970845,-0.02995185207424163,-0.0598912545890585,-0.007489572542796369
40.00057538851306,7.877654486802059,11.138199070547884,-2.4351616163794905,0.7932547389645253,0.25777645142974853,-0.029946127011907513,-0.05989083338415453,-0.0075023480961902925
40.01057538851306,7.879676320154823,11.139825959774143,-2.435760522599474,0.7931796516334594,0.2577783543929596,-0.029940329287735146,-0.059890410301248885,-0.0075151203903770225
40.02057538851306,7.881698247555189,11.141452751554613,-2.436359424579268,0.7931044365709513,0.2577802602589794,-0.029934459109863667,-0.05988998534675544,-0.007527894198509355
40.03057538851306,7.883720268712444,11.143079446154296,-2.4369583223001894,0.7930290937371686,0.25778216899946693,-0.02992851667730473,-0.0598895585270664,-0.007540674267719163
40.04057538851306,7.885742383337332,11.144706043836537,-2.4375572157436167,0.792953623046074,0.2577840805881028,-0.029922502179942512,-0.05988912984855227,-0.007553465319117397
40.05057538851306,7.887764591142054,11.146332544863046,-2.4381561048909934,0.7928780243654255,0.25778599500058874,-0.029916415798533734,-0.05988869931756189,-0.0075662720477940835
40.06057538851306,7.8897868918402665,11.14795894949388,-2.4387549897238254,0.7928022975167764,0.25778791221464803,-0.029910257704707625,-0.05988826694042242,-0.007579099122818329
40.07057538851306,7.891809285147079,11.14958525798745,-2.4393538702236808,0.7927264422754752,0.25778983221002516,-0.029904028060965943,-0.05988783272343933,-0.007591951187238314
40.08057538851306,7.893831770779057,11.151211470600524,-2.439952746372192,0.7926504583706654,0.25779175496848616,-0.029897727020682982,-0.05988739667289641,-0.007604832858081298
40.09057538851306,7.895854348454223,11.152837587588222,-2.4405516181510545,0.7925743454852857,0.2577936804738183,-0.029891354728105547,-0.059886958795055775,-0.007617748726353616
40.10057538851306,7.897877017892054,11.154463609204017,-2.441150485542026,0.7924981032560704,0.25779560871183027,-0.029884911318352983,-0.05988651909615786,-0.007630703357040684
40.11057538851306,7.899899778813853,11.15608953569943,-2.4417493485269253,0.7924217312757427,0.2577975396700425,-0.029878396918181283,-0.05988607758242259,-0.007643701297603857
40.12057538851306,7.901922630942224,11.157715367324347,-2.442348207087634,0.7923452290873368,0.25779947333827213,-0.029871811644368737,-0.059885634260047796,-0.007656747063773294
40.13057538851306,7.9039455740009235,11.15934110432724,-2.442947061206101,0.7922685961852258,0.2578014097086461,-0.02986515560380184,-0.059885189135208676,-0.00766984513765073
40.140575388513064,7.905968607715481,11.160966746954717,-2.4435459108643345,0.7921918320205192,0.25780334877498057,-0.029858428895114444,-0.05988474221405971,-0.0076829999834360126
40.15057538851306,7.907991731813197,11.16259229545152,-2.4441447560444036,0.7921149360010683,0.2578052905327808,-0.029851631608689165,-0.05988429350273468,-0.007696216047441157
40.16057538851306,7.910014946023143,11.164217750060525,-2.444743596728438,0.7920379074914654,0.25780723497924074,-0.029844763826657367,-0.05988384300734663,-0.007709497758090349
40.17057538851306,7.912038250076163,11.165843111022749,-2.4453424328986264,0.7919607458130444,0.25780918211324355,-0.029837825622899182,-0.05988339073398792,-0.007722849525919942
40.18057538851306,7.914061643704876,11.167468378577341,-2.4459412645372196,0.7918834502438803,0.2578111319353611,-0.02983081706304349,-0.059882936688730196,-0.007736275743578455
40.19057538851306,7.916085126643671,11.16909355296159,-2.446540091626527,0.7918060200187895,0.2578130844478543,-0.02982373820446793,-0.05988248087762437,-0.007749780785826579
40.20057538851306,7.918108698628709,11.170718634410912,-2.447138914148919,0.7917284543293298,0.25781503965467284,-0.0298165890962989,-0.05988202330670067,-0.007763369009537172
40.210575388513064,7.920132359397924,11.17234362315887,-2.447737732086827,0.7916507523238002,0.25781699756145554,-0.02980936977941155,-0.0598815639819686,-0.007777044753695261
40.22057538851306,7.922156108691022,11.173968519437153,-2.448336545422742,0.7915729131072412,0.25781895817552997,-0.029802080286429788,-0.05988110290941695,-0.00779081233939804
40.23057538851306,7.924179946249481,11.175593323475594,-2.448935354139215,0.7914949357414344,0.2578209215059127,-0.02979472064172628,-0.05988064009501381,-0.007804676069854874
40.24057538851306,7.9262038718166306,11.177218035502085,-2.449534158218857,0.7914168192451771,0.25782288756325483,-0.029787290861543744,-0.05988017554470678,-0.007818640232011113
40.25057538851306,7.928227885138064,11.178842655742136,-2.4501329576443354,0.7913385625943541,0.2578248563596311,-0.029779790954348136,-0.05987970926442426,-0.007832709103909605
40.26057538851306,7.930251985960519,11.180467184419893,-2.450731752398383,0.791260164717249,0.25782682790935585,-0.029772220918934805,-0.05987924126007206,-0.007846886930775098
40.27057538851306,7.932276174032625,11.18209162175755,-2.4513305424637912,0.791181624499887,0.25782880222830995,-0.02976458074615493,-0.059878771537535604,-0.007861177942889276
40.280575388513064,7.934300449105106,11.183715967975173,-2.45192932782341,0.7911029407870055,0.25783077933378723,-0.029756870419281843,-0.059878300102680575,-0.007875586359976431
40.29057538851306,7.936324810930778,11.1853402232907,-2.4525281084601467,0.7910241123820541,0.25783275924449395,-0.02974908991401104,-0.059877826961352916,-0.007890116391203466
40.30057538851306,7.938349259264547,11.186964387919947,-2.453126884356966,0.7909451380471947,0.2578347419805491,-0.02974123919846017,-0.059877352119378786,-0.007904772235179892
40.31057538851306,7.940373793863417,11.188588462076599,-2.453725655496889,0.7908660165033018,0.2578367275634846,-0.02973331823316905,-0.05987687558256462,-0.007919558079957832
40.32057538851306,7.9423984144864805,11.19021244597222,-2.4543244218629967,0.7907867464299617,0.2578387160162446,-0.029725326971099645,-0.059876397356697086,-0.007934478103032019
40.33057538851306,7.944423120894924,11.191836339816245,-2.4549231834384253,0.7907073264654734,0.2578407073631863,-0.02971726535763608,-0.059875917447543094,-0.007949536471339794
40.34057538851306,7.946447912852026,11.193460143815983,-2.4555219402063697,0.790627755206848,0.25784270163007955,-0.029709133330584638,-0.059875435860849806,-0.007964737341261107
40.350575388513064,7.9484727901231595,11.195083858176618,-2.4561206921500824,0.790548031209809,0.25784469884410666,-0.029700930820173763,-0.05987495260234463,-0.00798008485861852
40.36057538851306,7.95049775247579,11.196707483101205,-2.456719439252873,0.7904681529887919,0.25784669903386276,-0.029692657749054052,-0.059874467677735216,-0.007995583158677206
40.37057538851306,7.952522799679472,11.198331018790679,-2.457318181498108,0.7903881190169452,0.25784870222935574,-0.029684314032298265,-0.05987398109270947,-0.008011236366144946
40.38057538851306,7.954547931505854,11.199954465443824,-2.457916918869213,0.7903079277255588,0.2578507084620389,-0.029675899577277908,-0.05987349285293551,-0.008027048594563081
40.390575388513064,7.956573147728723,11.201577823257079,-2.45851565134967,0.7902275775005175,0.25785271776497104,-0.029667414282962823,-0.059873002964061776,-0.008043023943945253
40.40057538851306,7.958598448124215,11.203201092424608,-2.459114378923016,0.790147066689289,0.25785473017233596,-0.029658858041551463,-0.059872511431717707,-0.008059166510721841
40.409726465491815,7.960451889675442,11.204686481021826,-2.4596622748204156,0.7900732484696659,0.2578565744922598,-0.02965096589295645,-0.05987206019134782,-0.00807408870738194
40.41972646549181,7.96247725339505,11.206309583739458,-2.460260889443558,0.7899927781332737,0.25785835803323154,-0.029642105152309098,-0.05987122555944619,-0.008089296418084146
40.42972646549182,7.9645027943407944,11.207932595956565,-2.460859599219218,0.7899118050463634,0.2578603791061754,-0.02963329937070785,-0.05987072916230041,-0.008105279960471584
40.439726465491816,7.966528418163186,11.209555520693979,-2.461458304018569,0.7898306734787486,0.25786240200748023,-0.02962439364321503,-0.059870230298933694,-0.008120993940282872
40.449726465491814,7.968554124421432,11.211178358343991,-2.462057003816992,0.7897493860816878,0.2578644266016062,-0.029615388748460432,-0.05986972897776693,-0.008136445819496787
40.45972646549181,7.970579912675321,11.212801109297914,-2.4626556985899533,0.7896679454356959,0.25786645275681985,-0.029606285449821794,-0.059869225207192574,-0.008151642992004904
40.46972646549182,7.972605782485217,11.21442377394608,-2.4632543883129996,0.7895863540505439,0.25786848034519383,-0.029597084495424784,-0.05986871899557463,-0.008166592783611613
40.479726465491815,7.974631733412065,11.216046352677846,-2.463853072961762,0.7895046143652595,0.2578705092426071,-0.029587786618143003,-0.05986821035124867,-0.008181302452034108
40.48972646549181,7.9766577650173875,11.217668845881587,-2.4644517525119527,0.7894227287481265,0.2578725393287449,-0.029578392535597988,-0.059867699282521815,-0.00819577918690239
40.49972646549182,7.978683876863288,11.2192912539447,-2.4650504269393694,0.789340699496685,0.25787457048709855,-0.029568902950159206,-0.05986718579767275,-0.008210030109759268
40.509726465491816,7.980710068512448,11.220913577253606,-2.46564909621989,0.7892585288377315,0.257876602604966,-0.02955931854894407,-0.059866669904951715,-0.00822406227406036
40.519726465491814,7.982736339528129,11.222535816193743,-2.4662477603294763,0.789176218927319,0.25787863557345103,-0.029549640003817903,-0.05986615161258052,-0.008237882665174091
40.52972646549181,7.984762689474169,11.224157971149571,-2.466846419244173,0.7890937718507568,0.25788066928746395,-0.029539867971393987,-0.05986563092875253,-0.008251498200381693
40.53972646549182,7.986789117915287,11.225780042504413,-2.4674450729401047,0.789011189627424,0.25788270364527816,-0.029530003094307068,-0.05986510786163371,-0.008264915738377983
40.549726465491815,7.988815624416589,11.2274020306406,-2.468043721393479,0.7889284742004643,0.2578847385493849,-0.029520045998643465,-0.05986458241936123,-0.00827814206145132
40.55972646549181,7.990842208543586,11.229023935939573,-2.4686423645805884,0.7888456274391493,0.2578867739063517,-0.029509997294429036,-0.05986405461004321,-0.008291183877764346
40.56972646549182,7.992868869862741,11.230645758781664,-2.469241002477805,0.788762651149395,0.25788880962591704,-0.02949985757830388,-0.059863524441760456,-0.008304047840314856
40.57972646549182,7.994895607941468,11.232267499546102,-2.469839635061581,0.7886795470737673,0.2578908456209896,-0.02948962743352362,-0.0598629919225665,-0.008316740546945043
40.589726465491815,7.9969224223481365,11.233889158611015,-2.4704382623084467,0.7885963168914811,0.25789288180764813,-0.029479307429959408,-0.05986245706048757,-0.008329268540341491
40.59972646549181,7.998949312652066,11.23551073635342,-2.4710368841950134,0.7885129622184014,0.2578949181051419,-0.029468898124097913,-0.05986191986352259,-0.008341638308035186
40.60972646549182,8.00097627842353,11.237132233149232,-2.4716355006979702,0.7884294846070425,0.2578969544358904,-0.02945840005904133,-0.05986138033964321,-0.008353856282401503
40.619726465491816,8.003003319233752,11.238753649373264,-2.4722341117940867,0.7883458855465684,0.2578989907254831,-0.029447813764507377,-0.05986083849679377,-0.008365928840660217
40.629726465491814,8.00503043465491,11.24037498539922,-2.472832717460212,0.7882621664627925,0.25790102690268013,-0.029437139756829295,-0.059860294342891335,-0.008377862304875498
40.63972646549182,8.00705762426014,11.241996241599699,-2.473431317673274,0.788178328718178,0.2579030628994117,-0.029426378538955855,-0.05985974788582565,-0.008389662941955913
40.64972646549182,8.009084887623517,11.243617418346197,-2.4740299124102805,0.7880943736118374,0.2579050986507781,-0.02941553060045134,-0.05985919913345917,-0.008401336963654422
40.659726465491815,8.011112224320396,11.245238516008914,-2.474628501648316,0.7880103023840289,0.25790713409461624,-0.029404596418712837,-0.05985864809362819,-0.008412890536299006
40.66972646549181,8.013139633926924,11.246859534956926,-2.4752270853645437,0.7879261162071663,0.257909169172256,-0.029393576456695058,-0.05985809477414136,-0.008424329764372738
40.67972646549182,8.01516711601995,11.248480475558347,-2.4758256635362104,0.7878418161860401,0.25791120382857485,-0.02938247116285082,-0.059857539182779196,-0.00843566068860815
40.689726465491816,8.017194670177618,11.250101338180023,-2.476424236140639,0.7877574033681641,0.2579132380110745,-0.029371280973820475,-0.05985698132729601,-0.008446889306198203
40.699726465491814,8.019222295979379,11.251722123187536,-2.477022803155227,0.7876728787437961,0.257915271669879,-0.029360006314436946,-0.05985642121541997,-0.008458021570835047
40.70972646549182,8.021249993005986,11.253342830945197,-2.47762136455745,0.7875882432459362,0.25791730475773444,-0.029348647597725732,-0.05985585885485307,-0.008469063392710023
40.71972646549182,8.02327776083949,11.254963461816054,-2.4782199203248587,0.787503497750328,0.25791933723000965,-0.029337205224904895,-0.05985529425327114,-0.00848002063851366
40.729726465491815,8.025305599063245,11.256584016161884,-2.47881847043508,0.787418643075458,0.2579213690446955,-0.02932567958538508,-0.05985472741832384,-0.00849089913143568
40.73972646549181,8.027333507261913,11.258204494343204,-2.4794170148658177,0.7873336799825554,0.25792340016240534,-0.0293140710567695,-0.05985415835763467,-0.008501704651164994
40.74972646549182,8.02936148502145,11.259824896719255,-2.4800155535948507,0.7872486091755934,0.2579254305463748,-0.029302380004853936,-0.05985358707880095,-0.0085124429338897
40.759726465491816,8.031389531929118,11.261445223648018,-2.4806140866000344,0.7871634313012871,0.2579274601624619,-0.02929060678362675,-0.05985301358939386,-0.008523119672297092
40.769726465491814,8.033417647573483,11.263065475486206,-2.4812126138593005,0.7870781469490956,0.25792948897914686,-0.02927875173526887,-0.05985243789695838,-0.00853374051557365
40.77972646549182,8.035445831544491,11.264685652589206,-2.481811135350656,0.7869927566521693,0.2579315169674339,-0.029266815190422475,-0.05985186000901363,-0.008544311071756032
40.78972646549182,8.037474083433755,11.266305755310801,-2.4824096510521803,0.7869072608893894,0.257933544100559,-0.029254797468879563,-0.05985127993305396,-0.008554836915126306
40.799726465491815,8.039502402833644,11.26792578400384,-2.4830081609420334,0.7868216600737793,0.2579355703551566,-0.029242698876345008,-0.05985069767654571,-0.008565323558393031
40.80972646549181,8.041530789338006,11.269545739019796,-2.483606664998451,0.7867359545639565,0.25793759571021285,-0.029230519707471477,-0.05985011324692963,-0.00857577647663851
40.81972646549182,8.043559242542324,11.271165620708677,-2.4842051631997406,0.7866501446661618,0.25793962014686816,-0.029218260246415967,-0.05984952665162146,-0.008586201111964656
40.82972646549182,8.045587762043725,11.272785429419022,-2.4848036555242827,0.7865642306342587,0.2579416436484169,-0.02920592076683981,-0.05984893789801185,-0.008596602873492988
40.839726465491815,8.047616347440968,11.274405165497903,-2.485402141950532,0.7864782126697341,0.25794366620030723,-0.029193501531908677,-0.05984834699346642,-0.00860698713736463
40.84972646549182,8.04964499833445,11.276024829290924,-2.486000622457014,0.786392090921697,0.25794568779014154,-0.029181002794292563,-0.05984775394532574,-0.008617359246740314
40.85972646549182,8.051673714326206,11.277644421142217,-2.486599097022329,0.7863058654868805,0.257947708407676,-0.0291684247961658,-0.05984715876090532,-0.00862772451180038
40.869726465491816,8.053702495019909,11.279263941394452,-2.487197565625148,0.7862195364096399,0.25794972804482086,-0.029155767769207044,-0.05984656144749566,-0.00863808820974477
40.879726465491814,8.055731340020866,11.28088339038883,-2.487796028244218,0.7861331036819538,0.2579517466956403,-0.029143031934599304,-0.05984596201236216,-0.008648455584793038
40.88972646549182,8.057760248936024,11.282502768465076,-2.488394484858356,0.7860465672434236,0.2579537643563525,-0.029130217503029902,-0.05984536046274521,-0.00865883184818434
40.89972646549182,8.059789221373967,11.284122075961456,-2.4889929354464537,0.7859599269812739,0.25795578102532957,-0.029117324674690505,-0.05984475680586013,-0.008669222178177439
40.909726465491815,8.061818256944917,11.285741313214729,-2.4895913799874747,0.7858731827296128,0.25795779670313046,-0.029104353639128583,-0.05984415104889724,-0.008679631719536852
40.91972646549182,8.063847355260778,11.287360480559993,-2.4901898184604545,0.7857863342667656,0.2579598113926028,-0.029091304574726886,-0.05984354319902208,-0.008690065581978117
40.92972646549182,8.065876515935223,11.288979578330867,-2.490788250844501,0.7856993813222317,0.2579618250984761,-0.029078177650231074,-0.05984293326337555,-0.008700528847827764
40.939726465491816,8.067905738583795,11.290598606859337,-2.4913866771187925,0.7856123235760796,0.2579638378273377,-0.0290649730247076,-0.059842321249074265,-0.0087110265733786
40.949726465491814,8.069935022823913,11.292217566475747,-2.4919850972625777,0.7855251606585907,0.2579658495876474,-0.029051690847474894,-0.0598417071632106,-0.00872156378869885
40.95972646549182,8.071964368274868,11.293836457508792,-2.492583511255176,0.7854378921502605,0.2579678603897372,-0.029038331258103355,-0.059841091012852655,-0.008732145497632135
40.96972646549182,8.073993774557826,11.295455280285521,-2.493181919075978,0.785350517581798,0.2579698702458114,-0.029024894386415378,-0.059840472805044315,-0.00874277667779749
40.97887754247058,8.075850952853422,11.296936617936488,-2.4937295212536434,0.7852704670637498,0.25797170866356844,-0.02901253058433291,-0.05983990528142588,-0.008752552918940481
40.988877542470576,8.077880378679495,11.298555315356941,-2.4943278136888836,0.7851832372152534,0.2579734852972693,-0.02899879504564897,-0.05983894307011432,-0.008762739754178359
40.998877542470574,8.079909956936856,11.300173941148874,-2.4949261999991723,0.7850955493069324,0.25797550149894943,-0.028985142037847602,-0.0598383184766727,-0.008774998670282046
41.00887754247058,8.081939594728459,11.30179249994413,-2.495524580048072,0.7850077336778734,0.2579775224360971,-0.028971414020732254,-0.05983769079488166,-0.008788281720274273
41.01887754247058,8.083969291771547,11.303410992047482,-2.496122953804759,0.7849197800985691,0.25797954846817434,-0.028957609293434064,-0.05983706003528027,-0.008802590351111101
41.028877542470575,8.085999047790702,11.305029417757186,-2.4967213212385113,0.7848316783178599,0.25798157995222887,-0.02894372615569914,-0.05983642620837224,-0.008817926104978242
41.03887754247058,8.08802886251784,11.306647777364995,-2.4973196823187105,0.7847434180629341,0.25798361724289415,-0.028929762907888557,-0.059835789324625965,-0.00883429061929105
41.04887754247058,8.09005873569221,11.30826607115615,-2.497918037014841,0.784654989039328,0.2579856606923896,-0.028915717850978368,-0.05983514939447446,-0.008851685626694535
41.058877542470576,8.092088667060404,11.309884299409374,-2.4985163852964893,0.7845663809309253,0.25798771065052006,-0.028901589286559583,-0.059834506428315413,-0.008870112955063342
41.068877542470574,8.094118656376345,11.311502462396895,-2.4991147271333456,0.7844775833999581,0.2579897674646765,-0.028887375516838204,-0.05983386043651116,-0.008889574527501777
41.07887754247058,8.096148703401292,11.313120560384421,-2.499713062495203,0.7843885860870059,0.2579918314798353,-0.02887307484463518,-0.05983321142938871,-0.008910072362343787
41.08887754247058,8.098178807903846,11.314738593631152,-2.5003113913519566,0.7842993786109963,0.25799390303855874,-0.02885868557338645,-0.05983255941723968,-0.008931608573152965
41.098877542470575,8.100208969659935,11.316356562389778,-2.5009097136736047,0.7842099505692045,0.2579959824809949,-0.028844206007142915,-0.059831904410320394,-0.008954185368722558
41.10887754247058,8.10223918845283,11.317974466906483,-2.5015080294302487,0.7841202915372539,0.25799807014487763,-0.028829634450570445,-0.059831246418851784,-0.008977805053075454
41.11887754247058,8.104269464073136,11.319592307420937,-2.5021063385920925,0.7840303910691154,0.25800016636552636,-0.028814969208949888,-0.059830585453019475,-0.009002470025464195
41.128877542470576,8.106299796318794,11.321210084166301,-2.5027046411294434,0.783940238697108,0.2580022714758464,-0.028800208588177056,-0.059829921522973714,-0.009028182780370965
41.138877542470574,8.108330184995232,11.322827797368978,-2.503302937012709,0.7838498239292644,0.2580043858063989,-0.028785350894309263,-0.0598292546388298,-0.009054945906155099
41.14887754247058,8.110360629916551,11.324445447246864,-2.5039012262123936,0.7837591362342833,0.25800650968559113,-0.028770394431181946,-0.059828584810670445,-0.009082762078474976
41.15887754247058,8.112391130903276,11.326063034013158,-2.504499508699112,0.7836681650834811,0.2580086434384575,-0.028755337507724958,-0.05982791204853981,-0.00911163408162953
41.168877542470575,8.114421687783318,11.327680557874267,-2.5050977844435818,0.783576899921371,0.25801078738790106,-0.028740178432434284,-0.05982723636244729,-0.009141564790138062
41.17887754247058,8.116452300392371,11.329298019029098,-2.5056960534166164,0.7834853301574058,0.2580129418549611,-0.02872491551190299,-0.05982655776236872,-0.009172557164189894
41.18887754247058,8.118482968573913,11.330915417669058,-2.5062943155891277,0.7833934451659775,0.2580151071588127,-0.028709547050821193,-0.05982587625824633,-0.009204614249644364
41.198877542470576,8.120513692179204,11.332532753978057,-2.506892570932126,0.7833012342864175,0.2580172836167669,-0.028694071351976103,-0.05982519185998874,-0.009237739178030831
41.208877542470574,8.122544471067286,11.334150028132504,-2.5074908194167187,0.7832086868229967,0.25801947154427074,-0.028678486716251988,-0.059824504577471,-0.00927193516654868
41.21887754247058,8.124575305104988,11.335767240301305,-2.5080890610141107,0.7831157920449252,0.2580216712549072,-0.02866279144263019,-0.05982381442053457,-0.009307205518067307
41.22887754247058,8.126606194166918,11.337384390645871,-2.508687295695605,0.7830225391863527,0.25802388306039514,-0.028646983828189126,-0.05982312139898729,-0.009343553621126134
41.238877542470576,8.12863713813547,11.339001479320112,-2.509285523432602,0.7829289174463683,0.25802610727058944,-0.02863106216810428,-0.059822425522603424,-0.009380982949934601
41.24887754247058,8.13066813690082,11.340618506470436,-2.5098837441965998,0.7828349159890003,0.258028344193481,-0.028615024755648207,-0.05982172680112365,-0.009419497064372166
41.25887754247058,8.132699190360926,11.342235472235755,-2.5104819579591946,0.7827405239432168,0.2580305941351964,-0.02859886988219053,-0.059821025244255054,-0.009459099609988312
41.26887754247058,8.13473029842153,11.343852376747478,-2.5110801646920806,0.7826457304029248,0.25803285739999854,-0.02858259583719796,-0.059820320861671106,-0.009499794318002538
41.278877542470575,8.13676146099616,11.345469220129516,-2.511678364367048,0.7825505244269712,0.25803513429028596,-0.02856620090823426,-0.0598196136630117,-0.009541585005304363
41.28887754247058,8.138792678007263,11.347086002496294,-2.512276556955978,0.7824548950178948,0.2580374251071408,-0.028549683377218693,-0.05981890365788612,-0.009584475562307357
41.29887754247058,8.14082394938509,11.348702723954986,-2.5128747424308515,0.7823588311513731,0.25803973014922155,-0.028533041525872525,-0.05981819085586918,-0.009628469969606347
41.308877542470576,8.142855275066589,11.350319384607257,-2.513472920763755,0.782262321791899,0.25804204971254713,-0.028516273638319222,-0.0598174752664989,-0.009673572306079946
41.31887754247058,8.144886654997062,11.351935984546182,-2.5140710919268705,0.7821653558564025,0.2580443840916499,-0.028499377994508683,-0.059816756899281426,-0.009719786727841757
41.32887754247058,8.146918089130168,11.353552523856239,-2.51466925589247,0.7820679222141806,0.2580467335795776,-0.028482352870204997,-0.05981603576369102,-0.009767117468201015
41.33887754247058,8.148949577427922,11.355169002613312,-2.515267412632919,0.7819700096868989,0.25804909846789326,-0.028465196536986436,-0.0598153118691701,-0.009815568837662596
41.348877542470575,8.1509811198607,11.356785420884686,-2.5158655621206765,0.7818716070485904,0.2580514790466755,-0.028447907262245442,-0.05981458522512921,-0.009865145223927011
41.35887754247058,8.153012716407236,11.358401778729052,-2.516463704328294,0.7817727030256558,0.2580538756045183,-0.02843048330918865,-0.05981385584094702,-0.00991585109189041
41.36887754247058,8.155044367054618,11.360018076196505,-2.517061839228414,0.7816732862968641,0.25805628842853107,-0.028412922936836876,-0.05981312372597034,-0.00996769098364458
41.378877542470576,8.157076071798295,11.361634313328544,-2.5176599667937736,0.7815733454933517,0.2580587178043385,-0.028395224400025114,-0.05981238888951412,-0.010020669518476941
41.38887754247058,8.159107830642071,11.363250490158071,-2.5182580869972018,0.7814728691986229,0.25806116401608076,-0.02837738594940254,-0.05981165134086143,-0.010074791392870557
41.39887754247058,8.161139643598112,11.364866606709393,-2.5188561998116206,0.7813718459485501,0.2580636273464135,-0.028359405831432514,-0.05981091108926348,-0.01013006138050412
41.40887754247058,8.163171510686936,11.366482662998221,-2.519454305210044,0.7812702642313734,0.2580661080765078,-0.02834128228839258,-0.05981016814393962,-0.010186484332251966
41.418877542470575,8.165203431937426,11.368098659031668,-2.5200524031655793,0.7811681124877002,0.25806860648605,-0.028323013558374455,-0.05980942251407732,-0.010244065176184067
41.42887754247058,8.167235407386817,11.369714594808253,-2.5206504936514262,0.7810653791105067,0.258071122853242,-0.02830459787528405,-0.059808674208832194,-0.010302808917566028
41.43887754247058,8.169267437080704,11.371330470317899,-2.5212485766408768,0.7809620524451361,0.25807365745480104,-0.028286033468841454,-0.05980792323732798,-0.010362720638859095
41.448877542470576,8.171299521073857,11.372946285540909,-2.5218466521073144,0.7808581207871098,0.25807621056544333,-0.028267318564558927,-0.05980716960865723,-0.010423805497924273
41.45887754247058,8.173331659429723,11.374562040448613,-2.522444720024215,0.7807535723858324,0.25807878245800564,-0.02824845138421399,-0.05980641333188069,-0.010486068728190533
41.46887754247058,8.17536385221982,11.376177735003894,-2.523042780365145,0.7806483954392068,0.25808137340429077,-0.028229430144445303,-0.059805654416027615,-0.010549515636654449
41.47887754247058,8.177396099524632,11.377793369160031,-2.523640833103761,0.7805425780881107,0.25808398367475505,-0.02821025305608083,-0.05980489287009672,-0.010614151601187762
41.488877542470576,8.179428401433588,11.379408942860687,-2.5242388782138074,0.780436108416397,0.2580866135385082,-0.02819091832413781,-0.05980412870305625,-0.01067998207053714
41.49887754247058,8.181460758045073,11.381024456039924,-2.5248369156691175,0.7803289744508936,0.25808926326331355,-0.02817142414782275,-0.05980336192384394,-0.010747012564324181
41.50887754247058,8.183493169466423,11.382639908622192,-2.525434945443613,0.780221164161403,0.2580919331155878,-0.028151768720531448,-0.059802592541367,-0.010815248673045412
41.51887754247058,8.185525635813926,11.384255300522335,-2.5260329675113047,0.7801126654607028,0.2580946233604011,-0.028131950229848955,-0.05980182056450218,-0.010884696058072286
41.52887754247058,8.187558157212829,11.385870631645592,-2.5266309818462918,0.7800034662045454,0.2580973342614772,-0.028111966857549613,-0.05980104600209569,-0.010955360451651183
41.53887754247058,8.18959073379732,11.387485901887587,-2.5272289884227623,0.7798935541916583,0.2581000660811931,-0.02809181677959702,-0.05980026886296325,-0.011027247656903412
41.54802861944933,8.191450808755235,11.388963994675196,-2.527776222023851,0.7797923378623447,0.258102584542998,-0.028073229651884715,-0.05979955544654723,-0.011094108698999093
41.55802861944933,8.193483396968547,11.390579154429204,-2.528374110159283,0.7796813825719427,0.25810512378904704,-0.028052591350498753,-0.05979843317017263,-0.011166208278310509
41.56802861944933,8.195516131790656,11.392194246883744,-2.528972090567047,0.7795693588283815,0.2581079208680813,-0.028031918183382024,-0.05979764773813992,-0.011238386403711302
41.578028619449334,8.1975489221002,11.393809278331922,-2.5295700631011386,0.7794566181031706,0.2581107398741855,-0.02801105682704398,-0.059796858437652686,-0.011309606604678566
41.58802861944933,8.199581767898241,11.395424248816274,-2.530168027722941,0.7793431698881588,0.25811358021806724,-0.027990009576449735,-0.05979606528190667,-0.0113798841548078
41.59802861944933,8.201614669183124,11.397039158378483,-2.530765984393968,0.7792290235304579,0.2581164413204955,-0.027968778693256927,-0.05979526828405283,-0.011449234155789509
41.608028619449335,8.20364762595048,11.398654007059388,-2.5313639330758626,0.7791141882324435,0.2581193226123001,-0.027947366405815736,-0.059794467457197346,-0.011517671537409213
41.61802861944933,8.205680638193217,11.400268794898977,-2.5319618737304,0.7789986730517544,0.258122223534372,-0.02792577490916888,-0.05979366281440162,-0.011585211057547439
41.62802861944933,8.207713705901533,11.401883521936394,-2.532559806319484,0.7788824869012928,0.25812514353766297,-0.027904006365051602,-0.05979285436868227,-0.011651867302179729
41.63802861944933,8.20974682906291,11.403498188209934,-2.5331577308051485,0.7787656385492243,0.258128082083186,-0.0278820629018917,-0.05979204213301113,-0.01171765468537663
41.648028619449335,8.21178000766211,11.405112793757043,-2.533755647149559,0.7786481366189777,0.258131038642015,-0.027859946614809485,-0.05979122612031526,-0.011782587449303706
41.65802861944933,8.21381324168131,11.406727338614337,-2.5343535553150085,0.7785299895923148,0.2581340126950274,-0.02783765956637758,-0.059790406343477306,-0.011846679667777424
41.66802861944933,8.215846531100224,11.408341822817624,-2.5349514552639176,0.7784112058105076,0.2581370037327106,-0.027815203787065475,-0.05978958281533619,-0.011909945244389515
41.678028619449336,8.217879875895244,11.409956246401814,-2.5355493469588417,0.7782917934533237,0.25814001125690766,-0.02779258127006168,-0.0597887555486847,-0.011972397887365867
41.688028619449334,8.219913276040586,11.411570609401057,-2.5361472303624617,0.778171760569378,0.2581430347784179,-0.027769793978544215,-0.05978792455627208,-0.012034051149653686
41.69802861944933,8.22194673150841,11.41318491184876,-2.536745105437585,0.7780511150794411,0.2581460738167287,-0.027746843846484313,-0.059787089850804366,-0.012094918433066223
41.70802861944933,8.223980242268823,11.414799153777587,-2.5373429721471448,0.7779298647764392,0.25814912790001593,-0.02772373277864644,-0.059786251444944385,-0.012155012988282783
41.718028619449335,8.226013808289885,11.416413335219453,-2.537940830454198,0.777808017325454,0.2581521965651432,-0.027700462650588283,-0.05978540935131177,-0.01221434791484872
41.72802861944933,8.228047429537602,11.418027456205534,-2.5385386803219294,0.7776855802637229,0.25815527935766247,-0.027677035308660752,-0.05978456358248292,-0.01227293616117543
41.73802861944933,8.23008110597593,11.419641516766262,-2.539136521713648,0.7775625610006389,0.25815837583181384,-0.027653452570007987,-0.05978371415099107,-0.012330790524540365
41.748028619449336,8.23211483756677,11.421255516931321,-2.539734354592788,0.7774389668177506,0.25816148555052554,-0.027629716222567345,-0.059782861069326204,-0.012387923651087023
41.758028619449334,8.23414862426998,11.422869456729654,-2.540332178922911,0.7773148048688422,0.2581646080854072,-0.02760582802508892,-0.05978200434993514,-0.012444348035929467
41.76802861944933,8.236182466043806,11.424483336189484,-2.5409299946676986,0.7771900821902276,0.25816774301584333,-0.02758178970969492,-0.059781144005222886,-0.012500076035726577
41.77802861944933,8.238216362843964,11.42609715533827,-2.541527801790961,0.7770648056760845,0.2581708899309395,-0.027557602975987208,-0.059780280047550295,-0.012555119834327827
41.788028619449335,8.240250314624117,11.427710914202747,-2.542125600256634,0.7769389820922465,0.25817404842850294,-0.027533269494260465,-0.059779412489234976,-0.012609491463041328
41.79802861944933,8.24228432133647,11.429324612808962,-2.542723390028775,0.7768126180918762,0.2581772181137693,-0.02750879090928265,-0.05977854134255288,-0.012663202821719542
41.80802861944933,8.244318382931784,11.430938251182283,-2.5433211710715624,0.7766857202154643,0.2581803985994025,-0.027484168840295004,-0.059777666619738316,-0.012716265678759293
41.818028619449336,8.246352499359359,11.432551829347386,-2.543918943349294,0.776558294890831,0.25818358950549486,-0.02745940488101206,-0.05977678833298393,-0.01276869167110176
41.828028619449334,8.248386670567047,11.434165347328268,-2.544516706826391,0.7764303484331245,0.25818679045956694,-0.027434500599621638,-0.05977590649444072,-0.012820492304232479
41.83802861944933,8.250420896501247,11.435778805148233,-2.5451144614673944,0.7763018870448226,0.2581900010965678,-0.02740945753878483,-0.05977502111621804,-0.012871678952181342
41.84802861944933,8.252455177106903,11.437392202829908,-2.5457122072369662,0.7761729168157313,0.2581932210588748,-0.02738427721563603,-0.059774132210383586,-0.012922262857522598
41.858028619449335,8.254489512327508,11.439005540395229,-2.5463099440998898,0.7760434437229855,0.25819644999629365,-0.027358961121782904,-0.059773239788963387,-0.012972255131374854
41.86802861944933,8.256523902105133,11.440618817865449,-2.546907672021069,0.7759134736316777,0.25819968756600414,-0.027333510723460453,-0.05977234386394194,-0.013021666754263238
41.87802861944933,8.258558346380838,11.442232035261119,-2.5475053909655245,0.7757830123041812,0.2582029334316785,-0.02730792746387865,-0.05977144444726366,-0.013070508588131018
41.88802861944934,8.260592845093626,11.443845192602113,-2.5481031008984023,0.7756520653731904,0.25820618726568945,-0.027282212756710257,-0.05977054155082983,-0.013118791338142219
41.898028619449335,8.262627398181216,11.44545828990764,-2.548700801784967,0.7755206383626271,0.25820944874749113,-0.0272563679910549,-0.05976963518650049,-0.013166525582947895
41.90802861944933,8.26466200558041,11.447071327196237,-2.549298493590602,0.7753887366973052,0.25821271756281794,-0.027230394533779262,-0.059768725366095565,-0.013213721788225812
41.91802861944933,8.266696667227102,11.448684304485777,-2.5498961762808054,0.7752563657029302,0.25821599340368445,-0.02720429372951705,-0.0597678121013949,-0.013260390306680454
41.928028619449336,8.268731383056279,11.450297221793459,-2.5504938498211924,0.7751235306060994,0.2582192759683854,-0.027178066900669012,-0.05976689540413822,-0.013306541378043015
41.938028619449334,8.270766153002015,11.451910079135816,-2.5510915141774944,0.774990236534302,0.2582225649614958,-0.027151715347402947,-0.05976597528602516,-0.013352185129071405
41.94802861944933,8.272800976997475,11.45352287652871,-2.5516891693155603,0.7748564885159188,0.25822586009387083,-0.027125240347653682,-0.05976505175871523,-0.013397331573550247
41.95802861944934,8.274835854974917,11.455135613987336,-2.552286815201354,0.7747222914802228,0.25822916108264593,-0.027098643157123094,-0.05976412483382786,-0.013441990612290882
41.968028619449335,8.276870786865688,11.456748291526216,-2.5528844518009577,0.7745876502573783,0.25823246765123664,-0.027071925009280094,-0.05976319452294237,-0.013486172033131358
41.97802861944933,8.278905772600224,11.458360909159206,-2.553482079080568,0.7744525695784547,0.2582357795293377,-0.02704508711536377,-0.05976226083759797,-0.01352988551095507
41.98802861944933,8.280940812108451,11.45997346689944,-2.554079697006496,0.7743170540842204,0.258239096452097,-0.027018130666582204,-0.05976132378929529,-0.013573140620257575
41.998028619449336,8.282975905319017,11.461585964759395,-2.5546773055451695,0.774181108305233,0.25824241816169385,-0.026991056829333424,-0.05976038338949398,-0.013615946805355645
42.008028619449334,8.285011052159541,11.463198402750923,-2.555274904663136,0.7740447366697981,0.25824574440682146,-0.026963866747028605,-0.05975943964961317,-0.013658313392522459
42.01802861944933,8.287046252557223,11.464810780885166,-2.5558724943270534,0.7739079435190789,0.25824907494142124,-0.026936561543761624,-0.05975849258103344,-0.013700249612196815
42.02802861944934,8.289081506438848,11.466423099172584,-2.556470074503693,0.7737707331070961,0.2582524095246835,-0.026909142324309097,-0.059757542195096776,-0.013741764598983129
42.038028619449335,8.291116813730774,11.468035357622934,-2.557067645159937,0.7736331096007287,0.25825574792104694,-0.026881610174130353,-0.059756588503106625,-0.01378286739165143
42.04802861944933,8.29315217435895,11.469647556245283,-2.5576652062627807,0.7734950770797132,0.25825908990019897,-0.026853966159367443,-0.05975563151632787,-0.013823566933137374
42.05802861944933,8.2951875882489,11.471259695048001,-2.5582627577793304,0.7733566395366439,0.2582624352370756,-0.02682621132684514,-0.05975467124598682,-0.013863872070542226
42.068028619449336,8.297223055325736,11.472871774038765,-2.558860299676805,0.773217800876973,0.25826578371186143,-0.026798346704070945,-0.05975370770327123,-0.01390379155513287
42.078028619449334,8.299258575514143,11.474483793224556,-2.5594578319225354,0.7730785649190105,0.2582691351099896,-0.026770373299235078,-0.059752740899330296,-0.013943334042341812
42.08802861944933,8.301294148738394,11.47609575261166,-2.560055354483964,0.7729389353939241,0.25827248922214197,-0.026742292101210475,-0.059751770845274645,-0.013982508091767171
42.09802861944934,8.303329774922313,11.477707652205662,-2.560652867328646,0.7727989159446184,0.25827584584430685,-0.026714104079302855,-0.05975079755217631,-0.01402132216547701
42.108028619449335,8.305365453989202,11.479319492011413,-2.5612503704242475,0.7726585101211358,0.2582792047779163,-0.02668581018228505,-0.05974982103106902,-0.014059784620936901
42.117179696428096,8.307228365847877,11.480794446638582,-2.56179714153632,0.7725296880638589,0.2582822804239868,-0.026659826238486423,-0.05974892458985926,-0.014094680848361754
42.127179696428094,8.309264053015234,11.482406180244455,-2.562394522357752,0.7723889023686833,0.258285411228278,-0.026631180598924928,-0.059747601509804,-0.01413110150719065
42.13717969642809,8.311299882552158,11.484017845965377,-2.562991993440858,0.7722474085327611,0.25828878076427547,-0.02660259273690082,-0.059746614304459954,-0.014167497377499848
42.1471796964281,8.313335764759962,11.485629451915042,-2.5635894546276656,0.7721055560106185,0.25829215400664196,-0.026573908877275104,-0.05974562225275872,-0.014202840249099931
42.157179696428095,8.315371699594834,11.487240998095281,-2.5641869058697977,0.7719633552672919,0.25829553050079923,-0.026545131231033827,-0.05974462537121964,-0.014237140561127225
42.16717969642809,8.317407687008702,11.488852484510549,-2.5647843471190392,0.7718208166716529,0.2582989098001427,-0.026516261985258666,-0.059743623676306,-0.014270408588461842
42.17717969642809,8.319443726949237,11.490463911167907,-2.5653817783273376,0.771677950496408,0.2583022914660408,-0.026487303303126913,-0.05974261718442509,-0.014302654441727689
42.187179696428096,8.321479819359855,11.492075278077037,-2.565979199446804,0.7715347669180985,0.2583056750678353,-0.026458257323911487,-0.059741605911928175,-0.014333888067292461
42.197179696428094,8.323515964179716,11.49368658525023,-2.5665766104297107,0.771391276017101,0.2583090601828414,-0.02642912616298093,-0.059740589875110474,-0.014364119247267647
42.20717969642809,8.325552161343722,11.4952978327024,-2.5671740112284946,0.7712474877776269,0.2583124463963474,-0.02639991191179941,-0.05973956909021121,-0.01439335759950852
42.2171796964281,8.327588410782521,11.496909020451067,-2.567771401795754,0.7711034120877226,0.2583158333016149,-0.026370616637926704,-0.05973854357341357,-0.014421612577614148
42.227179696428095,8.329624712422502,11.49852014851637,-2.56836878208425,0.7709590587392696,0.258319220499879,-0.02634124238501823,-0.05973751334084471,-0.014448893470927386
42.23717969642809,8.331661066185927,11.500131216921218,-2.568966152046903,0.7708144374353699,0.25832260759976317,-0.026311791174509803,-0.0597364784085769,-0.014475209410917251
42.24717969642809,8.333697471990723,11.501742225691276,-2.5695635116367956,0.7706695577816863,0.25832599421776764,-0.026282265003678567,-0.05973543879262698,-0.014500569357315562
42.257179696428096,8.33573392975031,11.503353174854631,-2.5701608608071767,0.7705244292740675,0.25832937997930966,-0.0262526658428195,-0.059734394508954125,-0.014524982090121619
42.267179696428094,8.337770439374209,11.504964064442259,-2.570758199511452,0.7703790613287634,0.2583327645165231,-0.026222995642108813,-0.05973334557346345,-0.014548456242300724
42.27717969642809,8.339807000768065,11.506574894488041,-2.5713555277031843,0.7702334632832529,0.2583361474681964,-0.02619325633179222,-0.05973229200200617,-0.0145710003006106
42.2871796964281,8.34184361383364,11.508185665028764,-2.571952845336093,0.7700876443962436,0.25833952847977243,-0.026163449822184933,-0.05973123381037958,-0.014592622605601386
42.297179696428095,8.34388027846882,11.509796376104115,-2.5725501523640535,0.769941613847672,0.25834290720334857,-0.026133578003671658,-0.05973017101432706,-0.014613331351615647
42.30717969642809,8.345916994567604,11.511407027756688,-2.573147448741098,0.7697953807387035,0.25834628329767667,-0.026103642746706603,-0.05972910362953807,-0.014633134586788365
42.31717969642809,8.347953762020119,11.513017620031983,-2.573744734421416,0.7696489540917322,0.258349656428163,-0.026073645901813474,-0.059728031671648175,-0.014652040213046946
42.3271796964281,8.349990580712605,11.514628152978402,-2.574342009359352,0.7695023428503812,0.2583530262668684,-0.02604358929958547,-0.05972695515623899,-0.014670055986111213
42.337179696428095,8.352027450527428,11.516238626647253,-2.574939273509408,0.7693555558795027,0.2583563924925082,-0.026013474750685293,-0.05972587409883825,-0.014687189515493413
42.34717969642809,8.354064371343137,11.517849041092834,-2.575536526826241,0.769208601969598,0.25835975479012196,-0.025983304046837415,-0.059724788514920406,-0.014703448268654933
42.3571796964281,8.356101343034473,11.519459396372623,-2.5761337692646578,0.7690614898409399,0.2583631128506433,-0.025953078961752134,-0.059723698419907795,-0.014718839571153369
42.367179696428096,8.358138365471937,11.521069692546709,-2.576731000779631,0.7689142281136493,0.25836646637309046,-0.02592280124441962,-0.059722603829166145,-0.014733370577789303
42.377179696428094,8.360175438522386,11.522679929678288,-2.577328221326285,0.7687668253412632,0.2583698150622258,-0.0258924726266543,-0.05972150475800886,-0.014747048309666538
42.38717969642809,8.362212562049077,11.524290107833746,-2.577925430859894,0.7686192900144599,0.25837315862828697,-0.025862094823931314,-0.05972040122169751,-0.014759879658018338
42.3971796964281,8.364249735911681,11.525900227082644,-2.578522629335883,0.7684716305610593,0.25837649678698776,-0.02583166953538649,-0.05971929323544182,-0.014771871384207427
42.407179696428095,8.366286959966274,11.527510287497732,-2.5791198167098273,0.7683238553460223,0.2583798292595173,-0.025801198443816366,-0.0597181808143997,-0.014783030119725983
42.41717969642809,8.36832423406535,11.529120289154934,-2.579716992937453,0.7681759726714517,0.2583831557725408,-0.025770683215678172,-0.05971706397367723,-0.014793362366195655
42.4271796964281,8.370361558057803,11.530730232133358,-2.5803141579746365,0.7680279907765908,0.2583864760581988,-0.025740125501089842,-0.05971594272832864,-0.014802874495367536
42.437179696428096,8.372398931788942,11.532340116515297,-2.5809113117774043,0.7678799178378248,0.25838978985410793,-0.02570952693383001,-0.05971481709335633,-0.014811572749122193
42.447179696428094,8.37443635510048,11.53394994238622,-2.5815084543019333,0.7677317619686803,0.25839309690336026,-0.025678889131338013,-0.0597136870837109,-0.014819463239469642
42.45717969642809,8.376473827830548,11.535559709834784,-2.582105585504552,0.7675835312198247,0.25839639695452377,-0.02564821369471388,-0.05971255271429107,-0.014826551948549364
42.4671796964281,8.378511349813763,11.537169418953045,-2.5827027053417324,0.7674352335889056,0.2583996897609218,-0.025617502210884883,-0.05971141399994541,-0.014832844737026092
42.477179696428095,8.380548920881026,11.538779069836322,-2.5832998137700995,0.767286877006742,0.2584029750814684,-0.025586756249528157,-0.05971027095547067,-0.014838347326842178
42.48717969642809,8.3825865408595,11.540388662582899,-2.583896910746432,0.767138469328882,0.2584062526813531,-0.025555977361245402,-0.05970912359560997,-0.014843065297014391
42.4971796964281,8.384624209572966,11.541998197294511,-2.584493996227654,0.766990018362396,0.25840952233021014,-0.025525167083499258,-0.05970797193505661,-0.014847004110951665
42.507179696428096,8.386661926841823,11.543607674076352,-2.5850910701708334,0.7668415318661482,0.25841278380209903,-0.025494326940673127,-0.05970681598845415,-0.014850169116713703
42.517179696428094,8.388699692483076,11.545217093037072,-2.5856881325331833,0.7666930175507959,0.25841603687550513,-0.025463458444071184,-0.0597056557703964,-0.014852565547010994
42.52717969642809,8.390737506310348,11.546826454288778,-2.586285183272061,0.7665444830787898,0.2584192813333389,-0.025432563091918364,-0.05970449129542741,-0.014854198519204798
42.5371796964281,8.39277536813388,11.548435757947036,-2.586882222344967,0.766395936064374,0.2584225169629367,-0.02540164236936037,-0.059703322578041465,-0.014855073035307158
42.547179696428095,8.394813277760518,11.550045004130865,-2.587479249709548,0.7662473840735858,0.25842574355606024,-0.02537069774846368,-0.05970214963268312,-0.014855193981980892
42.55717969642809,8.39685123499373,11.551654192962747,-2.588076265323594,0.7660988346242564,0.2584289609088966,-0.025339730688215524,-0.05970097247374715,-0.014854566130539591
42.5671796964281,8.398889239633595,11.553263324568618,-2.5886732691450387,0.7659502951860097,0.25843216882205866,-0.02530874263452391,-0.05969979111557859,-0.014853194136947632
42.5771796964281,8.400927291476807,11.554872399077869,-2.5892702611319622,0.7658017731802632,0.2584353671005845,-0.02527773502021761,-0.05969860557247271,-0.014851082541820161
42.587179696428095,8.402965390316647,11.556481416623486,-2.5898672412425854,0.7656532759838613,0.2584385555536576,-0.025246709265807743,-0.059697415858675856,-0.014848235771973025
42.59717969642809,8.405003535942877,11.558090377342072,-2.5904642094352712,0.7655048109251555,0.2584417339947573,-0.025215666778591474,-0.0596962219883852,-0.014844658133214447
42.6071796964281,8.407041728141914,11.559699281373556,-2.5910611656685307,0.765356385279928,0.25844490224205535,-0.025184608951876606,-0.05969502397574724,-0.01484035381309262
42.617179696428096,8.409079966696899,11.561308128861565,-2.5916581099010134,0.7652080062874991,0.2584480601173414,-0.025153537168462747,-0.059693821834860494,-0.014835326894748655
42.627179696428094,8.41111825138769,11.562916919953448,-2.592255042091509,0.765059681151167,0.25845120744599137,-0.025122452800735124,-0.05969261557977563,-0.014829581357219512
42.6371796964281,8.413156581990869,11.564525654800264,-2.5928519621989445,0.7649114170382075,0.25845434405696804,-0.02509135721066458,-0.0596914052244954,-0.014823121075437996
42.6471796964281,8.415194958279741,11.566134333556786,-2.5934488701823866,0.7647632210798745,0.25845746978282064,-0.02506025174980757,-0.05969019078297471,-0.014815949820232759
42.657179696428095,8.41723338002433,11.567742956381503,-2.5940457660010408,0.764615100371399,0.2584605844596851,-0.025029137759306156,-0.05968897226912057,-0.014808071258328295
42.66717969642809,8.419271846991384,11.56935152343662,-2.594642649614251,0.7644670619719904,0.2584636879272839,-0.02499801656988803,-0.059687749696792115,-0.014799488952344956
42.6771796964281,8.42131035894437,11.570960034888055,-2.595239520981502,0.7643191129048356,0.25846678002892615,-0.024966889501866485,-0.059686523079800595,-0.01479020636079893
42.68633077340685,8.42317585614022,11.572431947520199,-2.595785711799226,0.764183807803311,0.25846959954492443,-0.02493840084662017,-0.059685397060672996,-0.014781101012220172
42.69633077340685,8.425214362013516,11.574040363306503,-2.5963824560841897,0.7640364026430643,0.25847243351662397,-0.024907111746634875,-0.05968382210250888,-0.014768478687105515
42.70633077340685,8.42725300034233,11.575648713852331,-2.5969792881087814,0.763888786866451,0.2584754834945262,-0.024875976960203553,-0.059682581804193606,-0.014754247266911819
42.71633077340685,8.42929168255953,11.577257009477227,-2.5975761077000166,0.7637413266033314,0.25847851450525255,-0.02484484554779932,-0.05968133543427366,-0.014737376283608017
42.72633077340685,8.431330408322435,11.578865250370916,-2.598172914797285,0.763594048178213,0.25848152579902667,-0.024813722413842543,-0.059680083013426484,-0.014717876359739033
42.73633077340685,8.433369177274574,11.58047343673661,-2.598769709340181,0.7634469778245221,0.25848451663843736,-0.024782612432681178,-0.05967882456225918,-0.014695757746587018
42.74633077340685,8.435407989045695,11.582081568791013,-2.599366491268504,0.7633001416846038,0.2584874862984387,-0.024751520448590768,-0.05967756010130852,-0.014671030324171344
42.75633077340685,8.437446843251758,11.583689646764327,-2.5999632605222556,0.7631535658097217,0.2584904340663501,-0.02472045127577444,-0.05967628965104092,-0.014643703601248602
42.76633077340685,8.439485739494945,11.585297670900239,-2.600560017041643,0.7630072761600583,0.25849335924185607,-0.024689409698362908,-0.05967501323185248,-0.01461378671531261
42.77633077340685,8.441524677363647,11.586905641455928,-2.601156760767076,0.7628612986047145,0.25849626113700663,-0.02465840047041448,-0.05967373086406894,-0.014581288432594404
42.78633077340685,8.443563656432476,11.588513558702068,-2.6017534916391702,0.7627156589217103,0.2584991390762168,-0.024627428315915034,-0.059672442567945724,-0.01454621714806225
42.79633077340685,8.445602676262189,11.590121422923172,-2.6023502095987414,0.7625703828080844,0.25850199239559424,-0.024596497930836743,-0.0596711483636686,-0.014508580885455905
42.80633077340685,8.447641736399435,11.591729234418086,-2.602946914586806,0.7624254958866541,0.2585048204422622,-0.02456561398432517,-0.05966984827135443,-0.014468387278049288
42.81633077340685,8.449680836377151,11.593336993498355,-2.6035436065445903,0.7622810236602968,0.25850762257737364,-0.02453478110943522,-0.059668542311047755,-0.014425643570096213
42.82633077340685,8.451719975714502,11.594944700489956,-2.6041402854135183,0.7621369915736066,0.2585103981722892,-0.024504003915998024,-0.059667230502724884,-0.014380356644419346
42.83633077340685,8.453759153916858,11.596552355733465,-2.6047369511352114,0.7619934250179718,0.25851314660825203,-0.02447328699166885,-0.05966591286629425,-0.014332533023648715
42.84633077340685,8.455798370475796,11.598159959584047,-2.6053336036514865,0.7618503493315755,0.2585158672763879,-0.024442634901927104,-0.0596645894215964,-0.01428217887022172
42.85633077340685,8.457837624869102,11.599767512411464,-2.6059302429043587,0.7617077897993944,0.25851855957770525,-0.024412052190076316,-0.059663260188403996,-0.014229299986383134
42.86633077340685,8.45987691656077,11.601375014600075,-2.6065268688360392,0.7615657716531999,0.25852122292309493,-0.024381543377244158,-0.05966192518642181,-0.014173901814185097
42.87633077340685,8.461916245000998,11.60298246654883,-2.6071234813889363,0.7614243200715582,0.25852385673333056,-0.024351112962382442,-0.05966058443528673,-0.014115989435487118
42.88633077340685,8.463955609626193,11.604589868671274,-2.607720080505655,0.7612834601798294,0.25852646043906824,-0.0243207654222671,-0.05965923795456776,-0.014055567571956074
42.89633077340685,8.465995009858952,11.606197221395606,-2.608316666128997,0.7611432170519722,0.25852903348073464,-0.02429050521185885,-0.059657885763766155,-0.013992640585185573
42.90633077340685,8.468034445107593,11.607804525165916,-2.608913238201954,0.761003615743457,0.25853157530637016,-0.024260336770754343,-0.05965652788231762,-0.01392721246937048
42.91633077340685,8.470073914766758,11.609411780440013,-2.6095097966677208,0.7608646812238424,0.2585340853756317,-0.02423026450955642,-0.0596551643295878,-0.013859286833664126
42.92633077340685,8.472113418217262,11.611018987690677,-2.610106341469686,0.7607264384223545,0.2585365631571815,-0.02420029281931593,-0.0596537951248752,-0.013788866928024598
42.93633077340685,8.474152954825886,11.612626147406464,-2.6107028725514296,0.7605889122529341,0.25853900812717195,-0.02417042607659202,-0.05965242028741288,-0.013715955648759564
42.94633077340685,8.476192523945375,11.614233260091702,-2.61129938985672,0.7604521276142361,0.2585414197692455,-0.02414066864345214,-0.05965103983636844,-0.013640555538526266
42.95633077340685,8.47823212491444,11.61584032626649,-2.611895893329516,0.7603161093896301,0.25854379757453455,-0.02411102486747203,-0.059649653790844026,-0.013562668786331526
42.96633077340685,8.48027175705776,11.617447346466708,-2.612492382913966,0.7601808824472002,0.2585461410416617,-0.024081499081735736,-0.0596482621698763,-0.013482297227531744
42.97633077340685,8.482311419685974,11.619054321244004,-2.6130888585544083,0.7600464716397445,0.25854844967673957,-0.024052095604835597,-0.059646864992436516,-0.013399442343832894
42.98633077340685,8.48435111209569,11.620661251165803,-2.61368532019537,0.759912901804776,0.2585507229933709,-0.024022818740872254,-0.059645462277430436,-0.013314105263290533
42.996330773406854,8.486390833569478,11.622268136815299,-2.6142817677815695,0.7597801977645219,0.2585529605126483,-0.023993672779454637,-0.05964405404369837,-0.013226286760309793
43.00633077340685,8.488430583375763,11.623874978791704,-2.6148782012579126,0.7596483843323771,0.25855516176277005,-0.02396466199694326,-0.059642640310015614,-0.013135987254675312
43.01633077340685,8.490470360768098,11.625481777711489,-2.615474620569488,0.759517486343455,0.2585573262770686,-0.023935790662129926,-0.059641221095094295,-0.013043206793882515
43.02633077340685,8.492510164986546,11.62708853420554,-2.616071025661584,0.7593875285768855,0.2585594535985126,-0.023907063021173666,-0.05963979641757831,-0.012947945057262137
43.03633077340685,8.49454999525685,11.628695248921314,-2.6166674164796713,0.7592585358207875,0.25856154327606384,-0.023878483310524327,-0.059638366296047546,-0.012850201370399399
43.04633077340685,8.496589850790208,11.630301922523335,-2.617263792969406,0.7591305328869729,0.2585635948638247,-0.02385005575979338,-0.05963693074901888,-0.012749974705231454
43.05633077340685,8.498629730783273,11.631908555693215,-2.617860155076626,0.7590035446109461,0.2585656079210381,-0.023821784591753895,-0.05963548979494616,-0.012647263680047385
43.066330773406854,8.500669634418152,11.633515149129643,-2.618456502747351,0.7588775958519054,0.2585675820120877,-0.02379367402234057,-0.059634043452220196,-0.012542066559488212
43.07633077340685,8.502709560862405,11.635121703548384,-2.6190528359277847,0.7587527114927414,0.25856951670649736,-0.023765728260649717,-0.0596325917391688,-0.012434381254546881
43.08633077340685,8.504749509269043,11.636728219682288,-2.6196491545643124,0.7586289164400383,0.2585714115789317,-0.023737951508939252,-0.05963113467405674,-0.01232420532256827
43.09633077340685,8.506789478776534,11.638334698281279,-2.6202454586035024,0.7585062356240729,0.2585732662091959,-0.02371034796262871,-0.05962967227508576,-0.01221153596724919
43.10633077340685,8.5088294685088,11.639941140112365,-2.6208417479921056,0.7583846939988156,0.2585750801822356,-0.02368292181029924,-0.05962820456039458,-0.012096370038638381
43.11633077340685,8.510869477575168,11.641547545959705,-2.6214380226770553,0.7582643165439207,0.2585768530880249,-0.0236556772340655,-0.05962673154805903,-0.011978704032489783
43.12633077340685,8.512909505069146,11.643153916626456,-2.6220342826054592,0.7581451283101296,0.2585785845189141,-0.02362861841788783,-0.059625253256094676,-0.011858534066011162
43.136330773406854,8.514949550070348,11.644760252931542,-2.6226305277246156,0.7580271543357526,0.2585802740741361,-0.02360174953175576,-0.05962376970245149,-0.011735855891145614
43.14633077340685,8.51698961164374,11.646366555711223,-2.623226757982003,0.7579104196916591,0.25858192135747965,-0.023575074740526197,-0.05962228090501688,-0.011610664903562695
43.15633077340685,8.519029688838923,11.647972825820311,-2.623822973325277,0.7577949495133596,0.2585835259755254,-0.02354859820998972,-0.05962078688161763,-0.011482956136437546
43.16633077340685,8.521069780690125,11.649579064132169,-2.6244191737022673,0.7576807690010058,0.25858508753764653,-0.023522324106870596,-0.05961928765001993,-0.011352724260450898
43.17633077340685,8.523109886216206,11.651185271538715,-2.6250153590609804,0.7575679034193908,0.2585866056560083,-0.02349625659882676,-0.059617783227929384,-0.011219963583789072
43.18633077340685,8.525150004420654,11.652791448950419,-2.6256115293495976,0.7574563780979487,0.2585880799455682,-0.023470399854449826,-0.05961627363299101,-0.011084668052143976
43.19633077340685,8.527190134291592,11.654397597296303,-2.626207684516476,0.7573462184307551,0.2585895100240761,-0.023444758043265096,-0.05961475888278924,-0.010946831248713105
43.206330773406854,8.529230274801769,11.656003717523939,-2.6268038245101475,0.7572374498765264,0.25859089551207404,-0.02341933533573154,-0.059613238994847884,-0.010806446394199542
43.21633077340685,8.531270424908568,11.657609810599457,-2.627399949279321,0.7571300979586204,0.2585922360328964,-0.02339413590324181,-0.059611713986630184,-0.01066350634681196
43.22633077340685,8.533310583554002,11.659215877507535,-2.6279960587728795,0.7570241882650363,0.25859353121266965,-0.023369163918122243,-0.059610183875538784,-0.010518003602264625
43.23633077340685,8.535350749664559,11.66082191925151,-2.628592152939883,0.7569197464503025,0.2585947806801508,-0.023344423553832788,-0.05960864867891569,-0.010369930285226203
43.246330773406854,8.537390922150319,11.662427936854243,-2.629188231729564,0.7568167982557084,0.25859598406537043,-0.023319918988133247,-0.059607108414042806,-0.010219278110784663
43.25548185038561,8.539257904342215,11.663897595658439,-2.6297336945008496,0.7567239203705871,0.25859704459838706,-0.023297704855731474,-0.05960569447933746,-0.010079148033121928
43.265481850385605,8.54129799652697,11.665503582869441,-2.630329640178354,0.7566242463217412,0.2585979239222717,-0.023273532178806722,-0.059603803640095314,-0.009925032312943742
43.2754818503856,8.54333817827509,11.667109535891365,-2.6309256704325925,0.7565257511001366,0.2585989843870022,-0.023249801793775265,-0.059602245939343566,-0.009774407609805738
43.28548185038561,8.545378362606886,11.668715468146479,-2.631521685071774,0.7564287500437219,0.2585999941589712,-0.023226352288066847,-0.05960068063257573,-0.009626196994270798
43.295481850385606,8.547418548703366,11.670321380306294,-2.63211768401997,0.7563332191709715,0.2586009544931723,-0.023203178394022216,-0.05959910774566603,-0.009480371287046258
43.305481850385604,8.549458735755998,11.67192727303973,-2.6327136672015077,0.7562391347752385,0.25860186662299295,-0.023180274909458846,-0.05959752730440033,-0.00933690184412356
43.3154818503856,8.55149892296672,11.673533147013105,-2.633309634540971,0.756146473424754,0.2586027317602149,-0.023157636697670934,-0.05959593933447613,-0.009195760556778275
43.32548185038561,8.553539109547934,11.675139002890145,-2.6339055859631983,0.7560552119626276,0.25860355109501415,-0.023135258687429404,-0.05959434386150255,-0.00905691985157008
43.335481850385605,8.55557929472251,11.67674484133198,-2.6345015213932856,0.7559653275068471,0.2586043257959607,-0.023113135872981905,-0.05959274091100037,-0.008920352690342774
43.3454818503856,8.557619477723778,11.678350662997142,-2.6350974407565837,0.7558767974502785,0.25860505701001885,-0.023091263314052816,-0.05959113050840199,-0.008786032570224271
43.35548185038561,8.559659657795244,11.679956468541413,-2.635693343978697,0.7557895994465311,0.25860574586380647,-0.023069636132772253,-0.05958951267905237,-0.008653933497487717
43.365481850385606,8.56169983419066,11.681562258617777,-2.636289230985483,0.755703711409423,0.2586063934641648,-0.02304824951382012,-0.05958788744820881,-0.008524029977318156
43.375481850385604,8.563740006174509,11.68316803387674,-2.6368851017030592,0.7556191115395615,0.25860700089561384,-0.0230270987100813,-0.05958625484103929,-0.008396297065948589
43.3854818503856,8.565780173020737,11.684773794965775,-2.6374809560577908,0.7555357782688763,0.25860756922471523,-0.023006179030287306,-0.059584614882626015,-0.00827071027827063
43.39548185038561,8.567820334012705,11.68637954252931,-2.6380767939762904,0.7554536902584772,0.2586080995002502,-0.02298548583854416,-0.05958296759796557,-0.008147245584101445
43.405481850385605,8.569860488443187,11.687985277208728,-2.6386726153854188,0.7553728263986537,0.2586085927532194,-0.02296501455433235,-0.05958131301196895,-0.008025879408183745
43.4154818503856,8.57190063561437,11.689590999642359,-2.6392684202122854,0.7552931658088753,0.25860904999684303,-0.022944760652506835,-0.059579651149461524,-0.007906588630185798
43.42548185038561,8.573940774837856,11.691196710465485,-2.639864208384246,0.7552146878377913,0.2586094722265607,-0.022924719663297066,-0.05957798203518305,-0.00778935058470142
43.43548185038561,8.575980905434665,11.692802410310337,-2.640459979828905,0.7551373720632312,0.2586098604200318,-0.022904887172306963,-0.05957630569378768,-0.007674143061249972
43.445481850385605,8.578021026735115,11.694408099806035,-2.641055734474114,0.7550611982865003,0.2586102155376019,-0.02288525881926835,-0.059574622149844374,-0.00756094429453744
43.4554818503856,8.580061138078529,11.696013779578331,-2.641651472247967,0.7549861465141624,0.25861053852408894,-0.022865830294214504,-0.05957293142783813,-0.00744973292818594
43.46548185038561,8.58210123881413,11.697619450250151,-2.6422471930788105,0.7549121970037653,0.25861083030517534,-0.0228465973475207,-0.05957123355216652,-0.0073404880903283785
43.475481850385606,8.584141328299877,11.69922511244104,-2.642842896895234,0.7548393302109607,0.25861109179125596,-0.022827555778072113,-0.05956952854714363,-0.0072331893116211
43.485481850385604,8.58618140590231,11.700830766767059,-2.6434385836260663,0.7547675267810959,0.2586113238780885,-0.022808701431405065,-0.05956781643700061,-0.007127816511550429
43.49548185038561,8.588221470996537,11.702436413840793,-2.6440342532003758,0.754696767549214,0.25861152744679317,-0.022790030199707014,-0.05956609724588571,-0.007024349998432669
43.50548185038561,8.590261522966234,11.704042054271351,-2.644629905547471,0.7546270335400537,0.2586117033638529,-0.022771538021816577,-0.059564370997864276,-0.006922770469414104
43.515481850385605,8.59230156120365,11.705647688664358,-2.6452255405969014,0.7545583059680493,0.2586118524811135,-0.02275322088322351,-0.05956263771691872,-0.006823059010470996
43.5254818503856,8.594341585109605,11.707253317621968,-2.645821158278455,0.7544905662373311,0.25861197563578314,-0.02273507481606871,-0.05956089742694857,-0.006725197096409585
43.53548185038561,8.596381594093492,11.708858941742843,-2.646416758522161,0.7544237959417127,0.2586120736504339,-0.0227170958991415,-0.05955915015177044,-0.006629166590846425
43.545481850385606,8.598421587572929,11.71046456162189,-2.6470123412582818,0.7543579768437452,0.258612147334685,-0.022699280253352425,-0.05955739591511975,-0.006534949711318135
43.555481850385604,8.600461564974342,11.712070177850581,-2.6476079064173237,0.7542930909040502,0.2586121974832925,-0.02268162404831832,-0.05955563474064822,-0.006442529070308914
43.56548185038561,8.602501525732634,11.71367579101687,-2.6482034539300323,0.7542291202689855,0.25861222487677604,-0.02266412349945433,-0.059553866651924796,-0.0063518876608530134
43.57548185038561,8.604541469290615,11.715281401704813,-2.6487989837273846,0.7541660472401236,0.2586122302836232,-0.02264677486122679,-0.05955209167243819,-0.006263008809979634
43.585481850385605,8.606581395099,11.716887010494561,-2.6493944957405904,0.7541038542742509,0.2586122144602896,-0.02262957442715322,-0.059550309825596885,-0.006175876178712933
43.5954818503856,8.608621302616418,11.718492617962376,-2.649989989901091,0.7540425239833682,0.25861217815119886,-0.02261251852980234,-0.0595485211347291,-0.0060904737620720165
43.60548185038561,8.6106611913094,11.72009822468061,-2.650585466140561,0.7539820391346906,0.25861212208874274,-0.02259560354079405,-0.05954672562308285,-0.006006785889070947
43.615481850385606,8.612701060652386,11.721703831217718,-2.6511809243909052,0.7539223826506475,0.2586120469932807,-0.022578825870799464,-0.05954492331382587,-0.0059247972227187366
43.625481850385604,8.614740910127722,11.72330943813826,-2.651776364584263,0.7538635376088821,0.2586119535731405,-0.02256218196954086,-0.05954311423004567,-0.0058444927600193545
43.63548185038561,8.61678073922562,11.724915046002838,-2.6523717866530028,0.7538054872390306,0.2586118425248509,-0.022545668325092364,-0.059541298394749836,-0.0057658578271048725
43.64548185038561,8.61882054744395,11.726520655367805,-2.652967190529721,0.7537482149050968,0.2586117145345788,-0.022529281460157938,-0.059539475830867626,-0.0056888780498148715
43.655481850385605,8.620860334288851,11.728126266785873,-2.653562576147252,0.7536917041467996,0.2586115702752669,-0.022513017941103466,-0.05953764656124606,-0.005613539413730382
43.6654818503856,8.622900099274016,11.72973188080558,-2.6541579434386557,0.7536359386384507,0.258611410409321,-0.02249687436881792,-0.059535810608653685,-0.005539828206911138
43.67548185038561,8.62493984192054,11.731337497971136,-2.654753292337218,0.753580902179316,0.258611235589277,-0.022480847376599524,-0.05953396799578141,-0.005467731005866172
43.68548185038561,8.626979561756922,11.732943118822433,-2.6553486227764487,0.753526578693616,0.2586110464578006,-0.022464933630155746,-0.059532118745242564,-0.005397234675553821
43.695481850385605,8.629019258319067,11.73454874389504,-2.6559439346900824,0.7534729522305254,0.2586108436476871,-0.022449129827603307,-0.059530262879572846,-0.0053283263693817235
43.70548185038561,8.631058931150283,11.736154373720204,-2.656539228012077,0.753420006964173,0.258610627781862,-0.022433432699468178,-0.059528400421230365,-0.005260993529206821
43.71548185038561,8.633098579801281,11.737760008824855,-2.6571345026766173,0.7533677271936422,0.25861039947338027,-0.022417839008685575,-0.05952653139259561,-0.005195223885335355
43.725481850385606,8.635138203830177,11.739365649731594,-2.6577297586181095,0.7533160973429707,0.258610159325427,-0.022402345550599976,-0.059524655815971474,-0.0051310054565228734
43.735481850385604,8.63717780280244,11.74097129695861,-2.6583249957711845,0.7532651019560367,0.25860990793167404,-0.022386949151873517,-0.059522773713583776,-0.005068326542571385
43.74548185038561,8.639217376290913,11.742576951019482,-2.658920214070694,0.7532147256895884,0.25860964587692525,-0.022371646669115557,-0.05952088510758203,-0.005007175711431932
43.75548185038561,8.641256923875977,11.744182612423671,-2.659515413451717,0.7531649533376624,0.25860937373542764,-0.022356434994067392,-0.059518990020036744,-0.0049475418340335624
43.765481850385605,8.643296445145115,11.745788281675962,-2.6601105938495526,0.7531157697967293,0.25860909207307864,-0.022341311045962365,-0.059517088472943,-0.00488941403765531
43.77548185038561,8.645335939692863,11.747393959276394,-2.660705755199715,0.7530671600623193,0.2586088014476493,-0.022326271770795745,-0.05951518048822078,-0.00483278170124811
43.78548185038561,8.64737540712081,11.748999645720273,-2.6613008974379357,0.7530191092290224,0.2586085024087846,-0.02231131414132475,-0.05951326608771497,-0.00477763445543481
43.795481850385606,8.649414847037606,11.750605341498158,-2.661896020500165,0.7529716024904886,0.25860819549800323,-0.022296435157068525,-0.05951134529319538,-0.004723962182510161
43.805481850385604,8.651454259058951,11.75221104709587,-2.6624911243225693,0.7529246251394278,0.2586078812486978,-0.022281631844308165,-0.059509418126356725,-0.0046717550164408215
43.81548185038561,8.653493642807605,11.75381676299449,-2.6630862088415315,0.7528781625676098,0.2586075601861348,-0.022266901256086692,-0.059507484608818634,-0.0046210033428653605
43.82463292736437,8.655359873485226,11.755286175405917,-2.6636307582968053,0.75283608303756,0.258607260849569,-0.022253482420432933,-0.059505709685486415,-0.004575827516092089
43.83463292736437,8.657399115187012,11.756891928411289,-2.6642257021433027,0.752790922627132,0.25860669514372964,-0.022238744006934135,-0.05950342279627786,-0.0045267671324892575
43.844632927364366,8.659438411329186,11.758497677045984,-2.6648207266009267,0.7527458889701724,0.2586063551013949,-0.022224253554889536,-0.05950146714090853,-0.004480191698500656
43.854632927364364,8.661477678150964,11.760103437390352,-2.6654157314543365,0.7527013140703689,0.2586060080056388,-0.022209852667090992,-0.0594995019584641,-0.004435014947889238
43.86463292736437,8.663516915485015,11.7617092096819,-2.6660107166084286,0.7526571840021729,0.25860565435427313,-0.022195538487280547,-0.05949752728130716,-0.004391226671162202
43.87463292736437,8.665556123170242,11.76331499415374,-2.666605681968418,0.7526134849331515,0.25860529463784654,-0.022181308184242392,-0.0594955431416898,-0.004348816885430509
43.884632927364365,8.667595301051787,11.764920791034593,-2.6672006274398385,0.7525702031239889,0.25860492933964496,-0.022167158951802865,-0.05949354957175358,-0.004307775834408874
43.89463292736437,8.669634448981025,11.766526600548776,-2.6677955529285446,0.7525273249284852,0.2586045589356913,-0.02215308800883045,-0.05949154660352959,-0.004268093988415776
43.90463292736437,8.671673566815572,11.768132422916217,-2.6683904583407094,0.752484836793557,0.25860418389474543,-0.022139092599235785,-0.059489534268938375,-0.004229762044373448
43.914632927364366,8.673712654419274,11.769738258352445,-2.6689853435828255,0.7524427252592374,0.2586038046783045,-0.022125169991971644,-0.059487512599790016,-0.004192770925807885
43.924632927364364,8.675751711662219,11.771344107068595,-2.669580208561705,0.7524009769586757,0.2586034217406026,-0.022111317481032962,-0.05948548162778405,-0.004157111782848839
43.93463292736437,8.677790738420688,11.772949969271226,-2.670175053184475,0.7523595786098999,0.25860303552913017,-0.02209753238369965,-0.0594834413845111,-0.00412277598135066
43.94463292736437,8.679829734577284,11.77455584516231,-2.6707698773585777,0.7523185170192546,0.25860264648455267,-0.022083812041390115,-0.05948139190145244,-0.00408975510511237
43.954632927364365,8.681868700020932,11.776161734939636,-2.671364680991782,0.7522777790976507,0.2586022550396607,-0.02207015382305894,-0.05947933320997661,-0.004058040977513257
43.96463292736437,8.683907634646593,11.777767638796234,-2.671959463992166,0.7522373518285134,0.2586018616212574,-0.022056555118216702,-0.05947726534134522,-0.004027625621297542
43.97463292736437,8.685946538355253,11.779373556920337,-2.6725542262681157,0.7521972222666771,0.2586014666502258,-0.02204301333669138,-0.05947518832671319,-0.003998501257159917
43.984632927364366,8.687985411053932,11.780979489495392,-2.6731489677283244,0.7521573775383855,0.2586010705415284,-0.022029525908628368,-0.059473102197128716,-0.003970660303745534
43.994632927364364,8.690024252655675,11.782585436700057,-2.6737436882817955,0.7521178048412914,0.2586006737042075,-0.02201609028449046,-0.0594710069835333,-0.003944095377650013
44.00463292736437,8.692063063079559,11.784191398708199,-2.674338387837839,0.7520784914444568,0.258600276541385,-0.022002703935057866,-0.05946890271676173,-0.003918799293419438
44.01463292736437,8.694101842250683,11.785797375688896,-2.674933066306074,0.7520394246883529,0.2585998794502625,-0.021989364351428203,-0.05946678942754208,-0.003894765063550359
44.024632927364365,8.696140590100184,11.787403367806439,-2.675527723596428,0.7520005919848601,0.25859948282212136,-0.0219760690450165,-0.05946466714649571,-0.0038719858984897918
44.03463292736437,8.698179306565214,11.789009375220228,-2.676122359619134,0.7519619808133281,0.25859908704254614,-0.021962815546718816,-0.0594625359041381,-0.0038504552018888923
44.04463292736437,8.700217991589026,11.790615398084501,-2.676716974284725,0.7519235787119429,0.2585986924919744,-0.02194960140515813,-0.05946039573088082,-0.0038301665590699937
44.054632927364366,8.702256645121013,11.792221436549072,-2.677311567504054,0.7518853733085599,0.25859829954398406,-0.021936424193239445,-0.059458246657025114,-0.0038111137732706286
44.064632927364364,8.704295267116505,11.793827490758648,-2.6779061391882717,0.7518473522876747,0.2585979085670895,-0.021923281500998537,-0.05945608871276833,-0.0037932908271917595
44.07463292736437,8.706333857536759,11.795433560852734,-2.6785006892488283,0.7518095033857625,0.25859751992500046,-0.021910170934602787,-0.05945392192820485,-0.0037766918774887566
44.08463292736437,8.708372416348965,11.797039646965628,-2.6790952175974705,0.7517718143912765,0.2585971339766221,-0.021897090116351194,-0.05945174633332612,-0.0037613112547713982
44.094632927364366,8.710410943526234,11.798645749226418,-2.679689724146242,0.7517342731446492,0.2585967510760546,-0.021884036684674365,-0.059449561958020584,-0.00374714346360387
44.10463292736437,8.71244943904761,11.800251867758988,-2.680284208807484,0.7516968675382919,0.2585963715725936,-0.021871008294134527,-0.05944736883207374,-0.003734183182504765
44.11463292736437,8.714487902898057,11.801858002682009,-2.680878671493836,0.7516595855165945,0.25859599581073,-0.021858002615425524,-0.059445166985168114,-0.003722425263947085
44.12463292736437,8.716526335068473,11.803464154108951,-2.681473112118233,0.7516224150759259,0.2585956241301499,-0.021845017335372807,-0.059442956446883286,-0.0037118647343582383
44.134632927364365,8.71856473555568,11.805070322148074,-2.6820675305939083,0.7515853442646336,0.2585952568657348,-0.02183205015693345,-0.059440737246695845,-0.003702496794120042
44.14463292736437,8.720603104362496,11.806676506902077,-2.682661926834386,0.7515483611715335,0.2585948943481582,-0.021819098796803993,-0.05943850941398209,-0.0036943168047246537
44.15463292736437,8.722641441497807,11.808282708468429,-2.683256300753486,0.7515114539415365,0.25859453690312956,-0.021806160988797788,-0.059436272978014806,-0.003687320304760581
44.164632927364366,8.724679746976394,11.809888926939587,-2.6838506522653334,0.7514746107784873,0.25859418485123736,-0.021793234484323788,-0.059434027967962245,-0.003681503013227297
44.17463292736437,8.726718020818964,11.811495162402345,-2.6844449812843374,0.7514378199206367,0.2585938385091925,-0.021780317047186522,-0.059431774412893386,-0.0036768608028810218
44.18463292736437,8.728756263052155,11.813101414937833,-2.6850392877251954,0.7514010696405602,0.2585934981898319,-0.02176740645356902,-0.05942951234177799,-0.003673389700145724
44.19463292736437,8.730794473708526,11.814707684621522,-2.685633571502889,0.7513643482451582,0.25859316420211914,-0.021754500492032796,-0.05942724178348658,-0.0036710858851131166
44.204632927364365,8.732832652826566,11.81631397152322,-2.686227832532689,0.7513276440756556,0.25859283685114415,-0.021741596963517865,-0.05942496276679042,-0.0036699456915426612
44.21463292736437,8.734870800450688,11.817920275707072,-2.686822070730151,0.7512909455076022,0.2585925164381231,-0.021728693681342733,-0.05942267532036158,-0.0036699656068615656
44.22463292736437,8.73690891663123,11.81952659723156,-2.6874162860111164,0.7512542409508728,0.25859220326039856,-0.021715788471204398,-0.05942037947277286,-0.003671142272164784
44.234632927364366,8.73894700142446,11.821132936149501,-2.688010478291714,0.7512175188496668,0.25859189761143964,-0.021702879171178358,-0.059418075252497836,-0.003673472482215018
44.24463292736437,8.740985054892569,11.822739292508059,-2.6886046474883596,0.7511807676824936,0.25859159978084234,-0.02168996363171557,-0.059415762687910864,-0.003676953185427981
44.25463292736437,8.743023077103862,11.824345666348213,-2.6891987935177437,0.7511439759485753,0.25859131005495134,-0.021677039712872433,-0.059413441807290454,-0.0036815814700605545
44.26463292736437,8.745061068132642,11.82595205770545,-2.68979291629685,0.7511071321910853,0.2585910287158037,-0.021664105289190893,-0.059411112638814066,-0.003687354586649716
44.274632927364365,8.747099028059095,11.827558466609712,-2.6903870157429512,0.7510702249909904,0.25859075604143145,-0.021651158248297137,-0.05940877521055901,-0.0036942699417992094
44.28463292736437,8.749136956969423,11.829164893084776,-2.690981091773595,0.7510332429474226,0.2585904923067635,-0.02163819648681517,-0.0594064295505071,-0.003702325078593195
44.29463292736437,8.751174854955854,11.830771337148258,-2.6915751443066043,0.7509961746776781,0.2585902377836257,-0.021625217910366822,-0.05940407568654462,-0.003711517676596252
44.304632927364366,8.753212722116642,11.832377798811608,-2.6921691732600785,0.7509590088172179,0.25858999274074085,-0.021612220433571742,-0.05940171364646234,-0.0037218455518533747
44.31463292736437,8.755250558556057,11.83398427808011,-2.6927631785523922,0.7509217340196679,0.2585897574437287,-0.02159920198004739,-0.05939934345795549,-0.003733306656889977
44.32463292736437,8.757288364384397,11.835590774952887,-2.6933571601021953,0.7508843389568182,0.25858953215510594,-0.021586160482409047,-0.05939696514862381,-0.003745899080711888
44.33463292736437,8.759326139717981,11.837197289422898,-2.693951117828414,0.7508468123186239,0.2585893171342862,-0.021573093882269828,-0.0593945787459715,-0.0037596210488053555
44.344632927364366,8.76136388467915,11.838803821476937,-2.6945450516502487,0.7508091428132048,0.2585891126375799,-0.021560000130240647,-0.05939218427740725,-0.0037744709231370436
44.35463292736437,8.76340159939627,11.840410371095635,-2.6951389614871775,0.750771319166845,0.25858891891819463,-0.021546877185930253,-0.05938978177024421,-0.003790447202154034
44.36463292736437,8.765439284003815,11.842016938253398,-2.695732847258952,0.7507333301252801,0.25858873622615053,-0.021533723018277034,-0.059387371251700016,-0.0038075485219083776
44.37463292736437,8.767476938642552,11.84362352291815,-2.696326708885597,0.7506951644503301,0.2585885648083951,-0.02152053560493825,-0.059384952748897935,-0.0038257736521898483
44.38463292736437,8.769514563459254,11.845230125051371,-2.6969205462874055,0.7506568109099836,0.2585884049093366,-0.021507312930000983,-0.05938252628886825,-0.003845121487261835
44.393784004343125,8.771379183612483,11.8467003542997,-2.6974639501700697,0.7506215391143756,0.258588268883734,-0.021495180149418796,-0.05938029886691487,-0.0038638097919691337
44.40378400434312,8.773416666216042,11.848307007278617,-2.6980576374226,0.7505831528519682,0.258587899243053,-0.021481731356251088,-0.05937751553222273,-0.0038834876839280805
44.41378400434312,8.775454201669435,11.849913660320896,-2.6986514003154185,0.7505442158918325,0.25858777318148723,-0.0214684002969039,-0.05937506104796267,-0.003903843115334171
44.42378400434312,8.777491707909096,11.851520330627267,-2.699245138603704,0.7505050773409913,0.25858765741859824,-0.021455031872243513,-0.05937259463259017,-0.0039238066665125484
44.433784004343124,8.779529185082676,11.85312701813542,-2.699838852168361,0.7504657410941158,0.2585875517578532,-0.021441626909976683,-0.0593701163265592,-0.0039433818296863606
44.44378400434312,8.7815666333359,11.854733722783672,-2.7004325408906897,0.7504262110143788,0.2585874560051665,-0.021428186229757316,-0.05936762617018597,-0.003962572039444725
44.45378400434312,8.78360405281258,11.85634044451098,-2.7010262046523894,0.750386490933454,0.25858736996889975,-0.021414710643186483,-0.05936512420364891,-0.003981380672742731
44.463784004343125,8.785641443654603,11.857947183256925,-2.701619843335555,0.7503465846515164,0.2585872934598614,-0.02140120095381242,-0.05936261046698869,-0.003999811048901437
44.47378400434312,8.787678806001937,11.859553938961724,-2.7022134568226797,0.7503064959372425,0.25858722629130737,-0.021387657957130518,-0.05936008500010822,-0.0040178664296078755
44.48378400434312,8.789716139992628,11.861160711566228,-2.702807044996653,0.7502662285278099,0.2585871682789403,-0.021374082440583333,-0.05935754784277263,-0.004035550018915045
44.49378400434312,8.791753445762804,11.862767501011914,-2.703400607740762,0.7502257861288973,0.25858711924091027,-0.021360475183560584,-0.059354999034609286,-0.004052864963241917
44.503784004343125,8.793790723446676,11.8643743072409,-2.703994144938691,0.7501851724146852,0.25858707899781436,-0.02134683695739915,-0.05935243861510779,-0.004069814351373435
44.51378400434312,8.795827973176527,11.865981130195925,-2.704587656474522,0.7501443910278547,0.25858704737269667,-0.021333168525383073,-0.059349866623619976,-0.004086401214460512
44.52378400434312,8.79786519508274,11.867587969820388,-2.70518114223273,0.750103445580388,0.25858702419100016,-0.021319470642922278,-0.059347283099360694,-0.004102628526783198
44.533784004343126,8.799902389293843,11.869194826058502,-2.705774602098167,0.7500623396591464,0.2585870092802126,-0.021305744058791348,-0.05934468808141469,-0.004118499210075931
44.543784004343124,8.801939555936242,11.870801698854942,-2.7063680359561046,0.7500210768089026,0.25858700247087557,-0.021291989511333285,-0.05934208160872056,-0.0041340161165003605
44.55378400434312,8.803976695134477,11.872408588155066,-2.706961443692207,0.7499796605456048,0.25858700359581116,-0.021278207731448104,-0.059339463720081184,-0.004149182043501043
44.56378400434312,8.806013807011308,11.874015493904988,-2.707554825192519,0.7499380943605353,0.2585870124898742,-0.02126439944352514,-0.05933683445416748,-0.004163999738046518
44.573784004343125,8.808050891687705,11.875622416051586,-2.7081481803434637,0.7498963817203103,0.2585870289899523,-0.021250565365443053,-0.05933419384951843,-0.0041784718966293094
44.58378400434312,8.810087949282853,11.877229354542504,-2.708741509031846,0.7498545260668801,0.2585870529349656,-0.021236706208569822,-0.05933154194454106,-0.004192601165265921
44.59378400434312,8.812124979914154,11.878836309326141,-2.7093348111448488,0.7498125308175291,0.2585870841658672,-0.021222822677762758,-0.05932887877751047,-0.004206390139496839
44.603784004343126,8.81416198369722,11.880443280351667,-2.7099280865700375,0.7497703993648757,0.25858712252564275,-0.021208915471368484,-0.0593262043865698,-0.004219841364386534
44.613784004343124,8.816198960745883,11.882050267569007,-2.7105213351953563,0.7497281350768724,0.25858716785931074,-0.021194985281222954,-0.05932351880973026,-0.004232957334523456
44.62378400434312,8.81823591117218,11.883657270928849,-2.7111145569091297,0.7496857412968057,0.25858722001392226,-0.02118103279265144,-0.05932082208487111,-0.004245740494020038
44.63378400434312,8.820272835086376,11.885264290382644,-2.711707751600062,0.7496432213432959,0.25858727883856125,-0.02116705868446854,-0.05931811424973967,-0.004258193236512695
44.643784004343125,8.822309732596937,11.886871325882607,-2.7123009191572383,0.7496005785102978,0.2585873441843442,-0.021153063628978175,-0.059315395341951314,-0.004270317905161827
44.65378400434312,8.824346603810588,11.888478377381796,-2.7128940594701128,0.7495578160702878,0.25858741590423395,-0.0211390482926747,-0.05931266539899284,-0.004282116795528726
44.66378400434312,8.82638344883225,11.890085444834162,-2.713487172428508,0.7495149372738936,0.2585874938530401,-0.02112501333614027,-0.059309924458223785,-0.004293592153787375
44.673784004343126,8.828420267764908,11.891692528194206,-2.7140802579226526,0.7494719453366309,0.258587577888192,-0.02111095941113491,-0.05930717255686211,-0.004304746164926303
44.683784004343124,8.830457060709842,11.893299627417303,-2.714673315843143,0.7494288434545484,0.2585876678688436,-0.02109688716406602,-0.059304409731998624,-0.004315580968646222
44.69378400434312,8.832493827766642,11.894906742459723,-2.7152663460809374,0.7493856348052159,0.2585877636558166,-0.021082797236206523,-0.05930163602059792,-0.004326098660312664
44.70378400434312,8.834530569033214,11.896513873278636,-2.7158593485273586,0.749342322547724,0.2585878651116003,-0.021068690263694862,-0.059298851459498404,-0.00433630129095598
44.713784004343125,8.836567284605772,11.898121019832105,-2.7164523230740922,0.7492989098226838,0.2585879721003518,-0.021054566877534986,-0.059296056085412295,-0.004346190867271337
44.72378400434312,8.83860397457884,11.89972818207909,-2.717045269613186,0.7492553997522271,0.25858808448789566,-0.021040427703596373,-0.05929324993492561,-0.004355769351618723
44.73378400434312,8.840640639045255,11.901335359979445,-2.7176381880370535,0.7492117954400066,0.25858820214172423,-0.021026273362614006,-0.05929043304449816,-0.0043650386620229424
44.74378400434312,8.842677278096163,11.902942553493926,-2.7182310782384693,0.7491680999711958,0.25858832493099754,-0.0210121044701884,-0.05928760545046357,-0.00437400067217362
44.753784004343125,8.844713891821026,11.904549762584177,-2.7188239401105725,0.7491243164124887,0.25858845272654324,-0.020997921636785568,-0.059284767189029274,-0.0043826572114251975
44.76378400434312,8.84675048030761,11.906156987212746,-2.719416773546864,0.7490804478121,0.2585885854008566,-0.020983725467737056,-0.05928191829627649,-0.004391010064796936
44.77378400434312,8.848787043642002,11.907764227343074,-2.72000957844121,0.7490364971997657,0.25858872282810075,-0.020969516563239917,-0.05927905880816027,-0.004399060972972914
44.783784004343126,8.850823581908596,11.909371482939536,-2.7206023546878346,0.748992467588066,0.25858886488403243,-0.020955295518641805,-0.05927618876051094,-0.00440681163338671
44.793784004343124,8.852860095190103,11.910978753967647,-2.7211951021812997,0.748948361977781,0.25858901144569363,-0.020941062925570086,-0.059273308189041356,-0.00441426370348
44.80378400434312,8.854896583567415,11.91258604039356,-2.7217878208165627,0.7489041833397149,0.25858916239241253,-0.020926819368008276,-0.05927041712932703,-0.00442141878516116
44.81378400434312,8.856933047119771,11.914193342184381,-2.7223805104889376,0.7488599346286794,0.2585893176050388,-0.020912565425354027,-0.05926751561681962,-0.004428278438364616
44.823784004343125,8.858969485924776,11.915800659308259,-2.722973171094086,0.7488156187866847,0.2585894769657675,-0.02089830167311046,-0.05926460368685036,-0.004434844183866776
44.83378400434312,8.861005900058412,11.91740799173438,-2.7235658025280145,0.7487712387429389,0.2585896403581389,-0.020884028682886177,-0.05926168137463,-0.0044411175032860245
44.84378400434312,8.863042289595027,11.919015339432969,-2.724158404687077,0.7487267974138484,0.25858980766703876,-0.020869747022395253,-0.05925874871524883,-0.004447099839082726
44.853784004343126,8.865078654607343,11.920622702375292,-2.724750977467974,0.7486822977030179,0.25858997877869794,-0.02085545725545724,-0.05925580574367671,-0.004452792594559227
44.863784004343124,8.867114995166451,11.922230080533655,-2.7253435207677517,0.7486377425012499,0.25859015358069276,-0.02084115994199717,-0.05925285249476301,-0.00445819713385985
44.87378400434312,8.869151311341815,11.923837473881402,-2.725936034483804,0.7485931346865458,0.2585903319619448,-0.020826855638045552,-0.05924988900323666,-0.004463314781970897
44.88378400434312,8.871187603201264,11.92544488239292,-2.7265285185138706,0.7485484771241043,0.258590513812721,-0.020812544895738364,-0.059246915303706134,-0.004468146824720651
44.893784004343125,8.873223870811007,11.92705230604363,-2.7271209727560377,0.7485037726663231,0.25859069902463366,-0.020798228263317075,-0.05924393143065943,-0.004472694508779375
44.90378400434312,8.875260114235616,11.928659744809996,-2.7277133971087384,0.7484590241527976,0.25859088749064024,-0.020783906285128616,-0.059240937418464125,-0.004476959041659308
44.91378400434312,8.877296333538037,11.930267198669522,-2.728305791470752,0.7484142344103216,0.25859107910504364,-0.0207695795016254,-0.05923793330136729,-0.004480941591714672
44.923784004343126,8.87933252877955,11.931874667600766,-2.728898155741205,0.7483694062520609,0.25859127376353375,-0.02075524844916539,-0.05923491911349545,-0.00448464328659348
44.933784004343124,8.881368700019669,11.933482151583418,-2.729490489819566,0.7483245424770308,0.2585914713632044,-0.020740913659842323,-0.05923189488885588,-0.00448806521054212
44.94378400434312,8.883404847316395,11.935089650598286,-2.730082793605639,0.7482796458770155,0.2585916718021947,-0.02072657566310194,-0.05922886066133975,-0.00449120841514579
44.95378400434312,8.885440970726117,11.936697164627311,-2.730675066999563,0.748234719234213,0.2585918749798143,-0.02071223498518727,-0.05922581646472113,-0.004494073915574211
44.96293508132188,8.887304222047497,11.93816822623166,-2.73121703422527,0.7481935825528157,0.25859206322423645,-0.02069910981636555,-0.059223021990046906,-0.004496453648255601
44.972935081321886,8.889340214987573,11.939775787353678,-2.7318091455939113,0.7481489615149273,0.25859203889212096,-0.020684609003744824,-0.05921961653452149,-0.004497968599573353
44.982935081321884,8.891376265703439,11.941383345371925,-2.732401326373635,0.7481039680000231,0.2585922485409909,-0.02067025637610643,-0.05921653695008043,-0.004500763476155856
44.99293508132188,8.893412292651595,11.942990918413226,-2.732993476282753,0.748058945511454,0.2585924592039738,-0.020655895654700884,-0.059213442429222135,-0.004503762180089805
45.00293508132189,8.895448295837015,11.944598506489843,-2.7335855951721966,0.7480138920175226,0.25859267092981914,-0.020641526477666653,-0.059210333022467185,-0.004506964650416001
45.012935081321885,8.897484275265876,11.946206109612815,-2.7341776828933892,0.747968805485165,0.2585928837668535,-0.02062714848383087,-0.05920720878016532,-0.004510370848653941
45.02293508132188,8.899520230945548,11.94781372779196,-2.7347697392982453,0.7479236838799505,0.2585930977629808,-0.020612761312709362,-0.05920406975249546,-0.004513980758801827
45.03293508132188,8.901556162884603,11.949421361035878,-2.735361764239169,0.7478785251660817,0.25859331296568194,-0.020598364604506637,-0.0592009159894657,-0.0045177943873365555
45.042935081321886,8.903592071092808,11.951029009351947,-2.7359537575690553,0.7478333273063946,0.2585935294220152,-0.020583958000115886,-0.05919774754091328,-0.004521811763213729
45.052935081321884,8.905627955581132,11.952636672746324,-2.736545719141291,0.7477880882623584,0.25859374717861594,-0.020569541141118988,-0.059194564456504645,-0.004526032937867645
45.06293508132188,8.90766381636174,11.954244351223945,-2.737137648809753,0.7477428059940758,0.2585939662816969,-0.020555113669786504,-0.05919136678573538,-0.004530457985211305
45.07293508132189,8.909699653447994,11.955852044788529,-2.7377295464288096,0.7476974784602826,0.2585941867770479,-0.020540675229077685,-0.05918815457793026,-0.004535087001636409
45.082935081321885,8.911735466854457,11.957459753442569,-2.738321411853319,0.7476521036183479,0.25859440871003586,-0.020526225462640456,-0.05918492788224321,-0.004539920106013359
45.09293508132188,8.913771256596888,11.959067477187341,-2.7389132449386313,0.7476066794242742,0.25859463212560513,-0.020511764014811435,-0.05918168674765733,-0.0045449574396912535
45.10293508132188,8.915807022692249,11.960675216022901,-2.7395050455405867,0.7475612038326973,0.2585948570682771,-0.020497290530615917,-0.059178431222984905,-0.004550199166497896
45.112935081321886,8.917842765158692,11.962282969948083,-2.7400968135155166,0.7475156747968863,0.2585950835821505,-0.020482804655767895,-0.05917516135686737,-0.004555645472739787
45.122935081321884,8.919878484015575,11.963890738960501,-2.740688548720243,0.7474700902687437,0.2585953117109011,-0.02046830603667003,-0.05917187719777535,-0.0045612965672021276
45.13293508132188,8.92191417928345,11.965498523056546,-2.7412802510120793,0.747424448198805,0.25859554149778197,-0.020453794320413676,-0.059168578794008615,-0.00456715268114882
45.14293508132189,8.923949850984151,11.967106322231265,-2.741871920248811,0.7473787465341779,0.2585957729856891,-0.02043926915440194,-0.059165266193702076,-0.004573214067886582
45.152935081321885,8.925985499141094,11.96871413647795,-2.742463556288653,0.7473329832136428,0.2585960062172907,-0.020424730185527623,-0.05916193944484154,-0.004579481003445046
45.16293508132188,8.928021123778544,11.970321965789289,-2.7430551589904018,0.747287156186471,0.25859624123442415,-0.02041017706363131,-0.059158598595209826,-0.004585953790950597
45.17293508132188,8.93005672492199,11.97192981015669,-2.7436467282133368,0.7472412633989785,0.258596478078571,-0.0203956094389211,-0.05915524369242265,-0.004592632754946657
45.18293508132189,8.932092302598209,11.97353766957015,-2.7442382638171985,0.7471953027923464,0.25859671679092927,-0.020381026961565855,-0.059151874783934834,-0.004599518240738725
45.192935081321885,8.934127856835278,11.975145544018261,-2.7448297656621876,0.7471492723026213,0.25859695741241373,-0.020366429281695225,-0.059148491917040226,-0.004606610614394371
45.20293508132188,8.936163387662571,11.976753433488197,-2.745421233608969,0.7471031698607156,0.25859719998365577,-0.020351816049399615,-0.05914509513887174,-0.004613910262743239
45.21293508132189,8.93819889511075,11.978361337965731,-2.746012667518668,0.7470569933924065,0.2585974445450034,-0.02033718691473021,-0.059141684496401364,-0.004621417593377047
45.222935081321886,8.940234379211779,11.979969257435222,-2.7466040672528713,0.7470107408183373,0.2585976911365212,-0.020322541527698957,-0.05913826003644011,-0.004629133034649585
45.232935081321884,8.942269839998911,11.981577191879623,-2.7471954326736294,0.7469644100540161,0.2585979397979905,-0.020307879538278582,-0.059134821805638074,-0.004637057035676718
45.24293508132188,8.944305277506698,11.983185141280478,-2.7477867636434525,0.746917999009817,0.25859819056890926,-0.02029320059640258,-0.059131369850484394,-0.00464519006633638
45.25293508132189,8.946340691770988,11.984793105617918,-2.7483780600253143,0.7468715055909791,0.2585984434884919,-0.02027850435196521,-0.059127904217307264,-0.004653532617268585
45.262935081321885,8.948376082828922,11.986401084870668,-2.7489693216826487,0.7468249276976072,0.25859869859566975,-0.020263790454821504,-0.05912442495227394,-0.004662085199875415
45.27293508132188,8.950411450718935,11.988009079016043,-2.7495605484793533,0.7467782632246713,0.2585989559290905,-0.02024905855478727,-0.05912093210139074,-0.0046708483463210266
45.28293508132189,8.952446795480757,11.98961708802995,-2.750151740279786,0.7467315100620071,0.2585992155271187,-0.020234308301639078,-0.05911742571050301,-0.00467982260953165
45.292935081321886,8.954482117155417,11.991225111886886,-2.7507428969487675,0.7466846660943155,0.2585994774278354,-0.020219539345114276,-0.0591139058252952,-0.004689008563195589
45.302935081321884,8.956517415785234,11.992833150559937,-2.75133401835158,0.746637729201163,0.2585997416690384,-0.020204751334910974,-0.05911037249129078,-0.004698406801763219
45.31293508132188,8.958552691413825,11.994441204020784,-2.751925104353967,0.7465906972569714,0.2586000082882422,-0.020189943920686276,-0.05910682575385231,-0.004708017940445224
45.32293508132189,8.960587944086589,11.996049272238983,-2.7525161548220503,0.7465435681205088,0.2586002773229616,-0.020175116750180664,-0.05910326565821033,-0.004717842613973414
45.332935081321885,8.962623173850103,11.997657355182923,-2.753107169622456,0.7464963396513721,0.25860054881021627,-0.020160269472276338,-0.0590996922494195,-0.004727881481229521
45.34293508132188,8.964658380751896,11.999265452820136,-2.7536981486223424,0.7464490097127496,0.25860082278649366,-0.020145401737409228,-0.059096105572349934,-0.004738135223695553
45.35293508132188,8.966693564840925,12.000873565116509,-2.7542890916892997,0.746401576158939,0.2586010992881116,-0.020130513195282154,-0.059092505671720696,-0.004748604542618868
45.362935081321886,8.968728726167592,12.002481692036291,-2.7548799986913517,0.7463540368353462,0.25860137835121844,-0.020115603494864815,-0.05908889259209981,-0.00475929015901218
45.372935081321884,8.970763864783725,12.004089833542105,-2.7554708694969543,0.7463063895784858,0.2586016600117929,-0.02010067228439379,-0.05908526637790428,-0.004770192813653556
45.38293508132188,8.972798980742597,12.005697989594927,-2.756061703974997,0.7462586322159815,0.2586019443056441,-0.020085719211372536,-0.05908162707340005,-0.004781313267086418
45.39293508132189,8.974834074098913,12.007306160154103,-2.756652501994801,0.7462107625665654,0.25860223126841153,-0.020070743922571393,-0.05907797472270204,-0.004792652299619539
45.402935081321885,8.97686914490881,12.008914345177343,-2.757243263426123,0.7461627784400785,0.2586025209355653,-0.020055746064027574,-0.05907430936977414,-0.004804210711327048
45.41293508132188,8.978904193229868,12.010522544620716,-2.75783398813915,0.7461146776374703,0.25860281334240576,-0.020040725281045186,-0.05907063105842919,-0.004815989322048428
45.42293508132188,8.980939219121096,12.012130758438659,-2.758424676004502,0.7460664579507993,0.25860310852406365,-0.020025681218195205,-0.05906693983232899,-0.004827988971388515
45.43293508132189,8.982974222642946,12.013738986583972,-2.759015326893233,0.7460181171632325,0.25860340651550034,-0.020010613519315486,-0.05906323573498432,-0.0048402105187175
45.442935081321885,8.985009203857302,12.015347229007816,-2.7596059406768303,0.7459696530490457,0.2586037073515074,-0.019995521827510774,-0.059059518809754914,-0.004852654843170924
45.45293508132188,8.987044162827482,12.016955485659722,-2.7601965172272127,0.7459210633736235,0.258604011066707,-0.019980405785152686,-0.059055789099849466,-0.0048653228436496875
45.46293508132189,8.989079099618243,12.018563756487577,-2.7607870564167323,0.745872345893459,0.2586043176955516,-0.019965265033879725,-0.05905204664832563,-0.004878215438820042
45.472935081321886,8.991114014295778,12.020172041437638,-2.7613775581181743,0.7458234983561541,0.2586046272723241,-0.019950099214597266,-0.05904829149809004,-0.004891333567113591
45.482935081321884,8.993148906927715,12.021780340454523,-2.761968022204757,0.7457745185004198,0.25860493983113786,-0.019934907967477572,-0.05904452369189827,-0.004904678186727294
45.49293508132188,8.995183777583115,12.023388653481215,-2.762558448550131,0.7457254040560751,0.25860525540593665,-0.01991969093195978,-0.05904074327235488,-0.004918250275623465
45.50293508132189,8.997218626332481,12.024996980459058,-2.7631488370283805,0.7456761527440483,0.2586055740304947,-0.019904447746749918,-0.05903695028191338,-0.004932050831529771
45.512935081321885,8.999253453247896,12.02660532132764,-2.7637391875140276,0.7456267622772205,0.25860589573832354,-0.01988917805010352,-0.05903314476287427,-0.004946080875005831
45.52293508132188,9.001288258403171,12.028213676024595,-2.7643294998820167,0.7455772303581482,0.2586062205627145,-0.019873881479447415,-0.05902932675739099,-0.004960341449767902
45.532086158300636,9.003150305260789,12.029685505851505,-2.7648696657668026,0.7455317774008995,0.2586065205713267,-0.019859859611018913,-0.05902582196552536,-0.004973594319288565
45.54208615830064,9.005184982535367,12.031293903866798,-2.765459801233046,0.7454823233559068,0.2586066179815668,-0.019844355395048724,-0.05902163721903253,-0.00498702638621735
45.55208615830064,9.007219721335344,12.032902298794127,-2.766049998307765,0.7454323814555289,0.25860695042833276,-0.01982897772252306,-0.059017774623357284,-0.005001323736607206
45.56208615830064,9.00925443861837,12.034510707319818,-2.76664015666302,0.7453822975907832,0.25860728399240895,-0.01981357067152879,-0.05901389333838892,-0.005015420159900488
45.572086158300635,9.011289134427711,12.036119129384794,-2.7672302761122607,0.7453320737529148,0.2586076186038543,-0.019798134689999445,-0.059009993427171975,-0.005029318172575847
45.58208615830064,9.013323808806057,12.037727564930302,-2.7678203564695543,0.7452817119103119,0.25860795419392313,-0.019782670220456183,-0.059006074952535396,-0.005043020257982161
45.59208615830064,9.01535846179551,12.03933601389792,-2.7684103975495846,0.7452312140085054,0.258608290695065,-0.019767177700007806,-0.059002137977092466,-0.005056528866338535
45.60208615830064,9.017393093437592,12.04094447622955,-2.7690003991676537,0.7451805819701695,0.25860862804092494,-0.019751657560350754,-0.058998182563240874,-0.005069846414734304
45.61208615830064,9.019427703773246,12.04255295186742,-2.76959036113968,0.7451298176951209,0.25860896616634316,-0.0197361102277691,-0.058994208773162686,-0.005082975287129027
45.62208615830064,9.021462292842832,12.044161440754085,-2.7701802832821993,0.7450789230603196,0.25860930500735535,-0.019720536123134565,-0.058990216668824334,-0.005095917834352497
45.63208615830064,9.023496860686128,12.045769942832425,-2.7707701654123653,0.7450278999198685,0.2586096445011924,-0.019704935661906495,-0.05898620631197664,-0.00510867637410473
45.642086158300636,9.02553140734233,12.04737845804565,-2.7713600073479476,0.7449767501050133,0.25860998458628065,-0.019689309254131888,-0.058982177764154806,-0.005121253190955973
45.65208615830064,9.02756593285005,12.04898698633729,-2.771949808907334,0.7449254754241426,0.25861032520224175,-0.019673657304445365,-0.058978131086678404,-0.005133650536346701
45.66208615830064,9.029600437247323,12.05059552765121,-2.772539569909529,0.7448740776627882,0.2586106662898926,-0.0196579802120692,-0.05897406634065139,-0.005145870628587614
45.67208615830064,9.0316349205716,12.052204081931595,-2.7731292901741544,0.7448225585836387,0.25861100779124474,-0.019642278370816547,-0.05896998358696214,-0.005157915652877396
45.68208615830064,9.033669382859845,12.053812649122971,-2.7737189695214064,0.7447709199309854,0.25861134964923344,-0.019626552170126998,-0.058965882886297914,-0.00516978776679427
45.69208615830064,9.035703824148316,12.055421229170202,-2.7743086077721237,0.7447191634210545,0.25861169180823984,-0.019610801992830204,-0.058961764299121866,-0.005181489087663378
45.70208615830064,9.037738244472639,12.057029822018466,-2.7748982047477813,0.7446672907448978,0.2586120342139647,-0.0195950282158086,-0.058957627885674734,-0.005193021696707791
45.712086158300636,9.039772643867963,12.058638427613285,-2.775487760270442,0.7446153035749394,0.258612376813062,-0.019579231211514878,-0.05895347370599164,-0.005204387647488068
45.72208615830064,9.041807022368952,12.060247045900512,-2.7760772741627577,0.744563203564976,0.25861271955313897,-0.01956341134797199,-0.05894930181990207,-0.005215588965902254
45.73208615830064,9.04384138000979,12.06185567682634,-2.7766667462479666,0.744510992350176,0.2586130623827562,-0.019547568988773138,-0.05894511228702989,-0.005226627650185886
45.74208615830064,9.04587571682418,12.063464320337292,-2.777256176349895,0.7444586715470808,0.2586134052514275,-0.01953170449308178,-0.05894090516679333,-0.0052375056709119865
45.75208615830064,9.047910032845339,12.065072976380234,-2.7778455642929587,0.7444062427536036,0.25861374810961985,-0.01951581821563164,-0.05893668051840501,-0.005248224970991067
45.76208615830064,9.049944328106008,12.06668164490236,-2.7784349099021584,0.74435370754903,0.25861409090875365,-0.019499910506726673,-0.0589324384008719,-0.0052587874656711275
45.77208615830064,9.051978602638442,12.068290325851207,-2.779024213003085,0.744301067494018,0.2586144336012025,-0.019483981712241118,-0.05892817887299537,-0.0052691950425376565
45.782086158300636,9.05401285647442,12.069899019174642,-2.7796134734219167,0.7442483241305982,0.2586147761402933,-0.019468032173619452,-0.058923901993371136,-0.00527944956151363
45.79208615830064,9.056047089645231,12.071507724820872,-2.7802026909854183,0.7441954789821726,0.25861511848030616,-0.01945206222787641,-0.05891960782038931,-0.005289552854859514
45.80208615830064,9.058081302181689,12.073116442738439,-2.7807918655209445,0.7441425335535166,0.25861546057647444,-0.019436072207596994,-0.05891529641223436,-0.0052995067271732615
45.81208615830064,9.060115494114124,12.074725172876217,-2.781380996856435,0.7440894893308347,0.2586158023849817,-0.019420062440949765,-0.05891096782688531,-0.005309312955463558
45.82208615830064,9.062149665472486,12.076333915183438,-2.781970084820369,0.7440363477867783,0.2586161438626711,-0.019404033252846634,-0.058906622122132844,-0.005318973295386093
45.83208615830064,9.064183816286109,12.077942669609667,-2.782559129241848,0.7439831103694456,0.25861648496762685,-0.01938798496240808,-0.05890225935554949,-0.0053284894670015655
45.84208615830064,9.066217946583805,12.079551436104806,-2.783148129950582,0.7439297785060773,0.258616825659,-0.0193719178838128,-0.05889787958449545,-0.005337863159843431
45.85208615830064,9.068252056393982,12.0811602146191,-2.7837370867768407,0.7438763536089344,0.25861716589669104,-0.019355832327653574,-0.05889348286613512,-0.005347096040470807
45.86208615830064,9.07028614574465,12.082769005103135,-2.784325999551452,0.7438228370752983,0.25861750564134905,-0.019339728600937293,-0.058889069257437116,-0.005356189752468473
45.87208615830064,9.07232021466341,12.084377807507844,-2.7849148681058025,0.7437692302874703,0.25861784485437267,-0.01932360700708495,-0.05888463881517429,-0.005365145916446869
45.88208615830064,9.074354263177469,12.085986621784505,-2.7855036922718384,0.7437155346127725,0.25861818349790916,-0.019307467845931636,-0.058880191595923705,-0.005373966130042097
45.89208615830064,9.076388291313629,12.087595447884736,-2.786092471882064,0.7436617514035468,0.2586185215348552,-0.019291311413726534,-0.058875727656066634,-0.005382651967915922
45.90208615830064,9.078422299098287,12.089204285760498,-2.786681206769544,0.7436078819971557,0.25861885892885633,-0.019275138003132943,-0.058871247051788596,-0.00539120498175577
45.91208615830064,9.080456286557444,12.090813135364103,-2.7872698967679006,0.7435539277159817,0.25861919564430724,-0.019258947903228248,-0.05886674983907931,-0.0053996267002747265
45.92208615830064,9.082490253716697,12.092421996648199,-2.7878585417113158,0.7434998898674279,0.25861953164635165,-0.01924274139950394,-0.05886223607373272,-0.0054079186292115425
45.93208615830064,9.084524200601239,12.094030869565781,-2.78844714143453,0.7434457697439174,0.25861986690088246,-0.019226518773865615,-0.058857705811347,-0.005416082251330627
45.94208615830064,9.086558127235863,12.095639754070188,-2.7890356957728435,0.7433915686228937,0.25862020137454145,-0.019210280304632968,-0.058853159107324526,-0.0054241190264220545
45.95208615830064,9.08859203364496,12.097248650115102,-2.789624204562115,0.7433372877668206,0.25862053503471966,-0.019194026266539783,-0.05884859601687191,-0.005432030391301557
45.96208615830064,9.090625919852535,12.098857557654553,-2.7902126676387526,0.7432829284239849,0.2586208678495118,-0.01917775693091802,-0.058844016595003254,-0.0054398177607811885
45.97208615830064,9.092659785882212,12.100466476642932,-2.7908010848396807,0.7432284918301681,0.25862119978759834,-0.019161472566081438,-0.05883942089655132,-0.0054474825293935915
45.98208615830064,9.094693631757107,12.102075407034974,-2.791389456002441,0.7431739792000867,0.2586215308187152,-0.019145173435364995,-0.05883480897613379,-0.005455026060948311
45.99208615830064,9.096727457499972,12.10368434878575,-2.791977780965117,0.7431193917352155,0.2586218609132516,-0.019128859798918763,-0.05883018088817735,-0.005462449698516941
46.00208615830064,9.098761263133216,12.105293301850693,-2.7925660595663273,0.7430647306250842,0.25862219004218057,-0.01911253191400492,-0.058825536686922385,-0.0054697547660407875
46.01208615830064,9.100795048678904,12.106902266185582,-2.793154291645219,0.7430099970472763,0.2586225181770585,-0.019096190034997764,-0.05882087642642297,-0.005476942568330864
46.02208615830064,9.102828814158759,12.108511241746548,-2.7937424770414716,0.7429551921674301,0.2586228452900253,-0.01907983441338372,-0.05881620016054687,-0.005484014391067899
46.03208615830064,9.104862559594165,12.110120228490072,-2.7943306155952956,0.7429003171392374,0.25862317135380475,-0.019063465297761314,-0.058811507942975544,-0.0054909715008023266
46.04208615830064,9.106896285006162,12.111729226372987,-2.7949187071474335,0.7428453731044451,0.2586234963417038,-0.0190470829338412,-0.05880679982720413,-0.005497815144954293
46.05208615830064,9.108929990415445,12.113338235352478,-2.7955067515391576,0.7427903611928537,0.25862382022761315,-0.01903068756444614,-0.058802075866541466,-0.005504546551813655
46.06208615830064,9.11096367584237,12.114947255386081,-2.7960947486122736,0.7427352825223184,0.25862414298600706,-0.019014279429511022,-0.058797336114110074,-0.005511166930539979
46.07208615830064,9.11299734130695,12.116556286431685,-2.796682698209117,0.7426801381987485,0.2586244645919434,-0.01899785876608285,-0.05879258062284617,-0.005517677471162543
46.08208615830064,9.115030986828856,12.118165328447525,-2.797270600172555,0.7426249293161077,0.25862478502106334,-0.018981425808320733,-0.058787809445499654,-0.005524079344580334
46.09208615830064,9.117064612427413,12.119774381392192,-2.797858454345986,0.7425696569564137,0.25862510424959195,-0.01896498078749591,-0.05878302263463412,-0.005530373702562049
46.1012372352794,9.118925581425295,12.121246847669727,-2.7983963622157177,0.7425190220832135,0.25862539530628237,-0.018949921446422466,-0.05877862853265984,-0.005536040470753669
46.111237235279404,9.120959081032579,12.122855937260656,-2.798984020862281,0.7424639882056804,0.25862547847549405,-0.018933298051339267,-0.05877346813275926,-0.005541160405246666
46.1212372352794,9.122992645273566,12.124465022137763,-2.7995717313481903,0.742408545269827,0.25862578980753614,-0.01891681376818849,-0.05876862524462944,-0.005547439370055489
46.1312372352794,9.125026189552674,12.126074117817277,-2.8001593932881588,0.7423530391388685,0.2586260961940214,-0.01890031266799259,-0.05876375898695399,-0.005553799419575941
46.1412372352794,9.127059713829272,12.127683224268443,-2.8007470064489945,0.7422974689986768,0.2586263976867419,-0.018883794638921644,-0.05875886943825868,-0.0055602414409716226
46.1512372352794,9.129093218063714,12.129292341459955,-2.801334570598264,0.7422418340258432,0.2586266943373024,-0.018867259567726686,-0.05875395667680334,-0.005566766326385365
46.1612372352794,9.131126702217351,12.130901469359967,-2.801922085504289,0.7421861333876785,0.25862698619711966,-0.018850707339739724,-0.058749020780581834,-0.005573374972939228
46.1712372352794,9.133160166252521,12.132510607936082,-2.802509550936149,0.7421303662422128,0.25862727331742297,-0.018834137838873707,-0.05874406182732209,-0.0055800682827344995
46.1812372352794,9.135193610132557,12.13411975715536,-2.803096966663681,0.7420745317381962,0.2586275557492537,-0.018817550947622556,-0.05873907989448607,-0.005586847162851698
46.1912372352794,9.13722703382178,12.135728916984318,-2.8036843324574794,0.7420186290150976,0.2586278335434658,-0.018800946547061152,-0.05873407505926976,-0.005593712525350571
46.2012372352794,9.139260437285506,12.137338087388923,-2.804271648088895,0.741962657203106,0.25862810675072534,-0.018784324516845325,-0.05872904739860323,-0.0056006652872700935
46.2112372352794,9.141293820490036,12.138947268334594,-2.804858913330036,0.7419066154231294,0.2586283754215108,-0.01876768473521188,-0.05872399698915058,-0.00560770637062847
46.2212372352794,9.14332718340267,12.140556459786211,-2.8054461279537666,0.7418505027867955,0.2586286396061129,-0.018751027078978574,-0.058718923907309935,-0.005614836702423138
46.2312372352794,9.145360525991693,12.142165661708107,-2.8060332917337103,0.7417943183964516,0.25862889935463473,-0.018734351423544116,-0.0587138282292135,-0.005622057214630757
46.2412372352794,9.147393848226384,12.143774874064064,-2.8066204044442458,0.7417380613451642,0.2586291547169917,-0.01871765764288819,-0.05870871003072749,-0.005629368844207222
46.2512372352794,9.149427150077013,12.145384096817324,-2.8072074658605097,0.7416817307167194,0.2586294057429115,-0.01870094560957143,-0.058703569387452186,-0.005636772533087656
46.2612372352794,9.151460431514844,12.146993329930579,-2.8077944757583957,0.7416253255856228,0.25862965248193415,-0.018684215194735433,-0.05869840637472192,-0.005644269228186407
46.2712372352794,9.153493692512123,12.148602573365979,-2.808381433914554,0.7415688450170995,0.258629894983412,-0.018667466268102756,-0.05869322106760506,-0.0056518598813970556
46.2812372352794,9.155526933042099,12.150211827085128,-2.8089683401063925,0.7415122880670941,0.2586301332965097,-0.018650698697976913,-0.058688013540904,-0.005659545449592412
46.291237235279404,9.157560153079004,12.15182109104908,-2.8095551941120758,0.7414556537822706,0.2586303674702041,-0.01863391235124238,-0.058682783869155215,-0.0056673268946245145
46.3012372352794,9.159593352598066,12.153430365218348,-2.8101419957105263,0.7413989412000125,0.2586305975532846,-0.018617107093364598,-0.05867753212662921,-0.00567520518332463
46.3112372352794,9.161626531575504,12.155039649552892,-2.8107287446814215,0.7413421493483768,0.2586308235943538,-0.018600282788383937,-0.058672258387331075,-0.0056831812875522
46.3212372352794,9.163659689988995,12.156648944011282,-2.811315440805006,0.7412852772403251,0.258631045641944,-0.018583439298139097,-0.058666962725064345,-0.005691256189857556
46.3312372352794,9.165692827817024,12.158258248551975,-2.811902083862406,0.7412283238814843,0.2586312637443243,-0.018566576483244168,-0.05866164521332444,-0.005699430874163097
46.3412372352794,9.167725945038802,12.159867563133371,-2.8124886736356207,0.7411712882714261,0.2586314779495016,-0.0185496942033152,-0.058656305925301154,-0.005707706325870238
46.3512372352794,9.169759041634642,12.161476887713114,-2.8130752099073537,0.7411141693992376,0.2586316883053249,-0.01853279231640336,-0.05865094493393657,-0.005716083536943804
46.361237235279404,9.171792117585944,12.163086222248095,-2.8136616924610114,0.7410569662435214,0.2586318948594859,-0.01851587067899494,-0.05864556231192509,-0.005724563505912026
46.3712372352794,9.173825172875205,12.164695566694451,-2.8142481210807033,0.7409996777723953,0.25863209765951845,-0.018498929146011332,-0.0586401581317134,-0.005733147237866546
46.3812372352794,9.175858207486014,12.166304921007566,-2.8148344955512425,0.7409423029434926,0.2586322967527989,-0.018481967570809048,-0.05863473246550052,-0.005741835744462412
46.3912372352794,9.177891221403057,12.167914285142064,-2.815420815658146,0.7408848407039622,0.25863249218654594,-0.018464985805179714,-0.058629285385237755,-0.00575063004391808
46.4012372352794,9.179924214612111,12.169523659051823,-2.8160070811876334,0.7408272899904681,0.25863268400782063,-0.018447983699350076,-0.05862381696262873,-0.005759531161015414
46.4112372352794,9.18195718710005,12.171133042689961,-2.816593291926629,0.7407696497291899,0.25863287226352644,-0.018430961101981985,-0.05861832726912937,-0.005768540127099686
46.4212372352794,9.18399013885484,12.172742436008843,-2.81717944766276,0.7407119188358227,0.2586330570004092,-0.01841391786017241,-0.058612816375947896,-0.005777657980079576
46.431237235279404,9.186023069865543,12.174351838960078,-2.8177655481843558,0.7406540962155765,0.2586332382650571,-0.018396853819453437,-0.05860728435404485,-0.005786885764427172
46.4412372352794,9.18805598012231,12.175961251494526,-2.818351593280451,0.7405961807631775,0.2586334161039007,-0.018379768823792265,-0.05860173127413308,-0.005796224531177971
46.4512372352794,9.190088869616396,12.177570673562286,-2.8189375827407823,0.7405381713628666,0.25863359056321306,-0.018362662715591206,-0.05859615720667773,-0.005805675337930877
46.4612372352794,9.192121738340138,12.179180105112707,-2.819523516355791,0.7404800668884005,0.25863376168910945,-0.01834553533568769,-0.05859056222189626,-0.0058152392488482
46.4712372352794,9.194154586286976,12.180789546094381,-2.8201093939166206,0.7404218662030511,0.25863392952754755,-0.01832838652335425,-0.058584946389758426,-0.0058249173346556615
46.4812372352794,9.196187413451439,12.182398996455149,-2.8206952152151192,0.7403635681596059,0.2586340941243276,-0.018311216116298552,-0.05857930977998629,-0.005834710672642389
46.4912372352794,9.198220219829153,12.184008456142093,-2.8212809800438374,0.7403051716003676,0.25863425552509195,-0.01829402395066336,-0.05857365246205423,-0.005844620346660918
46.501237235279405,9.200253005416839,12.185617925101546,-2.8218666881960304,0.7402466753571545,0.25863441377532553,-0.018276809861026564,-0.058567974505188934,-0.005854647447127193
46.5112372352794,9.202285770212304,12.187227403279085,-2.822452339465655,0.7401880782513003,0.2586345689203556,-0.018259573680401157,-0.058562275978369376,-0.0058647930710205645
46.5212372352794,9.204318514214473,12.188836890619513,-2.8230379336473717,0.740129379093527,0.2586347210053527,-0.01824231524021631,-0.058556556950327424,-0.005875058321957661
46.5312372352794,9.20635123742371,12.190446387066403,-2.8236234705364907,0.7400705766794532,0.25863487007535885,-0.01822503436963599,-0.058550817489565456,-0.005885444312559082
46.541237235279404,9.20838393984136,12.192055892562772,-2.8242089499290604,0.7400116697956923,0.25863501617523305,-0.01820773089646306,-0.058545057664326265,-0.005895952160690605
46.5512372352794,9.210416621469781,12.193665407050949,-2.8247943716218282,0.7399526572194284,0.2586351593496777,-0.01819040464711157,-0.05853927754260649,-0.005906582990625528
46.5612372352794,9.212449282312534,12.195274930472316,-2.8253797354122034,0.7398935377160611,0.2586352996432606,-0.01817305544626058,-0.05853347719216923,-0.005917337934567454
46.571237235279405,9.214481922374384,12.196884462767304,-2.825965041098258,0.7398343100392064,0.25863543710041537,-0.018155683116854192,-0.05852765668054408,-0.005928218132650284
46.5812372352794,9.216514541661306,12.198494003875402,-2.8265502884787246,0.7397749729306953,0.258635571765441,-0.018138287480101514,-0.05852181607502707,-0.005939224732938226
46.5912372352794,9.218547140180473,12.20010355373514,-2.8271354773529995,0.7397155251205749,0.2586357036825023,-0.01812086835547669,-0.05851595544268074,-0.005950358891425786
46.6012372352794,9.220579717940263,12.201713112284102,-2.8277206075211394,0.7396559653271081,0.25863583289562947,-0.018103425560718894,-0.05851007485033409,-0.005961621772037773
46.611237235279404,9.222612274950256,12.203322679458925,-2.828305678783864,0.7395962922567734,0.2586359594487184,-0.018085958911832307,-0.058504174364582585,-0.0059730145466292996
46.6212372352794,9.224644811221244,12.204932255195294,-2.8288906909425555,0.739536504604265,0.2586360833855305,-0.018068468223086148,-0.05849825405178817,-0.005984538394985778
46.6312372352794,9.226677326765214,12.206541839427944,-2.8294756437992565,0.7394766010524932,0.25863620474969284,-0.018050953307014662,-0.05849231397807927,-0.005996194504822925
46.641237235279405,9.228709821595364,12.208151432090663,-2.830060537156674,0.7394165802725837,0.258636323584698,-0.018033413974417108,-0.05848635420935078,-0.006007984071786755
46.6512372352794,9.230742295726092,12.209761033116287,-2.830645370818174,0.7393564409238782,0.25863643993390417,-0.01801585003435778,-0.058480374811264044,-0.006019908299453591
46.6612372352794,9.232774749172998,12.211370642436703,-2.831230144587788,0.7392961816539337,0.25863655384053524,-0.017998261294165995,-0.058474375849246925,-0.006031968399330052
46.670388312258154,9.234634644857621,12.212843615526038,-2.831765222918408,0.7392409316879834,0.25863665597371893,-0.017982143805636,-0.05846886906525547,-0.006043124787781344
46.68038831225815,9.236666968908366,12.214453254704088,-2.8323497778577367,0.7391807942870741,0.2586365305403156,-0.017964352311296634,-0.058462487970448763,-0.006054253498349778
46.69038831225816,9.238699358779883,12.216062888082195,-2.8329343724148472,0.7391201913582357,0.2586366306525936,-0.017946690381382316,-0.05845641861192572,-0.006066312697221672
46.700388312258156,9.240731727941206,12.217672529448341,-2.833518906132286,0.7390594685287325,0.2586367229267866,-0.017929002044974784,-0.05845032005665183,-0.006078234560603549
46.710388312258154,9.242764076357934,12.219282178709976,-2.8341033787186243,0.7389986271560209,0.25863680737675515,-0.01791128762170175,-0.05844419240232341,-0.006090021280404272
46.72038831225816,9.24479640399579,12.220891835775067,-2.834687789883388,0.7389376685775407,0.25863688401683504,-0.01789354742665239,-0.058438035746299404,-0.0061016750234294
46.73038831225816,9.246828710820637,12.222501500552083,-2.835272139337058,0.7388765941107149,0.25863695286183724,-0.01787578177037736,-0.05843185018560142,-0.006113197931381187
46.740388312258155,9.248860996798472,12.224111172950003,-2.83585642679107,0.7388154050529496,0.2586370139270479,-0.01785799095888877,-0.05842563581691368,-0.006124592120858586
46.75038831225815,9.250893261895428,12.225720852878318,-2.836440651957815,0.7387541026816347,0.2586370672282284,-0.01784017529366022,-0.05841939273658307,-0.00613585968335724
46.76038831225816,9.252925506077768,12.22733054024702,-2.8370248145506363,0.7386926882541429,0.25863711278161516,-0.01782233507162677,-0.058413121040619125,-0.006147002685269493
46.770388312258156,9.254957729311895,12.228940234966618,-2.8376089142838357,0.7386311630078305,0.2586371506039199,-0.01780447058518494,-0.05840682082469399,-0.006158023167884382
46.780388312258154,9.256989931564348,12.230549936948124,-2.838192950872667,0.738569528160037,0.2586371807123296,-0.017786582122192744,-0.058400492184142484,-0.006168923147387642
46.79038831225816,9.259022112801796,12.23215964610306,-2.8387769240333403,0.7385077849080851,0.2586372031245062,-0.017768669965969645,-0.058394135213962056,-0.006179704614861699
46.80038831225816,9.261054272991048,12.233769362343454,-2.83936083348302,0.7384459344292812,0.2586372178585871,-0.017750734395296588,-0.05838775000881279,-0.006190369536285682
46.810388312258155,9.263086412099042,12.235379085581847,-2.8399446789398253,0.7383839778809146,0.25863722493318475,-0.01773277568441598,-0.05838133666301743,-0.006200919852535409
46.82038831225815,9.265118530092867,12.236988815731273,-2.8405284601228207,0.7383219164007769,0.2586372243673628,-0.017714794103156305,-0.05837489527056468,-0.006211357480166785
46.83038831225816,9.267150626939799,12.238598552705161,-2.8411121767519383,0.7382597511100789,0.25863721618047886,-0.017696789917649388,-0.05836842592513509,-0.0062216843159519685
46.840388312258156,9.26918270260713,12.240208296417597,-2.8416958285481635,0.738197483102937,0.25863720039264404,-0.017678763387820283,-0.058361928720038786,-0.006231902221092851
46.850388312258154,9.27121475706231,12.24181804678316,-2.842279415233426,0.7381351134544324,0.2586371770243972,-0.017660714769286368,-0.05835540374825172,-0.0062420130330780215
46.86038831225816,9.273246790272983,12.243427803716877,-2.8428629365305627,0.7380726432229399,0.2586371460966031,-0.017642644313912187,-0.0583488511024288,-0.006252018569162937
46.87038831225816,9.275278802206989,12.24503756713421,-2.8434463921633175,0.7380100734501279,0.25863710763045267,-0.01762455226980946,-0.058342270874903936,-0.006261920626369921
46.880388312258155,9.27731079283236,12.246647336951069,-2.84402978185634,0.7379474051609586,0.25863706164746286,-0.017606438881337096,-0.05833566315769001,-0.006271720981488161
46.89038831225815,9.279342762117327,12.248257113083806,-2.844613105335187,0.7378846393636873,0.25863700816947677,-0.01758830438910116,-0.058329028042478866,-0.006281421391073712
46.90038831225816,9.281374710030317,12.249866895449218,-2.8451963623263214,0.7378217770498633,0.25863694721866337,-0.017570149029954917,-0.05832236562064134,-0.0062910235914494924
46.910388312258156,9.283406636539947,12.25147668396454,-2.8457795525571137,0.7377588191943294,0.2586368788175179,-0.017551973036998788,-0.05831567598322723,-0.006300529298705289
46.920388312258154,9.285438541615036,12.253086478547456,-2.84636267575584,0.737695766755222,0.2586368029888616,-0.017533776639580383,-0.05830895922096534,-0.006309940208697751
46.93038831225816,9.287470425224594,12.254696279116086,-2.846945731651683,0.737632620673971,0.2586367197558416,-0.017515560063294484,-0.05830221542426341,-0.006319257997050397
46.94038831225816,9.289502287337827,12.256306085589,-2.8475287199747332,0.7375693818753,0.2586366291419314,-0.01749732352998305,-0.05829544468320817,-0.00632848431915361
46.950388312258156,9.291534127924137,12.257915897885203,-2.8481116404559867,0.7375060512672259,0.25863653117093033,-0.01747906725773522,-0.058288647087565364,-0.006337620810164637
46.960388312258154,9.293565946953125,12.259525715924152,-2.848694492827346,0.7374426297410597,0.25863642586696384,-0.017460791460887307,-0.05828182272677966,-0.006346669085007594
46.97038831225816,9.295597744394609,12.261135539625679,-2.8492772768215797,0.7373791181733468,0.25863631325439856,-0.01744249635049171,-0.058274971689988964,-0.006355630741423523
46.98038831225816,9.297629520218633,12.262745368910005,-2.849859992172314,0.7373155174246648,0.25863619335786314,-0.01742418213405226,-0.05826809406602639,-0.006364507358392075
46.990388312258155,9.29966127439532,12.26435520369796,-2.850442638614194,0.7372518283325119,0.25863606620255836,-0.017405849013802342,-0.05826118994336593,-0.006373300484883093
47.00038831225816,9.301693006895032,12.265965043910759,-2.8510252158827325,0.7371880517199931,0.25863593181391015,-0.017387497188774605,-0.058254259410173787,-0.006382011653143196
47.01038831225816,9.30372471768838,12.267574889469994,-2.8516077237143023,0.7371241883962563,0.25863579021755123,-0.01736912685490537,-0.058247302554311244,-0.00639064237937011
47.020388312258156,9.305756406746216,12.269184740297634,-2.852190161846134,0.7370602391564919,0.2586356414393214,-0.017350738205034633,-0.05824031946333466,-0.006399194163712667
47.030388312258154,9.307788074039637,12.270794596316023,-2.852772530016319,0.7369962047819333,0.25863548550526716,-0.017332331428906056,-0.05823331022449548,-0.006407668490270806
47.04038831225816,9.309819719539988,12.27240445744788,-2.853354827963808,0.7369320860398565,0.25863532244164206,-0.01731390671316699,-0.058226274924740216,-0.006416066827095572
47.05038831225816,9.311851343218851,12.274014323616301,-2.85393705542841,0.73686788368358,0.2586351522749066,-0.01729546424136845,-0.05821921365071045,-0.006424390626189121
47.060388312258155,9.313882945048062,12.275624194744758,-2.8545192121507945,0.7368035984524655,0.258634975031728,-0.017277004193965127,-0.058212126488742855,-0.00643264132350471
47.07038831225816,9.315914524999698,12.277234070757093,-2.8551012978724897,0.7367392310719169,0.25863479073898066,-0.017258526748315392,-0.058205013524869155,-0.006440820338946707
47.08038831225816,9.317946083046076,12.278843951577533,-2.855683312335883,0.7366747822533811,0.2586345994237457,-0.017240032078681283,-0.05819787484481618,-0.006448929076370587
47.090388312258156,9.319977619159765,12.280453837130676,-2.856265255284222,0.7366102526943479,0.2586344011133112,-0.017221520356228513,-0.05819071053400581,-0.006456968923582928
47.100388312258154,9.322009133313575,12.282063727341493,-2.8568471264616124,0.7365456430783494,0.2586341958351722,-0.017202991749026474,-0.058183520677555015,-0.006464941252341419
47.11038831225816,9.324040625480562,12.283673622135336,-2.8574289256130205,0.7364809540749606,0.2586339836170306,-0.01718444642204823,-0.058176305360275835,-0.0064728474183548546
47.12038831225816,9.326072095634023,12.285283521437924,-2.8580106524842672,0.7364161863398163,0.2586337644867922,-0.017165884537177656,-0.05816906466667681,-0.006480688761362933
47.130388312258155,9.328103543747506,12.286893425175297,-2.858592306821991,0.7363513405139351,0.2586335384725559,-0.01714730625308941,-0.058161798680976144,-0.006488466604772419
47.14038831225816,9.330134969794777,12.288503333273924,-2.859173888373723,0.7362864172232589,0.2586333056026652,-0.017128711725085743,-0.05815450748707553,-0.006496182253982937
47.15038831225816,9.332166373749878,12.290113245660622,-2.8597553968878335,0.7362214170813087,0.2586330659056114,-0.0171101011057344,-0.05814719116857869,-0.006503837000630311
47.160388312258156,9.334197755587132,12.291723162262517,-2.8603368321135116,0.7361563406895358,0.25863281941001304,-0.017091474544962813,-0.0581398498087981,-0.006511432123319674
47.170388312258154,9.336229115281139,12.293333083007061,-2.8609181938007673,0.7360911886373211,0.2586325661446158,-0.0170728321900581,-0.05813248349075502,-0.006518968887625467
47.18038831225816,9.338260452806777,12.294943007822017,-2.8614994817004287,0.7360259615019757,0.2586323061382927,-0.017054174185667046,-0.05812509229717945,-0.00652644854609144
47.19038831225816,9.340291768139204,12.296552936635463,-2.8620806955641434,0.7359606598487406,0.25863203942004376,-0.017035500673796125,-0.058117676310510166,-0.006533872338230651
47.200388312258156,9.342323061253861,12.298162869375798,-2.8626618351443787,0.7358952842307865,0.25863176601899646,-0.017016811793811485,-0.05811023561289468,-0.006541241490525467
47.21038831225816,9.344354332126462,12.299772805971735,-2.8632429001944213,0.7358298351892146,0.2586314859644055,-0.016998107682438958,-0.05810277028618929,-0.006548557216427564
47.22038831225816,9.346385580733006,12.301382746352303,-2.8638238904683773,0.7357643132530555,0.2586311992856526,-0.016979388473764054,-0.058095280411959035,-0.0065558207163579265
47.23038831225816,9.348416807049768,12.302992690446851,-2.8644048057211724,0.7356987189392699,0.2586309060122469,-0.016960654299231964,-0.05808776607147773,-0.006563033177706848
47.23953938923691,9.350275578336644,12.304465965875453,-2.864936339794417,0.7356386300859311,0.25863063188206514,-0.016943497507570033,-0.05808086827070124,-0.006569589633456592
47.24953938923691,9.35230667059976,12.30607593002307,-2.865517007084787,0.735573256133491,0.2586300898936148,-0.01692457889031121,-0.0580729611542892,-0.0065756777817489375
47.25953938923691,9.354337828363741,12.307685884832008,-2.866097698713575,0.7355074634304567,0.25862976424549444,-0.016905795777549592,-0.058065358599546625,-0.0065828682948604385
47.26953938923691,9.3563689635385,12.30929584304385,-2.866678314134444,0.7354415987060142,0.2586294224239128,-0.016886992388020168,-0.05805771960787267,-0.006590082740816896
47.27953938923691,9.358400075993899,12.310905804564527,-2.867258852983735,0.7353756617122924,0.2586290645429415,-0.016868168723817658,-0.058050044300487304,-0.00659732244455178
47.289539389236914,9.360431165601065,12.31251576930017,-2.867839314898965,0.7353096521886404,0.25862869071613753,-0.016849324784667993,-0.05804233279819102,-0.0066045887273246335
47.29953938923691,9.362462232232406,12.314125737157116,-2.8684196995188307,0.7352435698616282,0.25862830105654344,-0.016830460567928304,-0.058034585221364884,-0.006611882906721077
47.30953938923691,9.364493275761602,12.315735708041908,-2.869000006483204,0.7351774144450457,0.25862789567668726,-0.016811576068586933,-0.05802680168997051,-0.006619206296652806
47.31953938923691,9.36652429606361,12.317345681861289,-2.869580235433136,0.7351111856399039,0.25862747468858244,-0.016792671279263423,-0.05801898232355003,-0.006626560207357595
47.32953938923691,9.368555293014657,12.318955658522208,-2.8701603860108547,0.7350448831344336,0.2586270382037279,-0.016773746190208525,-0.05801112724122618,-0.006633945945399288
47.33953938923691,9.370586266492248,12.320565637931816,-2.8707404578597644,0.7349785066040868,0.25862658633310814,-0.0167548007893042,-0.0580032365617022,-0.006641364813667811
47.34953938923691,9.372617216375163,12.322175619997472,-2.871320450624449,0.7349120557115355,0.2586261191871931,-0.016735835062063602,-0.057995310403261904,-0.006648818111379162
47.359539389236915,9.374648142543455,12.323785604626734,-2.8719003639506684,0.7348455301066723,0.2586256368759381,-0.016716848991631103,-0.05798734888376965,-0.006656307134075416
47.36953938923691,9.376679044878452,12.325395591727364,-2.87248019748536,0.7347789294266104,0.2586251395087841,-0.01669784255878227,-0.05797935212067035,-0.006663833173624724
47.37953938923691,9.378709923262756,12.327005581207333,-2.873059950876639,0.7347122532956832,0.2586246271946574,-0.01667881574192389,-0.05797132023098944,-0.006671397518221312
47.38953938923691,9.380740777580245,12.328615572974812,-2.873639623773798,0.734645501325445,0.2586241000419699,-0.01665976851709394,-0.05796325333133296,-0.006679001452385483
47.399539389236914,9.382771607716071,12.330225566938173,-2.8742192158273068,0.7345786731146703,0.25862355815861887,-0.01664070085796161,-0.05795515153788745,-0.0066866462569636145
47.40953938923691,9.384802413556658,12.331835563005999,-2.8747987266888138,0.7345117682493539,0.25862300165198715,-0.016621612735827296,-0.057947014966420025,-0.00669433320912816
47.41953938923691,9.386833194989741,12.333445561086885,-2.8753781560110823,0.7344447863025697,0.25862243062897233,-0.016602504119675107,-0.057938843732298725,-0.006702063584303578
47.429539389236915,9.388863951904414,12.335055561089234,-2.8759575034479288,0.7343777268330643,0.25862184519602344,-0.016583374975971468,-0.05793063795051479,-0.006709838657208523
47.43953938923691,9.390894684190966,12.336665562922319,-2.87653676865457,0.7343105893861123,0.25862124545896575,-0.016564225268366973,-0.05792239773556422,-0.006717659690700771
47.44953938923691,9.392925391740976,12.33827556649549,-2.8771159512873545,0.7342433734945909,0.258620631523122,-0.01654505495828375,-0.05791412320153868,-0.006725527945798075
47.45953938923691,9.394956074447318,12.339885571718089,-2.8776950510037387,0.7341760786789956,0.2586200034933242,-0.016525864004954028,-0.0579058144621343,-0.0067334446825786645
47.469539389236914,9.396986732204173,12.341495578499458,-2.8782740674622858,0.7341087044474393,0.25861936147391423,-0.016506652365420104,-0.05789747163065175,-0.006741411160181243
47.47953938923691,9.399017364907015,12.343105586748928,-2.878853000322664,0.7340412502956526,0.25861870556874345,-0.016487419994534375,-0.057889094819996156,-0.00674942863680499
47.48953938923691,9.401047972452629,12.34471559637583,-2.87943184924565,0.7339737157069839,0.25861803588117266,-0.016468166844959307,-0.05788068414267716,-0.006757498369709555
47.499539389236915,9.403078554739091,12.346325607289486,-2.880010613893127,0.7339061001523993,0.2586173525140725,-0.01644889286716746,-0.057872239710808904,-0.006765621615215066
47.50953938923691,9.40510911166578,12.347935619399216,-2.880589293928083,0.7338384030904825,0.258616655569823,-0.01642959800944147,-0.05786376163611001,-0.006773799628702123
47.51953938923691,9.40713964313338,12.349545632614333,-2.881167889014615,0.733770623967435,0.25861594515031383,-0.016410282217874064,-0.05785525002990361,-0.006782033664611801
47.52953938923691,9.409170149043872,12.351155646844147,-2.881746398817925,0.733702762217076,0.2586152213569443,-0.016390945436368046,-0.057846705003117324,-0.006790324976445651
47.539539389236914,9.411200629300538,12.352765661997958,-2.882324823004323,0.7336348172608422,0.25861448429062317,-0.01637158760663631,-0.05783812666628327,-0.006798674816765696
47.54953938923691,9.41323108380796,12.35437567798507,-2.882903161241224,0.7335667885077883,0.25861373405176896,-0.01635220866820183,-0.057829515129538066,-0.006807084437194434
47.55953938923691,9.41526151247202,12.355985694714773,-2.883481413197152,0.7334986753545865,0.25861297074030964,-0.016332808558397662,-0.05782087050262282,-0.006815555088414837
47.569539389236915,9.417291915199904,12.357595712096357,-2.8840595785417347,0.7334304771855268,0.25861219445568273,-0.016313387212366953,-0.057812192894883145,-0.006824088020170354
47.57953938923691,9.419322291900096,12.359205730039106,-2.884637656945709,0.7333621933725167,0.2586114052968355,-0.016293944563062927,-0.057803482415269135,-0.006832684481264903
47.58953938923691,9.42135264248239,12.36081574845226,-2.8852156480809072,0.733293823275029,0.2586106033622303,-0.01627448054125326,-0.05779473917233889,-0.006841345719901093
47.59953938923691,9.423382966858046,12.36242576724438,-2.885793551620065,0.7332253662384765,0.2586097887499504,-0.01625499507547635,-0.05778596327432431,-0.0068500729896247125
47.609539389236915,9.42541326493953,12.36403578632462,-2.8863713672372175,0.7331568215954266,0.258608961557481,-0.016235488091704192,-0.05777715482899602,-0.006858867535600758
47.61953938923691,9.427443536640572,12.36564580560231,-2.8869490946075587,0.7330881886663876,0.25860812188178256,-0.01621595951370866,-0.057768313943711624,-0.006867730600385072
47.62953938923691,9.429473781876244,12.367255824986552,-2.8875267334073196,0.733019466759441,0.258607269819356,-0.016196409263163573,-0.05775944072545657,-0.006876663428072747
47.639539389236916,9.431504000562962,12.368865844386221,-2.888104283313771,0.7329506551702419,0.2586064054662426,-0.0161768372596447,-0.05775053528084416,-0.006885667264298125
47.649539389236914,9.433534192618483,12.370475863709972,-2.88868174400522,0.7328817531820193,0.2586055289180239,-0.016157243420629762,-0.057741597716115554,-0.006894743356234796
47.65953938923691,9.435564357961914,12.372085882866228,-2.8892591151610127,0.7328127600655757,0.2586046402698221,-0.016137627661498406,-0.05773262813713974,-0.0069038929525956
47.66953938923691,9.437594496513697,12.373695901763194,-2.8898363964615337,0.732743675079287,0.25860373961629957,-0.016117989895532252,-0.05772362664941357,-0.006913117303632625
47.679539389236915,9.439624608195624,12.375305920308843,-2.8904135875882053,0.7326744974691028,0.2586028270516591,-0.016098330033914844,-0.057714593358061755,-0.00692241766113721
47.68953938923691,9.441654692930825,12.376915938410932,-2.8909906882234875,0.7326052264685466,0.258601902669644,-0.01607864798573169,-0.057705528367836836,-0.006931795278439942
47.69953938923691,9.443684750643778,12.378525955976983,-2.891567698050879,0.7325358612987151,0.25860096656353787,-0.016058943657970233,-0.05769643178311921,-0.0069412514104106576
47.709539389236916,9.4457147812603,12.3801359729143,-2.892144616754917,0.7324664011682788,0.2586000188261646,-0.016039216955519867,-0.057687303707917116,-0.006950787313458441
47.719539389236914,9.447744784707556,12.381745989129957,-2.892721444021176,0.7323968452734817,0.25859905954988877,-0.01601946778117193,-0.05767814424586667,-0.0069604042455316305
47.72953938923691,9.449774760914051,12.383356004530809,-2.893298179536269,0.7323271927981415,0.25859808882661506,-0.01599969603561971,-0.0576689535002318,-0.006970103466117806
47.73953938923691,9.451804709809636,12.384966019023478,-2.8938748229878475,0.7322574429136496,0.2585971067477887,-0.015979901617458436,-0.05765973157390432,-0.0069798862362438025
47.749539389236915,9.4538346313255,12.38657603251437,-2.8944513740646003,0.7321875947789708,0.2585961134043952,-0.015960084423185295,-0.057650478569403855,-0.006989753818475703
47.75953938923691,9.455864525394183,12.388186044909656,-2.8950278324562553,0.7321176475406436,0.2585951088869606,-0.015940244347199404,-0.05764119458887792,-0.006999707476918837
47.76953938923691,9.457894391949562,12.38979605611529,-2.895604197853577,0.73204760033276,0.2585940932855511,-0.015920381281797673,-0.05763187973410178,-0.007009748477200635
47.779539389236916,9.459924230926966,12.391406066036946,-2.8961804699483813,0.731977452274313,0.25859306668976356,-0.015900495116647182,-0.05762253410647571,-0.007019878084697494
47.789539389236914,9.46195404226311,12.393016074579892,-2.8967566484334664,0.7319072024714764,0.25859202918875906,-0.015880585739319657,-0.05761315780704564,-0.007030097568076866
47.79953938923691,9.46398382589605,12.39462608164903,-2.897332733002619,0.7318368500191268,0.25859098087126714,-0.01586065303558709,-0.05760375093650305,-0.007040408200138298
47.80869046621567,9.465841272196629,12.396099410138923,-2.8978598298713476,0.7317723792189466,0.2585900121449339,-0.015842391925834382,-0.057595115933899155,-0.007049924495281968
47.81869046621567,9.46787090967652,12.397709426026374,-2.898435630095314,0.7317021834066426,0.258588704435729,-0.015822260933113393,-0.05758530305481262,-0.007059267019525479
47.828690466215676,9.46990060876879,12.399319428453422,-2.899011435577402,0.7316315390226369,0.2585876035823125,-0.015802263676852755,-0.057575785847522626,-0.0070695993626015185
47.838690466215674,9.471930279721628,12.400929428829137,-2.899587145660195,0.7315607917228196,0.2585864770720443,-0.015782244149947063,-0.05756622323082971,-0.007079851106482981
47.84869046621567,9.473959922371545,12.402539426951797,-2.9001627598904407,0.7314899422998351,0.2585853250605885,-0.015762202554099335,-0.057556615354738855,-0.007090024060919362
47.85869046621567,9.47598953655626,12.404149422620822,-2.9007382778163504,0.7314189915297153,0.258584147702966,-0.015742139087416108,-0.057546962368728825,-0.00710012001790519
47.868690466215675,9.478019122114704,12.405759415636767,-2.901313698987598,0.7313479401718797,0.2585829451535541,-0.01572205394440746,-0.05753726442175217,-0.007110140751680027
47.87869046621567,9.480048678887027,12.407369405801333,-2.9018890229553196,0.7312767889691352,0.25858171756608705,-0.015701947315986998,-0.05752752166223524,-0.0071200880187284685
47.88869046621567,9.48207820671459,12.408979392917356,-2.9024642492721155,0.7312055386476761,0.2585804650936554,-0.01568181938947186,-0.05751773423807814,-0.007129963557780144
47.898690466215676,9.484107705439966,12.410589376788817,-2.9030393774920475,0.7311341899170845,0.2585791878887067,-0.015661670348582717,-0.05750790229665479,-0.007139769089809712
47.908690466215674,9.486137174906947,12.412199357220832,-2.903614407170641,0.7310627434703298,0.25857788610304505,-0.015641500373443768,-0.05749802598481288,-0.007149506318036872
47.91869046621567,9.488166614960532,12.413809334019664,-2.904189337864884,0.7309911999837689,0.25857655988783107,-0.015621309640582755,-0.057488105448873894,-0.007159176927926349
47.92869046621567,9.490196025446938,12.415419306992712,-2.9047641691332284,0.7309195601171463,0.2585752093935823,-0.01560109832293094,-0.057478140834633096,-0.007168782587187905
47.938690466215675,9.492225406213594,12.417029275948513,-2.905338900535587,0.7308478245135941,0.2585738347701727,-0.01558086658982312,-0.057468132287359544,-0.0071783249457763355
47.94869046621567,9.494254757109145,12.418639240696752,-2.9059135316333373,0.7307759937996314,0.258572436166833,-0.015560614606997628,-0.05745807995179607,-0.007187805635891468
47.95869046621567,9.496284077983445,12.420249201048245,-2.906488061989318,0.7307040685851655,0.2585710137321507,-0.015540342536596325,-0.0574479839721593,-0.007197226271978163
47.968690466215676,9.49831336868755,12.421859156814877,-2.907062491167797,0.7306320494642414,0.25856956761407324,-0.015520050537354375,-0.05743784449215157,-0.0072065884521593385
47.978690466215674,9.500342629073659,12.423469107809382,-2.907636818734362,0.7305599370159764,0.258568097959926,-0.015499738764875245,-0.05742766165499642,-0.007215893760793021
47.98869046621567,9.502371858995282,12.425079053846078,-2.9082110442562596,0.7304877317970908,0.2585666049163752,-0.015479407369753404,-0.057417435603325365,-0.007225143754402619
47.99869046621567,9.504401058307131,12.42668899474034,-2.9087851673021605,0.7304154343490687,0.25856508862943006,-0.015459056499318552,-0.05740716647925637,-0.007234339974009362
48.008690466215675,9.506430226865097,12.428298930308507,-2.909359187442119,0.7303430451992042,0.25856354924444636,-0.015438686297895259,-0.05739685442440796,-0.007243483947032382
48.01869046621567,9.50845936452625,12.429908860367876,-2.9099331042475733,0.7302705648606008,0.2585619869061261,-0.015418296906802947,-0.057386499579899185,-0.007252577187288717
48.02869046621567,9.510488471148841,12.431518784736705,-2.910506917291345,0.7301979938321721,0.2585604017585174,-0.015397888464355903,-0.05737610208634964,-0.007261621194993309
48.03869046621568,9.512517546592303,12.433128703234214,-2.911080626147638,0.7301253325986412,0.2585587939450149,-0.015377461105863266,-0.05736566208387947,-0.007270617456759006
48.048690466215675,9.514546590717245,12.434738615680583,-2.911654230392041,0.7300525816305413,0.2585571636083594,-0.01535701496362904,-0.057355179712109336,-0.007279567445596558
48.05869046621567,9.516575603385458,12.436348521896956,-2.9122277296015247,0.7299797413842151,0.2585555108906379,-0.015336550166952083,-0.05734465511016046,-0.0072884726209146225
48.06869046621567,9.518604584459917,12.437958421705437,-2.912801123354445,0.729906812301815,0.25855383593328374,-0.015316066842126119,-0.05733408841665459,-0.007297334428519762
48.078690466215676,9.520633533804771,12.439568314929087,-2.9133744112305395,0.7298337948113036,0.2585521388770765,-0.015295565112439721,-0.05732347976971402,-0.007306154300616442
48.088690466215674,9.52266245128535,12.441178201391931,-2.91394759281093,0.7297606893264529,0.2585504198621422,-0.015275045098176331,-0.05731282930696158,-0.007314933655807034
48.09869046621567,9.52469133676817,12.442788080918959,-2.9145206676781212,0.7296874962468448,0.25854867902795287,-0.015254506916614244,-0.057302137165520635,-0.0073236738990918124
48.10869046621568,9.526720190120919,12.444397953336116,-2.9150936354160017,0.7296142159578709,0.258546916513327,-0.015233950682026617,-0.0572914034820151,-0.007332376421868959
48.118690466215675,9.528749011212472,12.446007818470312,-2.915666495609844,0.7295408488307328,0.2585451324564293,-0.015213376505681461,-0.05728062839256942,-0.0073410426019345585
48.12869046621567,9.530777799912816,12.447617676149084,-2.916239247846154,0.7294673952250018,0.2585433269948072,-0.01519278449651184,-0.057269812032859135,-0.007349673808993411
48.13869046621567,9.532806556093156,12.449227526201092,-2.9168118917128805,0.7293938554830944,0.2585415002653433,-0.015172174759747673,-0.05725895453804004,-0.007358271394471387
48.148690466215676,9.534835279625934,12.450837368456236,-2.91738442679948,0.7293202299305537,0.25853965240422866,-0.015151547396934438,-0.057248056042726446,-0.00736683669088947
48.158690466215674,9.536863970384742,12.452447202745203,-2.9179568526967152,0.7292465188806332,0.25853778354700724,-0.015130902507088026,-0.057237116681059616,-0.007375371020738399
48.16869046621567,9.538892628244321,12.454057028899467,-2.918529168996653,0.7291727226342979,0.25853589382857584,-0.015110240186694747,-0.057226136586707756,-0.007383875696478747
48.17869046621568,9.540921253080556,12.45566684675128,-2.9191013752926676,0.729098841480223,0.2585339833831842,-0.01508956052971133,-0.05721511589286601,-0.007392352020540914
48.188690466215675,9.542949844770485,12.457276656133686,-2.9196734711794368,0.7290248756947947,0.2585320523444348,-0.01506886362756493,-0.057204054732256475,-0.007400801285325133
48.19869046621567,9.544978403192292,12.458886456880512,-2.920245456252945,0.72895082554211,0.2585301008452833,-0.015048149569153119,-0.05719295323712817,-0.007409224773201463
48.20869046621567,9.54700692822531,12.460496248826367,-2.9208173301104834,0.7288766912739768,0.25852812901803796,-0.015027418440843893,-0.05718181153925708,-0.007417623756509796
48.218690466215676,9.54903541975002,12.462106031806645,-2.9213890923506467,0.7288024731299136,0.25852613699436006,-0.015006670326475664,-0.05717062976994612,-0.007425999497559851
48.228690466215674,9.55106387764805,12.463715805657525,-2.921960742573337,0.7287281713371497,0.25852412490526383,-0.014985905307357272,-0.05715940806002515,-0.00743435324863118
48.23869046621567,9.553092301802177,12.465325570215976,-2.92253228037976,0.7286537861106254,0.2585220928811163,-0.01496512346226797,-0.057148146539850966,-0.007442686251973164
48.24869046621568,9.555120692096331,12.466935325319746,-2.9231037053724296,0.7285793176529916,0.2585200410516374,-0.01494432486745744,-0.05713684533930731,-0.007450999739805012
48.258690466215675,9.557149048415582,12.468545070807366,-2.923675017155163,0.7285047661546099,0.2585179695458999,-0.014923509596645778,-0.057125504587804875,-0.007459294934315764
48.26869046621567,9.559177370646152,12.470154806518158,-2.9242462153330844,0.7284301317935529,0.2585158784923296,-0.014902677721023504,-0.057114124414281285,-0.00746757304766429
48.27869046621567,9.561205658675414,12.471764532292225,-2.9248172995126227,0.728355414735604,0.258513768018705,-0.01488182930925156,-0.05710270494720111,-0.00747583528197929
48.28869046621568,9.563233912391892,12.47337424797044,-2.925388269301504,0.72828061513342,0.25851163825216533,-0.014860964427285529,-0.05709124631455931,-0.00748408282854464
48.298690466215675,9.565262131685271,12.474983953394425,-2.925959124308731,0.7282057331252406,0.2585094893192162,-0.014840083138106875,-0.05707974864388771,-0.007492316866574154
48.30869046621567,9.567290316446368,12.47659364840653,-2.9265298641445945,0.7281307688393225,0.25850732134570376,-0.014819185502686225,-0.05706821206225098,-0.007500538568273283
48.31869046621568,9.56931846656712,12.478203332849764,-2.927100488420636,0.728055722392749,0.2585051344568397,-0.0147982715797514,-0.05705663669625931,-0.007508749098121353
48.328690466215676,9.571346581940599,12.479813006567793,-2.9276709967496477,0.7279805938913009,0.2585029287772028,-0.01477734142576058,-0.05704502267206904,-0.007516949612753904
48.338690466215674,9.573374662461005,12.481422669404939,-2.9282413887456697,0.7279053834294559,0.25850070443073886,-0.014756395094902309,-0.057033370115382696,-0.00752514126096268
48.34869046621567,9.575402708023663,12.483032321206181,-2.928811664023992,0.7278300910903894,0.25849846154076056,-0.014735432639095483,-0.05702167915144899,-0.00753332518369564
48.35869046621568,9.577430718525033,12.484641961817156,-2.9293818222011545,0.7277547169459737,0.2584962002299478,-0.01471445410798936,-0.05700994990506279,-0.007541502514056949
48.368690466215675,9.579458693862698,12.486251591084152,-2.929951862894946,0.7276792610567786,0.25849392062034743,-0.01469345954896356,-0.056998182500565146,-0.0075496743773069835
48.37784154319443,9.581314478806313,12.487724565146445,-2.930473408250984,0.7276101392037989,0.2584918186008603,-0.014674233260132896,-0.05698738072700601,-0.007557148673222528
48.387841543194426,9.58334229223696,12.489334183362194,-2.931043119220436,0.7275348847524097,0.25848926097801966,-0.014653053217117875,-0.05697519090147558,-0.0075642696482934695
48.39784154319443,9.585370160934295,12.490943778859805,-2.9316128116502633,0.7274592008775339,0.25848689180830703,-0.014632009906945792,-0.056963285769618274,-0.007572513887942622
48.40784154319443,9.587397993665864,12.492553362136313,-2.932182384745999,0.7273834343444266,0.25848447950008374,-0.01461094749217703,-0.056951324145568194,-0.0075808019292883996
48.41784154319443,9.589425790126905,12.494162932895948,-2.9327518379438215,0.7273075847072672,0.2584820243588612,-0.014589865934409463,-0.05693930621423884,-0.007589135017942433
48.427841543194425,9.591453550015279,12.495772490844278,-2.933321170681702,0.7272316515081193,0.2584795266882873,-0.014568765193095981,-0.056927232159890304,-0.007597514397384237
48.43784154319443,9.593481273031486,12.497382035688211,-2.933890382399404,0.7271556342769309,0.25847698679014613,-0.014547645225544473,-0.05691510216612928,-0.007605941308961214
48.44784154319443,9.59550895887865,12.498991567135997,-2.9344594725384843,0.7270795325315346,0.25847440496435814,-0.014526505986917836,-0.05690291641590906,-0.0076144169918886525
48.45784154319443,9.597536607262526,12.500601084897216,-2.9350284405422933,0.7270033457776472,0.2584717815089801,-0.014505347430233973,-0.056890675091529556,-0.007622942683249729
48.46784154319443,9.599564217891505,12.502210588682793,-2.9355972858559736,0.7269270735088702,0.25846911672020517,-0.014484169506365793,-0.056878378374637245,-0.0076315196179955035
48.47784154319443,9.601591790476602,12.503820078204992,-2.936166007926461,0.7268507152066893,0.2584664108923627,-0.014462972164041207,-0.056866026446225224,-0.007640149028944924
48.48784154319443,9.603619324731469,12.505429553177414,-2.9367346062024837,0.7267742703404747,0.2584636643179185,-0.014441755349843138,-0.05685361948663319,-0.007648832146784826
48.497841543194426,9.605646820372382,12.507039013314996,-2.9373030801345634,0.726697738367481,0.2584608772874746,-0.014420519008209507,-0.056841157675547434,-0.007657570200069929
48.50784154319443,9.607674277118251,12.508648458334019,-2.9378714291750154,0.7266211187328472,0.25845805008976935,-0.014399263081433246,-0.05682864119200084,-0.0076663644152228415
48.51784154319443,9.609701694690617,12.510257887952097,-2.9384396527779466,0.7265444108695968,0.2584551830116775,-0.014377987509662293,-0.056816070214372905,-0.007675216016534057
48.52784154319443,9.611729072813652,12.511867301888186,-2.939007750399257,0.7264676141986376,0.25845227633821016,-0.014356692230899588,-0.05680344492038972,-0.007684126226161953
48.53784154319443,9.613756411214156,12.513476699862581,-2.939575721496641,0.726390728128762,0.2584493303525146,-0.014335377181003079,-0.056790765487123966,-0.0076930962641328
48.54784154319443,9.615783709621562,12.515086081596914,-2.9401435655295844,0.7263137520566468,0.2584463453358745,-0.014314042293685717,-0.05677803209099493,-0.007702127348340748
48.55784154319443,9.617810967767932,12.516695446814154,-2.9407112819593664,0.7262366853668523,0.2584433215677104,-0.014292687500515553,-0.05676524490776861,-0.007711220694553106
48.567841543194426,9.619838185387739,12.518304795237729,-2.941278870248784,0.7261595274306553,0.25844025932600545,-0.014271312730909464,-0.056752404112649354,-0.007720377521477276
48.57784154319443,9.621865362218312,12.519914126592848,-2.9418463298625586,0.7260822776058764,0.2584371588866046,-0.01424991791175031,-0.05673950988014441,-0.007729599041631403
48.58784154319443,9.623892497999815,12.52152344060672,-2.9424136602674027,0.7260049352386992,0.2584340205231497,-0.014228502967699907,-0.05672656238403971,-0.007738886461285383
48.59784154319443,9.625919592474913,12.523132737007522,-2.9429808609317103,0.7259274996633377,0.2584308445076076,-0.01420706782140194,-0.05671356179750602,-0.007748240987192647
48.60784154319443,9.62794664538877,12.524742015524396,-2.9435479313255537,0.7258499702020362,0.2584276311102708,-0.014185612393481959,-0.05670050829309891,-0.007757663826590164
48.61784154319443,9.62997365648906,12.526351275887446,-2.944114870920684,0.72577234616507,0.2584243805997568,-0.014164136602547383,-0.056687402042758774,-0.0077671561871984415
48.62784154319443,9.632000625525956,12.527960517827747,-2.9446816791905315,0.7256946268507445,0.25842109324300866,-0.014142640365187491,-0.056674243217810824,-0.007776719277221525
48.637841543194426,9.634027552252137,12.529569741077335,-2.945248355610205,0.7256168115453955,0.2584177693052945,-0.014121123595973433,-0.05666103198896509,-0.007786354305346997
48.64784154319443,9.636054436422786,12.531178945369211,-2.945814899656494,0.7255388995233898,0.2584144090502079,-0.014099586207458228,-0.056647768526316415,-0.007796062480745979
48.65784154319443,9.638081277795587,12.532788130437348,-2.9463813108078654,0.7254608900471243,0.2584110127396676,-0.014078028110176753,-0.05663445299934446,-0.007805845013073129
48.66784154319443,9.64010807613073,12.534397296016675,-2.946947588544465,0.7253827823670267,0.2584075806339178,-0.014056449212645759,-0.05662108557691372,-0.007815703112466642
48.67784154319443,9.642134831190909,12.536006441843094,-2.947513732348119,0.7253045757215548,0.2584041129915278,-0.014034849421363857,-0.05660766642727347,-0.007825637989548256
48.68784154319443,9.644161542741315,12.537615567653468,-2.948079741702331,0.7252262693371976,0.2584006100693924,-0.014013228640811528,-0.056594195718057835,-0.007835650855423239
48.69784154319443,9.646188210549655,12.539224673185629,-2.9486456160922847,0.7251478624284737,0.2583970721227315,-0.01399158677345112,-0.05658067361628576,-0.007845742921680403
48.70784154319443,9.648214834386126,12.54083375817837,-2.949211355004843,0.7250693541979331,0.2583934994050904,-0.013969923719726841,-0.05656710028836097,-0.007855915400392094
48.71784154319443,9.650241414023439,12.542442822371457,-2.949776957928547,0.7249907438361556,0.2583898921683397,-0.013948239378064775,-0.05655347590007205,-0.007866169504114201
48.72784154319443,9.652267949236803,12.544051865505612,-2.950342424353617,0.7249120305217521,0.25838625066267523,-0.013926533644872863,-0.05653980061659238,-0.007876506445886144
48.73784154319443,9.654294439803934,12.545660887322523,-2.950907753771952,0.7248332134213575,0.25838257513662,-0.013904806414540758,-0.05652607460248054,-0.007886927439253288
48.74784154319443,9.656320885504865,12.547269887563816,-2.9514729456768234,0.7247542916875491,0.2583788658374918,-0.01388305757930674,-0.0565122980217837,-0.007897433704045366
48.75784154319443,9.65834728612237,12.548878865972673,-2.952037999563353,0.7246752644603875,0.25837512301059684,-0.013861287029119413,-0.0564984710378757,-0.007908026456011184
48.76784154319443,9.660373641441879,12.550487822293933,-2.9526029149285473,0.7245961308689854,0.25837134689922914,-0.013839494651921894,-0.05648459381344595,-0.007918706907183127
48.77784154319443,9.662399951251233,12.552096756273036,-2.95316769127098,0.7245168900301895,0.2583675377451852,-0.01381768033368086,-0.05647066651060596,-0.007929476272443933
48.78784154319443,9.66442621534068,12.553705667656013,-2.953732328090795,0.7244375410485804,0.25836369578876445,-0.013795843958386542,-0.05645668929088928,-0.00794033576952669
48.79784154319443,9.666452433502883,12.555314556189494,-2.954296824889705,0.7243580830164725,0.25835982126876866,-0.013773985408052733,-0.05644266231525149,-0.00795128661901484
48.80784154319443,9.668478605532913,12.556923421620702,-2.954861181170993,0.7242785150139142,0.25835591442250244,-0.013752104562716779,-0.05642858574407023,-0.007962330044342174
48.81784154319443,9.670504731228256,12.558532263697458,-2.95542539643951,0.7241988361086876,0.258351975485773,-0.013730201300439587,-0.05641445973714521,-0.007973467271792838
48.82784154319443,9.672530810388803,12.56014108216818,-2.9559894702016773,0.7241190453563092,0.25834800469289004,-0.013708275497305621,-0.056400284453698185,-0.007984699530501328
48.83784154319443,9.67455684281686,12.561749876781876,-2.9565534019654853,0.7240391418000288,0.2583440022766661,-0.013686327027422897,-0.05638606005237295,-0.007996028052452496
48.84784154319443,9.676582828317144,12.563358647288156,-2.957117191240493,0.7239591244708303,0.2583399684684163,-0.013664355762922995,-0.05637178669123535,-0.008007454072481539
48.85784154319443,9.678608766696781,12.564967393437223,-2.957680837537829,0.7238789923874318,0.25833590349795815,-0.013642361573961048,-0.0563574645277733,-0.008018978828274011
48.86784154319443,9.680634657765308,12.566576114979874,-2.958244340370192,0.7237987445562849,0.25833180759361224,-0.01362034432871575,-0.056343093718896765,-0.008030603560365819
48.87784154319443,9.682660501334672,12.568184811667505,-2.9588076992518495,0.7237183799715753,0.25832768098220144,-0.013598303893389348,-0.05632867442093774,-0.008042329512143218
48.88784154319443,9.684686297219233,12.569793483252106,-2.9593709136986375,0.7236378976152225,0.25832352388905133,-0.01357624013220765,-0.0563142067896503,-0.008054157929842817
48.89784154319443,9.686712045235762,12.57140212948626,-2.9599339832279616,0.7235572964568799,0.2583193365379902,-0.01355415290742002,-0.05629969098021055,-0.008066090062551578
48.90784154319443,9.688737745203438,12.573010750123155,-2.9604969073587983,0.7234765754539351,0.258315119151349,-0.013532042079299377,-0.05628512714721667,-0.008078127162206815
48.91784154319443,9.690763396943854,12.574619344916563,-2.9610596856116906,0.723395733551509,0.2583108719499612,-0.013509907506142204,-0.056270515444688855,-0.00809027048359619
48.92784154319443,9.692789000281042,12.57622791362087,-2.9616223175087573,0.7233147696821259,0.25830659515314325,-0.013487749044201372,-0.056255856026068314,-0.008102521284080717
48.93784154319443,9.694814555041713,12.577836455991022,-2.9621848025736814,0.7232336827627357,0.25830228897858626,-0.013465566547119296,-0.05624114904422084,-0.008114880822047721
48.94699262017319,9.696668113084066,12.579308422212144,-2.9626994079183278,0.7231593707426315,0.2582983228067261,-0.013445245986112717,-0.05622764902364333,-0.008126287489782159
48.95699262017319,9.698693478653558,12.580916923663551,-2.9632615067486427,0.7230784011754253,0.258293710134044,-0.013422862131609543,-0.056212499326343014,-0.008137789007426122
48.96699262017319,9.700718887151208,12.582525387928944,-2.9638235574071397,0.7229969600272937,0.25828925986882684,-0.013400607713129379,-0.05619762082212347,-0.008150457011214631
48.97699262017319,9.702744245784794,12.584133824412733,-2.9643854589296095,0.7229153917332579,0.25828474067480145,-0.013378326433711748,-0.056182672192682394,-0.008163218772607339
48.98699262017319,9.704769554075847,12.585742232623602,-2.9649472106161374,0.7228336953466049,0.25828015304278173,-0.013356018182382953,-0.05616765366494329,-0.008176075918653594
48.99699262017319,9.706794811550164,12.587350612072298,-2.965508811769011,0.7227518699045075,0.25827549746045586,-0.013333682845471751,-0.05615256546501457,-0.008189030076543688
49.00699262017319,9.7088200177378,12.58895896227164,-2.966070261692719,0.7226699144280241,0.2582707744123864,-0.013311320306609349,-0.056137407818189496,-0.00820208287360885
49.01699262017319,9.710845172173073,12.590567282736512,-2.9666315596939508,0.7225878279220986,0.2582659843800102,-0.013288930446729411,-0.056122180948946235,-0.008215235937321257
49.02699262017319,9.712870274394568,12.592175572983868,-2.967192705081599,0.7225056093755606,0.2582611278416386,-0.01326651314406806,-0.056106885080947834,-0.008228490895294024
49.03699262017319,9.714895323945125,12.593783832532727,-2.967753697166757,0.7224232577611254,0.25825620527245735,-0.01324406827416387,-0.05609152043704223,-0.008241849375281208
49.04699262017319,9.716920320371852,12.595392060904176,-2.968314535262719,0.7223407720353933,0.25825121714452637,-0.013221595709857868,-0.05607608723926223,-0.008255313005177808
49.05699262017319,9.718945263226114,12.59700025762137,-2.9688752186849814,0.7222581511388508,0.2582461639267802,-0.013199095321293541,-0.05606058570882554,-0.008268883413019764
49.06699262017319,9.720970152063543,12.59860842220953,-2.969435746751242,0.7221753939958697,0.2582410460850275,-0.013176566975916829,-0.05604501606613475,-0.008282562226983956
49.07699262017319,9.722994986444029,12.600216554195947,-2.9699961187813995,0.7220924995147076,0.2582358640819516,-0.013154010538476124,-0.0560293785307773,-0.00829635107538821
49.08699262017319,9.725019765931727,12.601824653109977,-2.970556334097555,0.7220094665875072,0.2582306183771098,-0.013131425871022277,-0.05601367332152557,-0.008310251586691289
49.09699262017319,9.727044490095052,12.603432718483045,-2.971116392024011,0.7219262940902972,0.2582253094269342,-0.013108812832908594,-0.05599790065633678,-0.008324265389492899
49.10699262017319,9.729069158506684,12.60504074984864,-2.9716762918872703,0.7218429808829918,0.25821993768473106,-0.01308617128079083,-0.055982060752353055,-0.008338394112533688
49.11699262017319,9.731093770743561,12.606648746742326,-2.9722360330160384,0.7217595258093907,0.2582145036006809,-0.013063501068627203,-0.055966153825901394,-0.008352639384695246
49.12699262017319,9.733118326386812,12.608256708701488,-2.972795614741164,0.7216759276968172,0.25820900762196664,-0.01304080204766144,-0.05595018009251319,-0.008367002836119302
49.13699262017319,9.735142825021466,12.609864635264165,-2.9733550363953385,0.7215921853533197,0.258203450193356,-0.013018074066143005,-0.0559341397670232,-0.008381486103071554
49.146992620173194,9.737167266237531,12.611472525972273,-2.9739142973138897,0.7215082975720843,0.2581978317554304,-0.012995316969456763,-0.05591803306330596,-0.00839609081234154
49.15699262017319,9.73919164962923,12.613080380369729,-2.9744733968343295,0.7214242631304829,0.2581921527456881,-0.012972530600362686,-0.05590186019442604,-0.008410818591378544
49.16699262017319,9.741215974794823,12.614688198001943,-2.975032334296233,0.7213400807894821,0.25818641359882516,-0.012949714798994939,-0.05588562137267931,-0.00842567107079765
49.17699262017319,9.743240241336613,12.616295978415826,-2.9755911090412384,0.7212557492936426,0.2581806147467358,-0.012926869402861866,-0.055869316809592805,-0.008440649884379746
49.18699262017319,9.745264448860935,12.617903721159783,-2.976149720413044,0.7211712673711197,0.2581747566185122,-0.012903994246845997,-0.05585294671592484,-0.008455756669071522
49.19699262017319,9.747288596978168,12.619511425783712,-2.9767081677574128,0.7210866337336633,0.25816883964044435,-0.012881089163204042,-0.055836511301664976,-0.008470993064985468
49.20699262017319,9.749312685302723,12.621119091839011,-2.977266450422169,0.7210018470766176,0.2581628642360203,-0.012858153981566898,-0.055820010776033976,-0.008486360715399875
49.216992620173194,9.751336713453053,12.622726718878575,-2.9778245677571995,0.720916906078921,0.25815683082592605,-0.012835188528939645,-0.05580344534748387,-0.00850186126675884
49.22699262017319,9.753360681051653,12.62433430645679,-2.9783825191144535,0.7208318094031069,0.25815073982804554,-0.012812192629701544,-0.055786815223697904,-0.00851749636867226
49.23699262017319,9.755384587725048,12.625941854129545,-2.9789403038479425,0.7207465556953024,0.25814459165746073,-0.012789166105606042,-0.05577012061159057,-0.008533267673915835
49.24699262017319,9.757408433103809,12.627549361454218,-2.9794979213137407,0.7206611435852297,0.2581383867264515,-0.012766108775780771,-0.05575336171730761,-0.008549176838431065
49.25699262017319,9.759432216822539,12.62915682798969,-2.980055370869984,0.720575571686205,0.2581321254444957,-0.01274302045672754,-0.05573653874622597,-0.008565225521325251
49.26699262017319,9.761455938519882,12.63076425329633,-2.9806126518768723,0.7204898385951393,0.2581258082182692,-0.01271990096232235,-0.05571965190295387,-0.008581415384871501
49.27699262017319,9.763479597838524,12.632371636936012,-2.981169763696665,0.7204039428925377,0.2581194354516457,-0.012696750103815378,-0.05570270139133075,-0.00859774809450872
49.286992620173194,9.765503194425182,12.6339789784721,-2.981726705693687,0.7203178831424999,0.258113007545697,-0.01267356768983099,-0.05568568741442728,-0.00861422531884162
49.29699262017319,9.767526727930615,12.635586277469457,-2.9822834772343234,0.72023165789272,0.25810652489869285,-0.012650353526367732,-0.055668610174545385,-0.008630848729640709
49.30699262017319,9.769550198009409,12.637193533493475,-2.982840077686792,0.7201452656722239,0.2580999879065767,-0.012627107416592369,-0.055651469873296146,-0.008647620006164846
49.31699262017319,9.77157360432028,12.638800746110784,-2.9833965064213044,0.7200587049915357,0.25809339696251987,-0.01260382916070315,-0.05563426671154504,-0.008664540830957823
49.32699262017319,9.773596946526439,12.640407914891155,-2.9839527628105187,0.7199719743478201,0.25808675245602786,-0.012580518556469578,-0.0556170008892588,-0.008681612881812038
49.33699262017319,9.775620224294974,12.642015039405326,-2.984508846229031,0.7198850722211074,0.2580800547740813,-0.012557175399017613,-0.0555996726056776,-0.008698837842264811
49.34699262017319,9.777643437296838,12.643622119224972,-2.985064756053365,0.7197979970742207,0.2580733043011539,-0.012533799480824278,-0.05558228205931793,-0.008716217401764249
49.356992620173195,9.779666585206861,12.645229153922704,-2.985620491661975,0.7197107473527762,0.2580665014192125,-0.012510390591717654,-0.05556482944797256,-0.008733753255669243
49.36699262017319,9.781689667703736,12.646836143072067,-2.986176052435243,0.7196233214851836,0.2580596465077172,-0.012486948518876875,-0.05554731496871057,-0.008751447105249475
49.37699262017319,9.783712684470023,12.648443086247541,-2.9867314377554806,0.7195357178826456,0.2580527399436211,-0.012463473046832138,-0.05552973881787733,-0.008769300657685403
49.38699262017319,9.78573563519216,12.650049983024545,-2.987286647006928,0.7194479349391579,0.25804578210137064,-0.012439963957464696,-0.05551210119109452,-0.008787315626068281
49.396992620173194,9.787758519560445,12.651656832979429,-2.987841679575755,0.7193599710315097,0.25803877335290526,-0.012416421030006857,-0.055494402283260115,-0.00880549372940014
49.40699262017319,9.789781337269048,12.653263635689479,-2.9883965348500596,0.7192718245192831,0.2580317140676577,-0.012392844041041986,-0.05547664228854837,-0.008823836692593803
49.41699262017319,9.791804088016011,12.65487039073292,-2.9889512122198685,0.7191834937448534,0.2580246046125536,-0.012369232764504513,-0.05545882140040987,-0.008842346246472876
49.426992620173195,9.793826771503241,12.65647709768891,-2.9895057110771384,0.7190949770333891,0.2580174453520121,-0.012345586971679916,-0.05544093981157147,-0.008861024127771748
49.43699262017319,9.795849387436515,12.658083756137543,-2.9900600308157537,0.719006272692852,0.25801023664794526,-0.012321906431204734,-0.05542299771403634,-0.008879872079135598
49.44699262017319,9.797871935525484,12.659690365659847,-2.9906141708315293,0.7189173790139969,0.25800297885975837,-0.012298190909066569,-0.055404995299083944,-0.00889889184912039
49.45699262017319,9.799894415483656,12.661296925837787,-2.9911681305222073,0.7188282942703718,0.25799567234434984,-0.012274440168604071,-0.05538693275727004,-0.008918085192192868
49.466992620173194,9.801916827028423,12.662903436254261,-2.99172190928746,0.7187390167183179,0.2579883174561112,-0.012250653970506955,-0.05536881027842668,-0.008937453868730572
49.47699262017319,9.803939169881035,12.664509896493108,-2.9922755065288884,0.7186495445969694,0.2579809145469274,-0.01222683207281599,-0.05535062805166224,-0.008956999645021817
49.48699262017319,9.805961443766776,12.666116306139132,-2.9928289216500286,0.7185598761269766,0.25797346396606446,-0.01220297423067585,-0.0553323862653597,-0.008976724292247402
49.496992620173195,9.807983648415027,12.66772266477784,-2.9933821540562895,0.7184700095088581,0.2579659660602243,-0.012179080196089757,-0.0553140851071993,-0.008996629587022178
49.50699262017319,9.810005783558658,12.669328971995157,-2.9939352031548903,0.7183799429271288,0.2579584211740093,-0.012155149718756135,-0.05529572476417639,-0.009016717315662495
49.516143697151946,9.811856193866003,12.670798870684086,-2.9944411415130725,0.7182973455230822,0.25795147591474693,-0.012133218605861092,-0.05527887136995969,-0.009035261138204251
49.526143697151944,9.81387809845947,12.672405088048796,-2.9949937341469766,0.7182072495952381,0.25794357891381814,-0.012109059054116965,-0.05526004331251193,-0.009054479774075584
49.53614369715194,9.815900025521858,12.674011242962997,-2.995546241785262,0.718116603834926,0.2579358002363874,-0.012085008322360865,-0.05524146993313911,-0.009074655853240236
49.54614369715195,9.817921880935623,12.675617344136935,-2.9960985632554515,0.7180257569220353,0.25792790960543427,-0.012060910882353686,-0.055222809745298154,-0.009094711399971126
49.556143697151946,9.819943663883615,12.677223390808393,-2.996650697690964,0.7179347100376151,0.25791990776799445,-0.012036767074539639,-0.05520406302587534,-0.009114650111662046
49.566143697151944,9.821965373554356,12.678829382219966,-2.997202644227927,0.7178434643282071,0.25791179546664905,-0.012012577232084157,-0.05518523005073484,-0.009134475650362012
49.57614369715195,9.823987009142044,12.680435317619052,-2.9977544020051776,0.7177520209058462,0.25790357343952464,-0.01198834168087391,-0.05516631109471874,-0.009154191642775259
49.58614369715195,9.826008569846554,12.68204119625786,-2.9983059701642603,0.7176603808480597,0.25789524242029305,-0.011964060739516794,-0.05514730643164698,-0.009173801680261249
49.596143697151945,9.82803005487343,12.6836470173934,-2.9988573478494294,0.7175685451978678,0.2578868031381716,-0.011939734719341927,-0.05512821633431742,-0.009193309318834667
49.60614369715194,9.8300514634339,12.685252780287495,-2.999408534207646,0.7174765149637836,0.25787825631792294,-0.01191536392439966,-0.055109041074505795,-0.009212718079165419
49.61614369715195,9.83207279474486,12.686858484206772,-2.9999595283885823,0.717384291119813,0.25786960267985515,-0.011890948651461572,-0.055089780922965736,-0.009232031446578635
49.626143697151946,9.834094048028886,12.688464128422664,-3.0005103295446176,0.7172918746054544,0.25786084293982164,-0.011866489190020472,-0.05507043614942876,-0.009251252871054669
49.636143697151944,9.836115222514227,12.690069712211415,-3.0010609368308394,0.7171992663256992,0.25785197780922126,-0.011841985822290391,-0.05505100702260428,-0.009270385767229099
49.64614369715195,9.838136317434806,12.69167523485407,-3.001611349405046,0.7171064671510317,0.2578430079949982,-0.011817438823206594,-0.05503149381017959,-0.00928943351439272
49.65614369715195,9.840157332030204,12.693280695636442,-3.0021615664277315,0.7170134779176663,0.25783393419966244,-0.011792848460485344,-0.05501189677882314,-0.00930839945694772
49.666143697151945,9.842178265545172,12.694886093848222,-3.0027115870618735,0.7169202994315284,0.25782475712170116,-0.011768214995657451,-0.05499221619425561,-0.009327286912604283
49.67614369715194,9.844199117230682,12.696491428784844,-3.0032614104733484,0.7168269324566386,0.25781547745466,-0.011743538681186997,-0.05497245232111152,-0.009346099150709318
49.68614369715195,9.84621988634339,12.698096699746586,-3.00381103583075,0.716733377722779,0.2578060958875959,-0.01171881976231042,-0.05495260542300028,-0.009364839405355143
49.696143697151946,9.848240572145299,12.699701906037914,-3.004360462305244,0.7166396359295583,0.2577966131053928,-0.01169405847804451,-0.054932675762554506,-0.009383510882922875
49.706143697151944,9.850261173903752,12.701307046967491,-3.004909689070566,0.7165457077464131,0.25778702978876133,-0.011669255061186407,-0.05491266360142999,-0.009402116762082425
49.71614369715195,9.852281690891429,12.702912121848172,-3.005458715303022,0.7164515938126076,0.25777734661423907,-0.011644409738313603,-0.05489256920030572,-0.009420660193792505
49.72614369715195,9.85430212238635,12.704517129997,-3.0060075401814914,0.716357294737233,0.2577675642541903,-0.011619522729783942,-0.05487239281888389,-0.009439144301300622
49.736143697151945,9.856322467671877,12.70612207073522,-3.0065561628874216,0.7162628110992083,0.25775768337680616,-0.011594594249735616,-0.05485213471588987,-0.00945757218014308
49.74614369715194,9.858342726036712,12.707726943388256,-3.0071045826048333,0.7161681434472801,0.2577477046461047,-0.01156962450608717,-0.05483179514907224,-0.00947594689814498
49.75614369715195,9.860362896774895,12.709331747285734,-3.0076527985203168,0.7160732923000219,0.25773762872193073,-0.0115446137005375,-0.054811374375202775,-0.009494271495420219
49.766143697151946,9.862382979185808,12.710936481761474,-3.008200809823034,0.7159782581458354,0.25772745625995586,-0.011519562028565855,-0.05479087265007643,-0.009512548984371495
49.776143697151944,9.864402972574172,12.71254114615348,-3.0087486157047176,0.7158830414429491,0.2577171879116785,-0.011494469679431832,-0.05477029022851135,-0.0095307823496903
49.78614369715195,9.866422876250049,12.714145739803955,-3.0092962153596714,0.7157876426194193,0.25770682432442416,-0.011469336836175379,-0.05474962736434889,-0.009548974548356926
49.79614369715195,9.868442689528743,12.71575026205911,-3.009843607984727,0.7156920620739886,0.2576963661414346,-0.011444163675839683,-0.05472888431046771,-0.00956712851146275
49.806143697151946,9.870462411730443,12.717354712268428,-3.0103907927790585,0.7155963001784661,0.2576858140022182,-0.011418950370140086,-0.05470806131884622,-0.009585247150217762
49.816143697151944,9.872482042181378,12.718959089786878,-3.010937768944691,0.7155003572666224,0.2576751685414234,-0.011393697082604855,-0.0546871586403916,-0.009603333332754831
49.82614369715195,9.874501580212993,12.720563393973388,-3.0114845356861646,0.715404233643672,0.25766443038963405,-0.011368403970941193,-0.05466617652505265,-0.009621389902409126
49.83614369715195,9.876521025161757,12.72216762419048,-3.0120310922104574,0.7153079295881276,0.25765360017354627,-0.011343071187508103,-0.05464511522184645,-0.009639419681491502
49.846143697151945,9.878540376369173,12.723771779804279,-3.012577437726981,0.7152114453518004,0.2576426785159685,-0.011317698879316385,-0.054623974978858326,-0.009657425471288514
49.85614369715195,9.880559633181766,12.725375860184513,-3.0131235714475846,0.7151147811598,0.25763166603582144,-0.01129228718802863,-0.05460275604324187,-0.00967541005206241
49.86614369715195,9.88257879495109,12.726979864704509,-3.013669492586552,0.7150179372105342,0.25762056334813815,-0.011266836249959236,-0.05458145866121894,-0.009693376183051133
49.876143697151946,9.884597861033727,12.728583792741198,-3.0142152003606038,0.7149209136757094,0.2576093710640639,-0.01124134619607439,-0.05456008307807965,-0.009711326602468323
49.886143697151944,9.886616830791285,12.730187643675107,-3.014760693988895,0.7148237107003305,0.25759808979085624,-0.01121581715199208,-0.05453862953818236,-0.00972926402750331
49.89614369715195,9.888635703590403,12.731791416890367,-3.0153059726930174,0.7147263284027001,0.25758672013188505,-0.011190249237982086,-0.054517098284953706,-0.009747191154321124
49.90614369715195,9.890654478802741,12.73339511177471,-3.015851035696999,0.7146287668744201,0.25757526268663244,-0.011164642568965995,-0.054495489560888594,-0.009765110658062485
49.916143697151945,9.892673155804994,12.73499872771947,-3.0163958822273025,0.7145310261803901,0.25756371805069295,-0.011138997254517178,-0.054473803607550164,-0.009783025192843811
49.92614369715195,9.89469173397888,12.73660226411958,-3.0169405115128276,0.7144331063588084,0.25755208681577324,-0.011113313398860812,-0.054452040665569836,-0.009800937391757216
49.93614369715195,9.896710212711143,12.738205720373573,-3.017484922784908,0.7143350074211745,0.2575403695696928,-0.011087591100874703,-0.05443020097464735,-0.009818849866878051
49.946143697151946,9.89872859139312,12.739809095882658,-3.018029115277089,0.7142367293551583,0.25752856689684755,-0.011061830454913955,-0.05440828477362685,-0.009836765217140244
49.956143697151944,9.900746869421482,12.741412390052185,-3.018573088225455,0.7141382721176711,0.2575166793774217,-0.0110360315489965,-0.054386292300385976,-0.009854686012865772
49.96614369715195,9.90276504619823,12.74301560229171,-3.019116840868662,0.7140396356366616,0.2575047075873874,-0.011010194465172098,-0.05436422379182442,-0.00987261479764444
49.97614369715195,9.904783121130103,12.744618732013809,-3.019660372447669,0.7139408198160548,0.25749265209911687,-0.010984319280844704,-0.054342079483955336,-0.009890554099906882
49.986143697151945,9.90680109362858,12.746221778634085,-3.0202036822057368,0.7138418245357532,0.2574805134813819,-0.010958406068772459,-0.054319859611905295,-0.009908506432924567
49.99614369715195,9.908818963109876,12.747824741571172,-3.0207467693884262,0.7137426496516357,0.2574682922993541,-0.010932454897067682,-0.05429756440991431,-0.009926474294809796
50.00614369715195,9.910836728994948,12.749427620246719,-3.021289633243603,0.7136432949955582,0.2574559891146047,-0.010906465829196882,-0.054275194111335835,-0.0099444601685157
50.016143697151946,9.912854390709489,12.751030414085408,-3.021832273021432,0.7135437603753536,0.257443604485105,-0.010880438923980756,-0.05425274894863677,-0.009962466521836244
50.026143697151944,9.914871947683933,12.752633122514943,-3.0223746879743825,0.7134440455748317,0.2574311389652257,-0.010854374235594183,-0.05423022915339744,-0.009980495807406222
50.03614369715195,9.916889399353453,12.754235744966056,-3.022916877357224,0.7133441503537786,0.25741859310573745,-0.010828271813566225,-0.054207634956311604,-0.009998550462701265
50.04614369715195,9.918906745157958,12.7558382808725,-3.0234588404270286,0.7132440744479582,0.2574059674538106,-0.010802131702780136,-0.054184966587186474,-0.010016632910037833
50.056143697151946,9.9209239845421,12.757440729671055,-3.02400057644317,0.7131438175691105,0.2573932625530153,-0.010775953943473351,-0.05416222427494269,-0.010034745556573216
50.06614369715195,9.922941116955265,12.759043090801528,-3.0245420846673245,0.7130433794049527,0.2573804789433214,-0.01074973857123749,-0.054139408247614325,-0.010052890794305542
50.07614369715195,9.924958141851583,12.760645363706752,-3.0250833643634696,0.7129427596191786,0.2573676171610985,-0.010723485617018361,-0.0541165187323489,-0.010071071000073765
50.0852947741307,9.926803842186926,12.762111538195837,-3.0255784927042604,0.7128505222236359,0.2573557791990363,-0.010699428427225172,-0.05409550815849935,-0.010087740498753535
50.0952947741307,9.928820562063352,12.763713650022462,-3.0261192288714605,0.7127499100969308,0.2573424857252448,-0.010672944179693099,-0.05407212028249509,-0.010105001031255069
50.1052947741307,9.930837266116393,12.765315662247021,-3.0266598343965136,0.7126487676627887,0.2573292386997408,-0.01064656736757578,-0.054048967016783196,-0.01012351708935148
50.1152947741307,9.932853858797252,12.766917582861945,-3.0272002078530442,0.7125474391626905,0.257315808623152,-0.01062014154101144,-0.054025706660589146,-0.010142215019718315
50.1252947741307,9.934870338707208,12.768519410709969,-3.027740348172054,0.7124459227620784,0.2573021967823762,-0.01059366648812866,-0.05400233954916976,-0.010161097678814525
50.1352947741307,9.936886704458152,12.770121144640134,-3.028280254287806,0.7123442165982197,0.2572884044556774,-0.010567141992411799,-0.05397886601651854,-0.010180167920484233
50.145294774130704,9.938902954672583,12.771722783507798,-3.028819925137826,0.7122423187802056,0.2572744329126862,-0.010540567832700996,-0.05395528639536567,-0.010199428595956734
50.1552947741307,9.940919087983616,12.773324326174619,-3.0293593596629003,0.7121402273889518,0.25726028341439955,-0.010513943783192176,-0.05393160101717802,-0.010218882553846493
50.1652947741307,9.942935103034971,12.774925771508563,-3.0298985568070775,0.7120379404771985,0.257245957213181,-0.010487269613437038,-0.053907810212159166,-0.010238532640153149
50.1752947741307,9.94495099848098,12.776527118383912,-3.0304375155176677,0.71193545606951,0.25723145555276045,-0.01046054508834307,-0.05388391430924933,-0.010258381698261513
50.1852947741307,9.946966772986588,12.778128365681253,-3.030976234745243,0.7118327721622754,0.25721677966823425,-0.010433769968173535,-0.05385991363612547,-0.010278432568941566
50.1952947741307,9.94898242522735,12.779729512287476,-3.0315147134436375,0.7117298867237076,0.2572019307860653,-0.010406944008547478,-0.053835808519201174,-0.01029868809034846
50.2052947741307,9.950997953889425,12.781330557095787,-3.032052950569945,0.7116267976938445,0.2571869101240828,-0.010380066960439728,-0.053811599283626756,-0.010319151098022521
50.215294774130705,9.953013357669592,12.782931499005697,-3.0325909450845243,0.711523502984548,0.25717171889148255,-0.010353138570180892,-0.053787286253289206,-0.010339824424889245
50.2252947741307,9.955028635275236,12.784532336923027,-3.0331286959509924,0.7114200004795043,0.2571563582888267,-0.010326158579457357,-0.05376286975081219,-0.010360710901259298
50.2352947741307,9.95704378542435,12.786133069759904,-3.03366620213623,0.7113162880342242,0.257140829508044,-0.010299126725311298,-0.05373835009755606,-0.010381813354828526
50.2452947741307,9.95905880684554,12.78773369643476,-3.0342034626103787,0.71121236347604,0.2571251337324328,-0.010272042740141051,-0.053713727613618145,-0.01040313461069593
50.255294774130704,9.961073698276874,12.789334215870078,-3.0347404763464563,0.7111082246023015,0.257109272138087,-0.010244906351767625,-0.05368900261795722,-0.010424677498763498
50.2652947741307,9.963088458467983,12.790934626995966,-3.035277242320924,0.7110038691811197,0.2570932458914152,-0.010217717282927367,-0.053664175428207284,-0.01044644483968612
50.2752947741307,9.96510308617987,12.792534928750218,-3.0358137595137284,0.7108992949533838,0.25707705614926896,-0.010190475251642612,-0.05363924636066572,-0.010468439446515236
50.285294774130705,9.967117580183427,12.79413512007572,-3.036350026907881,0.7107944996318506,0.2570607040606873,-0.010163179971517472,-0.05361421573043054,-0.010490664134360518
50.2952947741307,9.969131939259448,12.795735199920468,-3.036886043489459,0.710689480901144,0.25704419076689644,-0.01013583115173783,-0.053589083851400404,-0.01051312172038988
50.3052947741307,9.971146162198622,12.797335167237543,-3.037421808247605,0.7105842364177559,0.25702751740130997,-0.010108428497071355,-0.053563851036274604,-0.010535815023829467
50.3152947741307,9.973160247801536,12.798935020985132,-3.0379573201745265,0.7104787638100452,0.25701068508952873,-0.010080971707867484,-0.053538517596553065,-0.010558746865963663
50.325294774130704,9.975174194878678,12.800534760126519,-3.038492578265496,0.7103730606782382,0.25699369494934093,-0.010053460480057435,-0.05351308384253636,-0.010581920070135083
50.3352947741307,9.977188002250424,12.802134383630088,-3.0390275815188534,0.7102671245944292,0.25697654809072207,-0.010025894505154202,-0.0534875500833257,-0.010605337461744585
50.3452947741307,9.97920166874706,12.803733890469317,-3.039562328936001,0.7101609531025795,0.256959245615835,-0.009998273470252554,-0.05346191662682291,-0.010629001868251255
50.355294774130705,9.981215193208758,12.805333279622786,-3.040096819521409,0.7100545437185182,0.2569417886190299,-0.00997059705802904,-0.05343618377973049,-0.01065291611917242
50.3652947741307,9.983228574485596,12.806932550074174,-3.040631052282612,0.7099478939299413,0.25692417818684415,-0.00994286494674198,-0.05341035184755153,-0.010677083046083643
50.3752947741307,9.985241811437543,12.808531700812255,-3.041165026230209,0.7098410011964129,0.2569064153980026,-0.00991507681023148,-0.0533844211345898,-0.010701505482618718
50.3852947741307,9.987254902934469,12.810130730830902,-3.041698740377866,0.7097338629493642,0.2568885013234173,-0.009887232317919409,-0.05335839194394969,-0.01072618626446968
50.395294774130704,9.989267847856143,12.81172963912909,-3.042232193742313,0.7096264765920941,0.25687043702618767,-0.009859331134809425,-0.05333226457753622,-0.010751128229386793
50.4052947741307,9.991280645092214,12.81332842471087,-3.042765385343343,0.7095188394997468,0.25685222356161364,-0.009831372921486866,-0.05330603933605621,-0.0107763342172476
50.4152947741307,9.993293293541104,12.814927086582893,-3.0432983142033923,0.7094109490162136,0.2568338619786943,-0.009803357334010882,-0.05327971651915682,-0.010801807077589395
50.425294774130705,9.995305792112205,12.816525623758647,-3.0438309793482143,0.7093028024574942,0.25681535331734684,-0.00977528402374278,-0.05325329642520091,-0.010827549654381497
50.4352947741307,9.997318139725422,12.81812403525796,-3.044363379806831,0.7091943971129049,0.25679669860887483,-0.009747152637658083,-0.05322677935128524,-0.010853564789329822
50.4452947741307,9.999330335309939,12.819722320104598,-3.044895514611138,0.7090857302429836,0.25677789887752,-0.00971896281841001,-0.05320016559336997,-0.010879855330206696
50.4552947741307,10.001342377804226,12.821320477326276,-3.0454273827959075,0.7089767990794901,0.25675895514046215,-0.009690714204329489,-0.05317345544627869,-0.010906424130850861
50.465294774130705,10.00335426615604,12.822918505954647,-3.045958983398789,0.7088676008254059,0.2567398684078189,-0.009662406429425145,-0.05314664920369837,-0.010933274051167478
50.4752947741307,10.005365999322418,12.8245164050253,-3.0464903154603054,0.7087581326549345,0.2567206396826462,-0.009634039123383306,-0.0531197471581794,-0.010960407957128116
50.4852947741307,10.007377576269686,12.826114173577773,-3.0470213780238575,0.7086483917135011,0.2567012699609377,-0.009605611911568002,-0.05309274960113559,-0.010987828720770766
50.495294774130706,10.009388995973453,12.827711810655542,-3.047552170135721,0.7085383751177528,0.25668176023162537,-0.009577124415020963,-0.05306565682284413,-0.011015539220199827
50.505294774130704,10.011400257418611,12.829309315306023,-3.0480826908450487,0.7084280799555583,0.2566621114765791,-0.009548576250461623,-0.053038469112445634,-0.01104354233958612
50.5152947741307,10.01341135959934,12.830906686580578,-3.048612939203868,0.7083175032860084,0.2566423246706067,-0.009519967030287114,-0.05301118675794412,-0.011071840969166875
50.5252947741307,10.015422301519102,12.832503923534505,-3.0491429142670827,0.7082066421394153,0.2566224007814542,-0.009491296362572272,-0.052983810046207,-0.011100438005245742
50.535294774130705,10.017433082190646,12.834101025227046,-3.0496726150924727,0.7080954935173136,0.2566023407698056,-0.009462563851069635,-0.05295633926296512,-0.011129336350192781
50.5452947741307,10.019443700636,12.835697990721384,-3.0502020407406936,0.7079840543924592,0.2565821455892829,-0.00943376909520944,-0.05292877469281271,-0.011158538912444472
50.5552947741307,10.021454155886484,12.837294819084644,-3.050731190275277,0.7078723217088299,0.2565618161864461,-0.009404911690099629,-0.052901116619207406,-0.011188048606503704
50.565294774130706,10.023464446982699,12.83889150938789,-3.051260062762631,0.7077602923816255,0.2565413535007933,-0.00937599122652584,-0.05287336532447027,-0.011217868352939787
50.575294774130704,10.02547457297466,12.840488060706083,-3.0517886572720156,0.7076479632961935,0.25652075846467987,-0.00934700729076969,-0.052845521089793804,-0.0112480010773825
50.5852947741307,10.027484532921939,12.842084472117822,-3.0523169728754764,0.7075353313062356,0.25650003200327903,-0.009317959464334112,-0.05281758419526556,-0.011278449709166303
50.5952947741307,10.029494325892816,12.843680742705107,-3.05284500864787,0.7074223932382822,0.2564791750352508,-0.009288847324785486,-0.05278955491985722,-0.011309217187487165
50.605294774130705,10.031503950964488,12.845276871553107,-3.0533727636668027,0.707309145889331,0.25645818847267565,-0.009259670445378064,-0.05276143354144608,-0.011340306460107594
50.6152947741307,10.033513407223081,12.846872857750146,-3.0539002370126282,0.7071955860266542,0.2564370732210409,-0.00923042839502134,-0.052733220336816475,-0.011371720483189962
50.6252947741307,10.035522693763657,12.8484687003877,-3.0544274277684456,0.7070817103877977,0.25641583017924097,-0.009201120738280054,-0.05270491558165976,-0.01140346222129651
50.635294774130706,10.037531809690215,12.850064398560415,-3.054954335020101,0.7069675156805812,0.2563944602395771,-0.009171747035374192,-0.05267651955057431,-0.011435534647389344
50.645294774130704,10.039540754115686,12.851659951366079,-3.0554809578561857,0.7068529985830991,0.2563729642877577,-0.009142306842178989,-0.052648032517065554,-0.011467940742830437
50.654445851109465,10.041379003595791,12.853119925875303,-3.0559626244702365,0.7067479177531084,0.2563531835054042,-0.009115307249873155,-0.05262188430315328,-0.011497890738501482
50.66444585110946,10.04338751892025,12.854715207217808,-3.0564885961793573,0.7066331339726217,0.25633113254343304,-0.009085581193869327,-0.05259286156562547,-0.011529419107515608
50.67444585110946,10.04539595350384,12.856310330299358,-3.057014380842916,0.7065176791375591,0.2563090135712629,-0.00905593732836324,-0.05256404925731381,-0.011561459983936552
50.684445851109466,10.04740421044638,12.85790530238842,-3.057539876725349,0.706401906713692,0.2562865985934069,-0.009026220826441339,-0.05253510540461138,-0.011592938134721235
50.694445851109464,10.049412287530709,12.859500121549061,-3.0580650825133313,0.706285822282816,0.25626388956551205,-0.008996432927320632,-0.052506030409689916,-0.011623860640884234
50.70444585110946,10.051420182552643,12.861094785860407,-3.0585899968974855,0.7061694313617375,0.25624088843109977,-0.008966574854883036,-0.05247682467314498,-0.011654234475754999
50.71444585110946,10.05342789332099,12.862689293416663,-3.0591146185723823,0.7060527394022729,0.25621759712156583,-0.00893664781767537,-0.052447488593995895,-0.011684066504977844
50.724445851109465,10.055435417657534,12.864283642327095,-3.0596389462365408,0.705935751791249,0.25619401755618015,-0.008906653008909365,-0.05241802256968579,-0.011713363486511955
50.73444585110946,10.057442753397046,12.865877830716036,-3.060162978592427,0.705818473850503,0.25617015164208734,-0.00887659160646165,-0.052388426996081594,-0.011742132070631385
50.74444585110946,10.05944989838728,12.86747185672289,-3.0606867143464576,0.705700910836882,0.25614600127430603,-0.008846464772873767,-0.05235870226747401,-0.011770378799925062
50.754445851109466,10.061456850488971,12.869065718502128,-3.061210152208994,0.7055830679422438,0.2561215683357294,-0.008816273655352161,-0.05232884877657755,-0.011798110109296775
50.764445851109464,10.06346360757584,12.870659414223285,-3.061733290894348,0.7054649502934561,0.256096854697125,-0.008786019385768182,-0.052298866914530506,-0.011825332325965192
50.77444585110946,10.065470167534585,12.872252942070961,-3.0622561291207777,0.7053465629524353,0.2560718622171372,-0.008755703080666455,-0.05226875707089519,-0.01185205166950954
50.78444585110946,10.067476528263866,12.873846300243688,-3.062778665610286,0.7052279109259307,0.256046592743016,-0.00872532584339916,-0.05223851963372197,-0.011878274262808887
50.794445851109465,10.069482687676002,12.875439486955896,-3.0633008990889135,0.7051089991454652,0.2560210481092876,-0.008694888759672864,-0.052208154989454185,-0.011904006105977265
50.80444585110946,10.071488643696556,12.877032500437357,-3.06382282828669,0.7049898324753978,0.2559952301381379,-0.008664392899377427,-0.052177663522945034,-0.011929253088540278
50.81444585110946,10.073494394263077,12.878625338931734,-3.0643444519374086,0.7048704157270612,0.2559691406403599,-0.008633839319709785,-0.05214704561753034,-0.01195402100709643
50.824445851109466,10.0754999373251,12.88021800069659,-3.0648657687786267,0.7047507536587614,0.25594278141535404,-0.00860322906517396,-0.05211630165502857,-0.011978315565317126
50.834445851109464,10.077505270844139,12.881810484003385,-3.065386777551665,0.7046308509757776,0.2559161542511277,-0.008572563167581055,-0.05208543201574079,-0.01200214237394668
50.84444585110946,10.079510392793702,12.88340278713747,-3.065907477001607,0.7045107123303624,0.25588926092429576,-0.00854184264604925,-0.05205443707845071,-0.012025506950802302
50.85444585110946,10.081515301159278,12.884994908398097,-3.0664278658772997,0.7043903423217421,0.25586210320008,-0.008511068507003805,-0.05202331722042468,-0.01204841472077411
50.864445851109465,10.08351999393834,12.886586846098414,-3.0669479429313538,0.7042697454961158,0.25583468283230976,-0.008480241744177067,-0.05199207281741164,-0.012070871015825123
50.87444585110946,10.085524469140353,12.888178598565462,-3.067467706920144,0.704148926346656,0.25580700156342123,-0.008449363338608457,-0.051960704243643185,-0.012092881074991265
50.88444585110946,10.087528724786758,12.889770164140181,-3.0679871566038077,0.704027889313509,0.25577906112445803,-0.008418434258644478,-0.05192921187183353,-0.01211445004438136
50.89444585110947,10.089532758910973,12.89136154117739,-3.0685062907462424,0.7039066387839495,0.2557508632350829,-0.008387455459972831,-0.05189759607318047,-0.012135582977367094
50.904445851109465,10.091536569557208,12.89295272804451,-3.069025108114873,0.7037851791032539,0.2557224096044523,-0.008356427887991529,-0.051865857217440636,-0.012156284847165605
50.91444585110946,10.093540154782628,12.89454372312398,-3.069543607481032,0.7036635145515971,0.25569370192950014,-0.00832535247270524,-0.05183399567280483,-0.01217656051712307
50.92444585110946,10.095543512656612,12.896134524812364,-3.0700617876198493,0.7035416493542975,0.25566474189557725,-0.008294230131019988,-0.05180201180593516,-0.012196414755136744
50.934445851109466,10.097546641259546,12.897725131519014,-3.0705796473100366,0.7034195876942595,0.25563553117737714,-0.00826306176948488,-0.051769905982035326,-0.012215852249318104
50.944445851109464,10.099549538682835,12.899315541666088,-3.071097185333885,0.703297333711975,0.25560607143893593,-0.00823184828429211,-0.05173767856485064,-0.012234877607992854
50.95444585110946,10.101552203028891,12.90090575368854,-3.0716144004772694,0.7031748915055226,0.2555763643336324,-0.008200590561276956,-0.05170532991666804,-0.01225349535970092
50.96444585110947,10.103554632411148,12.902495766034123,-3.072131291529643,0.7030522651305678,0.2555464115041878,-0.008169289475917777,-0.05167286039831607,-0.012271709953196456
50.974445851109465,10.105556824954048,12.904085577163384,-3.0726478572840414,0.702929458600363,0.25551621458266593,-0.008137945893336024,-0.05164027036916488,-0.01228952575744784
50.98444585110946,10.107558778793047,12.905675185549676,-3.0731640965370817,0.7028064758857476,0.2554857751904735,-0.008106560668296224,-0.051607560187126235,-0.012306947061637671
50.99444585110946,10.10956049207462,12.90726458967914,-3.073680008088962,0.7026833209151477,0.2554550949383595,-0.008075134645205997,-0.05157473020865352,-0.012323978075162782
51.004445851109466,10.111561962956246,12.908853788050726,-3.074195590743461,0.7025599975745764,0.2554241754264156,-0.008043668658116043,-0.05154178078874172,-0.01234062292763422
51.014445851109464,10.113563189606431,12.910442779176172,-3.0747108433079386,0.702436509707634,0.2553930182440761,-0.008012163530720148,-0.051508712280927446,-0.012356885668877268
51.02444585110946,10.11556417020419,12.912031561579509,-3.075225764593239,0.7023128611197949,0.2553616249705,-0.007980620077285552,-0.051475525037320856,-0.012372770273967083
51.03444585110947,10.11756490293884,12.91362013379685,-3.075740353413614,0.702189055578601,0.2553299971746855,-0.007949039102651961,-0.05144221940862978,-0.012388280641846288
51.044445851109465,10.119565386012232,12.915208494378728,-3.0762546085871647,0.7020650967946616,0.2552981364137336,-0.00791742139811199,-0.05140879574401534,-0.012403420573063068
51.05444585110946,10.121565617636453,12.916796641887613,-3.0767685289354216,0.7019409884440659,0.2552660442346963,-0.007885767746328735,-0.0513752543912295,-0.0124181937980781
51.06444585110946,10.123565596033641,12.918384574897743,-3.0772821132833164,0.701816734169938,0.2552337221747099,-0.007854078921674971,-0.05134159569662553,-0.012432603979165006
51.074445851109466,10.125565319435998,12.919972291995121,-3.077795360459178,0.7016923375824357,0.25520117176099516,-0.007822355690233146,-0.051307820005158045,-0.012446654710410347
51.084445851109464,10.127564786085781,12.921559791777517,-3.078308269294736,0.7015678022587511,0.255168394510857,-0.007790598809795388,-0.05127392766038295,-0.012460349517713623
51.09444585110946,10.129563994235312,12.923147072854464,-3.078820838625119,0.7014431317431111,0.2551353919316847,-0.0077588090298635,-0.051239919004457485,-0.012473691858787272
51.10444585110947,10.131562942146967,12.924734133847265,-3.0793330672888546,0.7013183295467763,0.25510216552095194,-0.0077269870916489595,-0.05120579437814022,-0.01248668512315668
51.114445851109465,10.133561628093183,12.926320973388984,-3.0798449541278687,0.7011933991480416,0.25506871676621656,-0.007695133728072924,-0.051171554120791024,-0.012499332632160168
51.12444585110946,10.135560050356458,12.927907590124452,-3.080356497987488,0.7010683439922362,0.2550350471451209,-0.007663249663766224,-0.05113719857037109,-0.012511637638948995
51.13444585110946,10.137558207229345,12.92949398271027,-3.080867697716437,0.7009431674917238,0.25500115812539137,-0.007631335615069368,-0.05110272806344296,-0.012523603328487369
51.14444585110947,10.13955609701446,12.931080149814795,-3.081378552166841,0.7008178730259019,0.2549670511648389,-0.007599392290032541,-0.051068142935170445,-0.012535232817552429
51.154445851109465,10.141553718024433,12.93266609011815,-3.0818890601941953,0.7006924639404591,0.25493272771136477,-0.007567420388225619,-0.051033443519328016,-0.012546529152930174
51.16444585110946,10.143551068581795,12.934251802312133,-3.0823992206573094,0.7005669435469803,0.25489818920300694,-0.007535420600607309,-0.050998630148319825,-0.012557495309463396
51.17444585110947,10.145548147018719,12.93583728509981,-3.0829090324183377,0.7004413151297161,0.25486343706824693,-0.007503393611109189,-0.05096370315316929,-0.012568134201856866
51.184445851109466,10.147544951676766,12.937422537195316,-3.0834184943427028,0.7003155819460408,0.25482847272618264,-0.0074713400966936695,-0.05092866286354445,-0.012578448683956855
51.194445851109464,10.149541480906873,12.939007557323855,-3.0839276052990927,0.7001897472263874,0.2547932975865316,-0.007439260727336667,-0.05089350960775924,-0.012588441548572247
51.20444585110946,10.151537733069361,12.940592344221699,-3.084436364159461,0.7000638141742468,0.2547579130496307,-0.007407156166027607,-0.05085824371277343,-0.012598115527474552
51.21444585110947,10.153533706533924,12.942176896636179,-3.084944769799026,0.6999377859661691,0.25472232050643634,-0.00737502706876942,-0.050822865504192634,-0.012607473291397895
51.22359692808823,10.15535999162256,12.943626726221433,-3.085409705243449,0.69982237588328,0.25468956840409707,-0.007345604537295212,-0.0507903924928369,-0.012615761788291152
51.233596928088225,10.157355328003293,12.945210835505788,-3.0859173272956695,0.6996965318464944,0.25465321253374146,-0.007313276358064606,-0.05075443342052486,-0.012623455279634547
51.24359692808822,10.159350474005532,12.946794695640197,-3.086424692875963,0.6995702547576668,0.25461660222737115,-0.007281082188264249,-0.05071865595145882,-0.01263191698441882
51.25359692808822,10.161345330744435,12.948378312895825,-3.0869316998775314,0.699443894598619,0.25457951117281136,-0.007248866262687652,-0.05068271776314477,-0.012640070407146951
51.263596928088226,10.163339894517446,12.949961684290193,-3.0874383466957753,0.6993174544288098,0.2545419426506548,-0.007216629230491655,-0.050646619332067225,-0.012647918408276108
51.273596928088224,10.165334161644282,12.95154480686362,-3.0879446317307497,0.6991909372833004,0.2545038999192178,-0.0071843717343311134,-0.05061036113277323,-0.012655463782174409
51.28359692808822,10.16732812846693,12.953127677679221,-3.088450553387164,0.699064346172755,0.25446538621454046,-0.007152094410358898,-0.05057394363787241,-0.012662709257120913
51.29359692808823,10.169321791349658,12.95471029382291,-3.0889561100743816,0.6989376840834406,0.2544264047503866,-0.0071197978882258945,-0.0505373673180369,-0.012669657495305629
51.303596928088226,10.17131514667899,12.956292652403398,-3.0894613002064197,0.6988109539772268,0.2543869587182436,-0.0070874827910810045,-0.0505006326420014,-0.012676311092829505
51.313596928088224,10.173308190863736,12.957874750552197,-3.0899661222019508,0.6986841587915862,0.25434705128732277,-0.007055149735571143,-0.05046374007656314,-0.01268267257970444
51.32359692808822,10.175300920334967,12.959456585423613,-3.0904705744843004,0.6985573014395939,0.25430668560455877,-0.007022799331841244,-0.05042669008658189,-0.012688744419853274
51.33359692808823,10.177293331546036,12.961038154194755,-3.0909746554814492,0.6984303848099283,0.2542658647946102,-0.006990432183534253,-0.05038948313497999,-0.012694529011109793
51.343596928088225,10.179285420972557,12.962619454065525,-3.091478363626032,0.6983034117668699,0.2542245919598593,-0.006958048887791134,-0.050352119682742294,-0.01270002868521873
51.35359692808822,10.181277185112423,12.964200482258628,-3.0919816973553376,0.6981763851503024,0.25418287018041197,-0.006925650035250862,-0.05031460018891621,-0.012705245707835757
51.36359692808823,10.1832686204856,12.965781236019376,-3.0924846551112837,0.6980493077764001,0.2541407025142682,-0.006893236210189804,-0.05027692511061944,-0.012710182279301577
51.373596928088226,10.185259723631132,12.967361712612831,-3.0929872353399976,0.6979221824478437,0.2540980919999118,-0.006860807992519423,-0.05023909490316886,-0.012714840545131889
51.383596928088224,10.187250491113828,12.96894190933004,-3.09348943649262,0.697795011930093,0.2540550416504389,-0.006828365952888998,-0.05020111001982751,-0.012719222568084963
51.39359692808822,10.18924091952067,12.970521823484722,-3.0939912570249346,0.6976677989651899,0.25401155445675205,-0.006795910655654139,-0.050162970911924225,-0.012723330346116354
51.40359692808823,10.191231005458746,12.972101452411328,-3.094492695397117,0.6975405462791636,0.25396763338936523,-0.006763442660404592,-0.05012467802893164,-0.012727165821095409
51.413596928088225,10.193220745555257,12.973680793465046,-3.0949937500737374,0.6974132565820306,0.25392328139840376,-0.006730962521964237,-0.05008623181846618,-0.012730730878805267
51.42359692808822,10.195210136457508,12.9752598440218,-3.09549441952376,0.697285932567795,0.25387850141360446,-0.00669847079039109,-0.05004763272628804,-0.012734027348942866
51.43359692808823,10.197199174832916,12.97683860147824,-3.0959947022205427,0.6971585769144484,0.2538332963443156,-0.0066659680109773045,-0.05000888119630123,-0.012737057005118933
51.443596928088226,10.199187857369004,12.978417063251765,-3.096494596641836,0.6970311922839696,0.2537876690794968,-0.006633454724249168,-0.04996997767055355,-0.01273982156485799
51.453596928088224,10.20117618077341,12.979995226780499,-3.0969941012697846,0.6969037813223252,0.25374162248771903,-0.006600931465967104,-0.04993092258923657,-0.012742322689598356
51.46359692808822,10.203164141773874,12.981573089523305,-3.0974932145909277,0.6967763466594691,0.25369515941716486,-0.006568398767125672,-0.04989171639068568,-0.012744561984692144
51.47359692808823,10.205151737118246,12.983150648959777,-3.0979919350961977,0.6966488909093425,0.2536482826956281,-0.006535857153953565,-0.04985235951138005,-0.012746540999405257
51.483596928088225,10.207138963574488,12.98472790259025,-3.0984902612809195,0.6965214166698743,0.2536009951305141,-0.006503307147913615,-0.04981285238594263,-0.012748261226917395
51.49359692808822,10.209125817930667,12.986304847935788,-3.0989881916448137,0.6963939265229807,0.2535532995088396,-0.006470749265702789,-0.04977319544714018,-0.012749724104322051
51.50359692808823,10.211112296994132,12.987881482537437,-3.099485724691885,0.6962664230373227,0.25350519859796866,-0.006438184019802795,-0.04973338912591734,-0.012750931015581043
51.513596928088226,10.213098397589457,12.98945780395431,-3.0999828589301104,0.6961389087747976,0.2534566951474202,-0.006405611919679474,-0.04969343385149562,-0.012751883297114753
51.523596928088224,10.215084116565983,12.99103380977041,-3.1004795928723845,0.6960113862656129,0.2534077918821808,-0.006373033466767972,-0.0496533300510699,-0.01275258221059875
51.53359692808822,10.217069450792025,12.992609497589433,-3.1009759250358564,0.6958838580281921,0.25335849150784967,-0.006340449158598055,-0.04961307815002379,-0.012753028966439204
51.54359692808823,10.219054397153949,12.994184865033892,-3.1014718539418102,0.6957563265723281,0.25330879671146966,-0.006307859489434615,-0.0495726785719664,-0.012753224727305593
51.553596928088226,10.22103895255616,12.995759909745132,-3.101967378115668,0.6956287943991829,0.25325871016152707,-0.006275264950277665,-0.04953213173873238,-0.012753170608130703
51.563596928088224,10.223023113921107,12.99733462938333,-3.102462496086986,0.6955012640012879,0.253208234507952,-0.006242666028862344,-0.04949143807038193,-0.012752867676110634
51.57359692808823,10.225006878189284,12.998909021627485,-3.10295720638946,0.6953737378625435,0.253157372382118,-0.006210063209658918,-0.04945059798520074,-0.012752316950704792
51.58359692808823,10.226990242319227,13.00048308417543,-3.1034515075609206,0.6952462184582198,0.2531061263968422,-0.0061774569738727745,-0.049409611899700064,-0.012751519403635891
51.593596928088225,10.228973203287516,13.002056814743824,-3.1039453981433347,0.6951187082549555,0.2530544991463854,-0.006144847799444426,-0.04936848022861667,-0.012750475958889961
51.60359692808822,10.230955758088776,13.003630211068158,-3.1044388766828064,0.6949912097107591,0.2530024932064519,-0.0061122361610495115,-0.04932720338491286,-0.012749187492716335
51.61359692808823,10.232937903735674,13.005203270902747,-3.104931941729577,0.6948637252750081,0.2529501111341897,-0.006079622530098793,-0.04928578177977646,-0.012747654833627657
51.623596928088226,10.23491963725892,13.00677599202074,-3.1054245918380228,0.6947362573884491,0.2528973554681903,-0.0060470073747381555,-0.04924421582262083,-0.012745878762399887
51.633596928088224,10.23690095570727,13.008348372214108,-3.105916825566658,0.6946088084831984,0.2528442287284888,-0.006014391159848613,-0.049202505921084876,-0.012743860012072283
51.64359692808823,10.238881856147511,13.009920409293649,-3.1064086414781302,0.6944813809827753,0.2527907334165737,-0.005981774347052917,-0.04916065248103346,-0.012741599267980665
51.65359692808823,10.240862335661202,13.011492101086116,-3.1069000381387677,0.6943539773120945,0.2527368720183116,-0.005949157396606329,-0.04911865590670514,-0.01273909717677861
51.663596928088225,10.242842391350223,13.013063445439032,-3.107391014119242,0.6942265998799526,0.25268264699899073,-0.005916540763869397,-0.04907651660049422,-0.01273635432759418
51.67359692808822,10.244822020336306,13.014634440220295,-3.107881567994588,0.6940992510811339,0.25262806080372685,-0.005883924899871475,-0.04903423496294734,-0.012733371256349272
51.68359692808823,10.246801219757248,13.016205083314873,-3.1083716983437206,0.6939719333083592,0.2525731158608548,-0.005851310253675058,-0.04899181139291938,-0.01273014845803695
51.693596928088226,10.248779986766914,13.017775372624804,-3.108861403749435,0.693844648952286,0.25251781458192857,-0.005818697272375789,-0.048949246287573425,-0.012726686386721437
51.703596928088224,10.25075831853523,13.0193453060692,-3.1093506827984085,0.6937174004015082,0.25246215936172134,-0.005786086401102451,-0.048906540042380764,-0.012722985455538112
51.71359692808823,10.252736212248182,13.020914881584236,-3.109839534081198,0.6935901900425564,0.2524061525782256,-0.00575347808301697,-0.04886369305112094,-0.012719046036693516
51.72359692808823,10.254713665107827,13.022484097123167,-3.1103279561922417,0.6934630202598976,0.25234979659265283,-0.005720872759314418,-0.048820705705881685,-0.01271486846146535
51.733596928088225,10.256690674332283,13.02405295065631,-3.110815947729859,0.6933358934359355,0.25229309374943387,-0.005688270869223008,-0.04877757839705898,-0.012710453020202473
51.74359692808822,10.258667237155732,13.02562144017106,-3.11130350729625,0.6932088119510103,0.2522360463762186,-0.005655672850004097,-0.04873431151335699,-0.012705799962324906
51.75359692808823,10.260643350828419,13.027189563671877,-3.1117906334974945,0.6930817781833987,0.2521786567838762,-0.005623079136952185,-0.04869090544178814,-0.012700909496323826
51.763596928088226,10.262619012616653,13.028757319180295,-3.1122773249435545,0.6929547945093142,0.25212092726649493,-0.005590490163394917,-0.048647360567673055,-0.012695781789761574
51.773596928088224,10.264594219802811,13.030324704734918,-3.1127635802482727,0.6928278633029066,0.2520628601013823,-0.005557906360693079,-0.04860367727464057,-0.012690416969271649
51.78359692808823,10.26656896968533,13.03189171839142,-3.1132493980293714,0.6927009869362623,0.2520044575490651,-0.005525328158240601,-0.04855985594462776,-0.012684815120558707
51.79274800506698,10.268375675498167,13.033325377128584,-3.1136935890602984,0.6925849314686655,0.25195072094661214,-0.005495520865671715,-0.04851963407503896,-0.012679481165032258
51.80274800506698,10.270349442719143,13.034891682571574,-3.114178460966982,0.692458526247673,0.25189123179291517,-0.0054628072610436685,-0.048475177789849486,-0.012672503892058849
51.81274800506698,10.272322836953084,13.036457598096856,-3.114662991358281,0.692331830373704,0.25183119830071465,-0.00543026923431747,-0.048430869210170785,-0.012666683188890335
51.82274800506698,10.27429575676332,13.038023128380377,-3.115147077685738,0.6922051923745288,0.2517703968931256,-0.005397750486473509,-0.048386365566701235,-0.012660928588208156
51.83274800506698,10.276268196243922,13.039588268665383,-3.11563071800284,0.6920786115940084,0.251708832806343,-0.005365250898100643,-0.04834166741479918,-0.012655238631035116
51.84274800506698,10.278240149524041,13.041153014227078,-3.116113910368339,0.6919520873915455,0.2516465112406792,-0.0053327703524343765,-0.048296775307490984,-0.012649611847441329
51.85274800506698,10.280211610767905,13.042717360372624,-3.1165966528462525,0.6918256191420834,0.2515834373605636,-0.005300308735356862,-0.04825168979547102,-0.012644046756544217
51.86274800506698,10.28218257417483,13.044281302441139,-3.117078943505866,0.6916992062361068,0.25151961629454284,-0.005267865935396903,-0.04820641142710166,-0.01263854186650851
51.87274800506698,10.284153033979203,13.0458448358037,-3.11756078042173,0.6915728480796411,0.2514550531352807,-0.005235441843729951,-0.04816094074841328,-0.01263309567454625
51.88274800506698,10.286122984450506,13.047407955863344,-3.118042161673661,0.6914465440942533,0.2513897529395581,-0.005203036354178103,-0.04811527830310428,-0.012627706666916778
51.89274800506698,10.288092419893289,13.048970658055064,-3.1185230853467436,0.691320293717051,0.2513237207282732,-0.005170649363210109,-0.04806942463254107,-0.012622373318926754
51.90274800506698,10.290061334647191,13.050532937845807,-3.119003549531326,0.6911940964006829,0.25125696148644117,-0.005138280769941367,-0.048023380275758046,-0.012617094094930142
51.91274800506698,10.29202972308693,13.052094790734486,-3.119483552323025,0.691067951613339,0.2511894801631945,-0.005105930476133921,-0.047977145769457635,-0.012611867448328212
51.92274800506698,10.293997579622305,13.053656212251964,-3.1199630918227217,0.6909418588387503,0.2511212816717828,-0.0050735983861964675,-0.04793072164801026,-0.012606691821569546
51.93274800506698,10.295964898698195,13.055217197961065,-3.120442166136565,0.6908158175761888,0.25105237088957283,-0.005041284407184349,-0.04788410844345436,-0.012601565646150035
51.94274800506698,10.297931674794562,13.056777743456571,-3.1209207733759694,0.6906898273404676,0.2509827526580486,-0.005008988448799557,-0.04783730668549638,-0.012596487342612872
51.95274800506698,10.29989790242645,13.058337844365221,-3.121398911657615,0.6905638876619408,0.25091243178281103,-0.004976710423390734,-0.04779031690151076,-0.012591455320548567
51.96274800506698,10.301863576143978,13.059897496345712,-3.1218765791034495,0.6904379980865035,0.2508414130335786,-0.004944450245953168,-0.04774313961653998,-0.01258646797859493
51.97274800506698,10.303828690532356,13.061456695088701,-3.1223537738406852,0.6903121581755923,0.25076970114418656,-0.004912207834128799,-0.04769577535329451,-0.012581523704437087
51.98274800506698,10.305793240211866,13.063015436316796,-3.122830494001802,0.6901863675061843,0.2506973008125876,-0.004879983108206213,-0.04764822463215282,-0.012576620874807466
51.99274800506698,10.307757219837876,13.064573715784572,-3.123306737724546,0.6900606256707982,0.25062421670085155,-0.004847775991120647,-0.04760048797116139,-0.012571757855485808
52.002748005066984,10.309720624100835,13.066131529278554,-3.123782503151928,0.6899349322774931,0.2505504534351652,-0.004815586408453984,-0.04755256588603474,-0.012566933001299161
52.01274800506698,10.311683447726272,13.067688872617229,-3.1242577884322267,0.68980928694987,0.2504760156058327,-0.004783414288434759,-0.047504458890155345,-0.01256214465612188
52.02274800506698,10.313645685474796,13.06924574165104,-3.124732591718986,0.6896836893270701,0.25040090776727536,-0.004751259561938154,-0.04745616749457374,-0.012557391152875628
52.03274800506698,10.3156073321421,13.070802132262388,-3.1252069111710177,0.6895581390637763,0.25032513443803156,-0.004719122162485999,-0.04740769220800844,-0.01255267081352938
52.04274800506698,10.317568382557534,13.072358040364378,-3.125680744952247,0.6894326358310919,0.2502487001021108,-0.004687002026357567,-0.047359033536891845,-0.012547981949532968
52.05274800506698,10.319528831558667,13.07391346187782,-3.126154091228783,0.6893071793363632,0.2501716092336077,-0.0046548990951122745,-0.04731019198626404,-0.012543322871181066
52.06274800506698,10.321488674047062,13.075468392779804,-3.1266269481744464,0.6891817692943067,0.2500938662440137,-0.004622813311987493,-0.04726116805806775,-0.012538691872805032
52.072748005066984,10.323447904969337,13.07702282908807,-3.1270993139693672,0.6890564054294189,0.25001547549946435,-0.004590744622140806,-0.04721196225159251,-0.012534087234884422
52.08274800506698,10.325406519301126,13.078576766847032,-3.127571186798389,0.6889310874843423,0.24993644133589335,-0.0045586929736936375,-0.04716257506396472,-0.012529507228326756
52.09274800506698,10.327364512047083,13.080130202127773,-3.1280425648510706,0.688805815219865,0.24985676805903237,-0.004526658317731255,-0.047113006990147775,-0.012524950114467524
52.10274800506698,10.329321878240876,13.081683131028052,-3.1285134463216853,0.688680588414921,0.24977645994441114,-0.004494640608302767,-0.04706325852294195,-0.012520414145070184
52.11274800506698,10.331278612945189,13.083235549672299,-3.1289838294092207,0.6885554068665906,0.2496955212373574,-0.004462639802421124,-0.0470133301529845,-0.012515897562326161
52.12274800506698,10.333234711251725,13.084787454211611,-3.129453712317379,0.6884302703900994,0.2496139561529969,-0.004430655860063117,-0.046963222368749565,-0.012511398598854846
52.13274800506698,10.335190168281203,13.086338840823762,-3.1299230932545785,0.6883051788188193,0.2495317688762534,-0.004398688744169379,-0.04691293565654826,-0.012506915477703598
52.142748005066984,10.337144979183359,13.087889705713193,-3.1303919704339496,0.6881801320042678,0.24944896356184876,-0.004366738420644387,-0.04686247050052862,-0.012502446412347747
52.15274800506698,10.339099139136943,13.089440045111022,-3.1308603420733396,0.6880551298161084,0.24936554433430277,-0.0043348048583564565,-0.0468118273826756,-0.012497989606690582
52.16274800506698,10.341052643349723,13.090989855275033,-3.1313282063953096,0.6879301721421505,0.24928151528793333,-0.0043028880291377455,-0.04676100678281111,-0.01249354325506337
52.17274800506698,10.343005487058486,13.092539132489687,-3.1317955616271345,0.6878052588883492,0.24919688048685631,-0.004270987907784255,-0.04671000917859397,-0.012489105542225338
52.18274800506698,10.344957665529034,13.094087873066112,-3.1322624060008053,0.6876803899788058,0.24911164396498564,-0.004239104472055827,-0.046658835045519945,-0.012484674643363681
52.19274800506698,10.346909174056183,13.09563607334211,-3.132728737753027,0.6875555653557669,0.24902580972603325,-0.004207237702676145,-0.04660748485692174,-0.012480248724093566
52.20274800506698,10.348860007963772,13.097183729682156,-3.1331945551252183,0.6874307849796256,0.2489393817435091,-0.004175387583332733,-0.046555959083968985,-0.01247582594045812
52.21274800506698,10.35081016260465,13.098730838477392,-3.133659856363515,0.6873060488289204,0.2488523639607212,-0.004143554100676959,-0.046504258195668245,-0.012471404438928446
52.22274800506698,10.352759633360687,13.100277396145637,-3.1341246397187645,0.6871813569003362,0.24876476029077554,-0.0041117372443240305,-0.04645238265886302,-0.012466982356403606
52.23274800506698,10.354708415642769,13.101823399131378,-3.1345889034465313,0.6870567092087031,0.2486765746165762,-0.0040799370068529996,-0.046400332938233736,-0.012462557820210638
52.24274800506698,10.356656504890797,13.103368843905775,-3.1350526458070935,0.6869321057869975,0.2485878107908252,-0.004048153383806757,-0.04634810949629776,-0.01245812894810454
52.252748005066984,10.358603896573687,13.10491372696666,-3.135515865065443,0.6868075466863416,0.24849847263602265,-0.004016386373692036,-0.04629571279340939,-0.01245369384826828
52.26274800506698,10.36055058618938,13.106458044838535,-3.1359785594912886,0.6866830319760034,0.24840856394446667,-0.003984635977979412,-0.04624314328775986,-0.012449250619312796
52.27274800506698,10.362496569264822,13.108001794072576,-3.1364407273590516,0.686558561743397,0.24831808847825343,-0.003952902201103304,-0.04619040143537733,-0.012444797350276988
52.28274800506698,10.364441841355985,13.10954497124663,-3.136902366947869,0.6864341360940819,0.24822704996927705,-0.003921185050461967,-0.0461374876901269,-0.01244033212062773
52.29274800506698,10.366386398051779,13.111087572967987,-3.137363476541487,0.6863097551565909,0.24813545211645893,-0.0038894845367893134,-0.046084402503741774,-0.012435852998984387
52.30274800506698,10.36833023497377,13.1126295958727,-3.1378240544278717,0.6861854190875815,0.24804329858674115,-0.003857800674564913,-0.04603114632594355,-0.012431358042319004
52.31274800506698,10.370273347760438,13.11417103661423,-3.1382840988994194,0.6860611280552971,0.2479505930266225,-0.0038261334807460643,-0.04597771960438196,-0.012426845300604715
52.322748005066984,10.372215732075961,13.115711891869937,-3.138743608252941,0.6859368822473441,0.24785733905551113,-0.0037944829753592656,-0.045924122784638026,-0.012422312814443453
52.33274800506698,10.374157383610612,13.117252158341364,-3.1392025807896577,0.6858126818710997,0.2477635402654368,-0.0037628491815314487,-0.045870356310225485,-0.012417758614950437
52.34274800506698,10.376098298080754,13.118791832754237,-3.139661014815199,0.685688527153712,0.2476692002210508,-0.0037312321254899835,-0.04581642062259083,-0.012413180723754184
52.35274800506698,10.378038471228852,13.120330911858465,-3.140118908639606,0.6855644183421001,0.24757432245962607,-0.0036996318365626747,-0.0457623161611133,-0.012408577152996501
52.36189908204573,10.379813285413979,13.121738810599119,-3.140537456008565,0.6854508858655608,0.2474870308962836,-0.003670728888899419,-0.04571265723372646,-0.012404340187354618
52.37189908204573,10.381751926903336,13.123276749536902,-3.1409942063122984,0.6853272268120131,0.2473905577791024,-0.003639018218367139,-0.04565785380308365,-0.012398605475942797
52.38189908204573,10.383689905432531,13.124814069950302,-3.141450511565409,0.6852032640571839,0.2472930919424013,-0.003607501753002591,-0.045603158904222896,-0.012393946577418047
52.391899082045725,10.385627115718513,13.126350773426857,-3.141906268692889,0.6850793480108699,0.24719441308082316,-0.0035760237744134307,-0.04554822919670841,-0.01238926421728098
52.40189908204573,10.387563548473981,13.127886852345906,-3.1423614753512163,0.6849554789152276,0.24709452927888745,-0.003544584318226682,-0.04549306531499803,-0.012384555553788236
52.41189908204573,10.389499194465717,13.129422299136806,-3.142816129202889,0.6848316570429728,0.24699344856358352,-0.0035131834244876213,-0.04543766789069223,-0.012379817721851165
52.42189908204573,10.391434044514593,13.130957106278924,-3.143270227916426,0.6847078826973798,0.24689117890437062,-0.0034818211376597768,-0.04538203755253417,-0.012375047833035826
52.43189908204573,10.39336808949556,13.132491266301644,-3.1437237691663644,0.6845841562122825,0.2467877282131779,-0.003450497506624928,-0.045326174926409654,-0.012370242975562986
52.44189908204573,10.395301320337659,13.13402477178436,-3.1441767506332616,0.6844604779520735,0.24668310434440438,-0.003419212584683107,-0.045270080635347126,-0.012365400214308127
52.45189908204573,10.39723372802401,13.135557615356483,-3.1446291700036944,0.6843368483117042,0.246577315094919,-0.0033879664295525963,-0.045213755299517704,-0.012360516590801434
52.461899082045726,10.399165303591824,13.137089789697436,-3.1450810249702603,0.6842132677166852,0.2464703682040606,-0.0033567591033699306,-0.04515719953623516,-0.012355589123227807
52.47189908204573,10.40109603813239,13.13862128753666,-3.1455323132315756,0.6840897366230861,0.24636227135363792,-0.003325590672689897,-0.04510041395995593,-0.012350614806426848
52.48189908204573,10.403025922791091,13.140152101653605,-3.145983032492277,0.6839662555175355,0.24625303216792954,-0.003294461208485533,-0.045043399182279086,-0.01234559061189288
52.49189908204573,10.404954948767383,13.141682224877737,-3.14643318046302,0.6838428249172208,0.24614265821368406,-0.0032633707861481286,-0.04498615581194637,-0.012340513487774925
52.50189908204573,10.406883107314815,13.143211650088537,-3.1468827548604805,0.6837194453698886,0.2460311570001198,-0.0032323194854872255,-0.04492868445484218,-0.01233538035887672
52.51189908204573,10.408810389741019,13.144740370215498,-3.1473317534073546,0.6835961174538443,0.24591853597892516,-0.0032013073907306167,-0.04487098571399356,-0.012330188126656712
52.52189908204573,10.410736787407709,13.146268378238126,-3.147780173832357,0.6834728417779525,0.2458048025442583,-0.003170334590524347,-0.044813060189570236,-0.012324933669228053
52.531899082045726,10.412662291730689,13.147795667185946,-3.1482280138702228,0.6833496189816366,0.24568996403274734,-0.0031394011779327133,-0.04475490847888455,-0.012319613841358608
52.54189908204573,10.414586894179841,13.149322230138491,-3.1486752712617068,0.6832264497348791,0.2455740277234903,-0.003108507250438263,-0.044696531176391545,-0.012314225474470954
52.55189908204573,10.416510586279136,13.15084806022531,-3.149121943753584,0.6831033347382214,0.24545700083805502,-0.003077652909941797,-0.04463792887368888,-0.012308765376642371
52.56189908204573,10.41843335960663,13.152373150625971,-3.1495680290986474,0.682980274722764,0.2453388905404794,-0.003046838262762366,-0.0445791021595169,-0.012303230332604855
52.57189908204573,10.420355205794461,13.153897494570046,-3.1500135250557117,0.6828572704501662,0.24521970393727102,-0.0030160634196372735,-0.0445200516197586,-0.012297617103745108
52.58189908204573,10.422276116528854,13.15542108533713,-3.1504584293896105,0.6827343227126466,0.24509944807740755,-0.0029853284957220747,-0.044460777837439604,-0.012291922428104543
52.59189908204573,10.424196083550116,13.156943916256827,-3.1509027398711975,0.6826114323329823,0.24497812995233642,-0.0029546336105905763,-0.04440128139272824,-0.012286143020379281
52.601899082045726,10.42611509864652,13.158465980703472,-3.151346454276798,0.6824886001706016,0.24485575650171948,-0.002923978888761004,-0.04434156286309259,-0.012280275574779502
52.61189908204573,10.428033153638138,13.159987272081322,-3.151789570386356,0.6823658271466905,0.24473233462918204,-0.0028933644619100734,-0.04428162282381968,-0.012274316776816322
52.62189908204573,10.429950240435286,13.161507783874598,-3.1522320859885262,0.6822431141888547,0.2446078711476848,-0.0028627904641114654,-0.044221461846545226,-0.012268263277525032
52.63189908204573,10.431866351000048,13.163027509615675,-3.15267399887792,0.682120462254694,0.244482372814588,-0.002832257033801811,-0.044161080500067146,-0.012262111704697168
52.64189908204573,10.433781477339592,13.164546442879415,-3.153115306854553,0.6819978723374122,0.24435584633785415,-0.002801764314260283,-0.04410047935050493,-0.012255858665521632
52.65189908204573,10.435695611506167,13.166064577283155,-3.153556007723845,0.6818753454658177,0.24422829837604812,-0.0027713124536085966,-0.04403965896129963,-0.012249500746584695
52.66189908204573,10.437608745597107,13.16758190648672,-3.1539960992966223,0.6817528827043239,0.24409973553833705,-0.0027409016048110073,-0.04397861989321389,-0.012243034513869988
52.67189908204573,10.439520871754823,13.169098424192418,-3.1544355793891143,0.6816304851529482,0.24397016438449046,-0.0027105319256743136,-0.0439173627043319,-0.012236456512758512
52.68189908204573,10.441431982166815,13.170614124145034,-3.1548744458229567,0.6815081539473129,0.24383959142488007,-0.002680203578847856,-0.04385588795005946,-0.012229763268028633
52.69189908204573,10.443342069065663,13.172129000131843,-3.1553126964251894,0.6813858902586448,0.24370802312048,-0.0026499167318235145,-0.04379419618312392,-0.01222295128385608
52.70189908204573,10.445251124729028,13.173643045982596,-3.1557503290282574,0.6812636952937752,0.24357546588286666,-0.0026196715569357138,-0.043732287953574214,-0.012216017043813952
52.71189908204573,10.447159141479656,13.175156255569531,-3.156187341470011,0.6811415702951399,0.2434419260742188,-0.002589468231361418,-0.04367016380878085,-0.012208957010872708
52.72189908204573,10.449066111685369,13.176668622807368,-3.156623731593705,0.6810195165407794,0.2433074100073174,-0.002559306937120135,-0.04360782429343591,-0.012201767627400181
52.73189908204573,10.450972027759082,13.178180141653309,-3.1570594972479986,0.6808975353443386,0.24317192394554582,-0.0025291878610739127,-0.04354526994955305,-0.01219444531516156
52.74189908204573,10.452876882158783,13.179690806107036,-3.1574946362869576,0.6807756280550672,0.24303547410288973,-0.0024991111949273412,-0.04348250131646751,-0.012186986475319407
52.75189908204573,10.45478066738755,13.18120061021072,-3.1579291465700505,0.6806537960578193,0.24289806664393707,-0.0024690771352275528,-0.043419518930836086,-0.012179387488433648
52.76189908204573,10.456683375993535,13.182709548049006,-3.158363025962152,0.6805320407730534,0.24275970768387814,-0.0024390858833642213,-0.04335632332663716,-0.012171644714461572
52.77189908204573,10.45858500056998,13.18421761374903,-3.1587962723335425,0.6804103636568328,0.2426204032885055,-0.0024091376455695626,-0.04329291503517069,-0.012163754492757835
52.78189908204573,10.460485533755206,13.185724801480408,-3.1592288835599054,0.6802887662008253,0.24248015947421409,-0.0023792326329183334,-0.043229294585058205,-0.012155713142074462
52.79189908204573,10.462384968232618,13.187231105455233,-3.1596608575223306,0.6801672499323033,0.24233898220800107,-0.002349371061327833,-0.04316546250224282,-0.01214751696056084
52.80189908204573,10.464283296730699,13.188736519928089,-3.160092192107312,0.6800458164141435,0.24219687740746598,-0.002319553151557902,-0.043101419309989196,-0.01213916222576372
52.81189908204573,10.46618051202303,13.190241039196037,-3.160522885206745,0.6799244672448972,0.24205385094081525,-0.002289779129212431,-0.04303716552888459,-0.012130645194634068
52.82189908204573,10.468076606929472,13.191744657598743,-3.160952934717329,0.6798032040704133,0.24190990862755657,-0.0022600492249782392,-0.042972701677001734,-0.012121962104731517
52.83189908204573,10.469971574313332,13.193247369516786,-3.1613823385409736,0.6796820285742572,0.241765056239511,-0.002230363674411379,-0.042908028269786916,-0.01211310917363351
52.84189908204573,10.47186540707725,13.194749169368986,-3.1618110945849613,0.6795609424719692,0.24161929950341574,-0.002200722717883945,-0.04284314582002511,-0.012104082598516034
52.85189908204573,10.473758098163419,13.196250051612143,-3.162239200761564,0.6794399475181312,0.24147264410177538,-0.002171126600750523,-0.04277805483794616,-0.012094878556841219
52.86189908204573,10.475649640553591,13.19775001074103,-3.162666654988044,0.6793190455063667,0.2413250956728619,-0.0021415755733481907,-0.04271275583122475,-0.012085493206357331
52.87189908204573,10.477540027269074,13.199249041288395,-3.1630934551866545,0.6791982382693404,0.24117665981071465,-0.002112069890996518,-0.042647249304980414,-0.012075922685098786
52.88189908204573,10.479429251370725,13.200747137824962,-3.1635195992846383,0.679077527678759,0.2410273420651404,-0.002082609813997566,-0.042581535761777575,-0.012066163111386134
52.89189908204573,10.481317305958962,13.202244294959431,-3.163945085214229,0.6789569156453703,0.24087714794171325,-0.002053195607635887,-0.04251561570162548,-0.012056210583826072
52.90189908204573,10.483204184173756,13.203740507338477,-3.164369910912651,0.6788364041189637,0.24072608290177466,-0.002023827542178526,-0.04244948962197826,-0.012046061181311433
52.91189908204573,10.485089879194632,13.205235769646752,-3.1647940743221175,0.6787159950883703,0.2405741523624335,-0.0019945058928750193,-0.04238315801773488,-0.012035710963021196
52.921899082045734,10.486974384240673,13.20673007660688,-3.165217573389834,0.6785956905814626,0.24042136169656603,-0.001965230939957394,-0.04231662138123918,-0.012025155968420478
52.931050159024494,10.488697860841036,13.208096686809165,-3.1656045367636567,0.6784856923507463,0.2402807926213573,-0.0019384823663525673,-0.042255553947511404,-0.012015314184615869
52.9410501590245,10.490579968187527,13.20958915777632,-3.166026653387193,0.6783659612602081,0.2401256139523455,-0.0019091648031600507,-0.0421882437288008,-0.012002860062390066
52.9510501590245,10.492460953361558,13.211080642405896,-3.166448199826975,0.6782459935554955,0.23996876384569066,-0.0018800812542722593,-0.042120997783717244,-0.011990524973377518
52.961050159024495,10.494340706386263,13.212571137662803,-3.1668690724076463,0.6781261542123982,0.2398100269505944,-0.0018510814117233961,-0.042053472037523146,-0.011977188236740644
52.9710501590245,10.496219212745858,13.214060631666387,-3.1672892683350993,0.6780064532457667,0.2396494153987427,-0.00182216693354192,-0.041985667195599256,-0.011962846975904174
52.9810501590245,10.49809645800599,13.215549112618904,-3.167708784822081,0.6778869007069168,0.23948694122825748,-0.001793339474866079,-0.041917583959804966,-0.011947498188561776
52.991050159024496,10.499972427813733,13.217036568805508,-3.1681276190881906,0.6777675066836303,0.23932261638369634,-0.0017646006879439092,-0.04184922302847831,-0.011931138746676064
53.001050159024494,10.501847107897579,13.21852298859426,-3.168545768359883,0.6776482813001542,0.23915645271605274,-0.001735952222133236,-0.04178058509643595,-0.011913765396478588
53.0110501590245,10.50372048406745,13.220008360436124,-3.168963229870467,0.6775292347172014,0.238988461982756,-0.0017073957239016732,-0.04171167085497321,-0.01189537475846984
53.0210501590245,10.505592542214691,13.22149267286496,-3.1693800008601034,0.67741037713195,0.23881865584767123,-0.0016789328368266231,-0.04164248099186405,-0.011875963327419255
53.031050159024495,10.507463268312074,13.22297591449754,-3.1697960785758093,0.677291718778044,0.23864704588109928,-0.0016505652015952773,-0.04157301619136107,-0.011855527472365209
53.0410501590245,10.509332648413798,13.224458074033533,-3.170211460271454,0.6771732699255925,0.23847364355977693,-0.0016222944560046152,-0.04150327713419551,-0.011834063436615017
53.0510501590245,10.511200668655478,13.225939140255514,-3.170626143207761,0.6770550408811707,0.2382984602668767,-0.0015941222349614057,-0.04143326449757725,-0.011811567337744938
53.0610501590245,10.513067315254167,13.227419102028957,-3.1710401246523094,0.6769370419878192,0.23812150729200696,-0.0015660501704822063,-0.04136297895519482,-0.011788035167600167
53.071050159024495,10.514932574508334,13.228897948302244,-3.1714534018795297,0.6768192836250438,0.23794279583121186,-0.0015380798916933627,-0.04129242117721539,-0.011763462792294847
53.0810501590245,10.516796432788599,13.23037566809859,-3.1718659721701883,0.6767017762250986,0.2377623369946082,-0.0015102130261699957,-0.041221591830421234,-0.011737845965845461
53.0910501590245,10.518658876544418,13.231852250521037,-3.172277832811583,0.6765845302631295,0.2375801418005404,-0.0014824511979833108,-0.04115049157814175,-0.011711180322174872
53.101050159024496,10.520519892320495,13.233327684766998,-3.1726889810985406,0.6764675562277599,0.23739622116218367,-0.0014547960257997677,-0.04107912107999748,-0.011683461351322363
53.111050159024494,10.522379466733689,13.234801960108866,-3.1730994143322757,0.6763508646600817,0.23721058590682,-0.0014272491270816826,-0.04100748099221281,-0.011654684432333912
53.1210501590245,10.5242375864726,13.236275065893661,-3.173509129820366,0.6762344661543593,0.23702324677617878,-0.0013998121181549824,-0.04093557196762176,-0.011624844833853301
53.1310501590245,10.526094238297576,13.237746991543032,-3.173918124876755,0.6761183713580303,0.23683421442643682,-0.001372486614209202,-0.040863394655667934,-0.01159393771412213
53.141050159024495,10.527949409040707,13.239217726553251,-3.174326396821752,0.6760025909717049,0.23664349942821822,-0.0013452742292974868,-0.04079094970240459,-0.011561958120979803
53.1510501590245,10.529803085605828,13.240687260495223,-3.1747339429820305,0.6758871357491665,0.23645111226659454,-0.0013181765763365914,-0.040718237750494594,-0.011528900991863543
53.1610501590245,10.53165525496852,13.242155583014478,-3.175140760690628,0.6757720164973712,0.23625706334108473,-0.00129119526710688,-0.04064525943921043,-0.011494761153808377
53.171050159024496,10.533505904176105,13.243622683831175,-3.175546847286949,0.6756572440764481,0.2360613629656551,-0.0012643319122523262,-0.040572015404434184,-0.011459533323447147
53.181050159024494,10.535355020347652,13.245088552740102,-3.1759522001167606,0.6755428293996992,0.23586402136871934,-0.0012375881212805138,-0.040498506278657594,-0.011423212107010505
53.1910501590245,10.537202590673974,13.246553179610672,-3.1763568165321976,0.6754287834335995,0.2356650486931385,-0.001210965502562635,-0.04042473269098199,-0.011385792000326913
53.2010501590245,10.53904860241763,13.248016554386929,-3.176760693891758,0.6753151171977966,0.23546445499622107,-0.0011844656633334923,-0.04035069526711834,-0.011347267388822647
53.211050159024495,10.540893042912918,13.24947866708754,-3.177163829560305,0.6752018417651112,0.23526225024972286,-0.0011580902096914977,-0.040276394629387216,-0.01130763254752179
53.2210501590245,10.542735899559004,13.250939507799897,-3.1775662209086835,0.6750889682732356,0.23505844434579423,-0.001131840747443363,-0.04020183139682289,-0.011266881649422559
53.2310501590245,10.54457715981696,13.252399066676897,-3.177967865313419,0.6749765079306878,0.23485304709960717,-0.0011057188815555329,-0.04012700618524395,-0.011225008770496824
53.241050159024496,10.546416811239872,13.253857333962717,-3.178368760158392,0.6748644719656327,0.2346460682233556,-0.0010797262124573829,-0.040051919606797604,-0.011182007853823698
53.251050159024494,10.548254841445292,13.25531429996991,-3.1787689028334607,0.6747528716715964,0.23443751734995916,-0.0010538643404480444,-0.039976572270346025,-0.011137872742005417
53.2610501590245,10.550091238113367,13.256769955077823,-3.17916829073436,0.6746417184106087,0.23422740403467693,-0.0010281348659617125,-0.03990096478149364,-0.011092597179400348
53.2710501590245,10.551925988986838,13.258224289732594,-3.1795669212627047,0.674531023613203,0.23401573775510742,-0.0010025393895676461,-0.03982509774258712,-0.011046174812122986
53.281050159024495,10.553759081871037,13.259677294447153,-3.1799647918259866,0.6744207987784168,0.23380252791118852,-0.0009770795119701673,-0.0397489717527154,-0.010998599188043955
53.2910501590245,10.555590504633896,13.261128959801226,-3.180361899837576,0.6743110554737908,0.23358778382519754,-0.0009517568340086616,-0.039672587407709646,-0.010949863756790008
53.3010501590245,10.557420245205938,13.262579276441334,-3.1807582427167214,0.6742018053353699,0.23337151474175125,-0.0009265729566575781,-0.03959594530014327,-0.01089996186974403
53.3110501590245,10.559248291580282,13.264028235080787,-3.1811538178885495,0.6740930600677028,0.23315372982780574,-0.0009015294810264295,-0.039519046019331955,-0.01084888678004503
53.321050159024495,10.56107463181264,13.26547582649969,-3.181548622784064,0.6739848314438417,0.23293443817265663,-0.0008766280083597918,-0.0394418901513336,-0.010796631642588152
53.3310501590245,10.562899254021321,13.266922041544944,-3.1819426548401495,0.6738771313053427,0.23271364878793888,-0.0008518701400373041,-0.03936447827894837,-0.010743189514024663
53.3410501590245,10.564722146387224,13.268366871130238,-3.1823359114995653,0.6737699715622655,0.23249137060762684,-0.0008272574775736699,-0.03928681098171869,-0.010688553352761964
53.351050159024496,10.56654329715385,13.26981030623606,-3.1827283902109516,0.6736633641931739,0.2322676124880344,-0.0008027916226186554,-0.03920888883592921,-0.010632716018963583
53.3610501590245,10.568362694627286,13.271252337909687,-3.1831200884288253,0.6735573212451351,0.23204238320781473,-0.0007784741769570905,-0.03913071241460683,-0.010575670274549177
53.3710501590245,10.570180327172208,13.272692957261539,-3.183511003613305,0.67345185484083,0.23181569147164952,-0.0007543067425268255,-0.0390522822875946,-0.010517408786675848
53.3810501590245,10.571996183208848,13.274132155461642,-3.1839011332297518,0.6733469771843239,0.23158754591340916,-0.0007302909202515249,-0.03897359902163813,-0.010457924131244035
53.391050159024495,10.57381025123092,13.275569923756057,-3.184290474750042,0.6732427005288835,0.23135795507957047,-0.0007064283101860696,-0.03889466318004696,-0.010397208778129913
53.4010501590245,10.575622519788128,13.277006253451944,-3.1846790256515614,0.6731390372072675,0.23112692744481336,-0.0006827205131817483,-0.03881547532297435,-0.010335255105875685
53.4110501590245,10.57743297748482,13.278441135916385,-3.185066783417122,0.6730359996340574,0.23089447141322406,-0.000659169130951192,-0.038736036007440196,-0.01027205540281542
53.421050159024496,10.579241612980002,13.279874562576394,-3.18545374553496,0.6729336003056556,0.2306605953182949,-0.0006357757660683737,-0.038656345787331,-0.010207601867075061
53.4310501590245,10.581048414987329,13.281306524918913,-3.185839909498738,0.6728318518002876,0.23042530742292436,-0.0006125420219686089,-0.038576405213399896,-0.010141886606572422
53.4410501590245,10.582853372275107,13.28273701449081,-3.186225272807545,0.6727307667779999,0.2301886159194172,-0.0005894695029485552,-0.03849621483326666,-0.01007490163901718
53.4510501590245,10.584656473666298,13.284166022898882,-3.1866098329658925,0.6726303579806614,0.22995052892948425,-0.0005665598141662125,-0.03841577519141765,-0.01000663889191089
53.461050159024495,10.586457708038512,13.285593541809849,-3.18699358748372,0.672530638231963,0.22971105450424262,-0.000543814561640923,-0.03833508682920589,-0.009937090202546971
53.4710501590245,10.588257064324015,13.287019562950366,-3.1873765338763915,0.6724316204374174,0.22947020062421547,-0.0005212353522533709,-0.038254150284851005,-0.009866247318010715
53.4810501590245,10.590054531509722,13.28844407810701,-3.187758669664697,0.6723333175843592,0.22922797519933225,-0.000498823793745583,-0.03817296609343925,-0.009794101895179281
53.491050159024496,10.5918500986372,13.289867079126287,-3.1881399923748512,0.6722357427419453,0.2289843860689285,-0.00047658149472092775,-0.038091534786923516,-0.009720645500721704
53.50020123600326,10.593491561698064,13.291167944635186,-3.188488229148615,0.6721471003788763,0.22876028742941523,-0.0004563770822022811,-0.038016800283521356,-0.009652268974378805
53.51020123600326,10.595283363242576,13.29258802688943,-3.1888678831903556,0.6720513269858006,0.22851311298773802,-0.0004343616209481454,-0.037934510097337365,-0.009575846794325257
53.52020123600326,10.597073312643792,13.294006556735093,-3.1892468171929713,0.6719559444029214,0.2282632916411707,-0.000412677953496852,-0.03785223564171107,-0.009500679533375253
53.53020123600326,10.598861296101761,13.295423521415518,-3.1896249268040413,0.6718613130848623,0.2280106137902712,-0.0003912028660214283,-0.0377696319010597,-0.009425591217958601
53.540201236003256,10.600647291287121,13.296838903309908,-3.190002208734741,0.6717674323273833,0.22775509675201955,-0.00036993565948298737,-0.03768669963020724,-0.009350566270315856
53.55020123600326,10.602431275995244,13.298252684906466,-3.190378659703606,0.6716743015776414,0.22749675769320846,-0.0003488756558405469,-0.0376034395797317,-0.009275589196773702
53.56020123600326,10.604213228146246,13.29966484880238,-3.190754276436533,0.6715819204341901,0.2272356136304436,-0.0003280221980510292,-0.037519852495965116,-0.009200644587744965
53.57020123600326,10.60599312578499,13.301075377703837,-3.1911290556667784,0.6714902886469803,0.2269716814301433,-0.00030737465006926097,-0.037435939120993515,-0.009125717117728601
53.58020123600326,10.607770947081066,13.302484254426014,-3.19150299413496,0.6713994061173597,0.22670497780853874,-0.0002869323968479735,-0.037351700192656954,-0.009050791545309713
53.59020123600326,10.60954667032882,13.303891461893084,-3.1918760885890554,0.671309272898073,0.2264355193316739,-0.00026669484433780274,-0.037267136444549515,-0.00897585271315953
53.60020123600326,10.61132027394733,13.30529698313821,-3.1922483357844023,0.6712198891932614,0.22616332241540552,-0.0002466614194872891,-0.03718224860601927,-0.008900885548035422
53.610201236003256,10.613091736480417,13.306700801303547,-3.1926197324837005,0.6711312553584637,0.22588840332540316,-0.0002268315702428777,-0.03709703740216833,-0.008825875060780893
53.62020123600326,10.614861036596645,13.308102899640245,-3.1929902754570083,0.6710433719006152,0.2256107781771491,-0.000207204765548918,-0.03701150355385281,-0.008750806346325586
53.63020123600326,10.616628153080288,13.309503261500529,-3.193359961481369,0.6709562394729055,0.2253304629431009,-0.00018778049325602443,-0.03692564777777058,-0.008675664578689022
53.64020123600326,10.618393064835,13.310901870339793,-3.1937287873408375,0.670869858878345,0.22504747344939888,-0.00016855826060896225,-0.036839470786437595,-0.008600435019488062
53.65020123600326,10.620155750901324,13.31229870973235,-3.194096749827267,0.6707842310782605,0.22476182536208206,-0.00014953759834234506,-0.03675297328801099,-0.008525103024482103
53.66020123600326,10.621916190431781,13.313693763350646,-3.1944638457393837,0.6706993571762735,0.22447353420716648,-0.00013071805519784444,-0.0366661559865187,-0.008449654023456665
53.67020123600326,10.623674362690268,13.31508701496473,-3.194830071882765,0.6706152384179309,0.2241826153711332,-0.00011209919778714402,-0.036579019581865206,-0.008374073519801923
53.680201236003256,10.625430247052057,13.316478448442263,-3.1951954250698393,0.6705318761907051,0.22388908410092812,-9.368061059193945e-05,-0.03649156476983153,-0.00829834709051271
53.69020123600326,10.62718382300379,13.317868047748506,-3.1955599021198857,0.6704492720239934,0.22359295550396202,-7.54618959639384e-05,-0.036403792242075246,-0.008222460386188504
53.70020123600326,10.628935070143484,13.319255796946333,-3.195923499859034,0.6703674275891188,0.22329424454811067,-5.744267412486064e-05,-0.03631570268613048,-0.008146399131033443
53.71020123600326,10.630683968180533,13.320641680196225,-3.196286215120263,0.6702863446993291,0.22299296606171468,-3.962258316643797e-05,-0.0362272967854079,-0.00807014912285631
53.720201236003255,10.632430496935697,13.322025681756264,-3.196648044743405,0.6702060253097978,0.2226891347335796,-2.2001279050414105e-05,-0.03613857521919473,-0.00799369623307055
53.73020123600326,10.634174636341118,13.323407785982146,-3.1970089855751413,0.6701264715176232,0.22238276511297586,-4.578435608544959e-06,-0.03604953866265474,-0.007917026406694255
53.74020123600326,10.635916366440306,13.324787977327173,-3.197369034469004,0.6700476855618293,0.22207387160963887,1.2646255457401625e-05,-0.035960187786828246,-0.00784012566235017
53.75020123600326,10.6376556673827,13.326166240337539,-3.1977281882851463,0.6699696698202712,0.22176246849828737,2.9673083986737492e-05,-0.035870523258686886,-0.0077629800892294555
53.76020123600326,10.639392519416878,13.327542559645574,-3.198086443889963,0.669892426805849,0.22144856992429732,4.650231608381507e-05,-0.035780545741211985,-0.007685575846959167
53.77020123600326,10.641126902919565,13.328916919994652,-3.1984437981573053,0.669815959182301,0.22113218987962355,6.313419895575685e-05,-0.03569025589310239,-0.007607899181408253
53.78020123600326,10.64285879836885,13.330289306217106,-3.198800247967473,0.6697402697483482,0.22081334222500487,7.956896552092064e-05,-0.03559965436903024,-0.00752993640442167
53.790201236003256,10.644588186341625,13.331659703232042,-3.199155790207114,0.6696653614362187,0.22049204069208833,9.580683445732806e-05,-0.03550874181966614,-0.007451673892151319
53.80020123600326,10.646315047513577,13.333028096045362,-3.1995104217692236,0.6695912373116475,0.220168298883429,0.00011184801020266444,-0.03541751889167909,-0.00737309808505604
53.81020123600326,10.64803936265919,13.334394469749752,-3.1998641395531444,0.6695179005738764,0.2198421302724903,0.0001276926829542789,-0.03532598622773654,-0.007294195487901619
53.82020123600326,10.649761112651753,13.335758809524675,-3.2002169404645664,0.6694453545556542,0.2195135482036437,0.00014334102866918425,-0.0352341444665044,-0.007214952669760781
53.83020123600326,10.651480278463351,13.33712110063639,-3.2005688214155277,0.669373602723237,0.2191825658921689,0.00015879320906405712,-0.03514199424264698,-0.007135356264013194
53.84020123600326,10.65319684116487,13.338481328437933,-3.2009197793244137,0.6693026486763871,0.21884919642425374,0.00017404937161523794,-0.03504953618682705,-0.007055392968345467
53.85020123600326,10.654910781925993,13.339839478369129,-3.201269811115956,0.6692324961483744,0.21851345275699427,0.0001891096495587308,-0.034956770925705795,-0.006975049544751154
53.860201236003256,10.656622082015204,13.341195535956588,-3.201618913721236,0.6691631490059755,0.21817534771839472,0.00020397416189020352,-0.03486369908194284,-0.006894312819530747
53.87020123600326,10.658330722799729,13.342549486813661,-3.201967084077678,0.6690946112494439,0.21783489400741424,0.00021864301337953232,-0.03477032127419684,-0.006813169683262589
53.88020123600326,10.660036685730176,13.343901316626882,-3.202314319128354,0.6690268870038654,0.21749210420715842,0.00023311629898538713,-0.03467663811729025,-0.006731607084206389
53.89020123600326,10.661739952362968,13.345251011174565,-3.2026606158228526,0.6689599805301367,0.21714699076593422,0.00024739409881973057,-0.03458265022198449,-0.006649612043869783
53.90020123600326,10.663440504357999,13.346598556325642,-3.2030059711172933,0.6688938962239093,0.21679956599899394,0.00026147647789288495,-0.03448835819499072,-0.006567171650947847
53.91020123600326,10.665138323461996,13.34794393802554,-3.2033503819736397,0.6688286386067184,0.21644984210267176,0.0002753634902681784,-0.034393762639140325,-0.006484273051197462
53.92020123600326,10.666833391508506,13.349287142296193,-3.2036938453597013,0.668764212325983,0.21609783115438375,0.0002890551790619447,-0.034298864153384914,-0.006400903447437304
53.930201236003256,10.668525690417907,13.35062815523603,-3.204036358249131,0.6687006221550058,0.21574354511262775,0.00030255157644352336,-0.03420366333279633,-0.0063170500995478485
53.94020123600326,10.670215202197399,13.351966963019983,-3.2043779176214278,0.668637872992973,0.21538699581698348,0.0003158527036352598,-0.0341081607685666,-0.006232700324471374
53.95020123600326,10.671901908941011,13.353303551899481,-3.2047185204619337,0.6685759698649548,0.2150281949881126,0.00032895857091250495,-0.034012357048008014,-0.006147841496211955
53.96020123600326,10.673585792829595,13.354637908202458,-3.205058163761837,0.668514917921905,0.21466715422775848,0.0003418691776036157,-0.03391625275455306,-0.006062461045835465
53.97020123600326,10.675266836130833,13.355970018333343,-3.2053968445181704,0.6684547224406613,0.21430388501874645,0.00035458451208995455,-0.03381984846775445,-0.005976546461469578
53.98020123600326,10.676945021199229,13.357299868773072,-3.205734559733811,0.6683953888239447,0.21393839872498366,0.0003671045518058897,-0.03372314476328513,-0.005890085288303769
53.99020123600326,10.678620330476116,13.358627446079074,-3.206071306417481,0.6683369226003604,0.2135707065914591,0.0003794292632387954,-0.03362614221293825,-0.005803065128589309
54.00020123600326,10.680292746489613,13.359952736885239,-3.2064070815837438,0.6682793294243513,0.2132008197442826,0.0003915586019584741,-0.033528841384627805,-0.005715473641677285
54.01020123600326,10.681962251850894,13.361275727897402,-3.2067418822526785,0.6682226150714533,0.21282874919455586,0.00040349251551627727,-0.03343124284244848,-0.005627298547455625
54.02020123600326,10.683628829253308,13.362596405893465,-3.2070757054499617,0.6681667854387184,0.21245450583860562,0.00041523094250327854,-0.033333347146667976,-0.0055385276216941065
54.03020123600326,10.685292461470773,13.363914757722814,-3.2074085482068995,0.6681118465457941,0.21207810045900605,0.00042677381179850047,-0.03323515485373275,-0.005449148691715837
54.04020123600326,10.686953131355912,13.365230770304159,-3.207740407560274,0.6680578045330162,0.2116995437264893,0.00043812104384576987,-0.03313666651629727,-0.005359149637761535
54.05020123600326,10.688610821840053,13.366544430625545,-3.208071280552344,0.6680046656614091,0.21131884619994562,0.00044927255065371806,-0.03303788268322408,-0.005268518392989523
54.06020123600326,10.690265515933232,13.367855725744345,-3.2084011642308443,0.6679524363126861,0.2109360183264232,0.0004602282357957805,-0.03293880389958373,-0.005177242943475735
54.069352312982005,10.691777099202472,13.369053618495274,-3.2087021739144923,0.6679054433510032,0.2105838316462504,0.00047008218681854103,-0.03284787814810004,-0.005093141397615483
54.07935231298201,10.693425941860673,13.370360312235555,-3.209030049833128,0.6678553949721161,0.2101956878040342,0.00048056101393871163,-0.0327478453551577,-0.0050004040652952405
54.08935231298201,10.695071784351311,13.371664622646042,-3.2093570282633173,0.6678058397321289,0.20980360338416187,0.0004908990633679937,-0.03264777710452985,-0.00491093783655181
54.099352312982006,10.696714532639845,13.372966491719408,-3.209683004102123,0.667757170136912,0.20940737295725792,0.0005010160206731659,-0.03254732718114455,-0.004823273139378105
54.109352312982004,10.698354154247872,13.374265893879972,-3.210007973536792,0.6677093682870683,0.20900701889668663,0.0005109154849978156,-0.032446496350234263,-0.0047373892875622005
54.11935231298201,10.699990616869709,13.375562803680813,-3.2103319327620525,0.6676624164779373,0.20860256334734928,0.0005206010106321976,-0.03234528537197141,-0.004653265923707953
54.12935231298201,10.70162388837239,13.376857195803764,-3.2106548779801147,0.6676162971995961,0.20819402822568406,0.0005300761070132343,-0.03224369500146839,-0.004570883019235002
54.139352312982005,10.70325393679567,13.378149045059427,-3.2109768054006707,0.6675709931368585,0.20778143521966594,0.0005393442387245158,-0.032141725988777556,-0.0044902208743787635
54.14935231298201,10.704880730352027,13.37943832638716,-3.211297711240895,0.6675264871692751,0.20736480578880692,0.0005484088254962998,-0.032039379078891234,-0.004411260118190438
54.15935231298201,10.706504237426653,13.380725014855079,-3.211617591725445,0.6674827623711338,0.20694416116415582,0.0005572732422055113,-0.03193665501174173,-0.004333981708537004
54.16935231298201,10.70812442657746,13.382009085660064,-3.2119364430864588,0.6674398020114594,0.20651952234829837,0.0005659408188757433,-0.031833554522201296,-0.004258366932101223
54.179352312982004,10.709741266531553,13.383290514124996,-3.2122542615634506,0.6673975895481705,0.20609091011766742,0.0005744148414915701,-0.03173007834010301,-0.00418439739495039
54.18935231298201,10.711354726171473,13.38456927568758,-3.2125710434028534,0.6673561086051691,0.2056583450308364,0.0005826985547592793,-0.031626227190319545,-0.004112054982096017
54.19935231298201,10.712964774565252,13.385845345923649,-3.2128867848589016,0.667315343021421,0.2052218474084842,0.0005907951551034526,-0.03152200179258275,-0.004041321935434614
54.209352312982006,10.714571380940109,13.387118700527216,-3.2132014821929245,0.6672752768068244,0.20478143735183826,0.0005987077975549823,-0.03141740286164284,-0.003972180788448278
54.21935231298201,10.716174514677629,13.38838931530678,-3.213515131673207,0.6672358941342285,0.204337134745917,0.000606439596921006,-0.03131243110729703,-0.0039046143537881457
54.22935231298201,10.717774145313781,13.389657166185312,-3.2138277295749913,0.6671971793394347,0.2038889592595298,0.0006139936277849062,-0.031207087234389592,-0.0038386057232743884
54.23935231298201,10.719370242538899,13.390922229200262,-3.214139272180473,0.6671591169211957,0.20343693034527696,0.000621372924506311,-0.03110137194281183,-0.0037741382678962163
54.249352312982005,10.720962776197702,13.392184480503559,-3.2144497557788068,0.6671216915412159,0.20298106723954973,0.0006285804812210936,-0.030995285927502093,-0.0037111956378118754
54.25935231298201,10.722551716289274,13.393443896361612,-3.214759176666101,0.6670848880241514,0.20252138896253033,0.0006356192518413721,-0.030888829878445757,-0.003649761762348649
54.26935231298201,10.724137032967084,13.394700453155306,-3.21506753114542,0.66704869135761,0.20205791431819184,0.0006424921500555102,-0.03078200448067523,-0.003589820850002858
54.279352312982006,10.725718696538966,13.395954127380005,-3.215374815526786,0.667013086692151,0.20159066189429842,0.0006492020493281166,-0.030674810414269976,-0.0035313573884398594
54.28935231298201,10.727296677453046,13.397204895634806,-3.21568102612674,0.6669780593206285,0.2011196500717542,0.0006557517859402894,-0.030567248354440475,-0.0034743561094488975
54.29935231298201,10.728870946310854,13.398452734632038,-3.21598615926868,0.666943594697615,0.20064489701494204,0.0006621441556811515,-0.03045931897144387,-0.003418802015514029
54.30935231298201,10.73044147387217,13.39969762120123,-3.21629021128306,0.6669096784455383,0.20016642066912405,0.0006683819132646243,-0.03035102293055745,-0.003364680394698284
54.319352312982005,10.732008231033332,13.400939532272886,-3.2165931785067667,0.6668762963224568,0.19968423877543504,0.0006744677773667815,-0.030242360892211235,-0.0033119767701233296
54.32935231298201,10.733571188827213,13.402178444878453,-3.21689505728312,0.6668434342220254,0.19919836887089828,0.0006804044306310562,-0.03013333351198812,-0.003260676899914006
54.33935231298201,10.735130318423227,13.403414336150336,-3.217195843961872,0.6668110781734955,0.19870882828842548,0.0006861945196682412,-0.030023941440623873,-0.003210766777198324
54.349352312982006,10.736685591127324,13.404647183321885,-3.2174955348992076,0.6667792143417147,0.19821563415681673,0.0006918406550564886,-0.029914185324007133,-0.003162232630107468
54.35935231298201,10.738236978381991,13.405876963727406,-3.217794126457743,0.6667478290271275,0.19771880340076056,0.0006973454113413104,-0.029804065803179406,-0.0031150609217757952
54.36935231298201,10.739784451766251,13.407103654802153,-3.2180916150065277,0.6667169086657744,0.19721835274083396,0.0007027113270355782,-0.029693583514335084,-0.0030692383503408338
54.37935231298201,10.741327982995665,13.408327234082332,-3.2183879969210443,0.6666864398292924,0.19671429869350232,0.0007079409046195227,-0.029582739088821416,-0.0030247518489432846
54.389352312982005,10.742867543922044,13.409547679204884,-3.218683268583198,0.6666564092245416,0.19620665757131495,0.0007130366105996751,-0.0294715331531403,-0.002981588585087163
54.39935231298201,10.74440310651465,13.410764967893524,-3.2189774263807194,0.6666268036696131,0.19569544549536094,0.0007180008792125218,-0.029359966329060745,-0.002939735917174928
54.40935231298201,10.745934642886779,13.41197907797807,-3.2192704667079353,0.6665976101284522,0.1951806783767679,0.000722836106799073,-0.029248039233451092,-0.002899181449030713
54.41935231298201,10.747462125286196,13.413189987387657,-3.2195623859655376,0.6665688156972193,0.19466237192381292,0.000727544654178863,-0.029135752478342075,-0.002859913012825845
54.42935231298201,10.74898552607969,13.414397674139392,-3.2198531805601203,0.6665404075840716,0.1941405416525285,0.0007321288498906681,-0.029023106671022456,-0.0028219186358935146
54.43935231298201,10.750504817753056,13.415602116338368,-3.2201428469041833,0.6665123731091633,0.19361520288670242,0.0007365909901925067,-0.02891010241403902,-0.002785186540728772
54.44935231298201,10.752019972911114,13.416803292177647,-3.220431381416129,0.6664846997046452,0.19308637075787774,0.0007409333390616389,-0.028796740305196564,-0.0027497051449885284
54.459352312982006,10.753530964277696,13.418001179938274,-3.2207187805202646,0.6664573749146651,0.19255406020535284,0.0007451581281945667,-0.02868302093755792,-0.0027154630614915566
54.46935231298201,10.755037764695649,13.419195757989272,-3.2210050406468014,0.6664303863953673,0.19201828597618142,0.0007492675570070343,-0.028568944899443942,-0.0026824490982184893
54.47935231298201,10.756540347126839,13.420387004787637,-3.221290158231855,0.6664037219148932,0.19147906262517256,0.0007532637926340275,-0.028454512774433508,-0.0026506522583118206
54.48935231298201,10.75803868465215,13.421574898878347,-3.2215741297174443,0.6663773693533808,0.19093640451489052,0.0007571489699297743,-0.02833972514136351,-0.002620061740075905
54.49935231298201,10.759532750471474,13.422759418894358,-3.2218569515514925,0.6663513167029651,0.190390325815655,0.0007609251914677444,-0.028224582574328878,-0.002590666936976959
54.50935231298201,10.761022517888682,13.423940543545726,-3.222138620187341,0.6663255520511822,0.18984084051539965,0.0007645945302193855,-0.02810908564277325,-0.002562457405973837
54.51935231298201,10.762507960323946,13.425118251628296,-3.2224191320840863,0.6663000635956666,0.18928796241093393,0.0007681590270957468,-0.027993234911405818,-0.0025354228876482356
54.529352312982006,10.763989051323748,13.42629252203102,-3.2226984837069432,0.6662748396539422,0.1887317051017677,0.0007716206894295678,-0.027877030940144577,-0.002509553329833501
54.53935231298201,10.765465764536438,13.427463333718416,-3.2229766715264976,0.6662498686354966,0.18817208200656357,0.0007749814955444152,-0.0277604742842689,-0.002484838839701622
54.54935231298201,10.766938073712165,13.428630665730521,-3.223253692018705,0.6662251390417044,0.1876091063631832,0.0007782433947674287,-0.027643565494419958,-0.00246126968362223
54.55935231298201,10.768405952702869,13.429794497182884,-3.2235295416648913,0.6662006394658263,0.18704279122868742,0.0007814083074293204,-0.02752630511660074,-0.0024388362871626025
54.56935231298201,10.769869375462287,13.430954807266577,-3.2238042169517485,0.6661763585930088,0.18647314947933613,0.0007844781248643755,-0.02740869369217603,-0.0024175292350876614
54.57935231298201,10.771328316045956,13.432111575248179,-3.22407771437134,0.6661522852002852,0.1859001938105884,0.0007874547094104513,-0.027290731757872423,-0.002397339271359975
54.58935231298201,10.772782748611203,13.433264780469795,-3.224350030421099,0.6661284081565748,0.1853239367371023,0.0007903398944089788,-0.027172419845778326,-0.002378257299139754
54.599352312982006,10.774232647417154,13.434414402349041,-3.2246211616038245,0.6661047164226832,0.18474439059273515,0.0007931354842049607,-0.027053758483343945,-0.0023602743807848567
54.60935231298201,10.775677986824734,13.435560420379053,-3.224891104427688,0.6660811990513021,0.18416156753054333,0.0007958432541469732,-0.026934748193381295,-0.002343381737850784
54.61935231298201,10.777118741296224,13.43670281412817,-3.225159855406208,0.666057845186831,0.1835754795229873,0.0007984649506206837,-0.0268153894940659,-0.0023275707498384163
54.62935231298201,10.778554885385962,13.43784156323331,-3.225427411057874,0.666034644059233,0.18298613836694833,0.0008010022921170451,-0.026695682898980454,-0.0023128329305066838
54.63850338996076,10.779865050392077,13.43888043035005,-3.2256712029111747,0.6660135372633121,0.18244398701827963,0.0008032517562126934,-0.026585834056967208,-0.0023002795093496854
54.648503389960766,10.781292261235883,13.440012064653722,-3.225936354498228,0.665991080764593,0.18184699131642004,0.0008054022701756086,-0.026465070683977545,-0.0022856793524319726
54.658503389960764,10.782714797819361,13.44114005332737,-3.2262004013163907,0.665968285920415,0.18124456111588974,0.0008076738761174813,-0.02634422074327243,-0.0022733879080702054
54.66850338996076,10.78413258705771,13.44226428782052,-3.2264632374631406,0.6659456108761742,0.1806364903445718,0.00080984847251886,-0.026222936502607867,-0.002261718027476883
54.67850338996076,10.785545585006087,13.443384732997714,-3.226724858599425,0.6659230494655206,0.18002280334033566,0.0008119271089127115,-0.02610121867561043,-0.0022506616662832974
54.688503389960765,10.786953747898044,13.44450135386527,-3.226985260393054,0.6659005955970199,0.17940352411464974,0.000813910816297926,-0.025979067969981666,-0.002240210888524546
54.69850338996076,10.788357032145536,13.445614115571276,-3.227244438518703,0.665878243254153,0.1787786763525815,0.0008158006071393184,-0.025856485087498087,-0.0022303578666395324
54.70850338996076,10.789755394338911,13.446722983405584,-3.2275023886579093,0.6658559864953172,0.17814828341279731,0.0008175974753676277,-0.02573347072401118,-0.0022210948814709664
54.718503389960766,10.791148791246924,13.447827922799815,-3.227759106499076,0.6658338194538246,0.17751236832756262,0.000819302396379517,-0.025610025569447387,-0.0022124143222653635
54.728503389960764,10.792537179816724,13.448928899327361,-3.2280145877374684,0.6658117363379037,0.17687095380274193,0.0008209163270375735,-0.02548615030780814,-0.002204308686673045
54.73850338996076,10.793920517173863,13.450025878703382,-3.2282688280752163,0.6657897314306982,0.1762240622177986,0.0008224402056703086,-0.025361845617169823,-0.002196770580748139
54.74850338996076,10.79529876062229,13.451118826784809,-3.2285218232213126,0.6657677990902675,0.1755717156257951,0.0008238749520721578,-0.025237112169683794,-0.0021897927189485785
54.758503389960765,10.796671867644351,13.452207709570336,-3.228773568891615,0.6657459337495869,0.1749139357533929,0.000825221467503481,-0.025111950631576382,-0.002183367924136104
54.76850338996076,10.798039795900758,13.4532924932004,-3.229024060808843,0.6657241299165328,0.17425074400086926,0.0008264806346929606,-0.024986361663149017,-0.0021774891275609587
54.77850338996076,10.799402503186602,13.454373143923815,-3.229273294701522,0.6657023821580684,0.17358216146037336,0.0008276533204877003,-0.024860345918926063,-0.0021721493516689227
54.788503389960766,10.800759947478422,13.455449628133172,-3.2295212663050545,0.6656806851191868,0.17290820889238506,0.0008287403726578855,-0.02473390404746498,-0.0021673417296449718
54.798503389960764,10.802112086944526,13.45652191237283,-3.2297679713620266,0.6656590335246031,0.1722289067243806,0.0008297426196005189,-0.024607036691342492,-0.0021630595080470083
54.80850338996076,10.80345887989884,13.457589963304017,-3.230013405621129,0.665637422160939,0.17154427507207787,0.0008306608733270244,-0.02447974448732547,-0.002159296027989068
54.81850338996076,10.804800284800892,13.45865374770483,-3.2302575648371574,0.6656158458767228,0.1708543337394363,0.0008314959294632467,-0.024352028066370934,-0.002156044725141318
54.828503389960765,10.806136260255835,13.459713232470229,-3.2305004447710113,0.665594299582389,0.17015910221865682,0.0008322485672494518,-0.024223888053626054,-0.0021532991297300587
54.83850338996076,10.807466765014421,13.460768384612049,-3.2307420411896963,0.6655727782502789,0.169458599690182,0.0008329195495403262,-0.02409532506842815,-0.0021510528665377227
54.84850338996076,10.808791757973019,13.461819171258988,-3.2309823498663226,0.6655512769146401,0.168752845022696,0.0008335096228049777,-0.023966339724304685,-0.0021492996549028745
54.85850338996077,10.810111198173605,13.462865559656615,-3.2312213665801046,0.6655297906716268,0.16804185677312447,0.0008340195171269349,-0.02383693262897328,-0.0021480333087202123
54.868503389960765,10.811425044803771,13.463907517167364,-3.231459087116362,0.6655083146792996,0.16732565318663464,0.0008344499462041475,-0.0237071043843417,-0.0021472477364405658
54.87850338996076,10.812733257196715,13.46494501127054,-3.23169550726652,0.6654868441576257,0.16660425219663536,0.0008348016073489862,-0.023576855586507857,-0.0021469369410708973
54.88850338996076,10.81403579483125,13.465978009562315,-3.2319306228281084,0.665465374388479,0.165877671424777,0.0008350751814882425,-0.023446186825759815,-0.0021470950201743014
54.898503389960766,10.81533261733139,13.467006479755423,-3.232164429604751,0.6654439007154964,0.16514592818112503,0.0008352713331885609,-0.023315098686577208,-0.002147716165726583
54.908503389960764,10.816623684414957,13.46803038964053,-3.232396923404921,0.6654224185266873,0.16440903948496816,0.0008353907137944668,-0.023183591747800523,-0.0021487946463049166
54.91850338996076,10.817908955960277,13.46904970713612,-3.232628100043514,0.6654009232787711,0.16366702203443864,0.0008354339572005649,-0.023051666582374463,-0.0021503248305899565
54.92850338996077,10.819188392002225,13.470064400285644,-3.232857955341797,0.6653794104941566,0.16291989221065953,0.0008354016802566227,-0.022919323757386124,-0.0021523011852700308
54.938503389960765,10.820461952688971,13.471074437225093,-3.233086485126376,0.6653578757454639,0.16216766609668484,0.0008352944854866548,-0.022786563834222305,-0.0021547182597718476
54.94850338996076,10.821729598281987,13.472079786183011,-3.233313685229197,0.6653363146555252,0.16141035947749943,0.0008351129610889247,-0.02265338736856952,-0.0021575706862604965
54.95850338996076,10.822991289156041,13.47308041548048,-3.233539551487547,0.6653147228973842,0.16064798784001902,0.0008348576809359437,-0.022519794910413997,-0.002160853179639448
54.968503389960766,10.824246985799201,13.474076293531136,-3.2337640797440526,0.6652930961942966,0.15988056637309025,0.0008345292045744714,-0.022385787004041684,-0.0021645605375505543
54.978503389960764,10.82549664881283,13.475067388841152,-3.23398726584668,0.6652714303197296,0.1591081099674906,0.0008341280772255153,-0.02225136418803824,-0.002168687640374047
54.98850338996076,10.826740238911595,13.476053670009255,-3.2342091056487368,0.6652497210973622,0.15833063321592847,0.0008336548297843313,-0.022116526995289033,-0.0021732294512285403
54.99850338996077,10.827977716923456,13.477035105726715,-3.2344295950088697,0.6652279644010856,0.15754815041304307,0.0008331099788204232,-0.021981275952979155,-0.0021781810159710287
55.008503389960765,10.829209043789675,13.478011664777348,-3.2346487297910667,0.665206156155002,0.15676067555540454,0.000832494026577543,-0.02184561158259341,-0.0021835374631968872
55.01850338996076,10.830434180564808,13.478983316037512,-3.234866505864654,0.6651842923334259,0.15596822234151392,0.0008318074609736911,-0.021709534399916304,-0.0021892940042398733
55.02850338996076,10.831653088416715,13.479950028476118,-3.2350829191042996,0.6651623689608834,0.15517080417180307,0.0008310507556011156,-0.021573044915032077,-0.002195445933172124
55.038503389960766,10.83286572861468,13.480911771145772,-3.235297965389719,0.6651403821083436,0.15436843415290305,0.0008302243704072221,-0.021436143632362677,-0.002201988623505805
55.048503389960764,10.83407206247823,13.481868513144558,-3.235511640604402,0.6651183278777985,0.1535611251145896,0.0008293287546259025,-0.021298831050810565,-0.002208917513941658
55.05850338996076,10.835272051492828,13.482820223702106,-3.2357239406384593,0.6650962024392836,0.15274888956739052,0.0008283643401640688,-0.02116110766337461,-0.002216228140250113
55.06850338996077,10.836465657239946,13.483766872127639,-3.235934861386926,0.6650740020072254,0.15193173973002208,0.0008273315456426509,-0.021022973957405183,-0.002223916115663009
55.078503389960765,10.837652841381614,13.484708427798466,-3.236144398749386,0.6650517228354221,0.15110968753513354,0.0008262307772846796,-0.02088443041465624,-0.0022319771265727436
55.08850338996076,10.838833565660408,13.485644860159981,-3.2363525486299713,0.6650293612170425,0.15028274462930707,0.0008250624289152865,-0.02074547751128533,-0.0022404069325322753
55.09850338996076,10.840007791899467,13.486576138725672,-3.236559306937362,0.6650069134846264,0.14945092237305782,0.0008238268819617046,-0.020606115717853594,-0.0022492013662551214
55.10850338996077,10.841175482002479,13.487502233077103,-3.236764669584786,0.664984376010085,0.1486142318408339,0.0008225245054532672,-0.020466345499325765,-0.0022583563336153597
55.118503389960765,10.842336597953686,13.488423112863938,-3.2369686324900186,0.6649617452047005,0.1477726838210163,0.0008211556560214088,-0.020326167315070174,-0.002267867813647627
55.12850338996076,10.843491101817888,13.489338747803917,-3.2371711915753845,0.6649390175191262,0.14692628881591904,0.0008197206778996652,-0.02018558161885873,-0.0022777318585471204
55.13850338996077,10.844638955740436,13.490249107682875,-3.237372342767755,0.6649161894433864,0.14607505704178908,0.0008182199029236727,-0.02004458885886694,-0.002287944593669596
55.148503389960766,10.845780121947236,13.491154162354727,-3.2375720819985507,0.6648932575068766,0.14521899842880634,0.0008166536505311685,-0.01990318947767391,-0.0022985022175313705
55.158503389960764,10.846914562744749,13.492053881741485,-3.2377704052037384,0.664870218278363,0.1443581226210836,0.0008150222277619911,-0.01976138391226233,-0.00230940100180932
55.16850338996076,10.848042240519987,13.49294823583324,-3.2379673083238347,0.6648470683659836,0.1434924389766667,0.0008133259292580797,-0.019619172594018477,-0.00232063729134088
55.17850338996077,10.849163117740446,13.49383719468811,-3.238162787303901,0.6648238044172304,0.14262195656754018,0.0008115650372673644,-0.01947655594873226,-0.0023322075041121784
55.188503389960765,10.850277156927776,13.494720728412632,-3.2383568380928747,0.664800423112944,0.14174668418268038,0.0008097398229660819,-0.019333534396618356,-0.0023441081268656084
55.19850338996076,10.851384320655255,13.495598807159874,-3.238549456643527,0.6647769211648208,0.14086663033243715,0.00080785054666718,-0.01919010835236408,-0.0023563357131797286
55.20765446693952,10.852391438173411,13.496397538413554,-3.238724464899358,0.6647553058649768,0.14005710346136907,0.0008060657318319073,-0.019058503981400736,-0.0023678089023473126
55.21765446693952,10.853485301485081,13.497265002968932,-3.2389142237633,0.6647320306977608,0.13916656694476323,0.000803823483821901,-0.018913914676645903,-0.0023785852177050297
55.227654466939526,10.854572188283305,13.49812699113924,-3.2391026396957323,0.6647081853097501,0.13826928645072242,0.0008017157966365786,-0.018769191617242414,-0.0023903928116302178
55.237654466939524,10.855652019008378,13.498983380318272,-3.239289605980232,0.6646842247704127,0.13736504442905217,0.0007995225999508336,-0.018623985189574588,-0.0024016156599008026
55.24765446693952,10.856724739323374,13.499834127188734,-3.239475117786641,0.6646601549406524,0.13645385831860118,0.0007972432433941515,-0.01847829596735798,-0.0024122519043247234
55.25765446693953,10.857790295003937,13.500679188533335,-3.2396591702901625,0.6646359816967342,0.13553574511764227,0.0007948770877093029,-0.018332124517461263,-0.002422299753644822
55.267654466939526,10.858848631938276,13.50151852123478,-3.239841758671361,0.664611710930284,0.13461072138387245,0.0007924235047523432,-0.01818547139990623,-0.0024317574835388406
55.277654466939524,10.859899696127169,13.502352082275777,-3.2400228781161617,0.6645873485482888,0.1336788032344129,0.0007898818774926131,-0.01803833716786778,-0.002440623436619423
55.28765446693952,10.860943433683966,13.503179828739036,-3.240202523815852,0.6645629004730965,0.13274000634580896,0.0007872516000127375,-0.017890722367673934,-0.0024488960224341143
55.29765446693953,10.86197979083458,13.504001717807263,-3.2403806909670796,0.6645383726424162,0.13179434595403022,0.0007845320775086271,-0.017742627538805823,-0.002456573717465362
55.307654466939525,10.863008713917498,13.50481770676317,-3.240557374771853,0.664513771009318,0.1308418368544704,0.0007817227262894769,-0.01759405321389769,-0.0024636550651305133
55.31765446693952,10.864030149383774,13.505627752989465,-3.240732570437544,0.6644891015422331,0.12988249340194735,0.0007788229737777671,-0.017444999918736902,-0.0024701386757818183
55.32765446693953,10.86504404379703,13.506431813968861,-3.2409062731768823,0.6644643702249535,0.1289163295107032,0.0007758322585092628,-0.01729546817226393,-0.002476023226706428
55.337654466939526,10.866050343833455,13.50722984728407,-3.241078478207962,0.6644395830566325,0.1279433586544042,0.0007727500301330141,-0.017145458486572368,-0.002481307462126394
55.347654466939524,10.86704899628181,13.5080218106178,-3.2412491807542367,0.6644147460517845,0.12696359386614076,0.0007695757494113559,-0.016994971366908918,-0.002485990193198671
55.35765446693952,10.868039948042309,13.508807661751852,-3.241418376044498,0.664389865240032,0.12597704773849686,0.0007663088882947643,-0.016844007311675426,-0.002490070298471019
55.36765446693953,10.869023145987748,13.50958735845284,-3.241586059310014,0.664364946634062,0.1249837324314567,0.0007629489396633604,-0.016692566812664202,-0.0024935467829711134
55.377654466939525,10.869998537153238,13.510360858628932,-3.2417522257885043,0.6643399962716657,0.12398365965876659,0.0007594954054683075,-0.01654065035466218,-0.002496418705380374
55.38765446693952,10.870966068745009,13.51112812033685,-3.2419168707243022,0.6643150202187751,0.12297684068943113,0.0007559477952060067,-0.01638825841547702,-0.002498685169313438
55.39765446693953,10.871925688026769,13.511889101688173,-3.242079989365993,0.6642900245438923,0.12196328635534338,0.0007523056333268702,-0.016235391466157097,-0.0025003453685983664
55.407654466939526,10.872877342319699,13.51264376084933,-3.242241576966412,0.6642650153180903,0.120943007051285,0.0007485684592353211,-0.01608204997099146,-0.0025013985872766485
55.417654466939524,10.873820979002454,13.51339205604161,-3.242401628782645,0.6642399986150123,0.11991601273492605,0.000744735827289793,-0.015928234387509857,-0.0025018441996031994
55.42765446693952,10.874756545511161,13.514133945541145,-3.24256014007603,0.6642149805108718,0.1188823129268252,0.000740807306802731,-0.015773945166482735,-0.002501681670046359
55.43765446693953,10.875683989339421,13.514869387678923,-3.2427171061121536,0.6641899670844533,0.11784191671042955,0.0007367824820405904,-0.015619182751921236,-0.0025009105532878954
55.447654466939525,10.876603258038308,13.515598340840787,-3.242872522160855,0.6641649644171114,0.11679483273207478,0.0007326609522238381,-0.01546394758107719,-0.0024995304942230013
55.45765446693952,10.877514299216369,13.516320763467432,-3.2430263834962236,0.6641399785927711,0.11574106920098502,0.0007284423315269512,-0.015308240084443125,-0.0024975412279602967
55.46765446693953,10.878417060539627,13.517036614054403,-3.2431786853965994,0.6641150156979281,0.11468063388927294,0.0007241262490784183,-0.015152060685752264,-0.0024949425798218277
55.477654466939526,10.879311489731574,13.517745851152098,-3.243329423144573,0.6640900818216484,0.1136135341319397,0.0007197123489607385,-0.01499540980197852,-0.002491734465343066
55.487654466939524,10.880197534573181,13.518448433365773,-3.2434785920269857,0.6640651830555687,0.11253977682687498,0.0007152002902104218,-0.014838287843336503,-0.0024879168902729094
55.49765446693952,10.881075142902887,13.519144319355531,-3.2436261873349306,0.6640403254938959,0.111459368434857,0.0007105897468179895,-0.014680695213281521,-0.0024834899505736838
55.50765446693953,10.881944262616608,13.519833467836328,-3.2437722043637502,0.6640155152334074,0.11037231497955244,0.0007058804077279731,-0.014522632308509567,-0.0024784538324211388
55.517654466939526,10.882804841667733,13.520515837577975,-3.243916638413039,0.6639907583734512,0.1092786220475165,0.0007010719768389157,-0.014364099518957337,-0.0024728088122044516
55.527654466939524,10.88365682806712,13.521191387405135,-3.2440594847866415,0.6639660610159459,0.10817829478819291,0.0006961641730033707,-0.014205097227802218,-0.0024665552565262257
55.53765446693953,10.884500169846829,13.521860076166808,-3.2442007387919127,0.6639414292541458,0.1070713379091778,0.0006911567320556153,-0.014045625811500666,-0.0024596936360581287
55.54765446693953,10.885334814898341,13.522521862600797,-3.2443403957364847,0.6639168691212289,0.10595775565644938,0.0006860494168215448,-0.013885685639917976,-0.0024522245925189235
55.557654466939525,10.886160711335142,13.523176705639159,-3.2444784509357145,0.6638923867019602,0.10483755186313547,0.0006808419974104736,-0.013725277075920281,-0.0024441488030559426
55.56765446693952,10.88697780731186,13.52382456425543,-3.2446148997089055,0.6638679880788467,0.10371072992445038,0.0006755342598421463,-0.013564400475628622,-0.0024354670412444893
55.57765446693953,10.887786050980312,13.52446539742759,-3.244749737378405,0.6638436793186969,0.10257729279181649,0.0006701260083829137,-0.013403056188470604,-0.002426180193222943
55.587654466939526,10.888585390489496,13.525099164138071,-3.2448829592696025,0.663819466472619,0.10143724297286418,0.0006646170655457327,-0.013241244557180395,-0.0024162892576927606
55.597654466939524,10.889375773985593,13.525725823373739,-3.2450145607109313,0.6637953555760222,0.10029058253143185,0.000659007272090167,-0.013078965917798729,-0.0024057953459184767
55.60765446693953,10.89015714961197,13.526345334125905,-3.2451445370338656,0.6637713526486159,0.09913731308756596,0.000653296487022386,-0.012916220599672908,-0.0023946996817277018
55.61765446693953,10.890929465509176,13.526957655390325,-3.2452728835729245,0.6637474636944098,0.097977435817521,0.0006474845875951657,-0.012753008925456789,-0.002383003601511124
55.627654466939525,10.891692669814944,13.5275627461672,-3.245399595665669,0.6637236947017147,0.09681095145375944,0.0006415714693078883,-0.012589331211110801,-0.002370708554222508
55.63765446693952,10.892446710664194,13.528160565461175,-3.2455246686527026,0.6637000516431412,0.09563786028495184,0.0006355570459065422,-0.012425187765901938,-0.0023578161013786962
55.64765446693953,10.893191536189024,13.528751072281333,-3.2456480978776723,0.6636765404756005,0.09445816215597677,0.0006294412493837222,-0.012260578892403751,-0.0023443279170596073
55.657654466939526,10.893927094518718,13.529334225641206,-3.2457698786872675,0.6636531671403049,0.0932718564679208,0.0006232240299786293,-0.012095504886496362,-0.0023302457879082372
55.667654466939524,10.894653333779747,13.529909984558765,-3.2458900064312206,0.6636299375627662,0.09207894217807858,0.000616905356177071,-0.011929966037366457,-0.0023155716131306593
55.67765446693953,10.895370202095762,13.53047830805643,-3.2460084764623063,0.6636068576527975,0.09087941779995275,0.0006104852147114605,-0.01176396262750728,-0.002300307404496023
55.68765446693953,10.8960776475876,13.531039155161062,-3.2461252841363435,0.6635839333045118,0.089673281403254,0.000603963610560818,-0.011597494932718649,-0.002284455286336556
55.697654466939525,10.896775618373278,13.531592484903962,-3.246240424812192,0.663561170396323,0.08846053061390102,0.0005973405669507697,-0.011430563222106935,-0.002268017495547562
55.70765446693952,10.897464062568002,13.53213825632088,-3.246353893851756,0.6635385747909454,0.08724116261402058,0.0005906161253535477,-0.011263167758085084,-0.002250996381587422
55.71765446693953,10.898142928282795,13.532676428450864,-3.246465686619959,0.6635161523348206,0.08601517414145984,0.0005837903455495273,-0.011095308796371467,-0.002233394406965108
55.727654466939526,10.898812163509547,13.53320696023982,-3.2465757984827635,0.6634939088105936,0.08478256144974465,0.0005768633107778143,-0.01092698658590956,-0.002215214187941683
55.737654466939524,10.89947171619004,13.533729810598269,-3.2466842248082584,0.6634718499689591,0.08354332033602152,0.0005698351243414051,-0.010758201368977593,-0.0021964584676733624
55.74765446693953,10.900121534270186,13.534244938446708,-3.246790960967589,0.6634499815509219,0.0822974461587834,0.0005627059070184385,-0.010588953381224883,-0.0021771300963363224
55.75765446693953,10.900761565652074,13.534752302675392,-3.2468960023341538,0.663428309267315,0.08104493382015406,0.0005554757992284414,-0.010419242851626282,-0.00215723204839128
55.767654466939526,10.901391758193999,13.535251862144335,-3.2469993442836054,0.6634068387987991,0.07978577776588809,0.0005481449610323287,-0.01024907000248217,-0.002136767422583493
55.776805543918286,10.901959786376604,13.535702138768288,-3.2470924202218865,0.6633873726630242,0.07862768760339148,0.0005413483407040902,-0.010092938587590746,-0.002117546355742918
55.786805543918284,10.902570967052654,13.536186556886603,-3.2471923893533488,0.6633667568420704,0.0773570901477044,0.0005336450550061129,-0.009921649518181077,-0.0020944215457219992
55.79680554391829,10.903172207511227,13.536663149135075,-3.2472907502372754,0.6633459233455469,0.07608314727817798,0.0005260519855998943,-0.00975049035757241,-0.002072164966583121
55.80680554391829,10.90376345271196,13.537131813407173,-3.2473873984173816,0.6633253157132974,0.07480559827056246,0.0005183794211530721,-0.009579108704843249,-0.002049250139960379
55.816805543918285,10.904344674234585,13.537592527375843,-3.2474823316674444,0.6633049405090761,0.07352442479393284,0.0005106275622430655,-0.009407504253480841,-0.002025681810575659
55.82680554391828,10.904915843506348,13.53804526859403,-3.247575547758044,0.6632848042451744,0.0722396083077672,0.0005027966308759857,-0.009235676694579524,-0.0020014648077728192
55.83680554391829,10.905476931802005,13.538490014494682,-3.247667044456564,0.663264913382422,0.07095113006194674,0.0004948868704866353,-0.009063625716840717,-0.0019766040455176884
55.846805543918286,10.906027910243818,13.538926742390759,-3.2477568195271904,0.6632452743301862,0.06965897109675577,0.00048689854593850885,-0.008891351006572942,-0.001951104522398068
55.856805543918284,10.90656874980157,13.539355429475213,-3.247844870730914,0.6632258934463721,0.06836311224288166,0.0004788319435237923,-0.008718852247691795,-0.0019249713216237304
55.86680554391829,10.907099421292546,13.53977605282101,-3.247931195825528,0.6632067770374225,0.06706353412141493,0.00047068737096336334,-0.008546129121719974,-0.0018982096110264203
55.87680554391829,10.907619895381547,13.540188589381115,-3.2480157925656283,0.6631879313583182,0.06576021714384915,0.0004624651574067914,-0.00837318130778726,-0.001870824643059854
55.886805543918285,10.908130142580882,13.540593015988495,-3.2480986587026157,0.6631693626125778,0.06445314151208104,0.0004541656534323374,-0.008200008482630526,-0.001842821754799719
55.89680554391828,10.908630133250371,13.540989309356128,-3.2481797919846924,0.6631510769522574,0.06314228721841038,0.00044578923104695407,-0.008026610320593732,-0.0018142063679436754
55.90680554391829,10.909119837597347,13.541377446076988,-3.2482591901568654,0.6631330804779512,0.061827634045540064,0.00043733628368628575,-0.007852986493627933,-0.0017849839888113544
55.91680554391829,10.909599225676654,13.541757402624055,-3.248336850960944,0.6631153792387912,0.06050916156657608,0.0004288072262146685,-0.007679136671291267,-0.001755160208344359
55.926805543918285,10.910068267388853,13.542129155348613,-3.2484127721355125,0.6630979792316535,0.05918684914242989,0.000420202494768116,-0.007505060520744248,-0.0017247407019106054
55.93680554391829,10.910526932356422,13.542492680362571,-3.2484869514139114,0.6630808863447857,0.05786067574234321,0.000411522536129042,-0.0073307577064127775,-0.0016937312182269777
55.94680554391829,10.910975190125706,13.542847953731197,-3.2485593865275915,0.6630641064432683,0.05653062023744439,0.00040276782602464604,-0.007156227890490667,-0.0016621376076017005
55.956805543918286,10.911413010154856,13.543194951461643,-3.248630075205916,0.6630476453665316,0.05519666138415379,0.00039393886767761523,-0.00698147073292549,-0.0016299658158826782
55.966805543918284,10.911840361717461,13.543533649411213,-3.2486990151745845,0.6630315088864848,0.053858777684538804,0.0003850361832441629,-0.006806485891170108,-0.0015972218726210768
55.97680554391829,10.912257213902556,13.543864023287357,-3.248766204155629,0.6630157027075158,0.05251694738631378,0.0003760603138140287,-0.0066312730201826655,-0.0015639118910713218
55.98680554391829,10.912663535614607,13.54418604864767,-3.248831639867416,0.6630002324664912,0.0511711484828401,0.00036701181941047864,-0.006455831772426592,-0.0015300420681911002
55.996805543918285,10.913059295573527,13.544499700899896,-3.248895320024645,0.6629851037327568,0.049821358713126124,0.0003578912789903053,-0.0062801617978706,-0.001495618684641359
56.00680554391829,10.913444462314661,13.544804955301922,-3.2489572423383515,0.6629703220081369,0.048467555561827205,0.0003486992904438273,-0.0061042627439886876,-0.0014606481047863059
56.01680554391829,10.9138190041888,13.545101786961784,-3.249017404515903,0.6629558927269347,0.047109716259245704,0.0003394364705948899,-0.005928134255760139,-0.0014251367766934093
56.026805543918286,10.914182889362168,13.545390170837663,-3.2490758042610017,0.662941821255932,0.045747817781330996,0.0003301034552008646,-0.00575177597566952,-0.0013890912321333983
56.036805543918284,10.914536085816437,13.54567008173789,-3.2491324392736836,0.6629281128943899,0.044381836849679425,0.00032070089895264934,-0.005575187543706681,-0.001352518086580262
56.04680554391829,10.914878561348706,13.54594149432094,-3.249187307250318,0.6629147728740479,0.04301174993153435,0.00031122947547466837,-0.005398368597366761,-0.0013154240392112514
56.05680554391829,10.915210283571525,13.546204383095436,-3.2492404058836106,0.6629018063591242,0.04163753323978611,0.0003016898773248723,-0.005221318771650179,-0.0012778158729068766
56.066805543918285,10.915531219912877,13.546458722420143,-3.2492917328625976,0.6628892184463163,0.04025916273297209,0.0002920828159947382,-0.005044037699062641,-0.0012397004542509093
56.07680554391829,10.915841337616186,13.546704486503979,-3.2493412858726516,0.6628770141648002,0.038876614115276584,0.00028240902190926933,-0.004866525009615134,-0.0012010847335303812
56.08680554391829,10.916140603740317,13.546941649406005,-3.249389062595478,0.6628651984762306,0.037489862836530975,0.0002726692444269955,-0.004688780330823936,-0.001161975744735585
56.096805543918286,10.91642898515957,13.54717018503543,-3.2494350607091165,0.6628537762747413,0.03609888409221361,0.00026286425183997284,-0.004510803287710603,-0.001122380605560074
56.106805543918284,10.916706448563687,13.547390067151609,-3.249479277887941,0.6628427523869447,0.0347036528234498,0.0002529948313737837,-0.004332593502801979,-0.0010823065174006617
56.11680554391829,10.916972960457851,13.547601269364044,-3.2495217118026596,0.662832131571932,0.033304143717011916,0.0002430617891875371,-0.004154150596130193,-0.0010417607653574225
56.12680554391829,10.917228487162681,13.54780376513238,-3.2495623601203123,0.6628219185212734,0.03190033120531928,0.0002330659503738682,-0.003975474185232654,-0.0010007507182336912
56.136805543918285,10.917472994814238,13.547997527766418,-3.249601220504276,0.6628121178590177,0.030492189466438228,0.00022300815895893848,-0.003796563885152062,-0.0009592838285360637
56.14680554391829,10.91770644936402,13.548182530426093,-3.249638290614259,0.6628027341416927,0.029079692424082097,0.00021288927790243586,-0.0036174193084363973,-0.0009173676324743958
56.15680554391829,10.917928816577069,13.548358746119794,-3.249673568106284,0.6627937718575355,0.0276628137446704,0.00020271018890085296,-0.0034380400651321083,-0.0008750097494618909
56.16680554391829,10.918140061837875,13.548526147530747,-3.2497070506305223,0.6627852353449167,0.026241526540276318,0.00019247177271382884,-0.003258425762072639,-0.0008322178342748059
56.176805543918285,10.918340150373446,13.548684707217502,-3.249738735833881,0.6627771288765725,0.024815803721994774,0.0001821749332033205,-0.0030785760036515708,-0.0007889996426073682
56.18680554391829,10.918529047308079,13.548834397662063,-3.249768621360518,0.6627694566903046,0.023385618076259843,0.00017182060186672857,-0.0028984903920666496,-0.0007453630364868827
56.19680554391829,10.918706717537153,13.54897519115658,-3.2497967048503895,0.6627622229398826,0.021950942067249114,0.00016140972448419304,-0.002718168526877472,-0.0007013159488878331
56.206805543918286,10.918873125727126,13.549107059803353,-3.2498229839392527,0.6627554316950436,0.020511747836883695,0.0001509432611185935,-0.002537610005005483,-0.000656866383731882
56.21680554391829,10.919028236315532,13.54922997551482,-3.2498474562586637,0.6627490869414924,0.019068007204828222,0.0001404221861155489,-0.002356814420733975,-0.0006120224158878704
56.22680554391829,10.91917201351099,13.549343910013565,-3.2498701194359785,0.6627431925809013,0.017619691668490853,0.00012984748810341786,-0.0021757813657080904,-0.0005667921911718186
56.23680554391829,10.919304421293193,13.54944883483232,-3.2498909710943527,0.6627377524309105,0.016166772403023257,0.00011922016999329827,-0.0019945104289348214,-0.0005211839263469251
56.246805543918285,10.91942542341292,13.549544721313955,-3.2499100088527415,0.6627327702251276,0.014709220261320634,0.00010854124897902772,-0.001813001196783006,-0.0004752059091235675
56.25680554391829,10.919534983392023,13.549631540611491,-3.2499272303259,0.6627282496131279,0.013247005774021707,9.781175653718314e-05,-0.001631253252983334,-0.000428866498159302
56.26680554391829,10.919633064523437,13.549709263688088,-3.249942633124383,0.6627241941604545,0.0117800991495087,8.703273842708096e-05,-0.0014492661786283433,-0.00038217412305886333
56.276805543918286,10.919719629871176,13.549777861317054,-3.2499562148545444,0.6627206073486178,0.01030847027390739,7.620525469077718e-05,-0.001267039552172419,-0.0003351372843741657
56.28680554391829,10.919794642270336,13.549837304081843,-3.2499679731185376,0.6627174925750963,0.008832088711087045,6.533037965306723e-05,-0.0010845729494317977,-0.00028776455360430143
56.29680554391829,10.919858064327087,13.549887562376046,-3.249977905514317,0.6627148531533356,0.007350923702660474,5.440920192148607e-05,-0.0009018659435845611,-0.0002400645731955416
56.30680554391829,10.919909858418684,13.549928606403407,-3.249986009635635,0.6627126923127493,0.005864944167983992,4.344282438630803e-05,-0.0007189181051706437,-0.00019204605654133614
56.316805543918285,10.91994998669346,13.549960406177808,-3.249992283072045,0.6627110131987187,0.004374118704157454,3.243236422054708e-05,-0.0005357290020918276,-0.0001437177879823143
56.32680554391829,10.919978411070826,13.549982931523282,-3.249996723408899,0.6627098188725925,0.0028784155860242244,2.1378952879956537e-05,-0.0003522981996117412,-9.508862280628312e-05
56.33680554391829,10.91999509324127,13.549996152073998,-3.249999328227349,0.6627091123116872,0.001377802766171176,1.028373610302937e-05,-0.00016862526035586398,-4.616748724822902e-05
56.34595662089704,10.920000037129977,13.550000070822918,-3.2500001014533426,0.6627088956089651,2.5066797315967393e-07,9.477264829258489e-08,-3.3218918480109466e-07,-1.1511956514240066e-06
